t,phase,meas_x,meas_y,meas_th_deg,ekf_x,ekf_y,ekf_th_deg,cmd_speed,cmd_heading
3.513,drive,197.77,37.36,221.7,197.77,37.36,-138.3,70,76.77954574314924
3.537,drive,197.79,37.36,220.2,197.79,37.36,-139.5,70,76.77954574314924
3.562,drive,197.77,37.37,222.1,197.77,37.37,-138.2,70,76.77954574314924
3.586,drive,197.77,37.38,220.3,197.77,37.38,-139.3,70,76.77954574314924
3.611,drive,197.77,37.38,223.1,197.77,37.38,-137.5,70,76.77954574314924
3.635,drive,197.78,37.37,221.7,197.78,37.37,-138.1,70,76.77954574314924
3.659,drive,197.76,37.37,221.3,197.76,37.37,-138.6,70,76.77954574314924
3.683,drive,197.78,37.38,220.7,197.78,37.38,-139.2,70,76.77954574314924
3.708,drive,197.77,37.37,220.9,197.77,37.37,-139.1,70,76.77954574314924
3.732,drive,197.77,37.37,220.8,197.77,37.37,-139.2,70,76.77954574314924
3.757,drive,197.76,37.38,222.8,197.76,37.38,-137.6,70,76.77954574314924
3.781,drive,197.76,37.37,221.2,197.76,37.37,-138.6,70,76.77954574314924
3.805,drive,197.76,37.39,221.3,197.76,37.39,-138.7,70,76.77954574314924
3.830,drive,197.76,37.38,222.0,197.76,37.38,-138.1,70,76.77954574314924
3.854,drive,197.77,37.38,222.9,197.77,37.38,-137.3,70,76.77954574314924
3.878,drive,197.76,37.38,221.4,197.76,37.38,-138.3,70,76.77954574314924
3.903,drive,197.78,37.39,221.0,197.78,37.39,-138.9,70,76.77954574314924
3.927,drive,197.77,37.39,220.6,197.77,37.39,-139.2,70,76.77954574314924
3.953,drive,197.77,37.37,222.5,197.77,37.37,-137.9,70,76.77954574314924
3.978,drive,197.74,37.35,217.8,197.74,37.35,-142.2,70,76.77954574314924
4.002,drive,197.69,37.34,214.8,197.69,37.34,-145.6,70,76.77954574314924
4.026,drive,197.64,37.40,198.0,197.64,37.40,-159.1,70,76.80710874802799
4.050,drive,197.61,37.38,179.1,197.61,37.38,-176.8,70,76.80710874802799
4.075,drive,197.54,37.46,172.1,197.53,37.46,173.7,70,76.80710874802799
4.099,drive,197.55,37.46,166.8,197.54,37.46,167.4,70,76.80710874802799
4.124,drive,197.65,37.46,154.3,197.65,37.46,156.3,70,76.80710874802799
4.148,drive,197.65,37.48,154.4,197.64,37.48,153.8,70,76.80710874802799
4.172,drive,197.63,37.46,148.9,197.63,37.46,149.0,70,76.80710874802799
4.201,drive,197.63,37.45,150.8,197.63,37.45,149.3,70,76.80710874802799
4.225,drive,197.56,37.44,149.0,197.56,37.44,148.0,70,76.80710874802799
4.249,drive,197.45,37.42,143.1,197.45,37.42,143.2,70,76.80710874802799
4.274,drive,197.36,37.37,147.4,197.35,37.37,145.4,70,76.80710874802799
4.298,drive,197.30,37.36,149.5,197.29,37.36,147.5,70,76.80710874802799
4.322,drive,197.06,37.39,143.0,197.06,37.39,143.0,70,76.80710874802799
4.347,drive,196.92,37.43,156.1,196.92,37.43,152.0,70,76.80710874802799
4.372,drive,196.80,37.46,143.8,196.80,37.46,144.7,70,76.80710874802799
4.396,drive,196.53,37.55,140.2,196.53,37.55,140.9,70,76.80710874802799
4.420,drive,196.27,37.65,159.2,196.27,37.65,154.8,70,76.80710874802799
4.444,drive,195.88,37.94,140.1,195.88,37.94,143.7,70,76.80710874802799
4.468,drive,195.66,38.15,151.1,195.66,38.16,149.3,70,76.80710874802799
4.493,drive,195.14,38.62,142.1,195.14,38.62,143.9,70,76.80710874802799
4.517,drive,194.87,38.91,137.9,194.87,38.91,139.3,70,76.80710874802799
4.541,drive,194.31,39.52,144.6,194.30,39.52,143.3,70,77.17024288311734
4.566,drive,193.96,39.86,143.8,193.96,39.86,143.7,70,77.17024288311734
4.590,drive,193.28,40.60,154.5,193.28,40.60,151.9,70,77.17024288311734
4.614,drive,192.91,41.01,139.3,192.90,41.01,142.4,70,77.17024288311734
4.639,drive,192.24,41.83,140.4,192.24,41.82,140.8,70,77.17024288311734
4.663,drive,191.83,42.23,135.1,191.83,42.24,136.5,70,77.17024288311734
4.688,drive,191.39,42.70,136.2,191.38,42.70,136.2,70,77.17024288311734
4.712,drive,190.47,43.67,137.0,190.47,43.67,136.8,70,77.17024288311734
4.737,drive,190.01,44.15,141.9,190.01,44.15,140.7,70,77.17024288311734
4.761,drive,189.03,45.13,136.8,189.03,45.13,137.7,70,77.17024288311734
4.786,drive,188.54,45.58,141.4,188.54,45.58,140.5,70,77.17024288311734
4.810,drive,187.42,46.61,134.9,187.42,46.61,136.2,70,77.17024288311734
4.834,drive,186.81,47.12,142.9,186.81,47.12,141.3,70,77.17024288311734
4.858,drive,185.59,48.13,135.2,185.59,48.13,136.6,70,77.17024288311734
4.883,drive,185.03,48.51,132.8,185.03,48.51,133.7,70,77.17024288311734
4.907,drive,183.72,49.49,141.0,183.72,49.49,139.2,70,77.17024288311734
4.932,drive,183.07,49.97,139.8,183.07,49.97,139.7,70,77.17024288311734
4.957,drive,182.32,50.39,137.0,182.32,50.39,137.6,70,77.17024288311734
4.981,drive,180.96,51.28,142.9,180.96,51.28,141.6,70,77.17024288311734
5.005,drive,180.26,51.79,143.6,180.26,51.79,143.1,70,77.17024288311734
5.030,drive,178.79,52.63,141.2,178.79,52.63,141.7,70,77.17024288311734
5.055,drive,178.06,53.05,139.6,178.06,53.05,140.1,70,74.30698039483178
5.079,drive,176.61,53.95,137.1,176.61,53.95,137.8,70,74.30698039483178
5.104,drive,175.89,54.32,142.8,175.89,54.32,141.6,70,74.30698039483178
5.129,drive,174.38,55.20,146.4,174.38,55.20,145.3,70,74.30698039483178
5.153,drive,173.65,55.59,144.4,173.65,55.59,144.6,70,74.30698039483178
5.178,drive,172.21,56.36,143.8,172.21,56.36,144.0,70,74.30698039483178
5.202,drive,171.47,56.77,136.8,171.47,56.77,138.5,70,74.30698039483178
5.227,drive,170.01,57.58,141.5,170.01,57.58,140.8,70,74.30698039483178
5.251,drive,169.29,57.98,136.8,169.29,57.98,137.7,70,74.30698039483178
5.275,drive,167.84,58.80,140.1,167.84,58.80,139.5,70,74.30698039483178
5.300,drive,167.13,59.28,144.7,167.13,59.28,143.4,70,74.30698039483178
5.324,drive,165.78,60.14,147.6,165.78,60.14,146.6,70,74.30698039483178
5.348,drive,165.06,60.63,141.6,165.06,60.63,142.8,70,74.30698039483178
5.373,drive,164.37,61.03,134.0,164.37,61.03,136.1,70,74.30698039483178
5.397,drive,163.09,61.86,142.0,163.09,61.86,140.6,70,74.30698039483178
5.422,drive,161.72,62.84,144.2,161.72,62.84,143.3,70,74.30698039483178
5.446,drive,161.00,63.32,147.6,161.00,63.32,146.6,70,74.30698039483178
5.471,drive,160.36,63.75,146.6,160.36,63.75,146.6,70,74.30698039483178
5.497,drive,159.06,64.66,155.5,159.06,64.66,153.4,70,74.30698039483178
5.521,drive,158.41,65.16,145.2,158.41,65.16,147.2,70,74.30698039483178
5.545,drive,157.10,66.19,143.7,157.10,66.19,144.5,70,74.30698039483178
5.570,drive,156.48,66.64,142.8,156.47,66.64,143.2,70,74.80645689515922
5.594,drive,155.17,67.59,150.2,155.17,67.59,148.6,70,74.80645689515922
5.618,drive,154.58,68.11,146.1,154.58,68.11,146.7,70,74.80645689515922
5.643,drive,153.48,69.03,142.5,153.48,69.03,143.5,70,74.80645689515922
5.667,drive,152.93,69.55,138.0,152.93,69.55,139.3,70,74.80645689515922
5.692,drive,151.62,70.44,141.8,151.62,70.44,141.2,70,74.80645689515922
5.716,drive,150.94,70.93,140.8,150.94,70.93,140.9,70,74.80645689515922
5.740,drive,150.31,71.41,144.4,150.31,71.41,143.5,70,74.80645689515922
5.765,drive,148.96,72.31,142.0,148.96,72.31,142.3,70,74.80645689515922
5.789,drive,148.26,72.76,147.2,148.26,72.76,146.0,70,74.80645689515922
5.814,drive,146.86,73.64,135.8,146.86,73.64,138.2,70,74.80645689515922
5.838,drive,146.17,74.08,135.6,146.17,74.08,136.2,0,74.80645689515922
5.863,settle,144.65,74.88,137.0,144.65,74.88,136.8,0,0
5.887,settle,143.89,75.23,142.3,143.89,75.23,141.0,0,0
5.911,settle,142.31,75.95,145.0,142.31,75.95,144.1,0,0
5.935,settle,141.58,76.34,144.5,141.58,76.34,144.4,0,0
5.964,settle,140.07,77.17,144.7,140.08,77.17,144.6,0,0
5.993,settle,139.29,77.58,142.8,139.29,77.58,143.2,0,0
6.023,settle,137.77,78.49,143.7,137.77,78.49,143.6,0,0
6.050,settle,136.98,78.94,142.9,136.98,78.95,143.1,0,0
6.074,settle,135.49,79.74,141.9,135.50,79.74,142.2,0,0
6.099,settle,134.76,80.18,143.5,134.76,80.19,143.2,0,0
6.123,settle,133.27,81.11,146.6,133.27,81.11,145.8,0,0
6.147,settle,131.77,82.01,145.2,131.77,82.01,145.3,0,0
6.172,settle,131.04,82.44,140.9,131.04,82.44,141.9,0,0
6.198,settle,129.55,83.39,141.0,129.55,83.39,141.2,0,0
6.224,settle,128.82,83.89,150.8,128.82,83.89,148.6,0,0
6.251,settle,127.37,84.90,140.9,127.37,84.89,142.6,0,0
6.277,settle,126.67,85.36,141.6,126.67,85.36,141.8,0,0
6.302,settle,125.31,86.37,139.8,125.31,86.37,140.3,0,0
6.326,settle,124.58,86.87,139.2,124.58,86.87,140.2,0,0
6.356,settle,123.15,87.73,145.4,123.15,87.72,144.3,0,0
6.381,settle,122.47,88.25,149.7,122.47,88.25,148.4,0,0
6.410,settle,121.13,89.21,150.5,121.13,89.21,150.1,0,0
6.439,settle,120.42,89.66,144.7,120.42,89.66,145.8,0,0
6.470,settle,119.03,90.62,149.9,119.03,90.62,149.1,0,0
6.500,settle,117.63,91.56,150.0,117.64,91.56,149.8,0,0
6.526,settle,116.98,91.89,149.9,116.98,91.89,149.9,0,0
6.552,settle,115.76,92.34,150.4,115.76,92.33,150.3,0,0
6.578,settle,114.39,92.79,146.0,114.39,92.79,147.0,0,0
6.603,settle,113.07,93.28,148.3,113.08,93.28,148.0,0,0
6.628,settle,112.40,93.58,145.6,112.40,93.58,146.2,0,0
6.655,settle,111.14,94.38,139.1,111.14,94.38,140.7,0,0
6.681,settle,109.80,95.29,138.0,109.81,95.29,138.6,0,0
6.707,settle,109.21,95.68,139.1,109.21,95.68,139.0,0,0
6.731,settle,108.57,96.12,143.1,108.57,96.12,142.1,0,0
6.756,settle,107.30,97.00,146.3,107.30,97.00,145.3,0,0
6.781,settle,105.97,97.88,146.5,105.97,97.88,146.2,0,0
6.805,settle,105.38,98.38,138.6,105.38,98.38,140.4,0,0
6.829,settle,104.10,99.40,148.0,104.10,99.40,146.2,0,0
6.854,settle,103.47,99.87,146.0,103.47,99.87,146.0,0,0
6.878,settle,102.16,100.86,151.5,102.16,100.85,150.2,0,0
6.902,settle,101.51,101.33,154.7,101.51,101.33,153.6,0,0
6.926,settle,100.32,102.29,153.3,100.32,102.29,153.4,0,0
6.952,settle,99.58,102.84,148.7,99.58,102.84,149.8,0,0
6.977,settle,98.30,103.86,147.1,98.31,103.86,147.7,0,0
7.001,settle,97.73,104.30,143.0,97.73,104.29,144.1,0,0
7.026,settle,97.08,104.76,139.5,97.08,104.75,140.6,0,0
7.050,settle,95.79,105.68,145.2,95.80,105.68,144.1,0,0
7.075,settle,94.53,106.53,142.8,94.53,106.53,142.9,0,0
7.099,settle,93.89,106.95,136.8,93.89,106.95,138.3,0,0
7.124,settle,93.24,107.35,130.0,93.24,107.35,132.0,0,0
7.147,settle,91.95,108.17,135.2,91.95,108.17,134.4,0,0
7.172,settle,91.33,108.53,138.7,91.33,108.53,137.7,0,0
7.199,settle,89.96,109.32,137.5,89.96,109.32,137.5,0,0
7.223,settle,89.29,109.70,145.8,89.29,109.70,143.8,0,0
7.248,settle,87.75,110.40,138.9,87.75,110.39,140.1,0,0
7.273,settle,87.05,110.69,134.2,87.05,110.69,135.6,0,0
7.297,settle,85.56,111.27,145.4,85.56,111.27,143.0,0,0
7.321,settle,84.81,111.63,148.2,84.81,111.63,147.0,0,0
7.346,settle,83.18,112.38,153.7,83.19,112.38,152.1,0,0
7.372,settle,82.39,112.74,152.6,82.39,112.74,152.5,0,0
7.399,settle,80.73,113.51,150.5,80.73,113.51,151.0,0,0
7.425,settle,79.92,113.90,155.4,79.92,113.90,154.4,0,0
7.450,settle,78.27,114.77,147.2,78.27,114.76,148.9,0,0
7.474,settle,77.46,115.19,156.4,77.46,115.19,154.6,0,0
7.498,settle,75.92,116.03,149.7,75.92,116.03,150.9,0,0
7.523,settle,75.13,116.49,150.9,75.13,116.49,150.9,0,0
7.547,settle,73.55,117.37,148.7,73.56,117.37,149.2,0,0
7.571,settle,72.73,117.84,147.8,72.73,117.84,148.2,0,0
7.595,settle,71.15,118.82,138.8,71.15,118.82,141.1,0,0
7.620,settle,70.43,119.30,138.0,70.43,119.30,138.8,0,0
7.644,settle,68.85,120.29,135.0,68.85,120.29,135.9,0,0
7.668,settle,68.04,120.75,137.6,68.05,120.75,137.2,0,0
7.692,settle,66.63,121.66,144.1,66.63,121.66,142.5,0,0
7.717,settle,65.89,122.13,139.0,65.89,122.13,139.8,0,0
7.741,settle,64.42,123.15,140.4,64.43,123.15,140.2,0,0
7.766,settle,63.69,123.68,145.6,63.70,123.68,144.3,0,0
7.790,settle,62.98,124.16,149.5,62.98,124.16,148.3,0,0
7.815,settle,61.48,125.13,151.0,61.48,125.13,150.3,0,0
7.839,settle,60.84,125.57,156.8,60.84,125.57,155.3,0,0
7.864,correct1,59.49,126.45,150.0,59.49,126.45,151.3,30,248.1369949978362
7.888,correct1,58.81,126.82,150.2,58.81,126.82,150.4,30,248.1369949978362
7.912,correct1,57.60,127.76,155.1,57.60,127.76,153.9,30,248.1369949978362
7.937,correct1,57.04,128.15,154.1,57.04,128.15,154.1,30,248.1369949978362
7.962,correct1,55.99,128.84,149.1,55.99,128.83,150.3,30,248.1369949978362
7.986,correct1,55.48,129.26,152.0,55.48,129.26,151.6,30,248.1369949978362
8.010,correct1,54.57,129.79,148.7,54.57,129.78,149.4,30,248.1369949978362
8.035,correct1,54.16,129.99,145.5,54.16,129.99,146.4,30,248.1369949978362
8.059,correct1,53.25,130.45,150.0,53.25,130.45,149.2,30,248.1369949978362
8.083,correct1,52.86,130.64,149.2,52.86,130.64,149.2,30,248.1369949978362
8.108,correct1,52.51,130.89,143.6,52.51,130.89,144.9,30,248.1369949978362
8.132,correct1,51.75,131.18,144.0,51.75,131.18,144.2,30,248.1369949978362
8.156,correct1,51.45,131.36,142.5,51.45,131.36,142.9,30,248.1369949978362
8.181,correct1,50.87,131.66,142.1,50.87,131.66,142.3,30,248.1369949978362
8.206,correct1,50.58,131.75,142.1,50.58,131.75,142.2,30,248.1369949978362
8.230,correct1,50.06,132.00,142.4,50.06,132.00,142.3,30,248.1369949978362
8.254,correct1,49.85,132.10,146.1,49.85,132.10,145.2,30,248.1369949978362
8.279,correct1,49.48,132.29,147.2,49.48,132.29,146.7,30,248.1369949978362
8.303,correct1,49.32,132.38,135.1,49.32,132.38,137.9,30,248.1369949978362
8.327,correct1,49.03,132.50,133.9,49.03,132.50,134.8,30,248.1369949978362
8.352,correct1,48.94,132.50,133.1,48.94,132.50,133.5,30,248.1369949978362
8.377,correct1,48.82,132.52,125.3,48.82,132.52,127.2,30,248.1890605154892
8.401,correct1,48.61,132.54,139.9,48.61,132.54,136.9,30,248.1890605154892
8.426,correct1,48.51,132.53,143.1,48.51,132.54,141.6,30,248.1890605154892
8.450,correct1,48.39,132.51,144.7,48.39,132.51,144.0,30,248.1890605154892
8.474,correct1,48.32,132.48,148.9,48.32,132.48,147.7,30,248.1890605154892
8.498,correct1,48.34,132.41,146.7,48.34,132.41,147.0,30,248.1890605154892
8.522,correct1,48.32,132.34,146.8,48.32,132.34,146.9,30,248.1890605154892
8.547,correct1,48.46,132.19,148.6,48.46,132.19,148.2,30,248.1890605154892
8.571,correct1,48.53,132.16,145.6,48.53,132.16,146.3,30,248.1890605154892
8.596,correct1,48.71,131.97,136.9,48.71,131.98,138.1,30,248.1890605154892
8.620,correct1,48.88,132.03,130.0,48.87,132.03,130.9,30,248.1890605154892
8.644,correct1,49.23,132.01,120.4,49.23,132.01,121.8,30,248.1890605154892
8.669,correct1,49.33,132.07,114.1,49.33,132.07,114.9,30,248.1890605154892
8.693,correct1,49.48,132.09,107.9,49.48,132.09,108.5,30,248.1890605154892
8.718,correct1,49.77,132.07,83.8,49.77,132.07,88.5,30,248.1890605154892
8.742,correct1,50.01,131.96,51.1,50.01,131.96,59.0,30,248.1890605154892
8.767,correct1,50.11,131.93,32.0,50.11,131.93,37.4,30,248.1890605154892
8.792,correct1,50.16,131.89,30.0,50.16,131.89,30.7,30,248.1890605154892
8.816,correct1,50.24,131.89,355.5,50.25,131.89,2.8,30,248.1890605154892
8.840,correct1,50.27,131.91,354.8,50.27,131.91,-4.3,30,248.1890605154892
8.864,correct1,50.32,131.99,344.4,50.32,131.99,-13.9,30,248.1890605154892
8.889,correct1,50.38,132.05,339.5,50.38,132.05,-20.0,30,260.1320852736034
8.914,correct1,50.58,132.10,340.8,50.58,132.10,-20.4,30,260.1320852736034
8.938,correct1,50.70,132.10,335.2,50.71,132.10,-24.8,30,260.1320852736034
8.964,correct1,50.94,132.04,328.7,50.94,132.04,-30.8,30,260.1320852736034
8.988,correct1,51.06,132.02,332.8,51.06,132.02,-29.1,30,260.1320852736034
9.012,correct1,51.25,131.98,339.0,51.25,131.98,-24.0,30,260.1320852736034
9.037,correct1,51.35,131.98,337.9,51.35,131.98,-23.6,30,260.1320852736034
9.061,correct1,51.48,132.00,337.8,51.48,132.00,-23.6,30,260.1320852736034
9.085,correct1,51.77,132.05,338.9,51.77,132.05,-22.8,30,260.1320852736034
9.109,correct1,52.04,132.16,344.0,52.04,132.16,-18.6,30,260.1320852736034
9.134,correct1,52.24,132.13,333.7,52.24,132.13,-25.5,30,260.1320852736034
9.158,correct1,52.35,132.16,332.2,52.35,132.16,-28.3,30,260.1320852736034
9.185,correct1,52.61,132.14,332.2,52.61,132.14,-29.0,30,260.1320852736034
9.209,correct1,52.72,132.09,335.4,52.72,132.09,-26.7,30,260.1320852736034
9.234,correct1,52.84,131.99,339.5,52.84,131.99,-23.0,30,260.1320852736034
9.258,correct1,52.96,131.91,332.3,52.96,131.91,-27.7,30,260.1320852736034
9.283,correct1,53.12,131.82,339.9,53.12,131.81,-22.9,30,260.1320852736034
9.307,correct1,53.19,131.76,340.1,53.19,131.76,-21.7,30,260.1320852736034
9.332,correct1,53.33,131.57,333.1,53.33,131.57,-26.7,30,260.1320852736034
9.357,correct1,53.43,131.45,337.0,53.43,131.45,-24.9,30,260.1320852736034
9.382,correct1,53.62,131.17,332.0,53.62,131.17,-28.4,30,260.1320852736034
9.406,correct1,53.69,130.99,335.4,53.69,130.99,-26.5,30,260.65024851448914
9.430,correct1,53.84,130.69,339.2,53.84,130.69,-23.2,30,260.65024851448914
9.455,correct1,53.92,130.53,341.2,53.93,130.53,-20.9,30,260.65024851448914
9.479,correct1,54.17,130.19,343.8,54.17,130.19,-17.9,30,260.65024851448914
9.503,correct1,54.34,130.00,337.2,54.34,130.00,-21.6,30,260.65024851448914
9.527,correct1,54.64,129.66,335.6,54.64,129.66,-23.7,30,260.65024851448914
9.551,correct1,54.79,129.49,337.0,54.79,129.49,-23.2,30,260.65024851448914
9.576,correct1,55.03,129.30,336.2,55.03,129.30,-23.7,30,260.65024851448914
9.600,correct1,55.43,129.01,335.0,55.43,129.01,-24.6,30,260.65024851448914
9.624,correct1,55.49,128.98,342.2,55.49,128.98,-19.4,30,260.65024851448914
9.648,correct1,56.04,128.67,338.0,56.04,128.67,-21.4,30,260.65024851448914
9.673,correct1,56.31,128.50,337.2,56.31,128.50,-22.4,30,260.65024851448914
9.700,correct1,56.80,128.32,337.6,56.80,128.32,-22.4,30,260.65024851448914
9.725,correct1,57.07,128.19,344.2,57.07,128.19,-17.3,30,260.65024851448914
9.749,correct1,57.78,127.99,330.7,57.78,127.99,-26.3,30,260.65024851448914
9.772,correct1,58.13,127.96,336.0,58.14,127.96,-24.6,30,260.65024851448914
9.796,correct1,58.70,127.94,339.1,58.70,127.94,-21.7,30,260.65024851448914
9.821,correct1,59.01,127.94,338.0,59.01,127.93,-21.9,30,260.65024851448914
9.844,correct1,59.71,127.78,336.2,59.71,127.78,-23.3,30,260.65024851448914
9.868,correct1,60.11,127.65,336.8,60.11,127.65,-23.2,30,260.65024851448914
9.892,correct1,60.79,127.52,334.1,60.79,127.52,-25.2,30,260.65024851448914
9.916,correct1,61.18,127.44,340.4,61.18,127.44,-20.9,30,262.56176333101536
9.941,correct1,61.53,127.39,332.6,61.53,127.39,-25.8,30,262.56176333101536
9.966,correct1,62.28,127.25,331.4,62.28,127.25,-27.9,30,262.56176333101536
9.990,correct1,62.61,127.23,340.8,62.61,127.23,-21.3,30,262.56176333101536
10.014,correct1,63.41,126.97,331.1,63.41,126.98,-27.0,30,262.56176333101536
10.037,correct1,63.86,126.87,326.4,63.86,126.87,-32.0,30,262.56176333101536
10.062,correct1,64.56,126.63,328.7,64.56,126.63,-32.5,30,262.56176333101536
10.086,correct1,64.88,126.54,333.5,64.88,126.54,-28.9,30,262.56176333101536
10.110,correct1,65.61,126.27,331.4,65.61,126.27,-29.5,30,262.56176333101536
10.134,correct1,65.98,126.08,327.5,65.98,126.08,-31.8,30,262.56176333101536
10.158,correct1,66.35,125.91,329.0,66.35,125.91,-31.2,30,262.56176333101536
10.183,correct1,67.01,125.48,326.0,67.01,125.48,-33.4,30,262.56176333101536
10.207,correct1,67.30,125.31,326.5,67.30,125.31,-33.5,30,262.56176333101536
10.231,correct1,67.92,124.90,331.3,67.92,124.90,-29.8,30,262.56176333101536
10.255,correct1,68.28,124.66,323.4,68.28,124.66,-34.9,30,262.56176333101536
10.279,correct1,68.82,124.27,323.2,68.82,124.27,-36.4,30,262.56176333101536
10.303,correct1,69.13,124.04,324.1,69.13,124.04,-36.0,30,262.56176333101536
10.327,correct1,69.44,123.79,322.5,69.44,123.79,-37.1,30,262.56176333101536
10.351,correct1,69.97,123.27,323.4,69.96,123.27,-36.8,30,262.56176333101536
10.375,correct1,70.20,123.01,321.0,70.20,123.01,-38.5,30,262.56176333101536
10.399,correct1,70.69,122.46,325.3,70.69,122.46,-35.6,30,262.56176333101536
10.423,correct1,71.00,122.20,323.0,71.00,122.20,-36.7,30,262.3199355968598
10.448,correct1,71.56,121.60,321.8,71.56,121.60,-37.9,30,262.3199355968598
10.472,correct1,71.77,121.35,322.0,71.77,121.35,-38.0,30,262.3199355968598
10.496,correct1,72.30,120.76,317.4,72.30,120.76,-41.5,30,262.3199355968598
10.520,correct1,72.53,120.48,320.0,72.53,120.48,-40.4,30,262.3199355968598
10.543,correct1,73.09,119.86,321.9,73.09,119.86,-38.7,30,262.3199355968598
10.567,correct1,73.33,119.57,323.6,73.33,119.57,-37.0,30,262.3199355968598
10.591,correct1,73.94,119.03,322.1,73.94,119.03,-37.7,30,262.3199355968598
10.615,correct1,74.22,118.75,318.6,74.22,118.75,-40.5,30,262.3199355968598
10.639,correct1,74.53,118.52,320.9,74.53,118.52,-39.5,30,262.3199355968598
10.663,correct1,75.04,117.98,323.3,75.04,117.99,-37.4,30,262.3199355968598
10.686,correct1,75.36,117.78,322.5,75.36,117.78,-37.7,30,262.3199355968598
10.710,correct1,75.65,117.55,322.2,75.65,117.55,-37.8,30,262.3199355968598
10.734,correct1,76.18,117.14,321.5,76.18,117.14,-38.3,30,262.3199355968598
10.758,correct1,76.53,116.91,325.0,76.53,116.91,-35.8,30,262.3199355968598
10.781,correct1,77.15,116.51,321.8,77.15,116.51,-37.6,30,262.3199355968598
10.805,correct1,77.48,116.30,317.1,77.48,116.30,-41.7,30,262.3199355968598
10.830,correct1,78.10,115.88,320.2,78.10,115.88,-40.3,30,262.3199355968598
10.854,correct1,78.44,115.76,324.0,78.44,115.76,-37.1,30,262.3199355968598
10.878,correct1,79.10,115.47,326.6,79.10,115.47,-34.3,30,262.3199355968598
10.903,correct1,79.42,115.30,326.5,79.42,115.30,-33.7,30,262.3199355968598
10.927,correct1,79.75,115.16,323.9,79.75,115.16,-35.5,30,258.2318372361517
10.952,correct1,80.39,114.80,321.1,80.39,114.80,-38.1,30,258.2318372361517
10.976,correct1,80.70,114.62,319.9,80.70,114.62,-39.6,30,258.2318372361517
11.000,correct1,81.26,114.24,320.1,81.26,114.24,-39.8,30,258.2318372361517
11.024,correct1,81.59,114.01,317.7,81.59,114.01,-41.7,30,258.2318372361517
11.048,correct1,82.15,113.64,323.3,82.14,113.64,-37.9,30,258.2318372361517
11.071,correct1,82.44,113.38,318.9,82.44,113.38,-40.3,30,258.2318372361517
11.095,correct1,82.99,113.01,324.6,82.99,113.01,-36.6,30,258.2318372361517
11.119,correct1,83.32,112.78,324.9,83.32,112.78,-35.5,30,258.2318372361517
11.143,correct1,83.86,112.33,316.4,83.86,112.34,-41.6,30,258.2318372361517
11.167,correct1,84.11,112.12,318.4,84.11,112.12,-41.6,30,258.2318372361517
11.192,correct1,84.35,111.88,316.0,84.35,111.88,-43.4,30,258.2318372361517
11.216,correct1,84.84,111.44,321.9,84.84,111.44,-39.4,30,258.2318372361517
11.240,correct1,85.07,111.24,322.3,85.07,111.24,-38.1,30,258.2318372361517
11.264,correct1,85.61,110.71,322.2,85.61,110.71,-37.9,30,258.2318372361517
11.289,correct1,85.80,110.54,323.6,85.80,110.54,-36.8,30,258.2318372361517
11.313,correct1,86.24,110.10,319.9,86.24,110.10,-39.3,30,258.2318372361517
11.336,correct1,86.46,109.83,323.9,86.46,109.83,-37.3,30,258.2318372361517
11.360,correct1,86.93,109.33,321.1,86.93,109.33,-38.5,30,258.2318372361517
11.384,correct1,87.19,109.09,322.2,87.19,109.09,-37.9,30,258.2318372361517
11.408,correct1,87.43,108.83,322.8,87.43,108.83,-37.3,30,258.2318372361517
11.432,correct1,87.88,108.34,320.4,87.88,108.34,-39.1,30,255.27622442687596
11.456,correct1,88.08,108.13,320.4,88.08,108.13,-39.5,30,255.27622442687596
11.480,correct1,88.56,107.69,322.9,88.56,107.69,-37.7,30,255.27622442687596
11.503,correct1,88.78,107.49,319.7,88.78,107.49,-39.7,30,255.27622442687596
11.527,correct1,89.30,107.08,321.1,89.30,107.08,-39.1,30,255.27622442687596
11.551,correct1,89.56,106.88,312.9,89.56,106.88,-45.2,30,255.27622442687596
11.575,correct1,90.07,106.45,320.4,90.07,106.45,-40.9,30,255.27622442687596
11.599,correct1,90.35,106.26,321.2,90.35,106.26,-39.3,30,255.27622442687596
11.624,correct1,90.57,106.05,316.4,90.57,106.05,-42.6,30,255.27622442687596
11.647,correct1,90.94,105.64,317.9,90.94,105.64,-42.2,30,255.27622442687596
11.671,correct1,90.96,105.52,317.5,90.96,105.52,-42.4,30,255.27622442687596
11.695,correct1,91.00,105.34,320.4,91.00,105.34,-40.3,30,255.27622442687596
11.719,correct1,91.07,104.95,327.2,91.08,104.95,-34.6,30,255.27622442687596
11.743,correct1,91.11,104.58,320.3,91.11,104.58,-38.5,30,255.27622442687596
11.767,correct1,91.11,104.44,324.2,91.11,104.44,-36.5,30,255.27622442687596
11.791,correct1,91.08,104.35,320.3,91.08,104.35,-39.0,30,255.27622442687596
11.815,correct1,91.12,104.15,322.2,91.12,104.15,-38.1,30,255.27622442687596
11.839,correct1,91.11,104.08,321.5,91.11,104.07,-38.4,30,255.27622442687596
11.863,correct1,91.14,103.99,320.1,91.14,103.99,-39.6,30,255.27622442687596
11.887,correct1,91.16,103.97,322.8,91.17,103.97,-37.9,30,255.27622442687596
11.911,correct1,91.21,103.96,320.3,91.21,103.96,-39.3,30,255.27622442687596
11.935,correct1,91.37,103.97,322.9,91.37,103.97,-37.7,30,249.19271006709684
11.960,correct1,91.44,104.01,325.8,91.44,104.01,-35.1,30,249.19271006709684
11.984,correct1,91.73,104.06,325.9,91.73,104.06,-34.3,30,249.19271006709684
12.008,correct1,91.90,104.06,322.0,91.90,104.06,-37.1,30,249.19271006709684
12.032,correct1,92.36,104.05,319.4,92.36,104.05,-39.8,30,249.19271006709684
12.056,correct1,92.63,104.02,317.7,92.63,104.02,-41.7,30,249.19271006709684
12.079,correct1,93.21,103.92,322.2,93.21,103.92,-38.5,30,249.19271006709684
12.103,correct1,93.58,103.86,323.2,93.58,103.86,-37.2,30,249.19271006709684
12.127,correct1,94.28,103.76,322.7,94.28,103.76,-37.3,30,249.19271006709684
12.151,correct1,94.68,103.72,321.6,94.68,103.72,-38.2,30,249.19271006709684
12.175,correct1,95.10,103.68,321.2,95.10,103.68,-38.7,30,249.19271006709684
12.199,correct1,95.89,103.58,319.2,95.89,103.58,-40.3,30,249.19271006709684
12.223,correct1,96.37,103.44,320.4,96.36,103.44,-39.7,30,249.19271006709684
12.247,correct1,97.27,103.18,321.4,97.27,103.18,-38.9,30,249.19271006709684
12.272,correct1,97.84,102.96,314.7,97.84,102.96,-43.8,30,249.19271006709684
12.297,correct1,98.27,102.76,320.8,98.27,102.76,-40.3,30,249.19271006709684
12.320,correct1,99.10,102.34,315.3,99.10,102.34,-43.7,30,249.19271006709684
12.345,correct1,99.52,102.09,317.7,99.52,102.09,-42.6,30,249.19271006709684
12.368,correct1,100.33,101.58,314.7,100.33,101.58,-44.6,30,249.19271006709684
12.392,correct1,100.72,101.23,317.6,100.72,101.23,-42.9,30,249.19271006709684
12.416,correct1,101.43,100.61,314.1,101.42,100.61,-45.2,30,249.19271006709684
12.440,correct1,101.76,100.27,321.0,101.76,100.27,-40.5,30,250.5385556330761
12.464,correct1,102.37,99.58,321.6,102.37,99.58,-38.9,30,250.5385556330761
12.488,correct1,102.67,99.17,322.2,102.67,99.17,-38.1,30,250.5385556330761
12.512,correct1,103.28,98.34,322.1,103.28,98.34,-37.9,30,250.5385556330761
12.536,correct1,103.52,97.90,320.1,103.52,97.90,-39.4,30,250.5385556330761
12.559,correct1,103.94,97.07,320.5,103.94,97.07,-39.5,30,250.5385556330761
12.583,correct1,104.19,96.63,316.1,104.19,96.63,-42.8,30,250.5385556330761
12.607,correct1,104.38,96.19,316.5,104.38,96.19,-43.3,30,250.5385556330761
12.631,correct1,104.82,95.34,319.8,104.82,95.34,-40.9,30,250.5385556330761
12.655,correct1,105.09,94.95,316.9,105.09,94.95,-42.6,30,250.5385556330761
12.679,correct1,105.31,94.57,317.8,105.31,94.57,-42.3,30,250.5385556330761
12.703,correct1,105.82,93.89,318.0,105.82,93.89,-42.1,30,250.5385556330761
12.728,correct1,106.09,93.52,322.5,106.09,93.52,-37.7,30,250.5385556330761
12.751,correct1,106.60,92.94,322.7,106.60,92.94,-37.4,30,250.5385556330761
12.775,correct1,106.84,92.64,330.7,106.84,92.64,-31.3,30,250.5385556330761
12.799,correct1,107.45,92.15,322.6,107.45,92.15,-36.0,30,250.5385556330761
12.823,correct1,107.74,91.91,335.6,107.74,91.91,-27.2,30,250.5385556330761
12.847,correct1,108.29,91.39,327.4,108.29,91.39,-31.3,30,250.5385556330761
12.871,correct1,108.60,91.00,327.7,108.60,91.00,-32.1,30,250.5385556330761
12.895,correct1,108.95,90.58,326.1,108.95,90.58,-33.5,30,250.5385556330761
12.918,correct1,109.62,89.72,322.7,109.62,89.72,-36.5,0,250.5385556330761
12.942,settle1,109.99,89.32,324.7,109.99,89.33,-35.6,0,0
12.967,settle1,110.65,88.62,319.5,110.65,88.62,-39.4,0,0
12.990,settle1,110.98,88.36,322.8,110.98,88.36,-37.8,0,0
13.014,settle1,111.77,87.86,324.0,111.77,87.86,-36.4,0,0
13.038,settle1,112.16,87.62,329.4,112.16,87.62,-32.0,0,0
13.062,settle1,112.56,87.48,329.7,112.56,87.48,-30.7,0,0
13.086,settle1,113.51,87.19,332.5,113.51,87.19,-28.3,0,0
13.110,settle1,113.90,87.08,333.1,113.90,87.08,-27.2,0,0
13.134,settle1,114.78,86.78,317.5,114.78,86.78,-38.8,0,0
13.158,settle1,115.24,86.71,321.7,115.24,86.71,-38.4,0,0
13.183,settle1,116.11,86.65,323.5,116.11,86.65,-37.0,0,0
13.206,settle1,116.57,86.52,323.5,116.57,86.52,-36.6,0,0
13.230,settle1,117.55,86.44,322.6,117.54,86.44,-37.2,0,0
13.254,settle1,118.02,86.40,319.8,118.02,86.40,-39.5,0,0
13.278,settle1,118.48,86.31,318.8,118.48,86.31,-40.8,0,0
13.302,settle1,119.38,86.05,326.9,119.38,86.05,-35.0,0,0
13.327,settle1,119.76,85.94,320.9,119.76,85.94,-38.1,0,0
13.351,settle1,120.59,85.64,326.1,120.59,85.64,-34.2,0,0
13.375,settle1,120.99,85.49,325.7,120.98,85.49,-34.2,0,0
13.399,settle1,121.64,85.08,327.0,121.64,85.08,-33.3,0,0
13.423,settle1,121.84,84.87,320.6,121.84,84.87,-38.0,0,0
13.447,settle1,122.36,84.29,323.8,122.36,84.30,-36.6,0,0
13.471,settle1,122.57,83.97,320.7,122.57,83.97,-38.6,0,0
13.495,settle1,122.76,83.73,324.6,122.76,83.73,-36.1,0,0
13.519,settle1,123.16,83.12,325.2,123.16,83.12,-35.1,0,0
13.544,settle1,123.39,82.81,325.7,123.39,82.81,-34.5,0,0
13.567,settle1,123.74,82.06,326.1,123.74,82.06,-34.0,0,0
13.591,settle1,123.96,81.73,324.7,123.96,81.73,-35.0,0,0
13.615,settle1,124.46,81.15,330.1,124.46,81.15,-31.2,0,0
13.639,settle1,124.68,80.82,328.3,124.68,80.82,-31.6,0,0
13.663,settle1,124.93,80.50,327.5,124.93,80.50,-32.3,0,0
13.687,settle1,125.40,79.86,330.4,125.40,79.86,-30.2,0,0
13.711,settle1,125.67,79.59,332.5,125.67,79.59,-28.1,0,0
13.735,settle1,126.24,79.07,331.4,126.23,79.07,-28.5,0,0
13.759,settle1,126.55,78.81,326.4,126.55,78.81,-32.3,0,0
13.783,settle1,127.17,78.40,326.4,127.17,78.40,-33.3,0,0
13.807,settle1,127.46,78.18,327.8,127.46,78.18,-32.4,0,0
13.831,settle1,128.07,77.81,323.0,128.07,77.81,-35.9,0,0
13.855,settle1,128.40,77.74,328.2,128.40,77.74,-32.8,0,0
13.879,settle1,128.76,77.65,332.9,128.76,77.65,-28.4,0,0
13.903,settle1,129.42,77.47,338.2,129.42,77.47,-23.4,0,0
13.928,settle1,129.78,77.39,337.6,129.78,77.39,-22.6,0,0
13.953,settle1,130.45,77.24,335.2,130.45,77.24,-24.3,0,0
13.977,settle1,130.79,77.21,331.6,130.79,77.21,-27.4,0,0
14.001,settle1,131.51,77.08,326.3,131.50,77.08,-32.2,0,0
14.025,settle1,131.91,77.08,325.1,131.91,77.08,-34.2,0,0
14.049,settle1,132.66,77.07,327.7,132.66,77.07,-32.8,0,0
14.074,settle1,133.00,77.06,323.5,133.00,77.06,-34.5,0,0
14.098,settle1,133.72,76.95,320.8,133.72,76.95,-37.8,0,0
14.122,settle1,134.07,76.90,317.6,134.07,76.90,-41.3,0,0
14.146,settle1,134.41,76.85,302.3,134.41,76.85,-53.8,0,0
14.170,settle1,135.09,76.58,316.6,135.08,76.58,-45.9,0,0
14.196,settle1,135.41,76.47,319.5,135.41,76.47,-41.8,0,0
14.220,settle1,135.96,76.21,328.3,135.96,76.21,-34.1,0,0
14.244,settle1,136.24,76.02,324.6,136.24,76.02,-35.1,0,0
14.268,settle1,136.83,75.57,326.4,136.83,75.57,-34.0,0,0
14.292,settle1,137.10,75.33,328.9,137.10,75.33,-31.8,0,0
14.316,settle1,137.54,74.84,330.0,137.54,74.84,-30.5,0,0
14.340,settle1,137.78,74.55,331.6,137.78,74.55,-28.9,0,0
14.364,settle1,138.24,73.93,331.0,138.24,73.93,-29.0,0,0
14.388,settle1,138.47,73.64,333.8,138.47,73.64,-26.9,0,0
14.412,settle1,138.83,73.06,337.2,138.83,73.06,-23.8,0,0
14.435,settle1,139.04,72.81,339.1,139.04,72.81,-21.6,0,0
14.459,settle1,139.29,72.52,336.6,139.29,72.52,-23.0,0,0
14.483,settle1,139.81,71.93,342.3,139.81,71.93,-19.0,0,0
14.507,settle1,140.06,71.66,341.9,140.06,71.66,-18.3,0,0
14.531,settle1,140.60,71.16,334.1,140.60,71.16,-24.0,0,0
14.555,settle1,140.89,70.95,338.3,140.89,70.95,-22.3,0,0
14.579,settle1,141.22,70.72,336.8,141.22,70.72,-23.0,0,0
14.603,settle1,141.77,70.42,339.7,141.77,70.42,-21.0,0,0
14.627,settle1,142.08,70.32,339.4,142.08,70.32,-20.7,0,0
14.651,settle1,142.81,70.14,336.6,142.81,70.14,-22.8,0,0
14.675,settle1,143.24,70.06,337.2,143.24,70.06,-22.8,0,0
14.700,settle1,143.97,70.01,330.7,143.97,70.01,-28.3,0,0
14.724,settle1,144.38,69.99,337.1,144.38,69.99,-24.2,0,0
14.748,settle1,144.85,69.98,338.4,144.85,69.98,-22.2,0,0
14.772,settle1,145.58,70.00,339.7,145.58,70.00,-20.7,0,0
14.796,settle1,145.94,70.06,338.8,145.94,70.06,-21.1,0,0
14.820,settle1,146.69,70.01,339.8,146.69,70.01,-20.4,0,0
14.844,settle1,147.03,70.02,339.5,147.03,70.02,-20.5,0,0
14.868,settle1,147.66,69.92,339.2,147.66,69.92,-20.7,0,0
14.891,settle1,148.02,69.82,339.7,148.01,69.82,-20.4,0,0
14.916,settle1,148.63,69.67,338.7,148.63,69.67,-21.1,0,0
14.940,settle1,148.95,69.57,340.0,148.95,69.57,-20.3,0,0
14.965,correct2,149.27,69.47,340.5,149.27,69.47,-19.6,30,84.49700636067081
14.990,correct2,149.86,69.19,343.0,149.86,69.19,-17.6,30,84.49700636067081
15.014,correct2,150.05,69.00,340.6,150.05,69.00,-18.9,30,84.49700636067081
15.038,correct2,150.55,68.53,334.9,150.55,68.54,-23.6,30,84.49700636067081
15.062,correct2,150.80,68.24,342.0,150.80,68.24,-19.4,30,84.49700636067081
15.086,correct2,151.23,67.67,349.9,151.23,67.67,-12.3,30,84.49700636067081
15.110,correct2,151.44,67.37,334.5,151.44,67.37,-22.3,30,84.49700636067081
15.134,correct2,151.87,66.78,335.0,151.86,66.78,-24.3,30,84.49700636067081
15.157,correct2,152.05,66.46,335.0,152.05,66.46,-24.8,30,84.49700636067081
15.182,correct2,152.42,65.92,336.8,152.42,65.92,-23.6,30,84.49700636067081
15.205,correct2,152.68,65.69,331.6,152.68,65.69,-27.2,30,84.49700636067081
15.229,correct2,152.89,65.41,334.5,152.89,65.41,-25.9,30,84.49700636067081
15.253,correct2,153.19,64.89,332.1,153.19,64.89,-27.4,30,84.49700636067081
15.277,correct2,153.34,64.63,336.0,153.34,64.63,-24.8,30,84.49700636067081
15.301,correct2,153.78,64.16,334.8,153.78,64.16,-25.1,30,84.49700636067081
15.325,correct2,154.03,63.96,334.7,154.03,63.97,-25.2,30,84.49700636067081
15.350,correct2,154.68,63.58,335.7,154.68,63.58,-24.6,30,84.49700636067081
15.374,correct2,154.99,63.49,329.0,154.99,63.49,-29.4,30,84.49700636067081
15.398,correct2,155.62,63.34,328.6,155.62,63.34,-30.9,30,84.49700636067081
15.422,correct2,155.99,63.31,329.1,155.99,63.31,-30.9,30,84.49700636067081
15.448,correct2,156.35,63.26,326.8,156.35,63.26,-32.7,30,84.49700636067081
15.472,correct2,157.06,63.25,314.9,157.06,63.25,-42.1,30,84.47004325947182
15.496,correct2,157.48,63.18,329.1,157.48,63.18,-33.6,30,84.47004325947182
15.520,correct2,158.32,63.17,326.5,158.32,63.17,-33.5,30,84.47004325947182
15.544,correct2,158.71,63.19,330.5,158.71,63.19,-30.5,30,84.47004325947182
15.568,correct2,159.64,63.06,329.0,159.64,63.06,-30.9,30,84.47004325947182
15.592,correct2,160.14,63.03,331.1,160.14,63.03,-29.4,30,84.47004325947182
15.615,correct2,160.65,62.99,331.7,160.65,62.99,-28.5,30,84.47004325947182
15.640,correct2,161.50,62.90,334.2,161.50,62.90,-26.5,30,84.47004325947182
15.664,correct2,162.35,62.83,333.2,162.35,62.82,-26.7,30,84.47004325947182
15.688,correct2,162.72,62.81,331.0,162.72,62.81,-28.5,30,84.47004325947182
15.712,correct2,163.06,62.77,328.6,163.06,62.77,-30.7,30,84.47004325947182
15.736,correct2,163.71,62.68,327.7,163.71,62.68,-31.9,30,84.47004325947182
15.760,correct2,164.03,62.62,324.3,164.03,62.62,-34.8,30,84.47004325947182
15.784,correct2,164.55,62.42,322.0,164.55,62.42,-37.2,30,84.47004325947182
15.809,correct2,164.78,62.27,318.8,164.78,62.27,-41.1,30,84.47004325947182
15.833,correct2,165.17,61.90,320.6,165.17,61.90,-40.7,30,84.47004325947182
15.857,correct2,165.28,61.69,323.2,165.28,61.69,-38.6,30,84.47004325947182
15.881,correct2,165.51,61.27,328.6,165.51,61.27,-33.9,30,84.47004325947182
15.905,correct2,165.55,61.09,332.4,165.56,61.09,-29.9,30,84.47004325947182
15.929,correct2,165.64,60.89,331.9,165.64,60.89,-29.3,30,84.47004325947182
15.955,correct2,165.60,60.30,331.6,165.60,60.31,-29.3,30,84.47004325947182
15.978,correct2,165.57,59.99,330.3,165.58,59.99,-30.4,30,52.497668511514235
16.004,correct2,165.47,59.43,330.7,165.47,59.43,-30.3,30,52.497668511514235
16.028,correct2,165.42,59.18,328.6,165.42,59.18,-31.2,30,52.497668511514235
16.052,correct2,165.33,58.74,332.3,165.33,58.74,-28.5,30,52.497668511514235
16.076,correct2,165.25,58.56,330.2,165.25,58.56,-29.5,30,52.497668511514235
16.100,correct2,165.16,58.34,335.4,165.16,58.34,-24.8,30,52.497668511514235
16.124,correct2,165.05,58.04,336.1,165.05,58.04,-23.1,30,52.497668511514235
16.148,correct2,165.02,57.93,334.0,165.02,57.93,-24.2,30,52.497668511514235
16.172,correct2,164.95,57.75,334.8,164.95,57.75,-24.0,30,52.497668511514235
16.196,correct2,164.95,57.69,334.2,164.95,57.69,-24.3,30,52.497668511514235
16.221,correct2,164.96,57.54,337.8,164.96,57.54,-21.7,30,52.497668511514235
16.244,correct2,165.04,57.51,347.1,165.04,57.51,-14.0,30,52.497668511514235
16.269,correct2,165.14,57.56,350.0,165.14,57.56,-9.9,30,52.497668511514235
16.293,correct2,165.20,57.63,358.6,165.20,57.63,-2.4,30,52.497668511514235
16.317,correct2,165.42,57.79,352.6,165.42,57.79,-5.1,30,52.497668511514235
16.342,correct2,165.52,57.88,353.4,165.52,57.88,-5.2,30,52.497668511514235
16.368,correct2,165.68,58.06,353.3,165.69,58.06,-5.3,30,52.497668511514235
16.393,correct2,165.83,58.12,354.0,165.83,58.12,-4.8,30,52.497668511514235
16.417,correct2,166.00,58.25,355.8,166.00,58.25,-3.3,30,52.497668511514235
16.442,correct2,166.22,58.51,2.6,166.22,58.51,2.2,30,52.497668511514235
16.466,correct2,166.33,58.65,6.8,166.33,58.65,6.7,30,52.497668511514235
16.490,correct2,166.66,59.02,19.6,166.66,59.02,17.6,30,52.652459386840576
16.514,correct2,166.77,59.16,33.5,166.77,59.16,30.8,30,52.652459386840576
16.538,correct2,167.00,59.42,89.7,167.00,59.42,76.5,30,52.652459386840576
16.563,correct2,167.13,59.60,101.4,167.13,59.60,96.6,30,52.652459386840576
16.587,correct2,167.43,59.87,116.7,167.43,59.87,112.9,30,52.652459386840576
16.611,correct2,167.59,59.96,124.4,167.59,59.96,122.7,30,52.652459386840576
16.635,correct2,167.78,60.17,129.9,167.78,60.17,129.2,30,52.652459386840576
16.659,correct2,167.80,60.28,132.6,167.80,60.28,132.8,30,52.652459386840576
16.683,correct2,167.89,60.36,131.1,167.89,60.36,132.6,30,52.652459386840576
16.707,correct2,167.99,60.59,134.9,167.99,60.59,135.4,30,52.652459386840576
16.731,correct2,168.04,60.68,134.5,168.04,60.68,135.8,30,52.652459386840576
16.755,correct2,168.06,60.84,132.4,168.06,60.84,134.3,30,52.652459386840576
16.779,correct2,168.06,60.90,133.2,168.06,60.90,134.5,30,52.652459386840576
16.803,correct2,167.91,60.95,132.4,167.91,60.95,133.9,30,52.652459386840576
16.827,correct2,167.78,60.96,137.6,167.78,60.96,137.7,30,52.652459386840576
16.851,correct2,167.55,60.97,136.8,167.55,60.97,138.0,30,52.652459386840576
16.875,correct2,167.41,60.94,139.9,167.41,60.94,140.5,30,52.652459386840576
16.899,correct2,167.21,60.94,140.5,167.21,60.94,141.5,30,52.652459386840576
16.923,correct2,166.92,60.74,139.2,166.92,60.74,140.8,30,52.652459386840576
16.947,correct2,166.79,60.60,143.3,166.79,60.60,143.8,30,52.652459386840576
16.970,correct2,166.49,60.36,141.3,166.49,60.36,142.9,30,52.652459386840576
16.995,correct2,166.35,60.23,140.0,166.35,60.23,141.7,30,50.80885197973703
17.019,correct2,166.01,60.04,140.8,166.01,60.04,141.2,30,50.80885197973703
17.043,correct2,165.82,59.95,136.7,165.82,59.95,137.8,30,50.80885197973703
17.067,correct2,165.46,59.81,140.4,165.46,59.81,139.7,30,50.80885197973703
17.091,correct2,165.29,59.74,140.7,165.29,59.74,140.4,30,50.80885197973703
17.116,correct2,165.13,59.71,138.7,165.13,59.71,139.1,30,50.80885197973703
17.140,correct2,164.75,59.65,138.8,164.75,59.65,138.9,30,50.80885197973703
17.164,correct2,164.61,59.61,138.5,164.61,59.61,138.6,30,50.80885197973703
17.189,correct2,164.32,59.63,139.5,164.32,59.64,139.2,30,50.80885197973703
17.213,correct2,164.19,59.64,141.0,164.19,59.64,140.6,30,50.80885197973703
17.237,correct2,163.94,59.74,139.5,163.94,59.74,139.7,30,50.80885197973703
17.261,correct2,163.81,59.80,139.2,163.81,59.80,139.3,30,50.80885197973703
17.286,correct2,163.74,59.91,135.0,163.74,59.91,136.0,30,50.80885197973703
17.310,correct2,163.66,60.18,135.2,163.66,60.18,135.3,30,50.80885197973703
17.334,correct2,163.55,60.59,139.2,163.55,60.59,138.2,30,50.80885197973703
17.357,correct2,163.53,60.82,133.4,163.53,60.82,134.5,30,50.80885197973703
17.381,correct2,163.49,61.10,139.7,163.49,61.10,138.4,30,50.80885197973703
17.405,correct2,163.46,61.61,139.4,163.46,61.61,139.1,30,50.80885197973703
17.429,correct2,163.45,61.89,137.2,163.45,61.89,137.6,30,50.80885197973703
17.453,correct2,163.51,62.46,138.4,163.51,62.46,138.2,30,50.80885197973703
17.477,correct2,163.50,62.78,139.4,163.50,62.78,140.2,30,50.80885197973703
17.501,correct2,163.49,63.42,140.6,163.49,63.42,141.5,30,47.51869044874559
17.525,correct2,163.47,63.70,139.4,163.47,63.70,141.0,30,47.51869044874559
17.549,correct2,163.28,64.35,141.4,163.28,64.35,142.3,30,47.51869044874559
17.574,correct2,163.20,64.64,138.2,163.20,64.64,140.2,30,47.51869044874559
17.598,correct2,163.07,64.92,141.4,163.07,64.92,142.1,30,47.51869044874559
17.622,correct2,162.72,65.49,138.4,162.72,65.49,140.3,30,47.51869044874559
17.646,correct2,162.51,65.76,143.9,162.51,65.76,143.4,30,47.51869044874559
17.670,correct2,162.07,66.22,164.4,162.07,66.22,159.4,30,47.51869044874559
17.694,correct2,161.79,66.40,153.9,161.79,66.40,155.2,30,47.51869044874559
17.718,correct2,161.21,66.69,168.5,161.21,66.69,165.3,30,47.51869044874559
17.742,correct2,160.90,66.83,157.7,160.90,66.83,159.5,30,47.51869044874559
17.766,correct2,160.61,66.93,163.9,160.61,66.93,162.9,30,47.51869044874559
17.790,correct2,159.88,67.00,158.4,159.88,67.00,159.4,30,47.51869044874559
17.814,correct2,159.56,67.01,158.8,159.56,67.01,159.0,30,47.51869044874559
17.838,correct2,158.80,66.94,173.4,158.81,66.94,169.9,30,47.51869044874559
17.862,correct2,158.48,66.84,164.3,158.48,66.84,165.7,30,47.51869044874559
17.886,correct2,157.75,66.63,165.8,157.75,66.64,165.7,30,47.51869044874559
17.910,correct2,157.29,66.54,167.4,157.29,66.54,167.0,30,47.51869044874559
17.934,correct2,156.41,66.35,166.7,156.41,66.35,166.8,30,47.51869044874559
17.960,correct2,156.06,66.28,167.6,156.06,66.28,167.4,30,47.51869044874559
17.985,correct2,155.58,66.20,169.8,155.58,66.20,169.3,30,47.51869044874559
18.009,correct2,154.80,66.07,171.8,154.80,66.07,171.2,30,51.18994172857475
18.034,correct2,154.46,66.01,174.1,154.46,66.01,173.4,30,51.18994172857475
18.058,correct2,153.76,65.93,168.1,153.76,65.94,169.4,30,51.18994172857475
18.082,correct2,153.51,65.87,169.1,153.51,65.87,169.2,30,51.18994172857475
18.107,correct2,152.99,65.79,165.5,152.99,65.79,166.1,30,51.18994172857475
18.131,correct2,152.68,65.81,169.1,152.68,65.81,168.4,30,51.18994172857475
18.155,correct2,152.06,65.73,166.9,152.06,65.73,167.3,30,51.18994172857475
18.180,correct2,151.76,65.73,167.9,151.76,65.73,167.7,30,51.18994172857475
18.204,correct2,151.06,65.68,163.1,151.06,65.68,164.2,30,51.18994172857475
18.228,correct2,150.72,65.66,164.8,150.72,65.66,164.6,30,51.18994172857475
18.252,correct2,150.42,65.64,168.3,150.42,65.64,167.4,30,51.18994172857475
18.276,correct2,149.68,65.64,160.4,149.68,65.64,162.1,30,51.18994172857475
18.299,correct2,149.30,65.61,164.1,149.30,65.61,163.6,30,51.18994172857475
18.323,correct2,148.57,65.65,165.0,148.57,65.65,164.6,30,51.18994172857475
18.348,correct2,148.20,65.68,163.7,148.20,65.68,163.9,30,51.18994172857475
18.372,correct2,147.53,65.76,169.1,147.53,65.76,167.8,30,51.18994172857475
18.396,correct2,147.18,65.84,162.8,147.18,65.84,164.0,30,51.18994172857475
18.420,correct2,146.37,66.09,163.6,146.37,66.09,163.7,30,51.18994172857475
18.444,correct2,146.05,66.26,167.1,146.04,66.26,166.3,30,51.18994172857475
18.468,correct2,145.73,66.44,169.3,145.73,66.44,168.6,30,51.18994172857475
18.492,correct2,145.08,66.80,168.7,145.08,66.80,168.7,30,51.18994172857475
18.516,correct2,144.66,67.00,168.6,144.66,66.99,168.6,30,60.60914756176925
18.540,correct2,143.94,67.50,170.0,143.94,67.50,169.7,30,60.60914756176925
18.565,correct2,143.57,67.71,166.3,143.57,67.71,167.1,30,60.60914756176925
18.589,correct2,142.83,68.16,164.7,142.83,68.16,165.3,30,60.60914756176925
18.613,correct2,142.47,68.38,173.3,142.47,68.38,171.4,30,60.60914756176925
18.637,correct2,141.73,68.78,171.8,141.73,68.78,171.7,30,60.60914756176925
18.661,correct2,141.34,68.99,167.2,141.34,68.99,168.3,30,60.60914756176925
18.685,correct2,140.55,69.35,165.2,140.55,69.35,165.9,30,60.60914756176925
18.709,correct2,140.12,69.48,169.3,140.12,69.48,168.5,30,60.60914756176925
18.734,correct2,139.76,69.55,169.4,139.76,69.55,169.6,30,60.60914756176925
18.758,correct2,138.99,69.76,171.0,138.99,69.76,170.7,30,60.60914756176925
18.782,correct2,138.52,69.88,169.7,138.52,69.88,169.9,30,60.60914756176925
18.806,correct2,137.63,69.96,170.4,137.63,69.96,170.3,30,60.60914756176925
18.830,correct2,137.20,69.97,171.9,137.20,69.97,171.5,30,60.60914756176925
18.854,correct2,136.39,69.87,169.7,136.39,69.87,170.2,30,60.60914756176925
18.878,correct2,135.95,69.82,173.8,135.95,69.82,172.9,30,60.60914756176925
18.902,correct2,135.21,69.71,171.4,135.21,69.71,171.8,30,60.60914756176925
18.926,correct2,134.75,69.61,170.4,134.75,69.61,170.7,30,60.60914756176925
18.951,correct2,134.34,69.60,170.8,134.34,69.60,170.8,30,60.60914756176925
18.976,correct2,133.54,69.47,170.6,133.54,69.47,170.6,30,60.60914756176925
19.000,correct2,133.15,69.40,171.4,133.15,69.41,171.2,30,60.60914756176925
19.024,correct2,132.18,69.27,166.8,132.18,69.27,167.9,30,78.69041539303663
19.048,correct2,131.77,69.22,170.4,131.77,69.22,169.8,30,78.69041539303663
19.072,correct2,130.93,69.11,166.2,130.93,69.11,167.1,30,78.69041539303663
19.096,correct2,130.54,69.01,157.3,130.54,69.01,159.7,30,78.69041539303663
19.120,correct2,129.68,68.86,167.1,129.68,68.86,165.3,30,78.69041539303663
19.144,correct2,129.31,68.86,169.1,129.31,68.86,168.2,30,78.69041539303663
19.168,correct2,128.43,68.93,169.9,128.44,68.93,169.5,30,78.69041539303663
19.194,correct2,128.00,68.90,174.1,128.00,68.90,173.1,30,78.69041539303663
19.220,correct2,127.27,69.02,175.8,127.27,69.02,175.1,30,78.69041539303663
19.244,correct2,126.85,69.04,171.9,126.85,69.04,172.7,30,78.69041539303663
19.268,correct2,126.40,69.06,173.0,126.40,69.06,173.0,30,78.69041539303663
19.292,correct2,125.50,69.19,176.4,125.50,69.19,175.5,30,78.69041539303663
19.316,correct2,125.13,69.26,174.4,125.13,69.26,174.6,30,78.69041539303663
19.340,correct2,124.42,69.51,170.3,124.42,69.50,171.4,30,78.69041539303663
19.364,correct2,123.99,69.66,167.5,123.99,69.66,168.4,30,78.69041539303663
19.388,correct2,123.26,70.01,165.6,123.26,70.01,166.3,30,78.69041539303663
19.411,correct2,122.91,70.22,167.5,122.91,70.21,167.2,30,78.69041539303663
19.435,correct2,122.54,70.41,164.2,122.54,70.41,164.9,30,78.69041539303663
19.459,correct2,121.74,70.86,167.0,121.74,70.86,166.5,30,78.69041539303663
19.483,correct2,121.40,71.06,164.2,121.40,71.06,165.5,30,78.69041539303663
19.507,correct2,120.70,71.32,170.4,120.70,71.32,169.2,30,78.69041539303663
19.532,correct2,120.29,71.42,168.6,120.29,71.42,168.8,30,108.19691616024642
19.556,correct2,119.51,71.63,173.1,119.51,71.63,172.1,30,108.19691616024642
19.580,correct2,119.17,71.78,167.2,119.17,71.78,168.4,30,108.19691616024642
19.604,correct2,118.42,72.00,173.0,118.42,72.00,171.9,30,108.19691616024642
19.628,correct2,118.00,72.11,171.3,118.00,72.11,171.5,30,108.19691616024642
19.652,correct2,117.62,72.17,174.2,117.62,72.17,173.5,30,108.19691616024642
19.676,correct2,116.86,72.22,179.2,116.86,72.22,177.9,30,108.19691616024642
19.700,correct2,115.96,72.22,174.7,115.96,72.22,175.4,30,108.19691616024642
19.724,correct2,115.58,72.13,173.4,115.58,72.13,173.9,30,108.19691616024642
19.748,correct2,115.17,72.03,175.1,115.17,72.03,174.8,30,108.19691616024642
19.772,correct2,114.38,71.86,173.8,114.38,71.86,174.1,30,108.19691616024642
19.796,correct2,114.00,71.80,173.3,114.00,71.80,173.5,30,108.19691616024642
19.820,correct2,113.19,71.63,178.3,113.19,71.63,177.2,30,108.19691616024642
19.843,correct2,112.77,71.59,174.3,112.77,71.59,175.0,30,108.19691616024642
19.867,correct2,111.98,71.29,179.4,111.98,71.30,178.3,30,108.19691616024642
19.891,correct2,111.60,71.21,181.4,111.60,71.21,-179.3,30,108.19691616024642
19.916,correct2,111.18,71.12,177.8,111.18,71.12,178.5,30,108.19691616024642
19.942,correct2,110.37,70.94,177.4,110.37,70.94,177.7,30,108.19691616024642
19.967,correct2,109.97,70.83,174.0,109.97,70.83,174.8,30,108.19691616024642
19.991,correct2,109.13,70.77,169.6,109.13,70.77,170.8,30,108.19691616024642
20.015,correct2,108.71,70.85,172.2,108.71,70.85,171.8,30,108.19691616024642
20.039,correct2,108.29,70.88,172.3,108.29,70.88,172.2,30,137.0675994968842
20.063,correct2,107.50,71.02,166.2,107.50,71.02,167.6,30,137.0675994968842
20.087,correct2,106.79,71.13,170.0,106.79,71.13,169.4,30,137.0675994968842
20.111,correct2,106.41,71.35,167.3,106.41,71.35,167.8,30,137.0675994968842
20.136,correct2,106.09,71.22,160.5,106.08,71.22,162.2,30,137.0675994968842
20.159,correct2,105.40,71.32,161.0,105.40,71.32,161.3,30,137.0675994968842
20.185,correct2,105.06,71.36,157.8,105.06,71.36,158.6,30,137.0675994968842
20.210,correct2,104.44,71.48,163.6,104.44,71.48,161.7,30,137.0675994968842
20.234,correct2,104.13,71.52,163.3,104.13,71.52,163.0,30,137.0675994968842
20.258,correct2,103.51,71.75,164.5,103.51,71.75,164.1,30,137.0675994968842
20.282,correct2,103.20,71.89,166.5,103.20,71.89,166.0,30,137.0675994968842
20.306,correct2,102.64,72.20,170.3,102.64,72.20,169.2,30,137.0675994968842
20.330,correct2,102.32,72.34,165.4,102.32,72.34,166.3,30,137.0675994968842
20.354,correct2,101.72,72.61,172.1,101.73,72.61,170.7,30,137.0675994968842
20.378,correct2,101.48,72.76,169.0,101.48,72.76,169.4,30,137.0675994968842
20.402,correct2,101.23,72.95,171.1,101.23,72.95,170.7,30,137.0675994968842
20.426,correct2,100.60,73.25,171.1,100.60,73.25,171.0,30,137.0675994968842
20.450,correct2,100.33,73.38,175.7,100.33,73.38,174.6,30,137.0675994968842
20.475,correct2,99.72,73.65,175.7,99.72,73.65,175.4,30,137.0675994968842
20.499,correct2,99.39,73.76,177.1,99.39,73.76,176.7,30,137.0675994968842
20.523,correct2,98.81,73.87,179.5,98.81,73.87,178.8,30,137.0675994968842
20.547,correct2,98.49,73.91,178.8,98.49,73.91,178.8,30,156.7320387635836
20.571,correct2,97.87,73.85,177.9,97.87,73.85,178.1,30,156.7320387635836
20.594,correct2,97.57,73.79,178.7,97.57,73.79,178.5,30,156.7320387635836
20.619,correct2,97.23,73.71,178.7,97.23,73.71,178.7,30,156.7320387635836
20.643,correct2,96.59,73.54,182.3,96.59,73.54,-178.6,30,156.7320387635836
20.667,correct2,96.28,73.45,182.7,96.28,73.45,-177.6,30,156.7320387635836
20.691,correct2,95.62,73.28,184.5,95.62,73.28,-176.0,30,156.7320387635836
20.715,correct2,95.27,73.24,184.4,95.27,73.24,-175.7,30,156.7320387635836
20.740,correct2,94.65,73.13,180.8,94.65,73.13,-178.4,30,156.7320387635836
20.763,correct2,94.33,73.09,182.9,94.33,73.09,-177.4,30,156.7320387635836
20.787,correct2,93.69,73.02,180.4,93.69,73.02,-179.1,30,156.7320387635836
20.812,correct2,93.37,73.01,182.4,93.37,73.01,-178.0,30,156.7320387635836
20.836,correct2,93.05,73.00,181.1,93.05,73.00,-178.7,30,156.7320387635836
20.860,correct2,92.42,73.00,179.6,92.42,73.00,180.0,30,156.7320387635836
20.885,correct2,92.08,72.96,182.5,92.08,72.96,-179.1,30,156.7320387635836
20.909,correct2,91.60,72.96,182.8,91.60,72.96,-178.7,30,156.7320387635836
20.932,correct2,91.39,73.00,176.4,91.39,73.00,177.3,30,156.7320387635836
20.958,correct2,90.88,73.06,174.2,90.88,73.06,174.9,30,156.7320387635836
20.982,correct2,90.61,73.12,170.7,90.61,73.12,171.7,30,156.7320387635836
21.006,correct2,89.86,73.28,163.3,89.86,73.28,165.4,30,156.7320387635836
21.030,correct2,89.47,73.41,157.0,89.47,73.41,159.0,30,156.7320387635836
21.054,correct2,89.13,73.55,159.1,89.13,73.55,159.1,30,164.91242887643298
21.078,correct2,88.43,73.87,154.3,88.43,73.87,155.4,30,164.91242887643298
21.102,correct2,88.05,74.05,155.1,88.05,74.05,155.1,30,164.91242887643298
21.126,correct2,87.34,74.42,160.1,87.34,74.42,158.9,30,164.91242887643298
21.150,correct2,87.03,74.62,170.7,87.03,74.62,167.9,30,164.91242887643298
21.175,correct2,86.39,75.09,167.9,86.39,75.09,167.9,30,164.91242887643298
21.202,correct2,86.06,75.36,165.2,86.06,75.36,165.8,30,164.91242887643298
21.228,correct2,85.39,75.79,165.6,85.39,75.79,165.6,30,164.91242887643298
21.252,correct2,85.08,75.97,164.0,85.08,75.97,164.4,30,164.91242887643298
21.275,correct2,84.36,76.37,157.3,84.36,76.37,159.0,30,164.91242887643298
21.299,correct2,84.01,76.57,155.4,84.01,76.57,156.3,30,164.91242887643298
21.323,correct2,83.36,76.87,156.7,83.36,76.87,156.6,30,164.91242887643298
21.347,correct2,83.00,77.03,156.2,83.00,77.03,156.3,30,164.91242887643298
21.372,correct2,82.31,77.28,145.6,82.31,77.28,148.1,30,164.91242887643298
21.396,correct2,81.98,77.38,158.4,81.98,77.38,155.9,30,164.91242887643298
21.420,correct2,81.64,77.49,162.1,81.64,77.50,160.6,30,164.91242887643298
21.444,correct2,80.94,77.65,161.8,80.94,77.65,161.5,30,164.91242887643298
21.468,correct2,80.59,77.71,157.0,80.59,77.71,158.1,30,164.91242887643298
21.492,correct2,79.90,77.88,172.3,79.90,77.88,168.9,30,164.91242887643298
21.516,correct2,79.53,77.92,171.8,79.53,77.92,171.1,30,164.91242887643298
21.540,correct2,78.80,78.06,162.4,78.80,78.06,163.4,30,164.91242887643298
21.564,correct2,78.41,78.06,160.6,78.41,78.06,160.2,30,176.44442055467678
21.589,correct2,78.00,78.05,189.8,78.00,78.05,-178.3,30,176.44442055467678
21.613,correct2,77.28,77.93,159.6,77.28,77.93,163.9,30,176.44442055467678
21.637,correct2,76.97,77.86,141.4,76.97,77.86,146.7,30,176.44442055467678
21.661,correct2,76.21,77.72,145.9,76.21,77.72,146.1,30,176.44442055467678
21.685,correct2,75.83,77.67,146.6,75.83,77.67,146.5,30,176.44442055467678
21.709,correct2,75.17,77.54,143.0,75.17,77.54,143.8,30,176.44442055467678
21.733,correct2,74.79,77.52,142.6,74.79,77.52,142.9,30,176.44442055467678
21.757,correct2,74.07,77.63,144.5,74.07,77.63,144.1,30,176.44442055467678
21.781,correct2,73.77,77.63,143.5,73.77,77.63,143.6,30,176.44442055467678
21.805,correct2,73.24,77.76,146.7,73.24,77.76,146.0,30,176.44442055467678
21.829,correct2,72.95,77.84,145.7,72.95,77.84,145.8,30,176.44442055467678
21.853,correct2,72.52,78.15,144.7,72.52,78.15,145.0,30,176.44442055467678
21.878,correct2,72.30,78.30,144.0,72.30,78.30,144.2,30,176.44442055467678
21.902,correct2,72.15,78.53,145.8,72.15,78.53,145.4,30,176.44442055467678
21.926,correct2,71.88,79.03,142.8,71.88,79.03,143.4,30,176.44442055467678
21.950,correct2,71.74,79.25,143.5,71.73,79.25,143.4,30,176.44442055467678
21.974,correct2,71.52,79.88,140.2,71.52,79.88,140.9,30,176.44442055467678
21.998,correct2,71.49,80.21,141.1,71.49,80.21,141.1,30,176.44442055467678
22.022,correct2,71.45,80.91,142.2,71.45,80.91,141.9,30,176.44442055467678
22.046,correct2,71.44,81.35,138.6,71.44,81.35,139.4,30,176.44442055467678
22.070,correct2,71.41,81.71,138.1,71.41,81.71,138.4,30,182.63058130951188
22.094,correct2,71.39,82.47,139.1,71.39,82.47,139.0,30,182.63058130951188
22.118,correct2,71.33,82.83,143.4,71.33,82.83,142.3,30,182.63058130951188
22.142,correct2,71.17,83.61,142.5,71.17,83.61,142.5,30,182.63058130951188
22.166,correct2,71.06,84.03,138.8,71.06,84.03,139.7,30,182.63058130951188
22.191,correct2,70.88,84.67,141.8,70.88,84.67,141.3,30,182.63058130951188
22.215,correct2,70.76,84.97,136.3,70.76,84.97,137.5,30,182.63058130951188
22.240,correct2,70.46,85.50,135.2,70.46,85.50,135.7,30,182.63058130951188
22.264,correct2,70.32,85.78,140.5,70.32,85.78,139.4,30,182.63058130951188
22.288,correct2,70.17,85.99,142.2,70.17,85.99,141.5,30,182.63058130951188
22.312,correct2,69.71,86.31,144.7,69.71,86.31,144.0,30,182.63058130951188
22.335,correct2,69.45,86.44,138.7,69.45,86.44,138.9,30,182.63058130951188
22.359,correct2,68.92,86.59,122.1,68.92,86.59,125.1,30,182.63058130951188
22.383,correct2,68.52,86.65,136.7,68.52,86.65,132.9,30,182.63058130951188
22.408,correct2,67.92,86.60,138.4,67.92,86.60,136.1,30,182.63058130951188
22.431,correct2,67.54,86.53,134.6,67.54,86.53,133.9,30,182.63058130951188
22.455,correct2,67.09,86.48,134.2,67.09,86.48,133.1,30,182.63058130951188
22.480,correct2,66.33,86.31,134.3,66.33,86.31,133.2,30,182.63058130951188
22.503,correct2,65.92,86.17,135.8,65.92,86.17,135.1,30,182.63058130951188
22.528,correct2,65.11,85.98,129.9,65.11,85.98,131.1,30,182.63058130951188
22.551,correct2,64.73,85.91,126.7,64.73,85.91,127.8,30,182.63058130951188
22.575,correct2,63.98,85.85,126.8,63.98,85.85,127.1,30,188.02007754986715
22.600,correct2,63.61,85.91,123.9,63.61,85.91,124.6,30,188.02007754986715
22.624,correct2,62.99,86.10,124.2,62.99,86.10,124.3,30,188.02007754986715
22.648,correct2,62.76,86.19,118.1,62.76,86.19,119.5,30,188.02007754986715
22.672,correct2,62.48,86.31,118.9,62.48,86.31,119.0,30,188.02007754986715
22.696,correct2,61.98,86.47,122.5,61.98,86.47,121.6,30,188.02007754986715
22.721,correct2,61.86,86.70,119.0,61.86,86.70,119.6,30,188.02007754986715
22.744,correct2,61.59,87.15,120.9,61.59,87.15,120.6,30,188.02007754986715
22.768,correct2,61.50,87.40,119.4,61.50,87.40,119.7,30,188.02007754986715
22.792,correct2,61.47,88.01,118.1,61.47,88.00,118.5,30,188.02007754986715
22.816,correct2,61.47,88.31,116.6,61.47,88.31,117.1,30,188.02007754986715
22.840,correct2,61.60,89.00,112.0,61.60,89.00,113.2,30,188.02007754986715
22.864,correct2,61.69,89.36,111.3,61.69,89.36,111.8,30,188.02007754986715
22.888,correct2,61.81,89.71,111.6,61.80,89.71,111.7,30,188.02007754986715
22.912,correct2,62.02,90.44,109.5,62.02,90.44,110.0,30,188.02007754986715
22.936,correct2,62.22,90.80,109.7,62.22,90.80,109.8,30,188.02007754986715
22.962,correct2,62.53,91.52,109.2,62.53,91.52,109.4,30,188.02007754986715
22.986,settle2,62.70,91.82,111.5,62.70,91.82,111.0,0,0
23.010,settle2,63.03,92.18,110.7,63.03,92.18,110.8,0,0
23.034,settle2,63.14,92.28,105.3,63.14,92.28,106.6,0,0
23.058,settle2,63.28,92.34,106.2,63.28,92.34,106.3,0,0
23.081,settle2,63.48,92.31,104.0,63.48,92.31,103.5,0,0
23.105,settle2,63.61,92.14,105.1,63.61,92.14,103.7,0,0
23.129,settle2,63.67,92.02,104.5,63.67,92.02,103.3,0,0
23.153,settle2,63.71,91.81,105.4,63.71,91.81,103.8,0,0
23.177,settle2,63.66,91.37,106.9,63.66,91.37,105.1,0,0
23.200,settle2,63.59,91.09,106.2,63.59,91.09,104.9,0,0
23.224,settle2,63.44,90.47,106.8,63.44,90.47,105.5,0,0
23.248,settle2,63.32,90.28,110.0,63.32,90.28,108.9,0,0
23.272,settle2,63.01,89.99,108.4,63.01,89.99,108.6,0,0
23.296,settle2,62.87,89.90,108.4,62.87,89.90,108.4,0,0
23.320,settle2,62.69,89.80,112.0,62.69,89.80,111.1,0,0
23.344,settle2,62.30,89.73,111.6,62.30,89.73,111.5,0,0
23.368,settle2,62.09,89.71,115.4,62.09,89.71,114.4,0,0
23.392,settle2,61.64,89.82,111.4,61.64,89.82,112.1,0,0
23.416,settle2,61.40,89.91,109.1,61.40,89.91,109.8,0,0
23.440,settle2,61.21,90.03,105.4,61.21,90.03,106.5,0,0
23.464,settle2,60.78,90.39,101.3,60.78,90.39,102.5,0,0
23.488,settle2,60.61,90.60,100.2,60.61,90.60,100.8,0,0
23.512,settle2,60.27,91.09,112.2,60.27,91.09,109.4,0,0
23.536,settle2,60.14,91.30,96.4,60.14,91.30,99.5,0,0
23.560,settle2,59.93,91.53,105.9,59.93,91.53,104.3,0,0
23.584,settle2,59.85,91.61,102.3,59.85,91.61,102.8,0,0
23.607,settle2,59.80,91.69,95.8,59.80,91.69,96.5,0,0
23.631,settle2,59.78,91.67,96.5,59.78,91.67,95.4,0,0
23.655,settle2,59.87,91.62,95.2,59.87,91.62,94.2,0,0
23.679,settle2,60.05,91.36,91.0,60.05,91.36,90.8,0,0
23.703,settle2,60.19,91.21,85.0,60.18,91.21,85.7,0,0
23.727,settle2,60.40,90.77,86.0,60.40,90.77,85.9,0,0
23.751,settle2,60.56,90.55,85.7,60.56,90.55,85.8,0,0
23.775,settle2,60.94,90.24,78.3,60.94,90.24,80.1,0,0
23.799,settle2,61.13,90.14,75.0,61.13,90.14,76.2,0,0
23.823,settle2,61.44,90.00,71.9,61.44,90.00,73.0,0,0
23.847,settle2,61.60,90.02,72.1,61.60,90.03,72.3,0,0
23.871,settle2,61.69,90.13,70.2,61.69,90.13,70.7,0,0
23.895,settle2,62.02,90.35,65.4,62.02,90.35,66.7,0,0
23.919,settle2,62.14,90.46,63.6,62.14,90.46,64.3,0,0
23.943,settle2,62.36,90.86,61.9,62.36,90.86,62.5,0,0
23.967,settle2,62.48,91.05,63.3,62.48,91.06,63.1,0,0
23.991,settle2,62.70,91.42,62.5,62.70,91.42,62.6,0,0
24.015,settle2,62.81,91.55,73.5,62.81,91.55,70.9,0,0
24.039,settle2,62.90,91.59,67.0,62.90,91.59,67.9,0,0
24.064,settle2,63.12,91.55,71.9,63.12,91.55,71.0,0,0
24.088,settle2,63.20,91.48,70.6,63.20,91.49,70.7,0,0
24.112,settle2,63.35,91.25,64.2,63.35,91.25,65.8,0,0
24.135,settle2,63.37,91.05,71.0,63.37,91.05,69.8,0,0
24.159,settle2,63.41,90.77,68.9,63.41,90.77,69.1,0,0
24.184,settle2,63.42,90.70,70.9,63.42,90.70,70.5,0,0
24.208,settle2,63.40,90.65,66.1,63.40,90.65,67.1,0,0
24.232,settle2,63.34,90.67,77.8,63.34,90.67,75.2,0,0
24.256,settle2,63.29,90.75,73.1,63.29,90.75,73.6,0,0
24.280,settle2,63.15,90.94,77.7,63.15,90.94,76.8,0,0
24.304,settle2,63.06,91.11,76.9,63.06,91.11,76.9,0,0
24.328,settle2,62.86,91.26,74.1,62.86,91.26,74.8,0,0
24.352,settle2,62.77,91.30,75.1,62.77,91.30,74.0,0,0
24.376,settle2,62.60,91.14,70.5,62.60,91.14,70.4,0,0
24.399,settle2,62.52,91.04,69.3,62.52,91.04,69.6,0,0
24.423,settle2,62.43,90.95,67.0,62.43,90.95,67.6,0,0
24.447,settle2,62.27,90.88,66.8,62.27,90.88,67.0,0,0
24.471,settle2,62.18,90.91,70.8,62.18,90.91,69.9,0,0
24.495,settle2,62.04,91.06,68.4,62.04,91.06,68.8,0,0
24.519,settle2,61.98,91.10,69.0,61.98,91.10,69.0,0,0
24.543,settle2,61.87,91.05,67.9,61.87,91.05,68.2,0,0
24.567,settle2,61.88,91.03,66.2,61.88,91.03,66.7,0,0
24.591,settle2,61.82,90.95,67.4,61.82,90.95,67.2,0,0
24.615,settle2,61.82,91.00,66.3,61.82,91.00,66.5,0,0
24.639,settle2,61.82,90.98,66.3,61.82,90.98,66.3,0,0
24.663,settle2,61.81,91.05,66.9,61.81,91.05,66.8,0,0
24.687,settle2,61.87,91.04,67.3,61.87,91.04,67.1,0,0
24.711,settle2,61.94,91.01,66.4,61.94,91.01,66.6,0,0
24.736,settle2,61.99,91.01,67.5,61.99,91.02,67.3,0,0
24.760,settle2,62.06,91.03,63.7,62.06,91.03,64.6,0,0
24.783,settle2,62.08,91.06,66.3,62.08,91.07,65.9,0,0
24.807,settle2,62.17,91.06,63.9,62.17,91.06,64.4,0,0
24.831,settle2,62.29,91.09,63.6,62.29,91.09,63.8,0,0
24.855,settle2,62.33,91.05,65.6,62.33,91.05,65.2,0,0
24.881,settle2,62.50,91.03,63.6,62.50,91.03,64.0,0,0
24.905,settle2,62.59,91.03,67.0,62.59,91.03,66.3,0,0
24.929,settle2,62.74,91.02,63.9,62.74,91.02,64.5,0,0
24.954,settle2,62.83,91.03,60.7,62.83,91.03,61.6,0,0
24.978,settle2,62.91,91.00,61.8,62.91,91.00,61.8,0,0
25.002,correct3,62.95,91.02,60.8,62.96,91.02,61.0,30,193.12778468365542
25.027,correct3,63.00,91.02,60.9,63.00,91.02,60.9,30,193.12778468365542
25.051,correct3,63.01,91.03,63.9,63.01,91.03,63.2,30,193.12778468365542
25.075,correct3,62.97,91.02,62.3,62.97,91.02,62.5,30,193.12778468365542
25.099,correct3,62.93,91.03,60.5,62.93,91.03,60.0,30,193.12778468365542
25.123,correct3,62.89,91.04,60.9,62.89,91.04,59.7,30,193.12778468365542
25.147,correct3,62.78,91.00,59.9,62.78,91.00,59.3,30,193.12778468365542
25.171,correct3,62.73,90.97,61.6,62.73,90.97,61.0,30,193.12778468365542
25.197,correct3,62.62,90.99,59.0,62.63,91.00,59.5,30,193.12778468365542
25.221,correct3,62.55,90.98,55.7,62.55,90.98,56.6,30,193.12778468365542
25.245,correct3,62.48,91.01,58.8,62.48,91.01,58.3,30,193.12778468365542
25.269,correct3,62.43,91.02,56.6,62.43,91.02,57.0,30,193.12778468365542
25.293,correct3,62.42,91.02,56.8,62.42,91.02,56.9,30,193.12778468365542
25.317,correct3,62.41,91.02,55.6,62.41,91.02,55.9,30,193.12778468365542
25.341,correct3,62.43,91.00,55.5,62.43,91.00,55.6,30,193.12778468365542
25.365,correct3,62.50,91.03,53.9,62.50,91.03,54.3,30,193.12778468365542
25.389,correct3,62.53,90.99,55.3,62.53,90.99,55.1,30,193.12778468365542
25.413,correct3,62.62,90.98,49.6,62.62,90.98,50.9,30,193.12778468365542
25.436,correct3,62.66,91.01,54.6,62.66,91.01,53.7,30,193.12778468365542
25.461,correct3,62.75,90.98,53.1,62.75,90.98,53.3,30,193.12778468365542
25.484,correct3,62.82,90.98,51.9,62.82,90.99,52.2,30,193.12778468365542
25.508,correct3,62.89,90.97,53.8,62.89,90.97,53.4,30,193.07822574915753
25.532,correct3,62.94,91.02,53.8,62.94,91.02,53.7,30,193.07822574915753
25.556,correct3,62.98,91.01,52.2,62.98,91.01,52.5,30,193.07822574915753
25.580,correct3,63.01,91.03,51.1,63.02,91.03,51.5,30,193.07822574915753
25.605,correct3,63.02,91.01,51.3,63.02,91.01,50.3,30,193.07822574915753
25.628,correct3,63.01,90.99,54.6,63.01,90.99,52.9,30,193.07822574915753
25.653,correct3,62.99,90.98,52.3,62.99,90.98,52.5,30,193.07822574915753
25.676,correct3,62.99,90.96,49.4,62.99,90.96,50.2,30,193.07822574915753
25.700,correct3,62.97,90.97,48.3,62.98,90.97,48.8,30,193.07822574915753
25.724,correct3,62.91,90.95,48.8,62.91,90.96,48.8,30,193.07822574915753
25.748,correct3,62.89,90.96,50.0,62.89,90.96,49.7,30,193.07822574915753
25.772,correct3,62.86,90.94,48.9,62.86,90.94,49.1,30,193.07822574915753
25.796,correct3,62.83,90.93,50.6,62.83,90.93,50.3,30,193.07822574915753
25.820,correct3,62.80,90.98,53.5,62.80,90.98,52.7,30,193.07822574915753
25.844,correct3,62.78,90.97,48.7,62.78,90.97,49.9,30,193.07822574915753
25.868,correct3,62.77,90.96,49.0,62.77,90.96,49.5,30,193.07822574915753
25.892,correct3,62.78,90.95,54.9,62.78,90.95,53.8,30,193.07822574915753
25.916,correct3,62.80,90.95,50.2,62.80,90.95,51.3,30,193.07822574915753
25.940,correct3,62.80,90.95,51.8,62.80,90.95,51.9,30,193.07822574915753
25.965,correct3,62.82,90.94,51.4,62.82,90.94,51.7,30,193.07822574915753
25.990,correct3,62.84,90.96,53.4,62.84,90.96,53.3,30,193.07822574915753
26.014,correct3,62.86,90.94,53.7,62.86,90.94,53.8,30,201.6018022107533
26.038,correct3,62.89,90.97,50.7,62.89,90.97,51.7,30,201.6018022107533
26.061,correct3,62.90,90.93,52.7,62.90,90.93,52.5,30,201.6018022107533
26.086,correct3,62.92,90.95,49.4,62.92,90.95,50.1,30,201.6018022107533
26.109,correct3,62.92,90.93,48.6,62.92,90.93,49.0,30,201.6018022107533
26.134,correct3,62.94,90.94,47.6,62.94,90.94,47.9,30,201.6018022107533
26.158,correct3,62.94,90.95,47.6,62.94,90.95,47.7,30,201.6018022107533
26.183,correct3,62.93,90.94,47.9,62.93,90.94,47.9,30,201.6018022107533
26.208,correct3,62.93,90.93,46.8,62.93,90.93,47.1,30,201.6018022107533
26.232,correct3,62.91,90.94,49.3,62.91,90.94,48.8,30,201.6018022107533
26.256,correct3,62.89,90.94,49.1,62.89,90.94,49.0,30,201.6018022107533
26.280,correct3,62.88,90.96,52.3,62.88,90.96,51.5,30,201.6018022107533
26.303,correct3,62.87,90.94,50.6,62.87,90.94,50.8,30,201.6018022107533
26.328,correct3,62.86,90.95,52.5,62.86,90.96,52.1,30,201.6018022107533
26.352,correct3,62.86,90.93,50.2,62.86,90.93,50.7,30,201.6018022107533
26.376,correct3,62.83,90.98,52.8,62.83,90.98,51.2,30,201.6018022107533
26.400,correct3,62.83,90.92,43.7,62.83,90.92,45.3,30,201.6018022107533
26.424,correct3,62.80,90.92,43.1,62.80,90.92,43.6,30,201.6018022107533
26.448,correct3,62.78,90.97,40.8,62.78,90.97,41.5,30,201.6018022107533
26.472,correct3,62.78,90.94,37.1,62.78,90.94,38.2,30,201.6018022107533
26.496,correct3,62.79,90.93,42.5,62.79,90.93,41.4,30,201.6018022107533
26.520,correct3,62.80,90.94,39.5,62.80,90.94,39.9,30,201.60486665932797
26.544,correct3,62.81,90.94,39.9,62.81,90.94,39.9,30,201.60486665932797
26.568,correct3,62.80,90.94,38.6,62.80,90.94,38.9,30,201.60486665932797
26.592,correct3,62.79,90.93,39.6,62.79,90.93,39.4,30,201.60486665932797
26.616,correct3,62.83,90.92,39.4,62.83,90.92,39.4,30,201.60486665932797
26.640,correct3,62.81,90.95,44.2,62.81,90.95,43.0,30,201.60486665932797
26.664,correct3,62.82,90.94,39.9,62.82,90.94,40.7,30,201.60486665932797
26.688,correct3,62.82,90.95,40.6,62.82,90.95,40.6,30,201.60486665932797
26.712,correct3,62.82,90.96,45.1,62.82,90.96,44.0,30,201.60486665932797
26.736,correct3,62.81,90.96,39.3,62.82,90.96,40.5,30,201.60486665932797
26.760,correct3,62.79,90.94,39.2,62.79,90.94,39.5,30,201.60486665932797
26.784,correct3,62.80,90.95,39.5,62.80,90.96,39.5,30,201.60486665932797
26.808,correct3,62.80,90.94,39.8,62.80,90.95,39.7,30,201.60486665932797
26.832,correct3,62.81,90.95,39.4,62.81,90.95,39.5,30,201.60486665932797
26.857,correct3,62.81,90.94,39.3,62.81,90.94,39.5,30,201.60486665932797
26.881,correct3,62.80,90.95,39.4,62.81,90.95,39.6,30,201.60486665932797
26.905,correct3,62.82,90.94,38.0,62.82,90.94,38.5,30,201.60486665932797
26.929,correct3,62.82,90.93,39.8,62.82,90.93,39.7,30,201.60486665932797
26.952,correct3,62.81,90.94,38.2,62.81,90.94,38.7,30,201.60486665932797
26.977,correct3,62.82,90.94,39.4,62.82,90.94,39.4,30,201.60486665932797
27.001,correct3,62.80,90.95,39.2,62.80,90.95,39.4,30,201.60486665932797
27.025,correct3,62.82,90.94,44.1,62.82,90.94,43.2,30,208.11977859520556
27.049,correct3,62.80,90.96,39.9,62.80,90.96,40.8,30,208.11977859520556
27.073,correct3,62.82,90.94,39.8,62.82,90.94,40.0,30,208.11977859520556
27.097,correct3,62.81,90.94,38.7,62.81,90.94,39.0,30,208.11977859520556
27.121,correct3,62.81,90.96,39.8,62.81,90.96,39.6,30,208.11977859520556
27.145,correct3,62.79,90.95,38.9,62.79,90.96,39.1,30,208.11977859520556
27.169,correct3,62.82,90.95,39.4,62.82,90.95,39.3,30,208.11977859520556
27.196,correct3,62.80,90.94,39.7,62.80,90.94,39.6,30,208.11977859520556
27.221,correct3,62.82,90.94,31.8,62.82,90.94,33.6,30,208.11977859520556
27.246,correct3,62.78,90.95,41.3,62.78,90.95,39.5,30,208.11977859520556
27.270,correct3,62.81,90.94,43.5,62.81,90.94,42.5,30,208.11977859520556
27.295,correct3,62.78,90.94,39.9,62.78,90.94,40.5,30,208.11977859520556
27.319,correct3,62.80,90.94,38.8,62.80,90.94,39.2,30,208.11977859520556
27.343,correct3,62.74,90.97,37.4,62.74,90.97,37.8,30,208.11977859520556
27.367,correct3,62.73,90.97,36.7,62.73,90.97,37.0,30,208.11977859520556
27.391,correct3,62.73,90.98,38.2,62.73,90.98,37.9,30,208.11977859520556
27.415,correct3,62.68,90.97,37.9,62.68,90.97,37.9,30,208.11977859520556
27.439,correct3,62.69,90.94,39.2,62.69,90.94,38.9,30,208.11977859520556
27.463,correct3,62.66,90.96,38.8,62.66,90.96,38.8,30,208.11977859520556
27.487,correct3,62.64,90.95,37.2,62.64,90.95,37.6,30,208.11977859520556
27.511,correct3,62.67,90.95,38.7,62.68,90.95,38.4,30,208.11977859520556
27.535,correct3,62.63,90.96,35.7,62.63,90.96,36.3,30,208.13424869272052
27.559,correct3,62.65,90.95,37.2,62.65,90.95,37.0,30,208.13424869272052
27.583,correct3,62.67,90.95,38.1,62.67,90.95,37.8,30,208.13424869272052
27.607,correct3,62.66,90.97,36.8,62.66,90.97,37.1,30,208.13424869272052
27.631,correct3,62.66,90.99,37.9,62.66,90.99,36.6,30,208.13424869272052
27.655,correct3,62.66,90.98,37.1,62.66,90.98,36.9,30,208.13424869272052
27.679,correct3,62.67,90.95,38.0,62.67,90.95,37.7,30,208.13424869272052
27.703,correct3,62.65,90.96,35.4,62.66,90.96,36.0,30,208.13424869272052
27.727,correct3,62.64,91.00,34.0,62.64,91.00,34.5,30,208.13424869272052
27.751,correct3,62.64,91.02,34.3,62.64,91.02,34.3,30,208.13424869272052
27.775,correct3,62.62,91.02,33.9,62.62,91.02,34.0,30,208.13424869272052
27.799,correct3,62.61,91.02,34.1,62.61,91.02,34.1,30,208.13424869272052
27.823,correct3,62.60,91.01,33.6,62.60,91.01,33.7,30,208.13424869272052
27.847,correct3,62.59,90.99,32.9,62.59,90.99,33.1,30,208.13424869272052
27.872,correct3,62.57,91.01,35.6,62.57,91.01,35.1,30,208.13424869272052
27.896,correct3,62.57,90.99,34.2,62.57,90.99,34.6,30,208.13424869272052
27.920,correct3,62.51,91.02,33.6,62.52,91.02,34.0,30,208.13424869272052
27.944,correct3,62.53,91.02,33.7,62.53,91.02,33.9,30,208.13424869272052
27.968,correct3,62.49,90.99,31.5,62.49,90.99,32.2,30,208.13424869272052
27.992,correct3,62.50,90.98,32.6,62.50,90.98,32.6,30,208.13424869272052
28.016,correct3,62.53,90.99,31.2,62.53,90.99,31.6,30,208.13424869272052
28.040,correct3,62.56,90.99,31.1,62.56,90.99,31.4,30,213.55864831993094
28.064,correct3,62.63,90.99,32.0,62.63,90.99,32.0,30,213.55864831993094
28.088,correct3,62.68,90.99,30.4,62.68,90.99,30.8,30,213.55864831993094
28.112,correct3,62.72,90.98,29.7,62.72,90.98,30.0,30,213.55864831993094
28.136,correct3,62.78,90.98,30.6,62.78,90.98,30.4,30,213.55864831993094
28.160,correct3,62.79,90.97,29.8,62.79,90.97,30.0,30,213.55864831993094
28.185,correct3,62.88,90.98,28.1,62.88,90.98,28.5,30,213.55864831993094
28.209,correct3,62.91,90.99,27.6,62.91,90.99,27.8,30,213.55864831993094
28.233,correct3,63.00,90.99,30.3,63.00,90.99,29.7,30,213.55864831993094
28.257,correct3,63.04,90.98,29.5,63.04,90.98,29.6,30,213.55864831993094
28.281,correct3,63.12,90.98,30.5,63.12,90.98,30.3,30,213.55864831993094
28.305,correct3,63.17,90.98,31.0,63.17,90.98,30.8,30,213.55864831993094
28.329,correct3,63.22,90.95,30.7,63.22,90.95,30.7,30,213.55864831993094
28.353,correct3,63.27,90.96,28.4,63.27,90.96,29.0,30,213.55864831993094
28.378,correct3,63.32,90.94,25.0,63.32,90.94,25.9,30,213.55864831993094
28.402,correct3,63.38,90.95,30.1,63.38,90.95,29.1,30,213.55864831993094
28.427,correct3,63.40,90.96,32.7,63.40,90.96,31.9,30,213.55864831993094
28.451,correct3,63.48,90.94,35.4,63.48,90.94,34.5,30,213.55864831993094
28.475,correct3,63.49,90.94,34.9,63.49,90.94,34.8,30,213.55864831993094
28.499,correct3,63.58,90.92,36.1,63.58,90.92,35.8,30,213.55864831993094
28.524,correct3,63.62,90.92,35.3,63.62,90.92,35.4,30,213.55864831993094
28.549,correct3,63.64,90.90,30.3,63.64,90.90,31.5,30,213.46204863553947
28.575,correct3,63.66,90.88,33.3,63.66,90.88,32.9,30,213.46204863553947
28.603,correct3,63.68,90.90,32.9,63.68,90.90,32.9,30,213.46204863553947
28.640,correct3,63.71,90.88,31.1,63.71,90.88,31.4,30,213.46204863553947
28.671,correct3,63.71,90.88,30.0,63.71,90.88,30.3,30,213.46204863553947
28.699,correct3,63.80,90.85,29.8,63.80,90.85,29.9,30,213.46204863553947
28.727,correct3,63.85,90.86,30.0,63.85,90.86,30.0,30,213.46204863553947
28.753,correct3,63.87,90.87,30.7,63.87,90.87,30.5,30,213.46204863553947
28.778,correct3,63.95,90.88,27.9,63.95,90.88,28.5,30,213.46204863553947
28.802,correct3,63.97,90.88,29.6,63.97,90.88,29.3,30,213.46204863553947
28.826,correct3,64.00,90.88,27.6,64.00,90.88,28.0,30,213.46204863553947
28.850,correct3,64.04,90.90,28.6,64.04,90.90,28.5,30,213.46204863553947
28.877,correct3,64.05,90.92,28.2,64.05,90.92,28.4,30,213.46204863553947
28.906,correct3,64.14,90.96,29.8,64.14,90.96,29.6,30,213.46204863553947
28.932,correct3,64.16,90.93,36.6,64.17,90.94,35.1,30,213.46204863553947
28.958,correct3,64.22,90.90,29.3,64.22,90.90,30.8,30,213.46204863553947
28.984,correct3,64.22,90.93,27.6,64.22,90.93,28.4,30,213.46204863553947
29.016,correct3,64.23,90.94,27.4,64.23,90.94,27.7,30,213.46204863553947
29.047,correct3,64.22,90.94,29.3,64.23,90.94,29.1,30,213.46204863553947
29.075,correct3,64.23,90.94,29.0,64.23,90.94,29.1,30,218.3151925265396
29.110,correct3,64.25,90.93,27.9,64.25,90.93,26.9,30,218.3151925265396
29.136,correct3,64.26,90.93,27.3,64.26,90.93,26.7,30,218.3151925265396
29.163,correct3,64.25,90.93,27.8,64.25,90.93,27.6,30,218.3151925265396
29.189,correct3,64.26,90.93,26.6,64.27,90.93,26.8,30,218.3151925265396
29.215,correct3,64.22,90.92,26.7,64.23,90.92,26.7,30,218.3151925265396
29.242,correct3,64.25,90.89,28.1,64.25,90.89,27.8,30,218.3151925265396
29.268,correct3,64.31,90.89,26.6,64.31,90.89,26.9,30,218.3151925265396
29.294,correct3,64.28,90.90,23.1,64.28,90.90,24.0,30,218.3151925265396
29.321,correct3,64.30,90.87,22.1,64.30,90.87,22.5,30,218.3151925265396
29.346,correct3,64.31,90.87,26.5,64.31,90.87,25.5,30,218.3151925265396
29.373,correct3,64.33,90.87,24.6,64.33,90.88,24.8,30,218.3151925265396
29.400,correct3,64.32,90.88,25.0,64.32,90.88,25.0,30,218.3151925265396
29.425,correct3,64.35,90.90,25.6,64.36,90.90,25.5,30,218.3151925265396
29.450,correct3,64.40,90.91,26.5,64.40,90.91,26.3,30,218.3151925265396
29.475,correct3,64.49,90.90,23.6,64.49,90.90,24.2,30,218.3151925265396
29.501,correct3,64.51,90.90,23.9,64.51,90.90,24.0,30,218.3151925265396
29.525,correct3,64.60,90.86,26.4,64.60,90.86,25.8,30,218.3151925265396
29.550,correct3,64.67,90.85,24.2,64.67,90.85,24.6,30,218.3151925265396
29.573,correct3,64.71,90.85,23.8,64.71,90.85,24.0,30,218.3151925265396
29.597,correct3,64.76,90.84,21.4,64.76,90.84,22.0,30,218.20726659607382
29.622,correct3,64.82,90.83,23.1,64.82,90.83,22.9,30,218.20726659607382
29.645,correct3,64.88,90.82,23.4,64.88,90.82,23.3,30,218.20726659607382
29.670,correct3,64.88,90.83,20.0,64.88,90.83,20.8,30,218.20726659607382
29.694,correct3,64.98,90.82,19.7,64.98,90.82,19.9,30,218.20726659607382
29.718,correct3,65.07,90.82,18.4,65.07,90.82,18.8,30,218.20726659607382
29.744,correct3,65.13,90.81,20.7,65.13,90.81,20.2,30,218.20726659607382
29.768,correct3,65.27,90.83,24.0,65.27,90.83,23.1,30,218.20726659607382
29.792,correct3,65.32,90.81,23.8,65.32,90.81,23.6,30,218.20726659607382
29.816,correct3,65.47,90.81,23.5,65.47,90.81,23.5,30,218.20726659607382
29.840,correct3,65.56,90.85,20.0,65.56,90.85,20.9,30,218.20726659607382
29.864,correct3,65.77,90.85,28.5,65.77,90.85,26.7,30,218.20726659607382
29.888,correct3,65.84,90.86,24.9,65.84,90.86,25.3,30,218.20726659607382
29.912,correct3,65.91,90.84,24.0,65.91,90.84,24.5,30,218.20726659607382
29.936,correct3,66.08,90.80,24.3,66.08,90.80,24.4,30,218.20726659607382
29.960,correct3,66.17,90.81,24.3,66.17,90.81,24.4,30,218.20726659607382
29.984,correct3,66.36,90.80,24.4,66.36,90.80,24.5,30,218.20726659607382
30.008,correct3,66.42,90.79,21.6,66.42,90.79,22.4,30,218.20726659607382
30.032,correct3,66.58,90.82,19.6,66.58,90.82,20.4,30,218.20726659607382
30.056,correct3,66.68,90.82,22.2,66.68,90.82,21.9,30,218.20726659607382
30.079,correct3,66.77,90.79,21.2,66.77,90.79,21.4,30,218.20726659607382
30.104,correct3,66.84,90.82,24.0,66.84,90.83,23.5,30,222.26531550873688
30.128,correct3,66.93,90.82,27.1,66.93,90.82,26.3,30,222.26531550873688
30.152,correct3,67.01,90.80,20.8,67.01,90.80,22.1,30,222.26531550873688
30.175,correct3,67.09,90.80,22.5,67.09,90.80,22.4,30,222.26531550873688
30.200,correct3,67.09,90.82,22.9,67.09,90.82,22.8,30,222.26531550873688
30.224,correct3,67.16,90.85,22.2,67.17,90.85,22.4,30,222.26531550873688
30.247,correct3,67.18,90.88,32.3,67.18,90.88,29.9,30,222.26531550873688
30.271,correct3,67.19,90.89,27.3,67.19,90.89,27.9,30,222.26531550873688
30.296,correct3,67.17,90.93,23.7,67.17,90.93,24.7,30,222.26531550873688
30.319,correct3,67.21,90.96,23.0,67.21,90.96,23.4,30,222.26531550873688
30.344,correct3,67.01,91.13,27.1,67.01,91.13,26.2,30,222.26531550873688
30.367,correct3,67.02,90.97,27.1,67.02,90.97,26.9,30,222.26531550873688
30.391,correct3,67.05,90.94,21.8,67.05,90.94,22.0,30,222.26531550873688
30.416,correct3,66.93,91.13,26.5,66.93,91.13,25.0,30,222.26531550873688
30.440,correct3,66.93,91.09,22.7,66.93,91.10,23.3,30,222.26531550873688
30.464,correct3,66.97,91.08,23.4,66.97,91.08,23.4,30,222.26531550873688
30.488,correct3,66.95,91.07,21.9,66.95,91.07,22.3,30,222.26531550873688
30.511,correct3,66.97,91.07,20.5,66.97,91.07,21.0,30,222.26531550873688
30.535,correct3,66.95,91.08,20.4,66.95,91.08,20.5,30,222.26531550873688
30.559,correct3,66.95,91.05,19.4,66.95,91.05,19.6,30,222.26531550873688
30.583,correct3,67.02,91.08,26.7,67.03,91.08,25.0,30,222.26531550873688
30.607,correct3,67.09,91.09,26.4,67.09,91.09,26.1,30,222.53912972386917
30.631,correct3,67.16,91.06,18.2,67.16,91.06,20.1,30,222.53912972386917
30.655,correct3,67.19,91.04,19.3,67.19,91.04,19.5,30,222.53912972386917
30.679,correct3,67.22,91.06,18.0,67.22,91.06,18.3,30,222.53912972386917
30.702,correct3,67.43,90.83,17.3,67.43,90.83,17.6,30,222.53912972386917
30.726,correct3,67.52,90.84,17.7,67.52,90.84,17.7,30,222.53912972386917
30.750,correct3,67.64,90.88,18.3,67.64,90.88,18.2,30,222.53912972386917
30.774,correct3,67.78,91.03,17.2,67.78,91.03,17.4,30,222.53912972386917
30.798,correct3,67.89,90.82,20.2,67.89,90.82,19.5,30,222.53912972386917
30.822,correct3,67.95,90.81,18.1,67.95,90.81,18.4,30,222.53912972386917
30.845,correct3,68.15,90.81,16.3,68.15,90.81,16.8,30,222.53912972386917
30.869,correct3,68.31,90.83,16.1,68.31,90.83,16.3,30,222.53912972386917
30.894,correct3,68.50,90.87,19.2,68.50,90.87,18.5,30,222.53912972386917
30.918,correct3,68.56,90.85,15.5,68.56,90.85,16.2,30,222.53912972386917
30.942,correct3,68.66,90.86,16.3,68.66,90.86,16.4,30,222.53912972386917
30.965,correct3,68.91,90.87,13.5,68.91,90.87,14.3,30,222.53912972386917
30.989,correct3,68.91,90.82,16.1,68.92,90.82,15.7,30,222.53912972386917
31.013,correct3,69.15,90.81,18.9,69.15,90.81,18.2,30,222.53912972386917
31.037,correct3,69.27,90.84,17.1,69.27,90.84,17.5,30,222.53912972386917
31.061,correct3,69.45,90.82,19.6,69.45,90.82,19.1,30,222.53912972386917
31.085,correct3,69.57,90.84,21.7,69.58,90.84,21.2,30,222.53912972386917
31.109,correct3,69.69,90.82,25.7,69.69,90.82,24.7,30,225.2280079629863
31.133,correct3,69.89,90.80,24.5,69.89,90.80,24.7,30,225.2280079629863
31.157,correct3,69.95,90.79,5.2,69.95,90.79,10.0,30,225.2280079629863
31.182,correct3,70.09,90.80,17.4,70.09,90.80,15.7,30,225.2280079629863
31.206,correct3,70.27,90.78,18.2,70.27,90.78,17.7,30,225.2280079629863
31.231,correct3,70.53,90.76,17.8,70.53,90.76,17.8,30,225.2280079629863
31.255,correct3,70.62,90.79,20.6,70.62,90.79,20.0,30,225.2280079629863
31.279,correct3,70.77,90.74,18.1,70.78,90.74,18.6,30,225.2280079629863
31.303,correct3,70.96,90.78,18.0,70.96,90.78,18.2,30,225.2280079629863
31.328,correct3,71.06,90.83,18.4,71.06,90.83,18.4,30,225.2280079629863
31.352,correct3,71.20,90.84,9.0,71.20,90.84,11.3,30,225.2280079629863
31.376,correct3,71.32,90.85,17.0,71.32,90.85,15.6,30,225.2280079629863
31.400,correct3,71.49,90.86,16.2,71.49,90.86,16.1,30,225.2280079629863
31.424,correct3,71.56,90.86,17.8,71.56,90.86,17.4,30,225.2280079629863
31.448,correct3,71.75,90.87,20.1,71.75,90.87,19.5,30,225.2280079629863
31.472,correct3,71.82,90.89,21.4,71.82,90.89,21.1,30,225.2280079629863
31.496,correct3,72.02,90.88,14.4,72.02,90.88,16.1,30,225.2280079629863
31.520,correct3,72.28,90.92,18.8,72.28,90.92,18.2,30,225.2280079629863
31.543,correct3,72.41,90.93,24.3,72.41,90.93,22.9,30,225.2280079629863
31.568,correct3,72.78,90.94,16.6,72.78,90.94,18.2,30,225.2280079629863
31.591,correct3,72.98,90.95,15.7,72.98,90.95,16.3,30,225.2280079629863
31.615,correct3,73.32,90.89,15.5,73.32,90.89,15.8,30,231.05255695893356
31.639,correct3,73.53,90.90,17.1,73.53,90.90,16.8,30,231.05255695893356
31.663,correct3,73.65,90.85,16.6,73.65,90.85,16.7,30,231.05255695893356
31.687,correct3,74.01,90.85,17.4,74.01,90.85,17.2,30,231.05255695893356
31.711,correct3,74.25,90.86,17.0,74.25,90.86,17.0,30,231.05255695893356
31.735,correct3,74.59,90.85,16.6,74.59,90.85,16.7,30,231.05255695893356
31.759,correct3,74.72,90.85,14.8,74.72,90.85,15.3,30,231.05255695893356
31.783,correct3,74.99,90.81,15.6,74.99,90.81,14.4,30,231.05255695893356
31.807,correct3,75.11,90.79,14.2,75.11,90.79,13.9,30,231.05255695893356
31.831,correct3,75.43,90.78,14.4,75.43,90.79,14.2,30,231.05255695893356
31.855,correct3,75.62,90.82,10.7,75.62,90.82,11.5,30,231.05255695893356
31.879,correct3,75.77,90.84,12.3,75.77,90.84,12.1,30,231.05255695893356
31.903,correct3,76.16,90.95,13.9,76.16,90.95,13.4,30,231.05255695893356
31.927,correct3,76.30,90.95,11.2,76.30,90.95,11.7,30,231.05255695893356
31.950,correct3,76.51,90.90,9.5,76.51,90.90,10.0,30,231.05255695893356
31.974,correct3,76.65,90.87,13.3,76.65,90.87,12.5,30,231.05255695893356
31.998,correct3,76.96,90.86,21.1,76.96,90.86,19.0,30,231.05255695893356
32.022,correct3,77.12,90.87,11.4,77.12,90.88,13.2,30,231.05255695893356
32.046,correct3,77.28,90.88,11.6,77.28,90.88,12.0,30,231.05255695893356
32.069,correct3,77.62,90.92,9.8,77.62,90.92,10.3,30,231.05255695893356
32.093,correct3,77.83,90.92,20.1,77.83,90.92,17.8,30,231.05255695893356
32.117,correct3,78.21,90.88,16.3,78.21,90.89,16.7,30,230.96805417493928
32.141,correct3,78.44,90.89,15.9,78.44,90.89,16.1,30,230.96805417493928
32.166,correct3,78.84,90.90,13.7,78.84,90.90,14.3,30,230.96805417493928
32.191,correct3,79.02,90.89,17.6,79.02,90.89,16.8,30,230.96805417493928
32.215,correct3,79.42,90.89,11.5,79.42,90.89,12.8,30,230.96805417493928
32.239,correct3,79.59,90.90,15.7,79.59,90.90,15.0,30,230.96805417493928
32.263,correct3,79.82,90.89,9.5,79.82,90.89,10.8,30,230.96805417493928
32.287,correct3,80.25,90.86,7.7,80.25,90.86,8.5,30,230.96805417493928
32.311,correct3,80.53,90.86,6.8,80.53,90.86,7.2,30,230.96805417493928
32.335,correct3,80.97,90.89,12.7,80.97,90.89,11.4,30,230.96805417493928
32.359,correct3,81.20,90.94,9.9,81.20,90.94,10.3,30,230.96805417493928
32.382,correct3,81.57,91.07,9.1,81.57,91.07,9.4,30,230.96805417493928
32.407,correct3,81.81,91.15,6.1,81.81,91.15,7.1,30,230.96805417493928
32.431,correct3,82.35,91.22,8.2,82.35,91.22,7.9,30,230.96805417493928
32.455,correct3,82.64,91.23,9.7,82.64,91.23,9.3,30,230.96805417493928
32.479,correct3,82.93,91.21,10.8,82.93,91.21,10.5,30,230.96805417493928
32.503,correct3,83.46,91.19,11.7,83.46,91.19,11.4,30,230.96805417493928
32.527,correct3,83.73,91.17,13.1,83.73,91.17,12.7,30,230.96805417493928
32.550,correct3,84.31,91.15,14.4,84.31,91.15,14.0,30,230.96805417493928
32.575,correct3,84.59,91.16,10.6,84.59,91.16,11.5,30,230.96805417493928
32.599,correct3,85.09,91.13,14.6,85.09,91.14,13.9,30,230.96805417493928
32.622,correct3,85.34,91.15,10.1,85.34,91.15,11.1,30,233.03550998184983
32.646,correct3,85.62,91.14,20.1,85.62,91.14,18.0,30,233.03550998184983
32.670,correct3,86.08,91.03,13.1,86.08,91.03,14.4,30,233.03550998184983
32.694,correct3,86.32,91.02,9.9,86.32,91.02,11.1,30,233.03550998184983
32.718,correct3,86.83,90.94,8.0,86.83,90.94,8.8,30,233.03550998184983
32.742,correct3,87.00,90.90,7.9,87.00,90.90,8.2,30,233.03550998184983
32.766,correct3,87.38,90.85,15.9,87.38,90.85,14.0,30,233.03550998184983
32.789,correct3,87.59,90.87,11.9,87.59,90.87,12.5,30,233.03550998184983
32.813,correct3,87.83,90.87,12.0,87.83,90.87,12.2,30,233.03550998184983
32.837,correct3,87.94,90.86,10.2,87.94,90.86,10.8,30,233.03550998184983
32.861,correct3,87.97,90.84,356.5,87.98,90.84,-0.0,30,233.03550998184983
32.885,correct3,88.22,90.82,10.9,88.23,90.82,8.2,30,233.03550998184983
32.909,correct3,88.35,90.79,7.1,88.35,90.79,7.4,30,233.03550998184983
32.932,correct3,88.58,90.78,13.5,88.58,90.78,12.1,30,233.03550998184983
32.956,correct3,88.66,90.75,16.1,88.66,90.75,15.1,30,233.03550998184983
32.980,correct3,88.77,90.77,9.8,88.77,90.77,11.1,30,233.03550998184983
33.004,settle3,88.83,90.99,11.3,88.83,90.99,11.3,0,0
33.028,settle3,88.97,90.98,12.0,88.97,90.98,11.9,0,0
33.052,settle3,89.19,90.79,13.2,89.19,90.79,12.9,0,0
33.076,settle3,89.21,90.79,14.6,89.21,90.79,14.2,0,0
33.100,settle3,89.40,90.80,3.5,89.40,90.80,6.1,0,0
33.123,settle3,89.45,90.78,20.0,89.45,90.78,16.6,0,0
33.147,settle3,89.51,90.75,7.1,89.51,90.75,9.4,0,0
33.171,settle3,89.75,90.80,22.4,89.75,90.80,18.2,0,0
33.199,settle3,89.78,90.82,9.4,89.78,90.82,11.1,0,0
33.226,settle3,89.93,90.81,9.8,89.93,90.81,10.1,0,0
33.250,settle3,90.10,90.83,13.2,90.10,90.83,12.5,0,0
33.274,settle3,90.21,90.80,14.9,90.21,90.80,14.3,0,0
33.298,settle3,90.24,90.77,13.4,90.24,90.77,13.6,0,0
33.322,settle3,90.34,90.72,15.4,90.34,90.72,15.0,0,0
33.346,settle3,90.38,90.69,13.0,90.38,90.69,13.5,0,0
33.370,settle3,90.45,90.61,13.8,90.45,90.61,13.7,0,0
33.394,settle3,90.44,90.59,4.0,90.44,90.59,6.3,0,0
33.418,settle3,90.46,90.53,11.0,90.46,90.53,9.9,0,0
33.441,settle3,90.45,90.54,4.2,90.45,90.54,5.6,0,0
33.466,settle3,90.48,90.57,5.3,90.48,90.57,5.4,0,0
33.490,settle3,90.48,90.59,4.2,90.48,90.59,4.5,0,0
33.514,settle3,90.48,90.61,4.2,90.48,90.61,4.2,0,0
33.538,settle3,90.47,90.61,6.4,90.47,90.61,5.9,0,0
33.562,settle3,90.44,90.59,7.1,90.44,90.60,6.8,0,0
33.586,settle3,90.40,90.62,4.9,90.40,90.62,5.3,0,0
33.610,settle3,90.41,90.59,6.6,90.41,90.59,6.3,0,0
33.634,settle3,90.37,90.60,12.7,90.37,90.60,11.1,0,0
33.657,settle3,90.32,90.62,13.0,90.32,90.63,12.6,0,0
33.681,settle3,90.32,90.65,8.9,90.32,90.65,9.8,0,0
33.705,settle3,90.30,90.65,13.0,90.30,90.65,12.2,0,0
33.729,settle3,90.34,90.66,14.0,90.34,90.66,13.6,0,0
33.753,settle3,90.34,90.69,7.0,90.34,90.69,8.6,0,0
33.776,settle3,90.32,90.70,6.2,90.32,90.70,6.8,0,0
33.801,settle3,90.34,90.66,7.6,90.34,90.66,7.4,0,0
33.826,settle3,90.31,90.67,8.1,90.31,90.67,7.9,0,0
33.850,settle3,90.33,90.64,10.3,90.33,90.64,9.7,0,0
33.874,settle3,90.36,90.63,13.3,90.37,90.63,12.4,0,0
33.898,settle3,90.35,90.65,7.3,90.35,90.65,8.5,0,0
33.921,settle3,90.38,90.65,7.2,90.38,90.65,7.5,0,0
33.946,settle3,90.39,90.65,7.1,90.39,90.65,7.2,0,0
33.970,settle3,90.41,90.61,7.1,90.41,90.61,7.1,0,0
33.994,settle3,90.41,90.63,7.9,90.41,90.63,7.7,0,0
34.019,settle3,90.36,90.61,7.2,90.37,90.61,7.3,0,0
34.043,settle3,90.39,90.61,7.2,90.39,90.61,7.2,0,0
34.067,settle3,90.39,90.60,7.4,90.39,90.60,7.3,0,0
34.091,settle3,90.37,90.60,9.5,90.37,90.60,9.0,0,0
34.115,settle3,90.40,90.62,9.5,90.40,90.62,9.4,0,0
34.140,settle3,90.41,90.63,8.3,90.41,90.63,8.6,0,0
34.164,settle3,90.40,90.64,8.3,90.40,90.64,8.4,0,0
34.189,settle3,90.40,90.65,4.6,90.40,90.65,5.5,0,0
34.213,settle3,90.38,90.65,5.6,90.38,90.65,5.6,0,0
34.237,settle3,90.37,90.63,9.3,90.37,90.63,8.4,0,0
34.260,settle3,90.37,90.64,6.5,90.38,90.64,6.9,0,0
34.284,settle3,90.37,90.64,6.6,90.37,90.64,6.7,0,0
34.308,settle3,90.39,90.64,6.3,90.39,90.64,6.4,0,0
34.332,settle3,90.40,90.63,8.2,90.40,90.63,7.7,0,0
34.356,settle3,90.40,90.64,9.8,90.40,90.64,9.3,0,0
34.380,settle3,90.40,90.64,8.2,90.40,90.64,8.5,0,0
34.404,settle3,90.41,90.63,9.6,90.41,90.63,9.3,0,0
34.428,settle3,90.40,90.62,9.2,90.40,90.62,9.2,0,0
34.452,settle3,90.37,90.62,8.0,90.37,90.62,8.3,0,0
34.476,settle3,90.38,90.60,10.6,90.38,90.60,10.1,0,0
34.500,settle3,90.38,90.62,9.8,90.38,90.62,9.9,0,0
34.524,settle3,90.36,90.63,11.8,90.36,90.63,11.4,0,0
34.549,settle3,90.40,90.61,12.1,90.40,90.62,10.9,0,0
34.573,settle3,90.38,90.60,10.2,90.38,90.60,10.4,0,0
34.596,settle3,90.37,90.63,11.5,90.37,90.63,11.2,0,0
34.620,settle3,90.39,90.61,11.3,90.39,90.61,11.3,0,0
34.644,settle3,90.41,90.60,9.9,90.41,90.60,10.2,0,0
34.668,settle3,90.37,90.59,9.5,90.37,90.59,9.6,0,0
34.692,settle3,90.37,90.58,8.5,90.37,90.58,8.8,0,0
34.715,settle3,90.39,90.56,0.9,90.39,90.56,2.8,0,0
34.739,settle3,90.40,90.57,9.7,90.40,90.57,8.0,0,0
34.763,settle3,90.41,90.58,359.3,90.41,90.58,1.4,0,0
34.787,settle3,90.43,90.57,0.9,90.43,90.57,1.0,0,0
34.811,settle3,90.44,90.56,354.2,90.44,90.56,-4.1,0,0
34.835,settle3,90.42,90.55,353.2,90.42,90.55,-6.1,0,0
34.859,settle3,90.41,90.54,0.9,90.41,90.54,-0.8,0,0
34.883,settle3,90.41,90.56,0.5,90.41,90.56,0.2,0,0
34.907,settle3,90.43,90.57,0.8,90.43,90.57,0.7,0,0
34.932,settle3,90.42,90.56,0.0,90.42,90.56,0.2,0,0
34.956,settle3,90.41,90.55,2.6,90.41,90.55,2.0,0,0
34.980,settle3,90.40,90.57,8.3,90.40,90.57,6.8,0,0
35.004,settle3,90.39,90.55,3.7,90.39,90.55,4.4,0,0
35.028,correct4,90.39,90.56,0.5,90.39,90.56,1.4,30,234.58044774860804
35.052,correct4,90.39,90.56,9.6,90.39,90.56,7.7,30,234.58044774860804
35.076,correct4,90.38,90.56,0.5,90.39,90.56,2.3,30,234.58044774860804
35.100,correct4,90.39,90.56,6.8,90.39,90.56,5.7,30,234.58044774860804
35.124,correct4,90.39,90.57,8.1,90.40,90.57,7.6,30,234.58044774860804
35.149,correct4,90.38,90.58,7.1,90.38,90.58,7.2,30,234.58044774860804
35.173,correct4,90.41,90.57,358.5,90.41,90.57,0.3,30,234.58044774860804
35.200,correct4,90.40,90.55,8.1,90.40,90.55,6.3,30,234.58044774860804
35.225,correct4,90.40,90.58,8.2,90.40,90.58,7.8,30,234.58044774860804
35.249,correct4,90.38,90.57,8.2,90.38,90.57,8.1,30,234.58044774860804
35.273,correct4,90.42,90.56,6.6,90.42,90.56,7.0,30,234.58044774860804
35.297,correct4,90.46,90.57,0.5,90.46,90.57,2.1,30,234.58044774860804
35.321,correct4,90.47,90.57,7.4,90.47,90.57,6.1,30,234.58044774860804
35.345,correct4,90.40,90.57,6.3,90.40,90.57,6.2,30,234.58044774860804
35.370,correct4,90.40,90.57,0.9,90.40,90.57,2.2,30,234.58044774860804
35.394,correct4,90.41,90.56,1.2,90.41,90.56,1.4,30,234.58044774860804
35.418,correct4,90.42,90.56,7.3,90.42,90.56,5.9,30,234.58044774860804
35.441,correct4,90.41,90.57,2.4,90.41,90.57,3.3,30,234.58044774860804
35.465,correct4,90.39,90.56,1.7,90.40,90.56,2.1,30,234.58044774860804
35.489,correct4,90.39,90.56,1.2,90.39,90.56,1.4,30,234.58044774860804
35.513,correct4,90.40,90.55,353.1,90.40,90.55,-4.9,30,234.58044774860804
35.538,correct4,90.40,90.56,2.2,90.40,90.56,0.5,30,234.5810670248972
35.562,correct4,90.41,90.57,0.2,90.41,90.57,0.3,30,234.5810670248972
35.586,correct4,90.44,90.57,1.1,90.44,90.57,0.9,30,234.5810670248972
35.610,correct4,90.41,90.57,6.7,90.41,90.57,5.3,30,234.5810670248972
35.635,correct4,90.41,90.54,8.4,90.41,90.54,7.6,30,234.5810670248972
35.659,correct4,90.38,90.56,8.6,90.38,90.56,8.3,30,234.5810670248972
35.684,correct4,90.40,90.58,1.7,90.40,90.58,3.3,30,234.5810670248972
35.708,correct4,90.39,90.57,2.2,90.39,90.57,2.5,30,234.5810670248972
35.732,correct4,90.40,90.55,1.4,90.40,90.55,1.7,30,234.5810670248972
35.756,correct4,90.39,90.56,10.4,90.39,90.56,8.3,30,234.5810670248972
35.780,correct4,90.39,90.56,7.9,90.40,90.56,8.0,30,234.5810670248972
35.805,correct4,90.40,90.55,2.4,90.40,90.55,3.3,30,234.5810670248972
35.829,correct4,90.39,90.57,2.5,90.39,90.57,2.7,30,234.5810670248972
35.853,correct4,90.42,90.55,1.9,90.42,90.55,2.1,30,234.5810670248972
35.877,correct4,90.40,90.58,7.0,90.40,90.58,5.8,30,234.5810670248972
35.901,correct4,90.40,90.55,6.9,90.40,90.55,6.7,30,234.5810670248972
35.925,correct4,90.41,90.57,9.3,90.41,90.57,8.7,30,234.5810670248972
35.949,correct4,90.38,90.56,1.3,90.38,90.56,3.1,30,234.5810670248972
35.973,correct4,90.40,90.55,8.3,90.40,90.55,7.0,30,234.5810670248972
35.997,correct4,90.41,90.56,7.5,90.41,90.56,7.4,30,234.5810670248972
36.021,correct4,90.41,90.55,0.1,90.41,90.55,1.9,30,234.5810670248972
36.045,correct4,90.40,90.56,2.3,90.40,90.56,2.2,30,235.14978750861343
36.069,correct4,90.41,90.58,0.9,90.41,90.58,1.2,30,235.14978750861343
36.093,correct4,90.39,90.58,1.0,90.39,90.58,1.1,30,235.14978750861343
36.117,correct4,90.41,90.55,352.8,90.41,90.55,-5.3,30,235.14978750861343
36.141,correct4,90.42,90.57,3.5,90.42,90.57,1.3,30,235.14978750861343
36.165,correct4,90.40,90.57,1.2,90.40,90.57,1.2,30,235.14978750861343
36.190,correct4,90.40,90.54,0.8,90.40,90.54,0.9,30,235.14978750861343
36.214,correct4,90.38,90.55,352.4,90.38,90.55,-5.6,30,235.14978750861343
36.239,correct4,90.41,90.56,10.1,90.41,90.56,6.3,30,235.14978750861343
36.263,correct4,90.39,90.56,7.3,90.39,90.56,7.1,30,235.14978750861343
36.287,correct4,90.39,90.56,7.9,90.39,90.56,7.7,30,235.14978750861343
36.311,correct4,90.37,90.57,9.0,90.37,90.57,8.7,30,235.14978750861343
36.335,correct4,90.39,90.57,358.2,90.39,90.57,0.8,30,235.14978750861343
36.359,correct4,90.39,90.56,0.4,90.39,90.56,0.4,30,235.14978750861343
36.384,correct4,90.40,90.59,3.4,90.40,90.59,2.7,30,235.14978750861343
36.408,correct4,90.41,90.56,9.4,90.41,90.56,7.8,30,235.14978750861343
36.432,correct4,90.39,90.57,359.2,90.39,90.57,1.2,30,235.14978750861343
36.456,correct4,90.41,90.57,7.7,90.41,90.57,6.1,30,235.14978750861343
36.480,correct4,90.41,90.55,0.1,90.41,90.55,1.6,30,235.14978750861343
36.504,correct4,90.41,90.57,358.9,90.41,90.57,-0.4,30,235.14978750861343
36.528,correct4,90.38,90.55,5.2,90.38,90.55,3.9,30,235.14978750861343
36.552,correct4,90.42,90.58,2.3,90.42,90.58,1.6,30,235.51572972889832
36.576,correct4,90.45,90.55,8.1,90.45,90.55,6.1,30,235.51572972889832
36.600,correct4,90.42,90.59,357.5,90.43,90.59,-0.4,30,235.51572972889832
36.624,correct4,90.34,90.59,1.6,90.34,90.59,1.1,30,235.51572972889832
36.648,correct4,90.37,90.57,0.5,90.37,90.57,0.6,30,235.51572972889832
36.673,correct4,90.29,90.59,359.1,90.29,90.59,-0.5,30,235.51572972889832
36.697,correct4,90.32,90.59,359.7,90.32,90.59,-0.4,30,235.51572972889832
36.721,correct4,90.34,90.60,359.7,90.34,90.60,-0.3,30,235.51572972889832
36.745,correct4,90.34,90.60,359.6,90.35,90.60,-0.4,30,235.51572972889832
36.769,correct4,90.34,90.63,356.5,90.34,90.63,-2.8,30,235.51572972889832
36.794,correct4,90.34,90.60,0.6,90.34,90.60,-0.2,30,235.51572972889832
36.818,correct4,90.35,90.60,1.3,90.35,90.60,0.9,30,235.51572972889832
36.842,correct4,90.33,90.57,0.2,90.33,90.57,0.4,30,235.51572972889832
36.866,correct4,90.34,90.60,1.9,90.34,90.60,1.6,30,235.51572972889832
36.889,correct4,90.37,90.56,358.9,90.37,90.56,-0.5,30,235.51572972889832
36.913,correct4,90.34,90.58,1.0,90.34,90.58,0.6,30,235.51572972889832
36.938,correct4,90.36,90.57,356.3,90.36,90.57,-2.7,30,235.51572972889832
36.961,correct4,90.35,90.59,1.3,90.35,90.59,0.3,30,235.51572972889832
36.985,correct4,90.33,90.60,356.3,90.33,90.60,-2.7,30,235.51572972889832
37.009,correct4,90.33,90.60,2.4,90.33,90.60,1.2,30,235.51572972889832
37.034,correct4,90.32,90.58,0.3,90.32,90.58,0.5,30,235.51572972889832
37.059,correct4,90.35,90.57,0.6,90.35,90.57,0.6,30,235.00849182608368
37.083,correct4,90.33,90.59,1.9,90.33,90.59,1.6,30,235.00849182608368
37.107,correct4,90.34,90.59,0.6,90.34,90.59,0.8,30,235.00849182608368
37.131,correct4,90.35,90.58,1.6,90.35,90.58,1.4,30,235.00849182608368
37.155,correct4,90.32,90.59,1.6,90.33,90.59,1.5,30,235.00849182608368
37.179,correct4,90.36,90.58,356.8,90.36,90.58,-2.1,30,235.00849182608368
37.207,correct4,90.33,90.57,2.1,90.34,90.57,1.2,30,235.00849182608368
37.230,correct4,90.34,90.58,2.9,90.34,90.58,2.5,30,235.00849182608368
37.254,correct4,90.34,90.59,0.5,90.34,90.59,1.0,30,235.00849182608368
37.279,correct4,90.34,90.59,1.6,90.34,90.59,1.4,30,235.00849182608368
37.303,correct4,90.33,90.59,0.8,90.33,90.59,0.9,30,235.00849182608368
37.327,correct4,90.33,90.59,1.4,90.34,90.59,1.3,30,235.00849182608368
37.352,correct4,90.33,90.59,0.9,90.33,90.59,1.0,30,235.00849182608368
37.376,correct4,90.33,90.60,2.0,90.33,90.60,1.7,30,235.00849182608368
37.402,correct4,90.34,90.60,1.9,90.34,90.60,1.8,30,235.00849182608368
37.426,correct4,90.35,90.57,2.0,90.35,90.57,1.9,30,235.00849182608368
37.450,correct4,90.36,90.58,0.7,90.36,90.58,1.0,30,235.00849182608368
37.474,correct4,90.33,90.58,1.7,90.33,90.58,1.5,30,235.00849182608368
37.498,correct4,90.33,90.59,2.3,90.33,90.59,2.1,30,235.00849182608368
37.522,correct4,90.34,90.60,3.3,90.34,90.60,3.1,30,235.00849182608368
37.546,correct4,90.32,90.59,2.7,90.32,90.59,2.8,30,235.00849182608368
37.569,correct4,90.31,90.60,1.7,90.31,90.60,1.9,30,235.0403409973439
37.594,correct4,90.33,90.59,2.1,90.33,90.59,2.1,30,235.0403409973439
37.618,correct4,90.33,90.59,0.8,90.33,90.59,1.1,30,235.0403409973439
37.642,correct4,90.36,90.58,1.5,90.36,90.58,1.4,30,235.0403409973439
37.666,correct4,90.35,90.58,1.7,90.35,90.58,1.6,30,235.0403409973439
37.690,correct4,90.35,90.59,2.3,90.35,90.59,2.2,30,235.0403409973439
37.714,correct4,90.33,90.58,0.1,90.33,90.58,0.6,30,235.0403409973439
37.738,correct4,90.31,90.59,0.6,90.31,90.59,0.6,30,235.0403409973439
37.762,correct4,90.33,90.60,1.6,90.33,90.60,1.3,30,235.0403409973439
37.786,correct4,90.33,90.61,1.9,90.33,90.61,1.8,30,235.0403409973439
37.810,correct4,90.34,90.58,2.1,90.34,90.58,2.0,30,235.0403409973439
37.834,correct4,90.36,90.60,0.8,90.36,90.60,1.1,30,235.0403409973439
37.858,correct4,90.33,90.60,0.4,90.33,90.60,0.5,30,235.0403409973439
37.882,correct4,90.37,90.58,1.5,90.37,90.58,1.3,30,235.0403409973439
37.906,correct4,90.35,90.60,1.9,90.35,90.60,1.8,30,235.0403409973439
37.930,correct4,90.38,90.60,1.0,90.38,90.60,1.2,30,235.0403409973439
37.955,correct4,90.42,90.55,0.1,90.42,90.55,-0.1,30,235.0403409973439
37.979,correct4,90.40,90.55,1.3,90.41,90.55,0.9,30,235.0403409973439
38.003,correct4,90.46,90.53,1.8,90.46,90.53,1.6,30,235.0403409973439
38.027,correct4,90.40,90.53,1.4,90.40,90.53,1.4,30,235.0403409973439
38.051,correct4,90.44,90.52,2.3,90.44,90.52,2.1,30,235.0403409973439
38.074,correct4,90.40,90.53,2.9,90.40,90.53,2.7,30,234.88479917446801
38.098,correct4,90.40,90.52,1.6,90.40,90.52,1.8,30,234.88479917446801
38.122,correct4,90.40,90.55,0.3,90.40,90.55,0.7,30,234.88479917446801
38.147,correct4,90.41,90.57,1.5,90.41,90.57,1.3,30,234.88479917446801
38.171,correct4,90.39,90.58,358.9,90.40,90.58,-0.5,30,234.88479917446801
38.196,correct4,90.39,90.59,1.5,90.39,90.59,1.0,30,234.88479917446801
38.220,correct4,90.39,90.56,0.7,90.39,90.56,0.8,30,234.88479917446801
38.245,correct4,90.40,90.55,0.9,90.40,90.55,0.8,30,234.88479917446801
38.268,correct4,90.40,90.57,1.9,90.40,90.57,1.7,30,234.88479917446801
38.293,correct4,90.40,90.53,1.3,90.40,90.53,1.4,30,234.88479917446801
38.317,correct4,90.43,90.53,1.4,90.43,90.53,1.4,30,234.88479917446801
38.341,correct4,90.42,90.54,1.2,90.42,90.54,1.2,30,234.88479917446801
38.365,correct4,90.41,90.55,0.6,90.41,90.55,0.7,30,234.88479917446801
38.389,correct4,90.43,90.54,2.0,90.43,90.54,1.7,30,234.88479917446801
38.413,correct4,90.46,90.54,1.3,90.46,90.54,1.4,30,234.88479917446801
38.437,correct4,90.42,90.55,2.2,90.43,90.55,2.0,30,234.88479917446801
38.461,correct4,90.38,90.55,1.1,90.38,90.55,1.3,30,234.88479917446801
38.485,correct4,90.40,90.57,343.5,90.40,90.57,-12.2,30,234.88479917446801
38.509,correct4,90.42,90.56,0.4,90.42,90.56,-2.7,30,234.88479917446801
38.533,correct4,90.42,90.52,343.1,90.42,90.52,-13.5,30,234.88479917446801
38.557,correct4,90.44,90.54,0.5,90.45,90.53,-3.0,30,234.88479917446801
38.581,correct4,90.44,90.53,358.7,90.45,90.53,-1.7,30,233.971327464874
38.605,correct4,90.42,90.51,0.6,90.42,90.51,0.1,30,233.971327464874
38.630,correct4,90.47,90.51,358.3,90.48,90.51,-1.3,30,233.971327464874
38.653,correct4,90.46,90.52,341.8,90.46,90.52,-14.2,30,233.971327464874
38.677,correct4,90.44,90.52,343.2,90.44,90.52,-16.3,30,233.971327464874
38.702,correct4,90.48,90.52,0.4,90.48,90.52,-3.7,30,233.971327464874
38.726,correct4,90.42,90.55,359.7,90.42,90.55,-1.1,30,233.971327464874
38.750,correct4,90.40,90.56,358.7,90.41,90.56,-1.3,30,233.971327464874
38.775,correct4,90.35,90.55,358.8,90.35,90.55,-1.2,30,233.971327464874
38.799,correct4,90.38,90.53,358.8,90.38,90.53,-1.2,30,233.971327464874
38.823,correct4,90.37,90.55,358.8,90.37,90.55,-1.2,30,233.971327464874
38.846,correct4,90.33,90.58,359.1,90.33,90.58,-1.0,30,233.971327464874
38.870,correct4,90.35,90.57,357.1,90.35,90.57,-2.4,30,233.971327464874
38.894,correct4,90.38,90.59,340.6,90.38,90.59,-15.3,30,233.971327464874
38.918,correct4,90.37,90.60,358.8,90.37,90.60,-4.7,30,233.971327464874
38.942,correct4,90.34,90.57,359.2,90.34,90.57,-1.7,30,233.971327464874
38.966,correct4,90.32,90.57,0.1,90.32,90.57,-0.3,30,233.971327464874
38.990,correct4,90.34,90.56,357.4,90.34,90.56,-2.0,30,233.971327464874
39.014,correct4,90.32,90.56,343.2,90.32,90.56,-13.3,30,233.971327464874
39.038,correct4,90.30,90.60,357.5,90.30,90.60,-5.2,30,233.971327464874
39.063,correct4,90.30,90.59,358.3,90.30,90.59,-2.6,30,233.971327464874
39.087,correct4,90.31,90.62,358.2,90.31,90.62,-2.0,30,232.08344956593515
39.111,correct4,90.30,90.63,358.8,90.30,90.63,-1.4,30,232.08344956593515
39.135,correct4,90.31,90.63,357.6,90.31,90.63,-2.2,30,232.08344956593515
39.159,correct4,90.30,90.63,351.8,90.31,90.63,-6.8,30,232.08344956593515
39.183,correct4,90.32,90.60,357.9,90.32,90.60,-3.3,30,232.08344956593515
39.206,correct4,90.29,90.62,358.1,90.30,90.62,-2.7,30,232.08344956593515
39.230,correct4,90.30,90.63,358.6,90.30,90.63,-1.7,30,232.08344956593515
39.254,correct4,90.29,90.64,357.3,90.29,90.64,-2.5,30,232.08344956593515
39.278,correct4,90.31,90.61,357.0,90.31,90.61,-2.9,30,232.08344956593515
39.303,correct4,90.31,90.64,358.2,90.31,90.64,-2.1,30,232.08344956593515
39.327,correct4,90.30,90.64,351.7,90.30,90.64,-6.8,30,232.08344956593515
39.351,correct4,90.32,90.63,358.6,90.32,90.63,-2.7,30,232.08344956593515
39.375,correct4,90.29,90.65,357.7,90.29,90.65,-2.4,30,232.08344956593515
39.399,correct4,90.27,90.65,351.0,90.27,90.65,-7.4,30,232.08344956593515
39.423,correct4,90.28,90.65,358.1,90.28,90.65,-3.3,30,232.08344956593515
39.447,correct4,90.27,90.65,359.3,90.27,90.65,-1.3,30,232.08344956593515
39.471,correct4,90.27,90.65,357.3,90.27,90.65,-2.4,30,232.08344956593515
39.495,correct4,90.26,90.65,358.4,90.26,90.65,-1.8,30,232.08344956593515
39.519,correct4,90.26,90.66,358.2,90.26,90.66,-1.8,30,232.08344956593515
39.543,correct4,90.27,90.65,357.7,90.27,90.65,-2.2,30,232.08344956593515
39.567,correct4,90.27,90.66,358.4,90.28,90.66,-1.8,30,232.08344956593515
39.591,correct4,90.28,90.65,358.3,90.28,90.65,-1.7,30,230.6542330055498
39.615,correct4,90.26,90.64,358.8,90.26,90.64,-1.3,30,230.6542330055498
39.639,correct4,90.29,90.64,351.8,90.29,90.64,-6.5,30,230.6542330055498
39.663,correct4,90.25,90.66,358.5,90.25,90.66,-2.7,30,230.6542330055498
39.687,correct4,90.26,90.67,359.0,90.26,90.67,-1.4,30,230.6542330055498
39.711,correct4,90.27,90.65,358.0,90.27,90.65,-1.9,30,230.6542330055498
39.736,correct4,90.27,90.64,359.7,90.27,90.64,-0.7,30,230.6542330055498
39.760,correct4,90.27,90.65,351.8,90.27,90.65,-6.4,30,230.6542330055498
39.784,correct4,90.26,90.64,358.8,90.26,90.64,-2.5,30,230.6542330055498
39.808,correct4,90.29,90.66,358.0,90.29,90.66,-2.1,30,230.6542330055498
39.832,correct4,90.27,90.66,352.8,90.27,90.66,-6.0,30,230.6542330055498
39.856,correct4,90.29,90.64,358.6,90.29,90.64,-2.5,30,230.6542330055498
39.880,correct4,90.27,90.65,352.2,90.27,90.65,-6.5,30,230.6542330055498
39.904,correct4,90.28,90.66,357.5,90.28,90.66,-3.5,30,230.6542330055498
39.928,correct4,90.29,90.65,357.7,90.29,90.65,-2.6,30,230.6542330055498
39.952,correct4,90.27,90.64,350.7,90.28,90.64,-7.7,30,230.6542330055498
39.976,correct4,90.29,90.63,357.3,90.29,90.63,-4.0,30,230.6542330055498
40.001,correct4,90.30,90.62,352.4,90.30,90.62,-6.7,30,230.6542330055498
40.025,correct4,90.33,90.62,0.0,90.34,90.62,-1.6,30,230.6542330055498
40.049,correct4,90.34,90.63,357.1,90.34,90.63,-2.6,30,230.6542330055498
40.073,correct4,90.38,90.60,350.7,90.38,90.60,-7.7,30,230.6542330055498
40.097,correct4,90.40,90.59,357.5,90.40,90.59,-3.8,30,228.68122489267913
40.121,correct4,90.41,90.57,356.8,90.41,90.57,-3.4,30,228.68122489267913
40.145,correct4,90.41,90.54,349.1,90.41,90.54,-9.1,30,228.68122489267913
40.170,correct4,90.43,90.53,353.1,90.44,90.53,-7.5,30,228.68122489267913
40.194,correct4,90.42,90.54,352.8,90.42,90.54,-7.3,30,228.68122489267913
40.218,correct4,90.42,90.53,352.0,90.42,90.53,-7.9,30,228.68122489267913
40.242,correct4,90.42,90.51,347.9,90.42,90.51,-11.1,30,228.68122489267913
40.266,correct4,90.42,90.52,351.6,90.42,90.52,-9.1,30,228.68122489267913
40.290,correct4,90.43,90.51,352.8,90.43,90.51,-7.7,30,228.68122489267913
40.314,correct4,90.45,90.51,353.8,90.46,90.51,-6.6,30,228.68122489267913
40.338,correct4,90.38,90.53,356.9,90.38,90.53,-4.0,30,228.68122489267913
40.362,correct4,90.42,90.52,357.8,90.42,90.52,-2.7,30,228.68122489267913
40.386,correct4,90.41,90.52,355.6,90.42,90.52,-4.0,30,228.68122489267913
40.410,correct4,90.40,90.54,352.2,90.40,90.54,-6.9,30,228.68122489267913
40.434,correct4,90.41,90.52,350.3,90.41,90.52,-9.1,30,228.68122489267913
40.459,correct4,90.38,90.54,348.3,90.38,90.54,-11.1,30,228.68122489267913
40.483,correct4,90.37,90.55,351.9,90.37,90.55,-8.9,30,228.68122489267913
40.507,correct4,90.41,90.53,353.3,90.41,90.53,-7.3,30,228.68122489267913
40.531,correct4,90.44,90.54,348.7,90.44,90.54,-10.4,30,228.68122489267913
40.555,correct4,90.45,90.51,352.1,90.45,90.51,-8.6,30,228.68122489267913
40.579,correct4,90.46,90.51,352.9,90.46,90.51,-7.5,30,228.68122489267913
40.603,correct4,90.42,90.50,352.6,90.42,90.50,-7.5,30,225.38229615823968
40.627,correct4,90.43,90.51,351.9,90.44,90.51,-8.0,30,225.38229615823968
40.651,correct4,90.44,90.52,351.9,90.45,90.51,-8.1,30,225.38229615823968
40.675,correct4,90.46,90.53,350.8,90.46,90.53,-9.0,30,225.38229615823968
40.699,correct4,90.47,90.54,351.1,90.47,90.54,-8.9,30,225.38229615823968
40.723,correct4,90.43,90.57,351.5,90.43,90.57,-8.6,30,225.38229615823968
40.747,correct4,90.49,90.54,350.0,90.49,90.54,-9.7,30,225.38229615823968
40.771,correct4,90.48,90.55,352.3,90.48,90.55,-8.1,30,225.38229615823968
40.795,correct4,90.45,90.56,352.7,90.45,90.56,-7.5,30,225.38229615823968
40.819,correct4,90.45,90.53,353.3,90.46,90.53,-6.9,30,225.38229615823968
40.843,correct4,90.43,90.56,351.4,90.43,90.56,-8.2,30,225.38229615823968
40.868,correct4,90.44,90.55,350.4,90.44,90.55,-9.3,30,225.38229615823968
40.892,correct4,90.44,90.54,352.0,90.44,90.54,-8.3,30,225.38229615823968
40.915,correct4,90.43,90.54,351.7,90.43,90.54,-8.3,30,225.38229615823968
40.940,correct4,90.46,90.55,351.0,90.46,90.55,-8.8,30,225.38229615823968
40.964,correct4,90.50,90.54,350.3,90.50,90.54,-9.5,30,225.38229615823968
40.987,correct4,90.45,90.53,350.8,90.45,90.53,-9.3,30,225.38229615823968
41.011,correct4,90.48,90.53,351.3,90.48,90.53,-8.8,30,225.38229615823968
41.034,correct4,90.44,90.53,351.4,90.44,90.53,-8.7,30,225.38229615823968
41.059,correct4,90.45,90.52,351.0,90.45,90.52,-9.0,30,225.38229615823968
41.082,correct4,90.45,90.52,352.1,90.45,90.52,-8.2,30,225.38229615823968
41.106,correct4,90.46,90.53,351.7,90.46,90.52,-8.3,30,225.41753431705874
41.131,correct4,90.45,90.53,351.7,90.45,90.53,-8.3,30,225.41753431705874
41.155,correct4,90.46,90.54,351.0,90.46,90.54,-8.8,30,225.41753431705874
41.179,correct4,90.46,90.53,350.6,90.46,90.53,-9.5,30,225.41753431705874
41.205,correct4,90.49,90.53,351.5,90.49,90.53,-8.7,30,225.41753431705874
41.229,correct4,90.44,90.54,350.3,90.44,90.54,-9.5,30,225.41753431705874
41.253,correct4,90.50,90.50,349.8,90.50,90.50,-10.0,30,225.41753431705874
41.276,correct4,90.49,90.54,349.7,90.49,90.54,-10.3,30,225.41753431705874
41.301,correct4,90.47,90.53,350.9,90.47,90.53,-9.3,30,225.41753431705874
41.324,correct4,90.46,90.53,353.3,90.46,90.53,-7.3,30,225.41753431705874
41.348,correct4,90.51,90.51,354.0,90.51,90.51,-6.3,30,225.41753431705874
41.372,correct4,90.44,90.53,349.7,90.44,90.53,-9.3,30,225.41753431705874
41.396,correct4,90.48,90.52,350.0,90.48,90.52,-9.8,30,225.41753431705874
41.420,correct4,90.50,90.50,350.8,90.50,90.50,-9.3,30,225.41753431705874
41.444,correct4,90.45,90.52,350.1,90.45,90.52,-9.8,30,225.41753431705874
41.468,correct4,90.49,90.53,350.5,90.49,90.53,-9.6,30,225.41753431705874
41.492,correct4,90.46,90.51,350.5,90.46,90.51,-9.6,30,225.41753431705874
41.515,correct4,90.45,90.53,349.2,90.45,90.53,-10.6,30,225.41753431705874
41.539,correct4,90.44,90.53,350.8,90.44,90.53,-9.6,30,225.41753431705874
41.563,correct4,90.44,90.54,352.1,90.44,90.54,-8.4,30,225.41753431705874
41.587,correct4,90.49,90.52,352.8,90.49,90.52,-7.5,30,225.41753431705874
41.611,correct4,90.50,90.52,351.1,90.50,90.52,-8.6,30,223.61822711298822
41.635,correct4,90.46,90.52,350.2,90.46,90.52,-9.5,30,223.61822711298822
41.658,correct4,90.45,90.50,349.6,90.45,90.50,-10.3,30,223.61822711298822
41.682,correct4,90.46,90.53,351.4,90.46,90.53,-9.1,30,223.61822711298822
41.706,correct4,90.50,90.53,352.0,90.50,90.53,-8.3,30,223.61822711298822
41.730,correct4,90.45,90.53,351.7,90.45,90.53,-8.1,30,223.61822711298822
41.755,correct4,90.48,90.51,352.8,90.48,90.51,-7.5,30,223.61822711298822
41.778,correct4,90.47,90.53,351.2,90.47,90.53,-8.5,30,223.61822711298822
41.802,correct4,90.50,90.52,354.6,90.50,90.52,-6.2,30,223.61822711298822
41.826,correct4,90.50,90.51,351.8,90.50,90.51,-7.7,30,223.61822711298822
41.849,correct4,90.46,90.52,351.3,90.47,90.52,-8.5,30,223.61822711298822
41.874,correct4,90.46,90.55,352.0,90.46,90.55,-8.2,30,223.61822711298822
41.898,correct4,90.51,90.53,350.1,90.52,90.53,-9.5,30,223.61822711298822
41.921,correct4,90.44,90.52,351.2,90.44,90.52,-9.0,30,223.61822711298822
41.945,correct4,90.46,90.52,350.7,90.46,90.52,-9.3,30,223.61822711298822
41.969,correct4,90.46,90.50,349.8,90.46,90.50,-10.0,30,223.61822711298822
41.993,correct4,90.45,90.53,349.3,90.45,90.53,-10.6,30,223.61822711298822
42.017,correct4,90.46,90.51,352.3,90.46,90.51,-8.4,30,223.61822711298822
42.041,correct4,90.45,90.51,351.1,90.45,90.51,-8.8,30,223.61822711298822
42.065,correct4,90.50,90.51,348.8,90.50,90.51,-10.7,30,223.61822711298822
42.089,correct4,90.46,90.50,348.7,90.46,90.50,-11.2,30,223.61822711298822
42.112,correct4,90.45,90.53,350.0,90.45,90.53,-10.4,30,219.92134036456102
42.136,correct4,90.45,90.52,349.7,90.45,90.52,-10.4,30,219.92134036456102
42.160,correct4,90.44,90.53,349.8,90.44,90.53,-10.2,30,219.92134036456102
42.184,correct4,90.45,90.53,353.2,90.45,90.53,-7.7,30,219.92134036456102
42.208,correct4,90.45,90.52,352.3,90.45,90.52,-7.7,30,219.92134036456102
42.232,correct4,90.44,90.53,350.4,90.44,90.53,-9.1,30,219.92134036456102
42.256,correct4,90.48,90.52,350.4,90.48,90.52,-9.5,30,219.92134036456102
42.280,correct4,90.47,90.52,349.4,90.47,90.52,-10.3,30,219.92134036456102
42.304,correct4,90.45,90.52,352.0,90.45,90.52,-8.5,30,219.92134036456102
42.328,correct4,90.48,90.53,350.9,90.48,90.53,-9.0,30,219.92134036456102
42.353,correct4,90.47,90.54,351.5,90.47,90.54,-8.6,30,219.92134036456102
42.377,correct4,90.46,90.52,348.9,90.46,90.52,-10.5,30,219.92134036456102
42.401,correct4,90.46,90.51,351.4,90.46,90.51,-9.1,30,219.92134036456102
42.425,correct4,90.47,90.52,350.4,90.47,90.52,-9.5,30,219.92134036456102
42.449,correct4,90.44,90.51,349.8,90.44,90.51,-10.0,30,219.92134036456102
42.473,correct4,90.52,90.51,351.2,90.52,90.51,-9.1,30,219.92134036456102
42.497,correct4,90.47,90.52,350.9,90.47,90.51,-9.1,30,219.92134036456102
42.521,correct4,90.47,90.52,352.7,90.47,90.52,-7.7,30,219.92134036456102
42.546,correct4,90.45,90.53,354.3,90.45,90.53,-6.2,30,219.92134036456102
42.570,correct4,90.50,90.49,353.7,90.50,90.49,-6.3,30,219.92134036456102
42.594,correct4,90.50,90.51,350.1,90.50,90.51,-9.0,30,219.92134036456102
42.617,correct4,90.46,90.53,352.0,90.46,90.53,-8.3,30,219.90776843787228
42.641,correct4,90.50,90.51,351.3,90.50,90.51,-8.6,30,219.90776843787228
42.665,correct4,90.46,90.55,349.5,90.46,90.55,-10.0,30,219.90776843787228
42.689,correct4,90.47,90.54,351.9,90.47,90.54,-8.6,30,219.90776843787228
42.713,correct4,90.47,90.53,351.1,90.47,90.53,-8.8,30,219.90776843787228
42.737,correct4,90.51,90.50,350.5,90.51,90.50,-9.3,30,219.90776843787228
42.760,correct4,90.50,90.52,352.6,90.50,90.52,-7.9,30,219.90776843787228
42.784,correct4,90.45,90.52,350.5,90.45,90.52,-9.1,30,219.90776843787228
42.808,correct4,90.46,90.52,349.6,90.46,90.52,-10.1,30,219.90776843787228
42.832,correct4,90.47,90.51,351.3,90.47,90.51,-9.0,30,219.90776843787228
42.856,correct4,90.48,90.51,350.5,90.48,90.51,-9.4,30,219.90776843787228
42.880,correct4,90.46,90.52,351.2,90.46,90.52,-8.9,30,219.90776843787228
42.904,correct4,90.46,90.51,348.2,90.46,90.51,-11.1,30,219.90776843787228
42.928,correct4,90.44,90.52,350.8,90.45,90.52,-9.7,30,219.90776843787228
42.952,correct4,90.46,90.53,350.8,90.46,90.53,-9.4,30,219.90776843787228
42.976,correct4,90.45,90.50,350.7,90.45,90.50,-9.4,30,219.90776843787228
42.999,correct4,90.45,90.50,352.8,90.45,90.50,-7.8,30,219.90776843787228
43.023,correct4,90.46,90.51,349.8,90.46,90.51,-9.7,30,219.90776843787228
43.048,settle4,90.49,90.50,352.3,90.49,90.50,-8.2,0,0
43.072,settle4,90.45,90.52,351.5,90.45,90.52,-8.4,0,0
43.096,settle4,90.45,90.50,351.9,90.45,90.50,-8.2,0,0
43.120,settle4,90.45,90.52,349.9,90.45,90.52,-9.7,0,0
43.144,settle4,90.52,90.51,350.2,90.52,90.51,-9.8,0,0
43.168,settle4,90.45,90.52,352.7,90.46,90.52,-7.9,0,0
43.194,settle4,90.46,90.52,353.0,90.46,90.52,-7.2,0,0
43.218,settle4,90.51,90.52,351.1,90.51,90.52,-8.5,0,0
43.243,settle4,90.50,90.51,351.3,90.50,90.51,-8.7,0,0
43.267,settle4,90.45,90.52,350.8,90.45,90.52,-9.1,0,0
43.291,settle4,90.47,90.51,351.4,90.47,90.51,-8.7,0,0
43.315,settle4,90.44,90.50,352.8,90.44,90.50,-7.6,0,0
43.339,settle4,90.44,90.52,350.5,90.44,90.52,-9.0,0,0
43.363,settle4,90.46,90.51,350.9,90.46,90.51,-9.0,0,0
43.387,settle4,90.44,90.50,353.4,90.44,90.50,-7.2,0,0
43.411,settle4,90.46,90.52,350.7,90.46,90.52,-8.8,0,0
43.437,settle4,90.46,90.53,350.1,90.46,90.53,-9.6,0,0
43.461,settle4,90.46,90.53,351.3,90.46,90.53,-8.9,0,0
43.485,settle4,90.45,90.53,352.6,90.45,90.53,-7.8,0,0
43.509,settle4,90.46,90.52,350.1,90.46,90.52,-9.4,0,0
43.533,settle4,90.51,90.50,352.1,90.51,90.50,-8.3,0,0
43.557,settle4,90.47,90.52,353.1,90.47,90.52,-7.3,0,0
43.581,settle4,90.51,90.52,353.2,90.51,90.52,-6.9,0,0
43.605,settle4,90.46,90.53,350.0,90.46,90.53,-9.2,0,0
43.629,settle4,90.44,90.51,350.1,90.44,90.51,-9.8,0,0
43.653,settle4,90.46,90.51,351.1,90.47,90.51,-9.1,0,0
43.677,settle4,90.45,90.51,350.6,90.45,90.51,-9.3,0,0
43.701,settle4,90.46,90.51,351.4,90.46,90.51,-8.8,0,0
43.725,settle4,90.47,90.51,351.0,90.47,90.51,-9.0,0,0
43.750,settle4,90.45,90.52,350.6,90.45,90.52,-9.3,0,0
43.774,settle4,90.46,90.53,352.5,90.46,90.53,-7.9,0,0
43.798,settle4,90.51,90.49,350.3,90.51,90.49,-9.3,0,0
43.822,settle4,90.43,90.53,349.6,90.43,90.53,-10.1,0,0
43.846,settle4,90.50,90.53,350.4,90.50,90.53,-9.7,0,0
43.871,settle4,90.45,90.54,348.9,90.45,90.54,-10.8,0,0
43.895,settle4,90.46,90.51,351.8,90.46,90.51,-8.8,0,0
43.919,settle4,90.51,90.52,351.5,90.51,90.52,-8.5,0,0
43.943,settle4,90.46,90.52,349.3,90.46,90.52,-10.1,0,0
43.966,settle4,90.47,90.51,351.3,90.47,90.51,-8.8,0,0
43.991,settle4,90.51,90.49,352.6,90.51,90.49,-7.8,0,0
44.014,settle4,90.46,90.53,351.4,90.46,90.53,-8.4,0,0
44.039,settle4,90.47,90.53,350.8,90.47,90.53,-9.0,0,0
44.063,settle4,90.47,90.52,352.3,90.47,90.52,-8.0,0,0
44.087,settle4,90.47,90.50,352.1,90.47,90.50,-7.9,0,0
44.112,settle4,90.46,90.51,351.1,90.46,90.51,-8.6,0,0
44.136,settle4,90.48,90.50,349.3,90.48,90.50,-10.2,0,0
44.160,settle4,90.46,90.50,352.1,90.46,90.50,-8.5,0,0
44.184,settle4,90.47,90.52,353.3,90.47,90.52,-7.1,0,0
44.210,settle4,90.45,90.52,353.1,90.45,90.52,-7.0,0,0
44.234,settle4,90.45,90.52,350.5,90.45,90.52,-8.9,0,0
44.257,settle4,90.44,90.53,352.3,90.44,90.53,-8.0,0,0
44.281,settle4,90.47,90.52,348.4,90.47,90.52,-10.7,0,0
44.305,settle4,90.44,90.50,350.5,90.44,90.50,-9.8,0,0
44.330,settle4,90.46,90.51,351.4,90.46,90.51,-8.9,0,0
44.354,settle4,90.46,90.51,349.8,90.46,90.51,-9.9,0,0
44.377,settle4,90.45,90.51,351.0,90.45,90.51,-9.2,0,0
44.401,settle4,90.46,90.50,350.9,90.46,90.50,-9.2,0,0
44.425,settle4,90.46,90.52,352.2,90.46,90.52,-8.1,0,0
44.451,settle4,90.46,90.53,352.9,90.46,90.53,-7.4,0,0
44.475,settle4,90.45,90.54,351.5,90.45,90.54,-7.7,0,0
44.499,settle4,90.46,90.52,350.1,90.46,90.52,-9.4,0,0
44.523,settle4,90.45,90.53,351.3,90.46,90.53,-8.8,0,0
44.547,settle4,90.44,90.51,350.7,90.44,90.51,-9.2,0,0
44.571,settle4,90.43,90.50,351.8,90.43,90.50,-8.4,0,0
44.595,settle4,90.45,90.52,354.0,90.45,90.52,-6.6,0,0
44.619,settle4,90.47,90.50,351.3,90.47,90.50,-8.2,0,0
44.643,settle4,90.45,90.53,351.2,90.45,90.53,-8.6,0,0
44.666,settle4,90.43,90.52,351.7,90.43,90.52,-8.4,0,0
44.690,settle4,90.44,90.52,349.7,90.44,90.52,-9.8,0,0
44.714,settle4,90.45,90.52,351.6,90.45,90.52,-8.7,0,0
44.738,settle4,90.43,90.52,351.8,90.44,90.52,-8.3,0,0
44.762,settle4,90.44,90.52,352.5,90.44,90.52,-7.7,0,0
44.786,settle4,90.45,90.52,351.1,90.45,90.52,-8.6,0,0
44.810,settle4,90.44,90.53,352.5,90.44,90.53,-7.8,0,0
44.834,settle4,90.41,90.53,354.9,90.41,90.53,-5.8,0,0
44.858,settle4,90.43,90.55,354.5,90.43,90.55,-5.6,0,0
44.882,settle4,90.44,90.53,354.9,90.44,90.53,-5.2,0,0
44.905,settle4,90.43,90.52,352.8,90.43,90.52,-6.7,0,0
44.930,settle4,90.44,90.54,354.5,90.44,90.54,-5.8,0,0
44.954,settle4,90.41,90.52,353.9,90.41,90.52,-6.1,0,0
44.978,settle4,90.42,90.55,354.3,90.42,90.55,-5.8,0,0
45.002,settle4,90.43,90.52,355.0,90.43,90.52,-5.2,0,0
45.026,settle4,90.43,90.52,353.0,90.43,90.52,-6.6,0,0
