frame,t,phase,x,y,area,w,h
0,0.0132,still,482.99,70.93,406,31,21
0,0.0132,still,1015.80,234.63,654,29,31
0,0.0132,still,1261.61,314.08,711,33,34
0,0.0132,still,756.66,342.59,773,34,34
0,0.0132,still,342.51,437.95,275,21,23
0,0.0132,still,397.03,451.34,500,32,30
0,0.0132,still,1645.98,525.99,295,18,30
0,0.0132,still,1626.99,575.80,423,25,29
0,0.0132,still,1512.85,1043.79,528,25,29
1,0.0439,still,483.17,71.06,397,31,21
1,0.0439,still,1015.77,234.66,652,29,31
1,0.0439,still,1261.09,314.58,678,33,34
1,0.0439,still,756.57,342.62,769,34,34
1,0.0439,still,342.60,438.07,276,21,23
1,0.0439,still,397.07,451.29,490,32,30
1,0.0439,still,1646.18,525.88,292,17,30
1,0.0439,still,1627.10,575.72,430,26,29
1,0.0439,still,1512.62,1043.80,528,26,29
2,0.0601,still,483.08,71.10,402,31,21
2,0.0601,still,1015.91,234.59,647,28,31
2,0.0601,still,1261.72,313.98,715,33,34
2,0.0601,still,756.55,342.56,766,34,35
2,0.0601,still,342.57,437.82,276,21,22
2,0.0601,still,396.92,451.26,496,33,29
2,0.0601,still,1646.42,525.08,267,13,29
2,0.0601,still,1626.94,575.75,428,26,29
2,0.0601,still,1512.56,1043.83,528,26,29
3,0.0746,still,482.90,71.03,401,31,21
3,0.0746,still,1016.67,234.81,694,32,31
3,0.0746,still,1261.73,314.07,714,33,34
3,0.0746,still,756.64,342.53,774,34,35
3,0.0746,still,342.84,438.01,268,21,23
3,0.0746,still,396.98,451.31,496,32,30
3,0.0746,still,1646.02,526.14,297,18,30
3,0.0746,still,1626.87,575.81,423,26,29
3,0.0746,still,1512.73,1043.99,512,26,29
4,0.0885,still,482.77,70.96,398,31,21
4,0.0885,still,1016.73,234.74,689,32,31
4,0.0885,still,1261.76,313.94,713,33,34
4,0.0885,still,756.63,342.64,777,34,35
4,0.0885,still,342.67,438.11,275,21,23
4,0.0885,still,397.03,451.26,486,33,29
4,0.0885,still,1646.07,526.17,299,18,30
4,0.0885,still,1627.00,576.05,428,25,29
4,0.0885,still,1512.57,1043.89,526,26,29
5,0.1030,still,483.19,71.03,404,31,21
5,0.1030,still,1015.81,234.63,655,29,31
5,0.1030,still,1261.14,314.61,674,33,34
5,0.1030,still,756.68,342.58,766,34,35
5,0.1030,still,342.69,438.03,269,21,23
5,0.1030,still,396.99,451.23,499,33,30
5,0.1030,still,1646.02,526.18,298,17,29
5,0.1030,still,1626.96,575.94,423,25,28
5,0.1030,still,1512.85,1043.74,528,26,29
6,0.1171,still,483.03,71.02,412,31,21
6,0.1171,still,1015.82,234.68,654,29,31
6,0.1171,still,1261.77,314.04,711,33,34
6,0.1171,still,756.65,342.63,773,34,34
6,0.1171,still,342.52,437.89,275,21,23
6,0.1171,still,396.99,451.31,494,32,30
6,0.1171,still,1645.80,526.06,300,17,30
6,0.1171,still,1627.04,575.84,431,26,29
6,0.1171,still,1512.72,1043.66,524,26,29
7,0.1329,still,482.90,70.99,396,31,21
7,0.1329,still,1015.75,234.62,656,29,31
7,0.1329,still,1261.80,314.04,714,33,34
7,0.1329,still,756.59,342.61,771,34,35
7,0.1329,still,342.74,438.01,271,21,23
7,0.1329,still,396.86,451.13,499,33,30
7,0.1329,still,1646.03,525.96,295,17,30
7,0.1329,still,1626.88,575.71,427,25,29
7,0.1329,still,1512.74,1043.73,529,26,29
8,0.1493,still,482.83,71.08,401,31,21
8,0.1493,still,1015.83,234.70,647,29,31
8,0.1493,still,1261.71,314.01,711,33,34
8,0.1493,still,756.63,342.62,769,34,34
8,0.1493,still,342.64,438.01,285,21,22
8,0.1493,still,396.96,451.19,500,32,30
8,0.1493,still,1646.15,525.08,268,15,29
8,0.1493,still,1626.97,575.85,425,25,29
8,0.1493,still,1512.73,1043.70,530,26,29
9,0.1653,still,483.22,71.05,404,31,21
9,0.1653,still,1015.75,234.68,652,29,31
9,0.1653,still,1261.64,314.01,710,33,34
9,0.1653,still,756.57,342.57,773,34,35
9,0.1653,still,342.65,438.06,271,21,23
9,0.1653,still,397.02,451.25,506,32,29
9,0.1653,still,1646.08,526.11,308,18,30
9,0.1653,still,1626.87,575.79,430,26,29
9,0.1653,still,1512.70,1043.79,523,26,29
10,0.1813,still,483.03,71.01,410,31,21
10,0.1813,still,1015.79,234.63,652,29,31
10,0.1813,still,1261.73,314.00,717,33,34
10,0.1813,still,756.65,342.55,770,34,35
10,0.1813,still,342.61,437.94,272,21,23
10,0.1813,still,396.85,451.25,500,33,31
10,0.1813,still,1646.13,525.91,295,17,30
10,0.1813,still,1627.03,576.08,429,26,29
10,0.1813,still,1512.76,1043.70,518,26,29
11,0.1973,still,482.83,71.09,397,31,21
11,0.1973,still,1015.81,234.69,649,29,31
11,0.1973,still,1261.80,314.04,716,33,34
11,0.1973,still,756.66,342.52,775,34,34
11,0.1973,still,342.87,437.93,271,21,23
11,0.1973,still,396.86,451.29,504,33,30
11,0.1973,still,1646.55,525.28,276,15,30
11,0.1973,still,1627.05,575.80,433,26,29
11,0.1973,still,1512.68,1043.64,530,26,29
12,0.2134,still,482.94,71.06,391,31,21
12,0.2134,still,1015.79,234.63,659,29,31
12,0.2134,still,1261.81,313.97,712,33,33
12,0.2134,still,756.62,342.56,774,34,35
12,0.2134,still,342.70,438.08,272,21,22
12,0.2134,still,397.13,451.38,490,32,29
12,0.2134,still,1645.89,525.71,289,17,29
12,0.2134,still,1626.97,575.83,423,25,29
12,0.2134,still,1513.17,1043.37,512,26,29
13,0.2293,still,483.01,70.96,398,31,21
13,0.2293,still,1015.89,234.69,656,29,31
13,0.2293,still,1261.75,314.04,725,33,34
13,0.2293,still,756.69,342.56,769,34,35
13,0.2293,still,342.53,438.09,284,21,24
13,0.2293,still,396.93,451.17,506,33,30
13,0.2293,still,1646.15,525.74,285,17,29
13,0.2293,still,1626.90,575.90,433,26,29
13,0.2293,still,1512.71,1043.78,532,26,29
14,0.2493,still,483.04,71.12,414,31,21
14,0.2493,still,1015.82,234.67,653,29,31
14,0.2493,still,1261.18,314.61,680,33,34
14,0.2493,still,756.62,342.58,759,34,34
14,0.2493,still,342.84,437.94,274,21,23
14,0.2493,still,397.03,451.29,500,32,30
14,0.2493,still,1645.87,525.88,275,17,30
14,0.2493,still,1626.98,576.02,429,25,29
14,0.2493,still,1512.69,1043.76,529,26,29
15,0.2654,still,483.08,71.07,402,31,21
15,0.2654,still,1015.84,234.61,654,28,31
15,0.2654,still,1261.68,313.98,717,33,34
15,0.2654,still,756.15,342.47,690,32,34
15,0.2654,still,342.73,438.01,278,21,24
15,0.2654,still,396.93,451.31,501,33,29
15,0.2654,still,1646.10,526.07,295,16,30
15,0.2654,still,1626.96,575.77,430,25,29
15,0.2654,still,1512.70,1043.75,527,26,29
16,0.2813,still,482.89,71.13,403,31,21
16,0.2813,still,1015.73,234.74,655,29,32
16,0.2813,still,1261.76,314.08,715,33,34
16,0.2813,still,756.70,342.66,749,34,34
16,0.2813,still,342.74,438.01,277,21,23
16,0.2813,still,396.98,451.19,497,32,30
16,0.2813,still,1646.32,525.02,284,15,29
16,0.2813,still,1627.05,575.88,429,25,29
16,0.2813,still,1512.75,1043.68,532,26,29
17,0.2973,still,482.97,71.00,402,31,21
17,0.2973,still,1015.72,234.68,647,29,31
17,0.2973,still,1261.61,314.16,714,33,34
17,0.2973,still,756.12,342.44,689,30,35
17,0.2973,still,342.75,438.03,279,21,23
17,0.2973,still,397.00,451.38,500,33,30
17,0.2973,still,1646.02,526.06,298,18,29
17,0.2973,still,1627.12,575.71,438,26,29
17,0.2973,still,1512.57,1043.78,525,26,29
18,0.3133,still,482.86,71.01,399,31,21
18,0.3133,still,1015.81,234.55,657,29,31
18,0.3133,still,1261.14,314.61,684,33,34
18,0.3133,still,756.65,342.69,749,34,34
18,0.3133,still,342.70,437.96,277,21,23
18,0.3133,still,397.11,451.44,497,33,29
18,0.3133,still,1646.40,525.17,270,14,29
18,0.3133,still,1626.99,575.96,431,26,29
18,0.3133,still,1512.78,1043.77,528,26,29
19,0.3294,still,482.91,70.89,401,31,21
19,0.3294,still,1015.78,234.68,649,29,31
19,0.3294,still,1261.15,314.61,676,33,34
19,0.3294,still,756.94,342.65,732,33,34
19,0.3294,still,342.66,438.08,277,21,23
19,0.3294,still,397.16,451.28,496,32,29
19,0.3294,still,1646.07,526.02,308,17,30
19,0.3294,still,1626.97,575.93,430,26,29
19,0.3294,still,1512.73,1043.77,533,26,29
20,0.3492,still,482.85,70.97,399,31,21
20,0.3492,still,1015.83,234.58,654,29,31
20,0.3492,still,1261.75,314.03,718,33,34
20,0.3492,still,756.60,342.67,739,34,35
20,0.3492,still,342.62,438.01,289,21,24
20,0.3492,still,396.96,451.18,490,32,30
20,0.3492,still,1646.14,526.01,294,17,30
20,0.3492,still,1626.97,575.81,431,26,29
20,0.3492,still,1512.78,1043.66,521,26,29
21,0.3653,still,483.06,71.02,400,31,21
21,0.3653,still,1015.82,234.60,651,29,32
21,0.3653,still,1261.82,314.06,713,33,34
21,0.3653,still,755.81,342.49,703,32,35
21,0.3653,still,342.65,437.87,273,21,23
21,0.3653,still,396.92,451.25,493,32,30
21,0.3653,still,1646.07,526.08,299,18,30
21,0.3653,still,1627.01,575.94,437,25,29
21,0.3653,still,1512.66,1043.67,521,26,29
22,0.3819,still,482.95,70.98,403,31,21
22,0.3819,still,1015.81,234.65,647,29,32
22,0.3819,still,1261.70,314.04,713,33,34
22,0.3819,still,756.94,342.58,736,33,34
22,0.3819,still,342.76,438.07,276,21,22
22,0.3819,still,396.87,451.18,496,33,30
22,0.3819,still,1646.23,525.76,293,17,29
22,0.3819,still,1626.98,576.02,423,25,29
22,0.3819,still,1512.75,1043.72,520,26,29
23,0.3973,still,483.11,70.98,404,31,21
23,0.3973,still,1015.82,234.64,655,29,31
23,0.3973,still,1261.69,314.10,713,33,34
23,0.3973,still,756.72,342.62,744,34,34
23,0.3973,still,342.63,437.89,280,20,22
23,0.3973,still,396.97,451.27,496,32,30
23,0.3973,still,1645.90,525.92,299,18,29
23,0.3973,still,1626.98,576.07,433,26,29
23,0.3973,still,1512.66,1043.86,533,26,29
24,0.4133,still,483.10,70.99,409,31,21
24,0.4133,still,1015.84,234.51,654,29,32
24,0.4133,still,1261.70,314.04,714,33,34
24,0.4133,still,756.94,342.60,730,33,34
24,0.4133,still,342.69,438.11,282,21,23
24,0.4133,still,397.11,451.32,492,32,29
24,0.4133,still,1646.08,526.03,305,17,30
24,0.4133,still,1626.99,576.05,430,25,29
24,0.4133,still,1512.87,1043.71,532,28,29
25,0.4294,still,483.17,71.06,410,31,21
25,0.4294,still,1015.79,234.63,654,29,31
25,0.4294,still,1261.82,314.07,717,33,34
25,0.4294,still,756.66,342.62,748,34,34
25,0.4294,still,342.83,437.86,272,21,23
25,0.4294,still,396.91,451.32,504,32,29
25,0.4294,still,1646.05,526.24,315,18,30
25,0.4294,still,1627.05,576.05,434,26,29
25,0.4294,still,1512.86,1043.55,527,27,29
26,0.4493,still,483.13,70.95,402,31,21
26,0.4493,still,1015.82,234.62,656,29,31
26,0.4493,still,1261.65,314.00,718,33,35
26,0.4493,still,756.95,342.63,732,33,35
26,0.4493,still,342.79,437.84,268,21,23
26,0.4493,still,396.79,451.19,502,33,29
26,0.4493,still,1646.05,525.86,294,18,30
26,0.4493,still,1626.94,575.97,425,25,29
26,0.4493,still,1512.78,1043.71,526,26,29
27,0.4654,still,483.15,71.08,394,31,21
27,0.4654,still,1015.87,234.67,655,29,31
27,0.4654,still,1261.70,313.93,717,33,35
27,0.4654,still,755.97,342.45,707,32,34
27,0.4654,still,342.75,438.18,287,21,23
27,0.4654,still,397.25,451.36,486,32,29
27,0.4654,still,1646.03,526.12,288,17,30
27,0.4654,still,1626.94,575.97,435,27,29
27,0.4654,still,1512.57,1043.74,538,26,29
28,0.4814,still,483.29,71.06,413,31,21
28,0.4814,still,1015.90,234.63,649,29,31
28,0.4814,still,1261.12,314.68,675,33,34
28,0.4814,still,755.87,342.50,703,32,34
28,0.4814,still,342.76,438.15,279,21,23
28,0.4814,still,396.82,451.26,500,33,30
28,0.4814,still,1646.01,525.78,288,17,29
28,0.4814,still,1626.94,575.96,433,26,29
28,0.4814,still,1512.84,1043.81,522,26,29
29,0.4980,still,482.97,71.00,404,31,21
29,0.4980,still,1015.73,234.65,650,29,31
29,0.4980,still,1261.79,314.02,713,33,34
29,0.4980,still,755.90,342.50,701,32,34
29,0.4980,still,342.74,438.17,290,21,23
29,0.4980,still,396.92,451.26,499,33,29
29,0.4980,still,1646.01,525.77,306,17,29
29,0.4980,still,1627.05,575.94,437,25,29
29,0.4980,still,1512.92,1043.67,523,26,29
30,0.5133,still,483.12,70.94,405,31,21
30,0.5133,still,1015.81,234.67,654,29,32
30,0.5133,still,1261.62,314.03,713,33,33
30,0.5133,still,756.63,342.67,745,34,34
30,0.5133,still,342.50,437.82,271,20,23
30,0.5133,still,397.00,451.34,491,33,29
30,0.5133,still,1646.04,526.16,295,17,30
30,0.5133,still,1627.09,575.92,432,25,29
30,0.5133,still,1512.62,1043.83,531,26,29
31,0.5293,still,483.02,70.99,403,31,21
31,0.5293,still,1015.74,234.80,654,29,32
31,0.5293,still,1261.78,314.03,709,33,34
31,0.5293,still,756.90,342.65,728,33,34
31,0.5293,still,342.72,437.98,283,21,23
31,0.5293,still,397.04,451.39,494,33,30
31,0.5293,still,1646.14,525.79,298,17,30
31,0.5293,still,1626.98,575.91,430,26,29
31,0.5293,still,1512.87,1043.87,519,26,29
32,0.5492,still,482.84,71.06,407,31,21
32,0.5492,still,1015.82,234.72,654,29,31
32,0.5492,still,1261.60,314.00,718,33,34
32,0.5492,still,756.62,342.65,744,34,34
32,0.5492,still,342.57,438.09,282,21,23
32,0.5492,still,397.08,451.36,497,33,30
32,0.5492,still,1646.01,526.10,301,18,31
32,0.5492,still,1626.87,575.90,431,26,29
32,0.5492,still,1512.65,1043.90,536,26,29
33,0.5654,still,482.97,70.99,402,31,21
33,0.5654,still,1015.75,234.67,657,29,32
33,0.5654,still,1261.68,314.08,717,33,34
33,0.5654,still,756.92,342.64,739,33,34
33,0.5654,still,342.60,437.85,278,21,23
33,0.5654,still,396.97,451.34,502,32,30
33,0.5654,still,1645.94,525.77,292,17,29
33,0.5654,still,1626.95,575.81,431,26,29
33,0.5654,still,1512.77,1043.82,523,26,29
34,0.5815,still,483.14,71.07,399,31,21
34,0.5815,still,1015.79,234.58,652,29,31
34,0.5815,still,1261.62,314.08,718,33,34
34,0.5815,still,756.66,342.72,748,34,35
34,0.5815,still,342.67,437.96,274,21,23
34,0.5815,still,396.81,451.09,501,33,30
34,0.5815,still,1645.84,526.07,299,17,30
34,0.5815,still,1627.05,575.98,435,26,29
34,0.5815,still,1512.70,1043.65,532,26,29
35,0.5974,still,482.80,71.02,407,31,21
35,0.5974,still,1015.89,234.55,654,29,31
35,0.5974,still,1261.75,314.09,712,33,34
35,0.5974,still,756.18,342.48,685,31,34
35,0.5974,still,342.78,438.01,279,21,23
35,0.5974,still,396.84,451.23,497,33,29
35,0.5974,still,1646.43,525.16,279,15,29
35,0.5974,still,1626.92,576.18,433,26,29
35,0.5974,still,1512.75,1043.74,532,26,29
36,0.6133,still,483.01,71.08,402,31,21
36,0.6133,still,1015.77,234.70,655,29,31
36,0.6133,still,1261.70,313.98,712,33,34
36,0.6133,still,756.72,342.69,747,34,34
36,0.6133,still,342.57,437.89,279,21,23
36,0.6133,still,397.02,451.25,497,32,31
36,0.6133,still,1645.95,526.11,306,18,30
36,0.6133,still,1626.93,575.90,435,26,29
36,0.6133,still,1512.77,1043.74,521,26,29
37,0.6293,still,482.89,70.99,398,31,21
37,0.6293,still,1015.86,234.67,652,29,33
37,0.6293,still,1261.64,314.03,716,33,33
37,0.6293,still,756.95,342.63,737,33,34
37,0.6293,still,342.71,437.73,278,21,22
37,0.6293,still,397.05,451.19,503,33,30
37,0.6293,still,1646.50,525.44,278,14,30
37,0.6293,still,1627.08,575.91,431,26,29
37,0.6293,still,1512.74,1043.85,521,26,29
38,0.6493,still,482.79,71.02,401,31,21
38,0.6493,still,1015.87,234.57,656,29,31
38,0.6493,still,1261.83,313.96,715,33,33
38,0.6493,still,756.63,342.61,744,34,35
38,0.6493,still,342.63,438.12,285,21,23
38,0.6493,still,396.87,451.12,501,32,30
38,0.6493,still,1646.04,525.74,304,17,31
38,0.6493,still,1627.15,575.97,441,26,29
38,0.6493,still,1512.82,1043.85,532,26,29
39,0.6653,still,482.88,70.96,401,31,21
39,0.6653,still,1015.79,234.79,657,29,32
39,0.6653,still,1261.72,313.99,710,33,34
39,0.6653,still,755.95,342.47,702,32,35
39,0.6653,still,342.58,437.96,278,21,22
39,0.6653,still,397.17,451.33,499,32,30
39,0.6653,still,1646.72,525.25,285,14,29
39,0.6653,still,1626.84,575.78,431,27,28
39,0.6653,still,1512.72,1043.77,525,26,29
40,0.6813,still,483.02,71.04,403,31,21
40,0.6813,still,1015.79,234.62,649,29,31
40,0.6813,still,1261.09,314.59,676,33,34
40,0.6813,still,756.66,342.67,742,34,34
40,0.6813,still,342.46,437.85,277,21,22
40,0.6813,still,397.03,451.30,502,33,30
40,0.6813,still,1646.15,526.04,295,17,29
40,0.6813,still,1627.07,575.79,436,25,29
40,0.6813,still,1512.77,1043.77,536,26,29
41,0.6974,still,482.77,70.95,401,31,21
41,0.6974,still,1015.75,234.62,650,29,31
41,0.6974,still,1261.68,314.05,721,33,34
41,0.6974,still,756.92,342.59,742,33,34
41,0.6974,still,342.67,437.84,288,21,22
41,0.6974,still,396.88,451.22,503,33,29
41,0.6974,still,1646.00,526.07,299,17,30
41,0.6974,still,1627.01,575.94,443,26,29
41,0.6974,still,1512.69,1043.73,524,26,29
42,0.7133,still,483.13,71.01,408,31,21
42,0.7133,still,1015.77,234.58,653,29,31
42,0.7133,still,1261.67,314.01,717,33,35
42,0.7133,still,756.68,342.64,743,34,34
42,0.7133,still,342.83,437.86,276,21,23
42,0.7133,still,396.94,451.19,505,32,30
42,0.7133,still,1646.08,525.81,305,18,30
42,0.7133,still,1627.15,575.95,441,25,29
42,0.7133,still,1512.64,1043.88,530,26,29
43,0.7293,still,483.12,71.08,414,31,21
43,0.7293,still,1016.69,234.90,692,32,32
43,0.7293,still,1261.20,314.62,679,33,34
43,0.7293,still,756.72,342.69,741,34,35
43,0.7293,still,342.69,437.86,271,21,23
43,0.7293,still,396.82,451.26,500,33,30
43,0.7293,still,1646.46,525.10,279,15,30
43,0.7293,still,1626.98,575.89,427,25,29
43,0.7293,still,1512.75,1043.80,528,27,29
44,0.7493,still,483.09,71.03,408,31,21
44,0.7493,still,1015.77,234.67,655,29,31
44,0.7493,still,1261.78,314.02,713,33,34
44,0.7493,still,756.62,342.67,745,34,34
44,0.7493,still,342.80,438.01,283,21,23
44,0.7493,still,396.99,451.40,497,33,29
44,0.7493,still,1645.94,525.98,315,18,30
44,0.7493,still,1626.96,575.80,436,25,29
44,0.7493,still,1512.68,1043.62,529,26,30
45,0.7654,still,483.17,71.03,402,31,21
45,0.7654,still,1016.60,234.77,690,32,31
45,0.7654,still,1261.65,313.98,711,33,33
45,0.7654,still,756.71,342.61,746,34,35
45,0.7654,still,342.65,438.11,280,21,24
45,0.7654,still,397.00,451.38,505,32,29
45,0.7654,still,1646.04,525.93,300,17,30
45,0.7654,still,1626.96,575.81,441,25,29
45,0.7654,still,1512.80,1043.81,525,26,29
46,0.7813,still,482.79,70.97,410,31,21
46,0.7813,still,1015.80,234.70,653,29,31
46,0.7813,still,1261.74,313.96,721,33,35
46,0.7813,still,756.11,342.52,688,30,34
46,0.7813,still,342.69,438.06,283,21,23
46,0.7813,still,396.92,451.19,499,33,30
46,0.7813,still,1646.47,525.27,294,15,29
46,0.7813,still,1626.97,575.79,432,26,29
46,0.7813,still,1512.69,1043.69,527,26,29
47,0.7977,still,482.93,70.92,406,31,21
47,0.7977,still,1015.87,234.70,651,29,32
47,0.7977,still,1261.61,314.08,711,33,34
47,0.7977,still,756.68,342.69,750,34,34
47,0.7977,still,342.64,438.10,283,21,23
47,0.7977,still,396.89,451.22,509,33,30
47,0.7977,still,1645.96,526.23,313,18,30
47,0.7977,still,1626.96,575.88,436,26,29
47,0.7977,still,1512.78,1043.81,529,26,29
48,0.8134,still,483.14,70.95,406,31,21
48,0.8134,still,1015.74,234.59,649,29,31
48,0.8134,still,1261.75,314.03,718,33,33
48,0.8134,still,756.93,342.55,738,33,35
48,0.8134,still,342.88,437.97,268,21,23
48,0.8134,still,397.02,451.34,502,32,30
48,0.8134,still,1646.15,526.13,300,18,30
48,0.8134,still,1627.06,575.94,435,26,29
48,0.8134,still,1512.62,1043.83,532,26,29
49,0.8332,still,483.34,71.03,403,31,21
49,0.8332,still,1015.75,234.58,657,29,31
49,0.8332,still,1261.77,314.11,712,33,34
49,0.8332,still,756.63,342.64,745,34,35
49,0.8332,still,342.93,437.96,268,21,23
49,0.8332,still,396.86,451.28,505,33,30
49,0.8332,still,1645.90,526.50,305,18,30
49,0.8332,still,1627.17,575.83,437,25,29
49,0.8332,still,1512.68,1043.76,529,27,29
50,0.8494,still,482.94,70.97,404,31,21
50,0.8494,still,1015.85,234.62,654,28,31
50,0.8494,still,1261.64,313.97,719,33,33
50,0.8494,still,755.90,342.47,703,32,34
50,0.8494,still,342.72,437.97,287,21,23
50,0.8494,still,397.03,451.32,496,33,30
50,0.8494,still,1646.58,524.99,293,15,29
50,0.8494,still,1627.11,575.79,436,25,29
50,0.8494,still,1512.61,1043.75,520,26,29
51,0.8654,still,483.07,71.00,409,31,21
51,0.8654,still,1015.77,234.72,655,29,32
51,0.8654,still,1261.77,314.01,724,33,34
51,0.8654,still,756.63,342.67,743,34,34
51,0.8654,still,342.68,437.95,281,21,23
51,0.8654,still,396.89,451.29,504,33,29
51,0.8654,still,1646.04,526.14,312,17,30
51,0.8654,still,1627.06,575.99,436,25,29
51,0.8654,still,1512.80,1043.76,526,26,29
52,0.8814,still,482.82,70.93,399,31,21
52,0.8814,still,1015.83,234.65,655,29,32
52,0.8814,still,1261.17,314.51,677,33,34
52,0.8814,still,756.69,342.63,748,34,34
52,0.8814,still,342.66,438.03,290,21,23
52,0.8814,still,397.03,451.35,490,32,30
52,0.8814,still,1646.01,525.98,294,17,29
52,0.8814,still,1627.04,575.94,438,27,29
52,0.8814,still,1512.72,1043.72,532,26,29
53,0.8992,still,483.01,71.05,409,31,21
53,0.8992,still,1016.80,234.79,690,31,32
53,0.8992,still,1261.60,314.10,714,33,34
53,0.8992,still,756.15,342.47,692,31,34
53,0.8992,still,342.71,438.10,280,21,23
53,0.8992,still,397.12,451.31,498,32,29
53,0.8992,still,1645.99,525.92,298,18,30
53,0.8992,still,1626.93,575.69,430,25,29
53,0.8992,still,1512.71,1043.72,525,26,29
54,0.9135,still,482.86,71.00,404,31,21
54,0.9135,still,1015.80,234.66,656,29,32
54,0.9135,still,1261.59,314.17,715,33,34
54,0.9135,still,756.66,342.62,750,34,34
54,0.9135,still,342.71,438.19,291,21,23
54,0.9135,still,397.00,451.24,510,32,30
54,0.9135,still,1646.00,526.03,311,17,29
54,0.9135,still,1627.11,575.91,434,26,29
54,0.9135,still,1512.68,1043.86,536,27,29
55,0.9334,still,483.08,71.10,419,31,21
55,0.9334,still,1015.79,234.71,652,29,31
55,0.9334,still,1261.75,314.01,717,33,34
55,0.9334,still,756.69,342.68,743,34,34
55,0.9334,still,342.63,438.13,284,21,23
55,0.9334,still,397.06,451.39,497,33,29
55,0.9334,still,1645.77,526.07,292,17,29
55,0.9334,still,1627.02,575.90,440,26,29
55,0.9334,still,1512.68,1043.73,538,26,29
56,0.9493,still,482.99,70.93,416,31,21
56,0.9493,still,1015.80,234.80,655,29,32
56,0.9493,still,1261.79,314.07,713,33,34
56,0.9493,still,756.87,342.58,736,33,34
56,0.9493,still,342.53,438.03,283,21,23
56,0.9493,still,397.06,451.34,504,32,30
56,0.9493,still,1645.86,526.06,307,18,30
56,0.9493,still,1626.92,575.81,430,25,28
56,0.9493,still,1512.64,1043.78,532,26,29
57,0.9654,still,483.10,70.90,409,31,21
57,0.9654,still,1015.92,234.69,655,28,32
57,0.9654,still,1261.16,314.51,673,33,34
57,0.9654,still,756.95,342.68,735,33,34
57,0.9654,still,342.75,438.06,283,21,24
57,0.9654,still,396.94,451.21,498,32,30
57,0.9654,still,1646.12,526.03,300,17,30
57,0.9654,still,1626.97,575.84,444,25,29
57,0.9654,still,1512.68,1043.76,536,26,29
58,0.9814,still,482.97,70.95,417,31,21
58,0.9814,still,1015.81,234.68,651,28,32
58,0.9814,still,1261.66,314.12,712,33,33
58,0.9814,still,756.68,342.67,750,34,35
58,0.9814,still,342.84,437.95,284,21,23
58,0.9814,still,396.96,451.23,503,33,30
58,0.9814,still,1646.38,525.07,278,15,29
58,0.9814,still,1627.05,575.99,438,26,29
58,0.9814,still,1512.60,1043.85,523,26,29
59,0.9974,still,483.26,70.98,403,31,21
59,0.9974,still,1015.83,234.70,657,29,31
59,0.9974,still,1261.18,314.58,683,33,34
59,0.9974,still,756.66,342.66,746,34,35
59,0.9974,still,342.60,437.90,288,21,23
59,0.9974,still,397.08,451.26,499,32,30
59,0.9974,still,1646.22,526.48,316,18,30
59,0.9974,still,1627.11,575.80,437,25,29
59,0.9974,still,1512.74,1043.76,528,26,29
60,1.0134,still,482.95,71.03,405,30,21
60,1.0134,still,1015.77,234.64,655,29,32
60,1.0134,still,1261.62,314.01,717,33,33
60,1.0134,still,756.91,342.61,737,33,34
60,1.0134,still,342.56,437.98,284,21,22
60,1.0134,still,396.83,451.20,507,32,30
60,1.0134,still,1646.21,525.81,295,17,30
60,1.0134,still,1627.09,575.86,440,26,29
60,1.0134,still,1512.76,1043.62,526,26,29
61,1.0334,still,483.00,70.95,407,31,21
61,1.0334,still,1015.77,234.59,656,29,31
61,1.0334,still,1261.58,314.11,718,33,33
61,1.0334,still,756.93,342.65,732,33,34
61,1.0334,still,342.73,438.16,288,21,23
61,1.0334,still,396.97,451.25,503,32,30
61,1.0334,still,1646.01,525.85,297,17,29
61,1.0334,still,1627.03,575.95,432,25,29
61,1.0334,still,1512.77,1043.82,529,26,29
62,1.0493,still,483.00,71.04,412,31,21
62,1.0493,still,1016.65,234.77,694,32,31
62,1.0493,still,1261.67,314.03,723,33,34
62,1.0493,still,756.96,342.64,738,33,34
62,1.0493,still,342.70,437.90,286,21,23
62,1.0493,still,396.88,451.35,494,32,29
62,1.0493,still,1646.51,525.32,286,14,29
62,1.0493,still,1627.09,575.89,433,25,29
62,1.0493,still,1512.81,1043.72,531,26,29
63,1.0654,still,483.21,71.02,402,31,21
63,1.0654,still,1015.80,234.64,653,29,31
63,1.0654,still,1261.82,314.07,719,33,35
63,1.0654,still,756.94,342.59,732,33,35
63,1.0654,still,342.62,438.04,287,21,23
63,1.0654,still,396.95,451.30,499,32,30
63,1.0654,still,1646.06,525.96,305,18,30
63,1.0654,still,1627.08,575.90,439,25,29
63,1.0654,still,1512.71,1043.71,529,26,29
64,1.0814,still,483.18,70.97,412,31,21
64,1.0814,still,1015.81,234.60,654,29,31
64,1.0814,still,1261.12,314.55,680,33,34
64,1.0814,still,756.95,342.62,733,33,34
64,1.0814,still,342.76,438.18,284,21,22
64,1.0814,still,396.88,451.25,493,33,30
64,1.0814,still,1646.10,525.97,308,17,30
64,1.0814,still,1627.01,575.88,430,26,29
64,1.0814,still,1512.78,1043.68,536,26,29
65,1.0974,still,483.13,71.05,410,31,21
65,1.0974,still,1015.78,234.65,662,29,33
65,1.0974,still,1261.70,314.11,714,33,34
65,1.0974,still,756.70,342.66,747,34,35
65,1.0974,still,342.57,438.22,294,21,24
65,1.0974,still,396.95,451.30,498,32,29
65,1.0974,still,1646.69,525.19,289,15,29
65,1.0974,still,1626.99,576.15,438,26,29
65,1.0974,still,1513.20,1043.31,521,26,29
66,1.1134,still,482.93,71.00,410,31,21
66,1.1134,still,1015.84,234.67,660,29,31
66,1.1134,still,1261.83,314.04,722,33,34
66,1.1134,still,756.93,342.67,734,33,34
66,1.1134,still,342.66,438.10,281,21,23
66,1.1134,still,396.97,451.29,501,32,30
66,1.1134,still,1645.96,525.79,293,17,30
66,1.1134,still,1626.74,575.90,445,28,29
66,1.1134,still,1512.67,1043.77,531,27,29
67,1.1334,still,483.02,70.97,411,31,21
67,1.1334,still,1015.81,234.65,654,29,31
67,1.1334,still,1261.70,314.03,715,33,34
67,1.1334,still,756.61,342.60,742,34,34
67,1.1334,still,342.72,438.12,291,21,23
67,1.1334,still,396.97,451.21,503,32,30
67,1.1334,still,1646.09,526.06,306,17,30
67,1.1334,still,1626.95,575.74,443,26,29
67,1.1334,still,1512.59,1043.62,531,26,29
68,1.1494,still,483.03,70.97,412,31,21
68,1.1494,still,1015.83,234.63,657,29,31
68,1.1494,still,1261.75,314.02,713,33,34
68,1.1494,still,756.08,342.49,684,31,34
68,1.1494,still,342.67,438.29,288,21,24
68,1.1494,still,396.97,451.31,500,32,30
68,1.1494,still,1646.02,525.74,298,18,29
68,1.1494,still,1626.94,575.92,442,25,29
68,1.1494,still,1512.58,1043.70,531,26,29
69,1.1654,still,483.11,71.10,406,31,21
69,1.1654,still,1015.81,234.78,661,29,32
69,1.1654,still,1261.79,314.03,717,33,34
69,1.1654,still,756.68,342.63,749,34,34
69,1.1654,still,342.71,437.93,284,21,23
69,1.1654,still,397.11,451.34,503,33,29
69,1.1654,still,1646.07,525.81,309,17,30
69,1.1654,still,1627.07,575.84,443,26,29
69,1.1654,still,1512.78,1043.81,525,26,29
70,1.1814,still,482.93,70.96,408,31,21
70,1.1814,still,1015.79,234.64,651,29,31
70,1.1814,still,1261.66,314.03,719,33,34
70,1.1814,still,756.66,342.67,743,34,34
70,1.1814,still,342.56,438.19,284,21,23
70,1.1814,still,396.99,451.41,495,32,29
70,1.1814,still,1645.92,526.01,313,17,30
70,1.1814,still,1627.14,576.00,437,25,29
70,1.1814,still,1512.66,1043.90,534,26,29
71,1.1974,still,482.79,71.00,407,31,21
71,1.1974,still,1016.59,234.84,690,32,31
71,1.1974,still,1261.19,314.61,676,33,34
71,1.1974,still,756.97,342.64,735,33,34
71,1.1974,still,342.69,437.71,280,21,23
71,1.1974,still,396.96,451.28,492,33,30
71,1.1974,still,1645.90,526.38,323,18,30
71,1.1974,still,1627.05,575.83,436,26,29
71,1.1974,still,1512.72,1043.82,535,26,29
72,1.2134,still,483.00,71.05,409,31,21
72,1.2134,still,1015.86,234.68,653,29,31
72,1.2134,still,1261.66,314.08,718,33,34
72,1.2134,still,756.70,342.66,751,34,34
72,1.2134,still,342.53,438.05,279,21,24
72,1.2134,still,396.84,451.26,504,33,29
72,1.2134,still,1645.96,525.94,304,18,29
72,1.2134,still,1627.03,576.13,434,26,29
72,1.2134,still,1512.69,1043.84,528,26,29
73,1.2334,still,482.99,70.90,411,31,21
73,1.2334,still,1015.80,234.72,658,29,31
73,1.2334,still,1261.70,314.00,718,33,34
73,1.2334,still,756.10,342.40,693,31,35
73,1.2334,still,342.44,437.90,288,21,23
73,1.2334,still,396.96,451.23,503,33,30
73,1.2334,still,1646.05,526.21,314,17,29
73,1.2334,still,1626.80,575.83,432,25,29
73,1.2334,still,1512.84,1043.82,529,26,29
74,1.2494,still,482.95,71.03,412,31,21
74,1.2494,still,1015.81,234.61,655,29,31
74,1.2494,still,1261.60,314.04,719,33,33
74,1.2494,still,757.00,342.61,740,33,34
74,1.2494,still,342.76,438.04,282,21,23
74,1.2494,still,397.06,451.37,498,32,30
74,1.2494,still,1646.27,524.99,291,15,30
74,1.2494,still,1627.03,576.00,438,26,29
74,1.2494,still,1512.64,1043.79,541,26,29
75,1.2654,still,482.98,71.02,414,31,21
75,1.2654,still,1015.76,234.73,654,29,31
75,1.2654,still,1261.59,314.12,711,33,34
75,1.2654,still,756.99,342.55,743,33,35
75,1.2654,still,342.82,438.02,285,21,23
75,1.2654,still,396.85,451.21,504,33,31
75,1.2654,still,1646.44,525.46,299,16,29
75,1.2654,still,1627.05,575.94,438,26,29
75,1.2654,still,1512.65,1043.86,530,26,29
76,1.2814,still,482.84,70.92,402,31,21
76,1.2814,still,1016.68,234.76,692,32,31
76,1.2814,still,1261.76,314.03,718,33,34
76,1.2814,still,756.70,342.61,751,34,35
76,1.2814,still,342.64,438.06,284,21,23
76,1.2814,still,396.97,451.37,503,33,29
76,1.2814,still,1645.88,526.05,299,18,30
76,1.2814,still,1627.05,575.85,435,25,29
76,1.2814,still,1512.77,1043.72,528,28,29
77,1.2974,still,482.84,71.08,397,31,21
77,1.2974,still,1015.88,234.66,656,29,31
77,1.2974,still,1261.61,313.99,717,33,34
77,1.2974,still,756.91,342.62,732,33,35
77,1.2974,still,342.66,437.90,282,21,23
77,1.2974,still,396.93,451.25,501,33,29
77,1.2974,still,1645.94,526.17,310,18,30
77,1.2974,still,1627.00,575.96,436,26,29
77,1.2974,still,1512.79,1043.72,531,26,29
78,1.3133,still,483.04,70.90,408,31,21
78,1.3133,still,1015.88,234.56,659,29,31
78,1.3133,still,1261.65,314.02,711,33,34
78,1.3133,still,756.70,342.65,755,34,35
78,1.3133,still,342.43,438.19,295,21,24
78,1.3133,still,396.96,451.31,505,33,29
78,1.3133,still,1646.42,525.60,297,15,30
78,1.3133,still,1627.03,575.98,442,25,29
78,1.3133,still,1512.61,1043.86,529,26,29
79,1.3334,still,483.31,70.90,407,31,21
79,1.3334,still,1015.74,234.63,655,29,32
79,1.3334,still,1261.69,314.01,717,33,34
79,1.3334,still,756.70,342.65,748,34,34
79,1.3334,still,342.67,438.22,288,21,24
79,1.3334,still,396.91,451.27,508,32,29
79,1.3334,still,1646.59,525.37,295,15,30
79,1.3334,still,1627.06,576.03,436,25,29
79,1.3334,still,1512.67,1043.76,527,26,29
80,1.3495,still,482.80,70.97,399,31,21
80,1.3495,still,1015.87,234.60,656,28,31
80,1.3495,still,1261.70,314.07,715,33,34
80,1.3495,still,756.68,342.61,748,34,34
80,1.3495,still,342.62,438.09,285,21,23
80,1.3495,still,396.86,451.23,510,33,30
80,1.3495,still,1646.05,526.39,309,18,30
80,1.3495,still,1627.16,575.87,437,26,28
80,1.3495,still,1512.67,1043.90,525,26,29
81,1.3655,still,482.93,70.95,406,31,21
81,1.3655,still,1015.79,234.61,649,29,31
81,1.3655,still,1261.64,314.03,714,33,34
81,1.3655,still,756.69,342.72,748,34,34
81,1.3655,still,342.72,438.03,275,21,23
81,1.3655,still,396.89,451.27,508,33,29
81,1.3655,still,1646.56,525.36,283,16,29
81,1.3655,still,1627.11,575.84,444,26,29
81,1.3655,still,1512.77,1043.77,524,26,29
82,1.3814,still,483.17,71.10,412,30,21
82,1.3814,still,1015.80,234.66,656,29,31
82,1.3814,still,1261.76,314.02,719,33,34
82,1.3814,still,756.76,342.69,755,34,34
82,1.3814,still,342.78,438.10,279,20,23
82,1.3814,still,397.03,451.30,506,33,29
82,1.3814,still,1645.99,526.10,309,18,30
82,1.3814,still,1626.65,576.02,447,28,29
82,1.3814,still,1512.55,1043.74,531,26,29
83,1.3974,still,483.00,71.00,409,31,21
83,1.3974,still,1015.79,234.69,657,29,31
83,1.3974,still,1261.70,314.11,713,33,34
83,1.3974,still,756.72,342.61,751,34,35
83,1.3974,still,342.69,437.91,280,21,23
83,1.3974,still,396.92,451.18,506,33,29
83,1.3974,still,1645.85,526.44,308,19,30
83,1.3974,still,1627.07,575.93,443,26,29
83,1.3974,still,1512.72,1043.81,534,26,29
84,1.4134,still,482.94,71.08,408,31,21
84,1.4134,still,1015.80,234.66,658,29,31
84,1.4134,still,1261.62,314.03,719,33,34
84,1.4134,still,756.10,342.42,693,31,35
84,1.4134,still,342.46,438.03,292,21,23
84,1.4134,still,396.82,451.08,508,32,30
84,1.4134,still,1645.97,526.34,310,18,30
84,1.4134,still,1626.99,575.76,436,25,29
84,1.4134,still,1512.63,1043.82,535,26,29
85,1.4334,still,483.08,70.98,413,31,21
85,1.4334,still,1015.84,234.59,658,29,31
85,1.4334,still,1261.69,313.95,711,33,33
85,1.4334,still,756.61,342.65,748,34,35
85,1.4334,still,342.68,437.80,279,21,22
85,1.4334,still,396.81,451.27,505,33,30
85,1.4334,still,1645.81,526.13,304,17,30
85,1.4334,still,1627.06,575.81,441,26,29
85,1.4334,still,1512.73,1043.84,537,26,29
86,1.4494,still,483.05,70.98,409,31,21
86,1.4494,still,1016.64,234.82,694,32,31
86,1.4494,still,1261.71,314.00,717,33,34
86,1.4494,still,756.94,342.65,739,33,34
86,1.4494,still,342.70,438.06,282,21,22
86,1.4494,still,396.94,451.33,508,33,29
86,1.4494,still,1646.43,525.10,288,15,30
86,1.4494,still,1627.04,575.88,436,26,29
86,1.4494,still,1512.75,1043.86,521,26,29
87,1.4654,still,482.77,70.99,410,31,21
87,1.4654,still,1015.80,234.69,656,29,31
87,1.4654,still,1261.81,314.01,720,33,34
87,1.4654,still,756.59,342.68,742,34,35
87,1.4654,still,342.76,437.81,276,21,23
87,1.4654,still,396.95,451.21,493,32,30
87,1.4654,still,1646.22,525.91,299,17,29
87,1.4654,still,1627.09,575.84,440,26,29
87,1.4654,still,1512.79,1043.92,531,27,29
88,1.4813,still,482.98,71.10,405,31,21
88,1.4813,still,1015.79,234.59,654,29,31
88,1.4813,still,1261.71,314.00,711,33,33
88,1.4813,still,756.74,342.67,749,34,34
88,1.4813,still,342.43,438.17,288,21,24
88,1.4813,still,396.97,451.26,494,32,29
88,1.4813,still,1646.08,526.28,316,17,30
88,1.4813,still,1626.79,576.04,446,28,29
88,1.4813,still,1512.69,1043.86,523,26,29
89,1.4974,still,483.01,70.97,410,31,21
89,1.4974,still,1015.77,234.67,652,29,31
89,1.4974,still,1261.75,313.99,718,33,34
89,1.4974,still,756.66,342.65,745,34,35
89,1.4974,still,342.58,438.03,281,21,22
89,1.4974,still,396.98,451.36,504,32,30
89,1.4974,still,1646.12,525.93,304,18,30
89,1.4974,still,1627.06,575.89,444,25,29
89,1.4974,still,1512.87,1043.71,527,26,29
90,1.5173,still,482.99,70.87,418,31,21
90,1.5173,still,1015.84,234.68,655,29,31
90,1.5173,still,1261.65,314.04,717,33,34
90,1.5173,still,756.20,342.44,692,31,34
90,1.5173,still,342.58,438.21,291,21,24
90,1.5173,still,397.02,451.26,509,33,30
90,1.5173,still,1646.02,526.16,312,18,30
90,1.5173,still,1626.92,575.80,439,25,29
90,1.5173,still,1512.91,1043.84,528,27,29
91,1.5334,still,482.79,71.00,402,31,21
91,1.5334,still,1015.83,234.63,653,29,31
91,1.5334,still,1261.73,314.13,713,33,34
91,1.5334,still,756.60,342.65,744,34,34
91,1.5334,still,342.54,437.90,284,21,23
91,1.5334,still,396.87,451.18,499,33,30
91,1.5334,still,1646.02,526.41,302,18,30
91,1.5334,still,1627.04,575.87,435,26,29
91,1.5334,still,1512.71,1043.80,537,27,29
92,1.5494,still,482.87,70.94,403,31,21
92,1.5494,still,1015.84,234.70,653,29,31
92,1.5494,still,1261.20,314.54,688,33,34
92,1.5494,still,755.83,342.38,703,32,34
92,1.5494,still,342.76,437.86,285,21,23
92,1.5494,still,396.88,451.32,513,33,29
92,1.5494,still,1645.88,526.03,311,18,30
92,1.5494,still,1627.09,575.94,439,25,29
92,1.5494,still,1512.70,1043.70,535,26,29
93,1.5654,still,482.73,70.97,400,31,21
93,1.5654,still,1015.77,234.67,646,28,31
93,1.5654,still,1261.85,313.98,713,33,34
93,1.5654,still,756.61,342.62,752,34,35
93,1.5654,still,342.58,438.12,285,21,23
93,1.5654,still,396.83,451.28,500,33,29
93,1.5654,still,1646.05,525.90,305,18,30
93,1.5654,still,1626.76,575.78,439,28,29
93,1.5654,still,1513.11,1043.58,524,26,29
94,1.5814,still,482.97,70.98,401,31,21
94,1.5814,still,1015.83,234.67,651,28,31
94,1.5814,still,1261.78,314.07,720,33,34
94,1.5814,still,755.81,342.42,708,32,35
94,1.5814,still,342.63,437.96,291,21,23
94,1.5814,still,397.09,451.26,503,32,30
94,1.5814,still,1646.04,526.04,314,17,29
94,1.5814,still,1626.94,575.97,438,26,29
94,1.5814,still,1512.79,1043.69,537,26,29
95,1.5974,still,483.05,71.11,407,31,21
95,1.5974,still,1015.85,234.69,653,29,31
95,1.5974,still,1261.65,314.02,717,33,33
95,1.5974,still,756.92,342.62,736,33,34
95,1.5974,still,342.60,438.08,283,21,24
95,1.5974,still,396.93,451.25,501,33,29
95,1.5974,still,1646.15,526.21,309,19,29
95,1.5974,still,1626.97,575.83,431,26,28
95,1.5974,still,1512.74,1043.79,529,27,29
96,1.6173,still,482.99,70.97,403,31,21
96,1.6173,still,1016.68,234.83,697,32,31
96,1.6173,still,1261.66,313.97,718,33,33
96,1.6173,still,756.62,342.63,750,34,34
96,1.6173,still,342.58,437.98,287,21,23
96,1.6173,still,396.96,451.30,502,32,29
96,1.6173,still,1646.48,525.13,293,15,30
96,1.6173,still,1627.07,576.03,435,26,29
96,1.6173,still,1512.63,1043.80,538,26,29
97,1.6341,still,482.98,71.01,410,31,21
97,1.6341,still,1015.81,234.73,663,29,32
97,1.6341,still,1261.60,314.04,714,33,34
97,1.6341,still,756.88,342.61,737,33,35
97,1.6341,still,342.57,437.96,292,21,22
97,1.6341,still,396.91,451.29,505,33,30
97,1.6341,still,1646.06,526.15,315,17,30
97,1.6341,still,1627.09,575.89,445,26,29
97,1.6341,still,1512.72,1043.76,529,26,29
98,1.6512,still,482.84,71.00,407,31,21
98,1.6512,still,1015.73,234.67,654,29,31
98,1.6512,still,1261.78,314.10,716,33,34
98,1.6512,still,755.91,342.44,708,32,34
98,1.6512,still,342.59,438.06,285,21,22
98,1.6512,still,396.92,451.32,502,33,30
98,1.6512,still,1645.97,526.01,313,18,30
98,1.6512,still,1626.95,575.96,438,25,29
98,1.6512,still,1512.72,1043.65,532,26,29
99,1.6679,still,482.95,71.00,414,31,21
99,1.6679,still,1015.85,234.62,655,29,31
99,1.6679,still,1261.49,314.31,736,33,34
99,1.6679,still,756.62,342.68,750,34,34
99,1.6679,still,342.45,438.18,284,21,24
99,1.6679,still,396.98,451.27,507,32,29
99,1.6679,still,1646.01,526.10,317,18,30
99,1.6679,still,1626.97,575.79,445,26,29
99,1.6679,still,1512.64,1043.72,525,26,29
100,1.6841,still,482.98,71.06,415,31,21
100,1.6841,still,1015.91,234.65,655,28,32
100,1.6841,still,1261.66,313.97,714,33,34
100,1.6841,still,756.63,342.72,743,34,34
100,1.6841,still,342.37,437.95,287,21,23
100,1.6841,still,396.88,451.28,506,33,29
100,1.6841,still,1646.05,526.51,310,17,30
100,1.6841,still,1627.15,575.89,437,25,29
100,1.6841,still,1512.57,1043.66,538,26,29
101,1.7020,still,482.73,70.99,407,31,21
101,1.7020,still,1015.74,234.65,658,29,31
101,1.7020,still,1261.21,314.59,675,33,34
101,1.7020,still,755.87,342.42,703,32,34
101,1.7020,still,342.64,438.13,285,21,23
101,1.7020,still,396.95,451.16,496,32,30
101,1.7020,still,1646.14,526.08,307,17,30
101,1.7020,still,1627.06,575.76,437,25,28
101,1.7020,still,1512.68,1043.80,532,26,29
102,1.7174,still,482.80,70.99,414,31,21
102,1.7174,still,1015.76,234.63,654,29,32
102,1.7174,still,1261.14,314.59,687,33,33
102,1.7174,still,756.63,342.67,746,34,34
102,1.7174,still,342.66,438.02,286,21,24
102,1.7174,still,396.97,451.23,502,32,30
102,1.7174,still,1646.21,525.93,302,17,31
102,1.7174,still,1627.13,576.03,438,26,29
102,1.7174,still,1512.64,1043.79,535,26,29
103,1.7335,still,482.99,71.01,422,31,21
103,1.7335,still,1015.72,234.73,653,29,31
103,1.7335,still,1261.62,314.02,714,33,34
103,1.7335,still,756.65,342.61,750,34,34
103,1.7335,still,342.49,437.95,282,21,22
103,1.7335,still,396.84,451.18,511,33,30
103,1.7335,still,1645.97,526.21,317,17,30
103,1.7335,still,1627.08,575.84,433,25,29
103,1.7335,still,1512.80,1043.75,525,26,29
104,1.7494,still,483.08,70.99,410,31,21
104,1.7494,still,1015.87,234.69,654,29,31
104,1.7494,still,1261.67,314.07,726,33,34
104,1.7494,still,756.97,342.68,738,33,34
104,1.7494,still,342.70,438.23,290,21,24
104,1.7494,still,396.87,451.26,498,33,30
104,1.7494,still,1645.91,526.45,313,17,30
104,1.7494,still,1627.01,575.86,437,26,28
104,1.7494,still,1512.68,1043.78,530,26,29
105,1.7654,still,483.07,71.00,414,31,21
105,1.7654,still,1015.72,234.72,656,29,32
105,1.7654,still,1260.97,314.91,698,33,34
105,1.7654,still,756.95,342.63,729,33,34
105,1.7654,still,342.54,438.01,296,21,24
105,1.7654,still,396.87,451.18,500,33,30
105,1.7654,still,1645.88,525.88,304,18,30
105,1.7654,still,1626.80,575.80,446,28,29
105,1.7654,still,1512.76,1043.77,540,26,29
106,1.7814,still,483.18,71.03,413,31,21
106,1.7814,still,1015.88,234.63,651,28,32
106,1.7814,still,1261.70,313.99,715,33,33
106,1.7814,still,756.91,342.60,735,33,35
106,1.7814,still,342.71,438.11,289,21,24
106,1.7814,still,396.81,451.13,496,32,30
106,1.7814,still,1645.92,525.91,313,17,29
106,1.7814,still,1626.83,575.85,455,28,29
106,1.7814,still,1512.58,1043.84,532,26,29
107,1.7975,still,483.03,70.98,420,31,21
107,1.7975,still,1015.86,234.67,653,29,31
107,1.7975,still,1261.77,314.04,719,33,34
107,1.7975,still,756.64,342.59,749,34,34
107,1.7975,still,342.63,438.21,284,21,23
107,1.7975,still,396.79,451.12,507,32,30
107,1.7975,still,1646.06,526.25,317,18,30
107,1.7975,still,1627.02,575.88,438,25,29
107,1.7975,still,1512.69,1043.88,528,26,29
108,1.8173,still,482.90,71.01,409,31,21
108,1.8173,still,1015.73,234.65,655,29,31
108,1.8173,still,1261.69,314.05,726,33,34
108,1.8173,still,756.66,342.65,743,34,34
108,1.8173,still,342.59,438.12,286,21,23
108,1.8173,still,396.78,451.24,500,33,30
108,1.8173,still,1645.96,526.31,314,18,29
108,1.8173,still,1627.07,575.86,443,26,29
108,1.8173,still,1512.71,1043.79,529,26,29
109,1.8334,still,482.96,70.99,413,31,21
109,1.8334,still,1015.75,234.57,651,29,31
109,1.8334,still,1261.75,314.09,720,33,34
109,1.8334,still,756.91,342.61,735,33,34
109,1.8334,still,342.41,438.22,294,21,25
109,1.8334,still,396.91,451.29,506,33,30
109,1.8334,still,1646.12,526.23,299,17,30
109,1.8334,still,1627.07,575.90,443,26,29
109,1.8334,still,1512.66,1043.87,530,26,29
110,1.8493,still,482.94,70.99,416,31,21
110,1.8493,still,1015.89,234.63,654,28,31
110,1.8493,still,1261.65,314.05,726,33,34
110,1.8493,still,756.70,342.63,751,34,34
110,1.8493,still,342.54,438.14,286,21,23
110,1.8493,still,396.93,451.22,509,33,30
110,1.8493,still,1646.01,526.17,309,17,30
110,1.8493,still,1627.10,575.88,437,25,29
110,1.8493,still,1512.66,1043.76,536,27,29
111,1.8654,still,483.18,71.06,411,31,21
111,1.8654,still,1015.73,234.67,658,29,33
111,1.8654,still,1261.71,314.07,725,33,34
111,1.8654,still,756.58,342.64,746,34,34
111,1.8654,still,342.81,438.11,290,21,23
111,1.8654,still,396.92,451.35,504,32,29
111,1.8654,still,1645.87,526.10,311,17,30
111,1.8654,still,1627.00,575.83,436,25,29
111,1.8654,still,1512.64,1043.62,531,26,29
112,1.8814,still,482.98,71.02,413,31,21
112,1.8814,still,1015.86,234.59,657,29,31
112,1.8814,still,1261.64,314.01,714,33,35
112,1.8814,still,756.70,342.71,746,34,35
112,1.8814,still,342.95,437.94,280,21,23
112,1.8814,still,396.94,451.37,504,32,30
112,1.8814,still,1646.16,526.01,311,17,29
112,1.8814,still,1627.09,575.95,438,26,29
112,1.8814,still,1512.76,1043.78,533,27,29
113,1.9001,still,483.08,70.88,403,31,21
113,1.9001,still,1015.70,234.63,652,29,31
113,1.9001,still,1261.65,314.05,725,33,34
113,1.9001,still,756.65,342.63,750,34,35
113,1.9001,still,342.88,437.93,277,21,24
113,1.9001,still,396.67,451.16,510,33,30
113,1.9001,still,1646.13,526.34,305,17,30
113,1.9001,still,1627.15,575.85,441,26,29
113,1.9001,still,1512.56,1043.88,528,27,29
114,1.9173,still,482.93,70.91,409,31,21
114,1.9173,still,1015.90,234.62,655,29,31
114,1.9173,still,1261.56,314.30,737,33,34
114,1.9173,still,756.91,342.58,739,33,35
114,1.9173,still,342.66,438.08,288,21,23
114,1.9173,still,396.92,451.23,503,32,30
114,1.9173,still,1646.09,526.37,319,18,30
114,1.9173,still,1627.02,575.80,445,26,29
114,1.9173,still,1512.63,1043.87,534,27,29
115,1.9334,still,482.97,70.95,415,31,21
115,1.9334,still,1015.77,234.78,659,29,31
115,1.9334,still,1261.63,314.12,728,33,34
115,1.9334,still,756.72,342.66,749,34,35
115,1.9334,still,342.47,438.15,293,21,22
115,1.9334,still,396.94,451.32,494,33,31
115,1.9334,still,1646.54,525.06,284,15,29
115,1.9334,still,1627.03,575.86,433,25,29
115,1.9334,still,1512.77,1043.85,533,26,29
116,1.9500,still,482.83,71.00,405,31,21
116,1.9500,still,1015.81,234.70,649,29,31
116,1.9500,still,1261.59,314.05,715,33,34
116,1.9500,still,756.86,342.64,739,33,35
116,1.9500,still,342.62,437.80,279,21,23
116,1.9500,still,397.02,451.25,497,33,29
116,1.9500,still,1646.10,525.85,315,18,30
116,1.9500,still,1626.76,575.84,445,28,30
116,1.9500,still,1512.83,1043.84,534,26,29
117,1.9655,still,482.85,71.01,411,31,21
117,1.9655,still,1016.72,234.82,698,32,32
117,1.9655,still,1261.63,314.03,719,33,34
117,1.9655,still,756.65,342.63,745,34,34
117,1.9655,still,342.60,437.90,284,21,22
117,1.9655,still,396.99,451.43,498,32,29
117,1.9655,still,1646.01,525.85,308,18,30
117,1.9655,still,1627.13,575.85,445,26,29
117,1.9655,still,1512.67,1043.68,532,26,29
118,1.9814,still,483.11,71.09,410,31,21
118,1.9814,still,1015.79,234.59,655,29,31
118,1.9814,still,1261.66,314.02,724,33,34
118,1.9814,still,756.86,342.62,734,33,35
118,1.9814,still,342.53,437.97,287,21,24
118,1.9814,still,396.95,451.38,503,33,29
118,1.9814,still,1646.07,526.37,316,18,30
118,1.9814,still,1626.90,576.06,430,26,29
118,1.9814,still,1512.68,1043.68,536,26,29
119,1.9974,s50,482.81,71.01,406,31,21
119,1.9974,s50,1015.89,234.71,656,29,31
119,1.9974,s50,1261.52,314.10,726,33,35
119,1.9974,s50,756.65,342.62,742,34,34
119,1.9974,s50,342.83,438.00,278,20,24
119,1.9974,s50,396.88,451.29,501,33,29
119,1.9974,s50,1646.13,526.15,313,17,30
119,1.9974,s50,1626.99,576.03,435,26,29
119,1.9974,s50,1512.75,1043.73,534,26,29
120,2.0174,s50,482.76,71.08,413,31,21
120,2.0174,s50,1015.67,234.64,650,29,32
120,2.0174,s50,1261.61,314.05,718,33,35
120,2.0174,s50,756.95,342.56,740,33,35
120,2.0174,s50,342.77,438.11,285,21,23
120,2.0174,s50,396.78,451.28,510,33,30
120,2.0174,s50,1645.97,526.22,310,18,30
120,2.0174,s50,1626.84,576.00,437,27,29
120,2.0174,s50,1512.68,1043.76,531,27,29
121,2.0337,s50,482.96,71.00,416,31,21
121,2.0337,s50,1015.90,234.75,657,29,32
121,2.0337,s50,1261.62,314.12,724,33,35
121,2.0337,s50,756.93,342.61,732,33,34
121,2.0337,s50,342.59,438.04,281,21,23
121,2.0337,s50,396.86,451.24,502,33,29
121,2.0337,s50,1645.90,526.23,316,18,30
121,2.0337,s50,1627.04,575.89,445,26,29
121,2.0337,s50,1512.74,1043.80,536,26,29
122,2.0494,s50,482.87,70.94,412,31,21
122,2.0494,s50,1015.75,234.61,659,29,31
122,2.0494,s50,1261.55,314.06,720,33,34
122,2.0494,s50,756.68,342.65,745,34,35
122,2.0494,s50,342.59,438.09,287,21,23
122,2.0494,s50,397.08,451.33,501,32,30
122,2.0494,s50,1645.95,526.23,299,18,30
122,2.0494,s50,1626.99,576.12,431,26,29
122,2.0494,s50,1512.72,1043.78,530,26,29
123,2.0655,s50,483.14,71.04,414,31,21
123,2.0655,s50,1015.84,234.69,655,29,32
123,2.0655,s50,1261.42,314.37,733,33,34
123,2.0655,s50,756.97,342.65,734,33,34
123,2.0655,s50,342.38,438.02,290,21,24
123,2.0655,s50,396.82,451.25,514,33,30
123,2.0655,s50,1646.51,525.26,275,15,29
123,2.0655,s50,1627.04,576.06,443,25,29
123,2.0655,s50,1512.72,1043.89,530,27,29
124,2.0813,s50,483.21,71.00,424,31,21
124,2.0813,s50,1015.81,234.69,658,29,31
124,2.0813,s50,1261.05,314.63,684,33,34
124,2.0813,s50,756.68,342.64,749,34,34
124,2.0813,s50,342.68,438.12,289,21,23
124,2.0813,s50,396.87,451.32,502,33,29
124,2.0813,s50,1646.14,526.39,316,18,30
124,2.0813,s50,1627.20,575.89,436,25,29
124,2.0813,s50,1512.71,1043.86,526,26,29
125,2.0975,s50,482.99,71.04,410,31,21
125,2.0975,s50,1016.63,234.75,695,32,31
125,2.0975,s50,1261.64,314.07,711,33,34
125,2.0975,s50,756.63,342.66,746,34,34
125,2.0975,s50,342.50,438.14,290,21,23
125,2.0975,s50,396.90,451.28,505,33,29
125,2.0975,s50,1646.21,526.39,312,18,30
125,2.0975,s50,1627.01,575.88,437,26,29
125,2.0975,s50,1512.67,1043.77,535,26,29
126,2.1175,s50,483.03,70.99,412,31,21
126,2.1175,s50,1015.77,234.64,656,29,31
126,2.1175,s50,1261.64,314.08,718,33,34
126,2.1175,s50,756.69,342.69,747,34,35
126,2.1175,s50,342.63,438.04,285,21,24
126,2.1175,s50,396.97,451.28,503,33,29
126,2.1175,s50,1646.05,526.07,304,17,29
126,2.1175,s50,1626.82,575.89,447,28,29
126,2.1175,s50,1512.73,1043.80,535,27,29
127,2.1353,s50,483.04,71.07,411,31,21
127,2.1353,s50,1015.88,234.64,654,29,31
127,2.1353,s50,1261.73,314.07,723,33,34
127,2.1353,s50,756.93,342.66,736,33,35
127,2.1353,s50,342.58,438.15,295,21,25
127,2.1353,s50,396.91,451.24,494,33,30
127,2.1353,s50,1645.90,526.10,314,18,30
127,2.1353,s50,1626.99,575.94,432,26,29
127,2.1353,s50,1512.81,1043.82,529,26,29
128,2.1510,s50,483.08,70.97,420,31,21
128,2.1510,s50,1015.74,234.70,663,29,32
128,2.1510,s50,1261.66,314.08,724,33,34
128,2.1510,s50,755.81,342.46,703,32,34
128,2.1510,s50,342.50,438.00,288,21,23
128,2.1510,s50,397.03,451.31,501,33,30
128,2.1510,s50,1645.85,525.81,301,17,30
128,2.1510,s50,1627.11,575.92,444,25,29
128,2.1510,s50,1512.71,1043.82,537,26,29
129,2.1656,s50,483.04,71.01,418,31,21
129,2.1656,s50,1015.78,234.68,650,29,31
129,2.1656,s50,1261.68,313.96,719,33,35
129,2.1656,s50,756.71,342.68,746,34,34
129,2.1656,s50,342.64,437.98,287,21,23
129,2.1656,s50,396.87,451.27,501,32,30
129,2.1656,s50,1646.07,526.40,312,18,30
129,2.1656,s50,1626.80,575.87,442,28,29
129,2.1656,s50,1512.78,1043.81,528,26,29
130,2.1814,s50,483.08,70.98,406,31,21
130,2.1814,s50,1015.75,234.58,650,29,31
130,2.1814,s50,1261.67,314.10,732,33,34
130,2.1814,s50,756.67,342.66,747,34,34
130,2.1814,s50,342.63,438.14,289,21,23
130,2.1814,s50,396.70,451.12,508,33,30
130,2.1814,s50,1645.81,526.25,311,18,30
130,2.1814,s50,1626.92,576.02,441,26,29
130,2.1814,s50,1512.81,1043.83,532,27,29
131,2.1974,s50,482.85,70.88,408,31,21
131,2.1974,s50,1015.89,234.62,657,29,31
131,2.1974,s50,1261.61,314.06,720,33,34
131,2.1974,s50,756.92,342.60,741,33,34
131,2.1974,s50,342.57,438.08,293,21,23
131,2.1974,s50,396.81,451.18,505,33,30
131,2.1974,s50,1646.22,525.92,311,18,29
131,2.1974,s50,1627.02,575.92,444,26,29
131,2.1974,s50,1512.71,1043.85,532,26,29
132,2.2174,s50,482.98,70.93,416,31,21
132,2.2174,s50,1015.76,234.60,651,29,31
132,2.2174,s50,1261.05,314.70,685,33,34
132,2.2174,s50,756.13,342.46,688,31,34
132,2.2174,s50,342.45,438.12,285,21,24
132,2.2174,s50,397.00,451.30,501,32,30
132,2.2174,s50,1646.15,526.06,309,17,30
132,2.2174,s50,1626.93,575.95,441,26,29
132,2.2174,s50,1512.77,1043.66,529,26,29
133,2.2334,s50,483.02,71.00,414,31,21
133,2.2334,s50,1015.77,234.64,655,29,31
133,2.2334,s50,1261.73,314.13,718,33,35
133,2.2334,s50,756.11,342.46,692,31,34
133,2.2334,s50,342.58,438.13,289,21,24
133,2.2334,s50,396.81,451.32,500,33,30
133,2.2334,s50,1646.21,526.07,303,17,29
133,2.2334,s50,1627.11,575.91,444,25,29
133,2.2334,s50,1512.75,1043.72,534,26,29
134,2.2493,s50,483.05,70.93,413,31,21
134,2.2493,s50,1016.63,234.74,689,32,31
134,2.2493,s50,1261.77,314.01,721,33,34
134,2.2493,s50,756.69,342.70,757,34,34
134,2.2493,s50,342.67,437.97,285,21,23
134,2.2493,s50,397.00,451.26,501,32,29
134,2.2493,s50,1645.98,526.16,308,18,30
134,2.2493,s50,1627.12,575.98,441,26,29
134,2.2493,s50,1512.81,1043.68,529,26,29
135,2.2654,s50,483.01,70.99,410,31,21
135,2.2654,s50,1015.80,234.70,656,29,31
135,2.2654,s50,1261.69,314.09,718,33,34
135,2.2654,s50,756.64,342.60,775,34,35
135,2.2654,s50,343.10,437.75,273,21,23
135,2.2654,s50,396.92,451.37,504,32,29
135,2.2654,s50,1646.23,526.09,303,18,30
135,2.2654,s50,1627.19,575.90,437,25,29
135,2.2654,s50,1512.66,1043.78,536,26,29
136,2.2814,s50,483.14,71.00,413,31,21
136,2.2814,s50,1015.81,234.65,655,29,31
136,2.2814,s50,1261.62,314.00,716,33,34
136,2.2814,s50,756.65,342.59,776,34,35
136,2.2814,s50,342.71,438.06,282,21,23
136,2.2814,s50,396.95,451.31,505,33,30
136,2.2814,s50,1645.95,525.65,296,17,29
136,2.2814,s50,1627.00,575.98,442,25,29
136,2.2814,s50,1512.61,1043.88,537,26,29
137,2.3013,s50,482.70,71.01,404,31,21
137,2.3013,s50,1015.76,234.64,653,29,31
137,2.3013,s50,1261.81,314.12,723,33,34
137,2.3013,s50,756.59,342.57,772,34,35
137,2.3013,s50,342.67,437.99,283,21,23
137,2.3013,s50,397.02,451.23,503,32,30
137,2.3013,s50,1646.29,526.15,306,18,30
137,2.3013,s50,1626.90,575.82,430,26,29
137,2.3013,s50,1512.66,1043.79,537,26,29
138,2.3174,s50,482.94,71.07,416,31,21
138,2.3174,s50,1015.93,234.68,658,28,32
138,2.3174,s50,1261.62,314.06,718,33,34
138,2.3174,s50,756.63,342.58,775,34,35
138,2.3174,s50,342.69,438.22,282,21,23
138,2.3174,s50,396.99,451.30,499,32,30
138,2.3174,s50,1646.00,526.09,308,17,30
138,2.3174,s50,1627.07,575.98,441,26,29
138,2.3174,s50,1512.61,1043.82,531,26,29
139,2.3335,s50,482.97,71.02,406,31,21
139,2.3335,s50,1015.83,234.71,657,29,32
139,2.3335,s50,1261.61,314.00,718,33,34
139,2.3335,s50,756.64,342.54,772,34,34
139,2.3335,s50,342.63,438.01,295,21,23
139,2.3335,s50,397.14,450.50,538,33,31
139,2.3335,s50,1646.00,526.05,306,17,30
139,2.3335,s50,1626.95,576.05,438,26,29
139,2.3335,s50,1513.00,1043.59,520,26,29
140,2.3494,s50,482.77,70.91,413,31,21
140,2.3494,s50,1015.84,234.53,652,29,31
140,2.3494,s50,1261.61,314.07,715,33,35
140,2.3494,s50,756.62,342.58,770,34,35
140,2.3494,s50,342.71,438.26,287,21,23
140,2.3494,s50,396.89,451.29,511,33,30
140,2.3494,s50,1646.44,525.06,282,15,29
140,2.3494,s50,1626.90,576.02,435,25,29
140,2.3494,s50,1512.75,1043.85,531,26,29
141,2.3655,s50,483.01,71.07,417,31,21
141,2.3655,s50,1015.81,234.59,654,29,31
141,2.3655,s50,1261.55,314.04,723,33,34
141,2.3655,s50,756.60,342.53,768,34,35
141,2.3655,s50,342.55,438.16,283,21,23
141,2.3655,s50,396.77,451.18,499,33,29
141,2.3655,s50,1646.20,526.07,305,17,30
141,2.3655,s50,1627.04,575.92,435,25,29
141,2.3655,s50,1512.85,1043.72,536,26,29
142,2.3814,s50,482.92,70.95,410,31,21
142,2.3814,s50,1015.77,234.55,656,29,31
142,2.3814,s50,1261.61,314.03,719,33,34
142,2.3814,s50,756.52,342.54,781,34,35
142,2.3814,s50,342.38,438.27,287,21,24
142,2.3814,s50,396.95,451.23,503,33,30
142,2.3814,s50,1645.90,526.23,307,18,30
142,2.3814,s50,1626.82,575.97,428,26,29
142,2.3814,s50,1512.72,1043.73,528,26,29
143,2.4013,s50,483.08,70.89,410,31,21
143,2.4013,s50,1015.73,234.68,657,29,31
143,2.4013,s50,1261.71,313.98,721,33,34
143,2.4013,s50,756.72,342.53,775,34,35
143,2.4013,s50,342.71,438.17,289,20,23
143,2.4013,s50,397.06,451.32,500,33,29
143,2.4013,s50,1645.94,525.96,310,18,30
143,2.4013,s50,1626.98,575.90,435,26,29
143,2.4013,s50,1512.79,1043.75,529,26,29
144,2.4174,s50,483.14,70.98,419,31,21
144,2.4174,s50,1015.80,234.77,657,29,32
144,2.4174,s50,1261.63,314.07,722,33,34
144,2.4174,s50,756.56,342.58,771,34,34
144,2.4174,s50,342.49,437.57,273,21,22
144,2.4174,s50,396.91,451.20,504,33,30
144,2.4174,s50,1646.03,526.05,299,17,30
144,2.4174,s50,1626.98,575.86,434,26,29
144,2.4174,s50,1512.63,1043.83,536,26,29
145,2.4334,s50,482.96,71.04,407,31,21
145,2.4334,s50,1015.90,234.67,655,29,31
145,2.4334,s50,1261.62,313.97,715,33,35
145,2.4334,s50,756.54,342.58,771,34,34
145,2.4334,s50,342.71,437.98,282,20,25
145,2.4334,s50,396.84,451.26,500,33,29
145,2.4334,s50,1646.07,525.90,321,18,29
145,2.4334,s50,1627.08,575.81,439,25,28
145,2.4334,s50,1512.75,1043.84,532,27,29
146,2.4494,s50,483.16,71.03,407,31,21
146,2.4494,s50,1015.85,234.65,652,28,31
146,2.4494,s50,1261.38,314.35,734,33,34
146,2.4494,s50,756.68,342.59,770,34,35
146,2.4494,s50,342.53,437.96,280,21,23
146,2.4494,s50,396.99,451.23,499,33,29
146,2.4494,s50,1645.65,525.54,305,20,30
146,2.4494,s50,1627.02,575.82,440,26,29
146,2.4494,s50,1512.78,1043.70,533,27,29
147,2.4654,s50,483.19,71.02,416,31,21
147,2.4654,s50,1015.86,234.61,659,29,31
147,2.4654,s50,1261.56,314.16,718,33,34
147,2.4654,s50,756.72,342.60,772,34,34
147,2.4654,s50,342.58,437.99,280,21,23
147,2.4654,s50,397.02,451.35,497,32,29
147,2.4654,s50,1646.40,525.01,273,14,29
147,2.4654,s50,1627.07,575.90,436,25,29
147,2.4654,s50,1512.91,1043.42,524,26,29
148,2.4814,s50,482.95,71.05,411,31,21
148,2.4814,s50,1015.81,234.63,654,29,31
148,2.4814,s50,1261.43,314.35,738,33,34
148,2.4814,s50,756.63,342.53,771,34,35
148,2.4814,s50,342.59,438.02,285,21,23
148,2.4814,s50,396.92,451.22,506,32,30
148,2.4814,s50,1646.19,526.16,311,17,30
148,2.4814,s50,1627.09,575.90,441,26,29
148,2.4814,s50,1512.81,1043.81,517,26,29
149,2.5014,s50,483.08,71.01,408,31,21
149,2.5014,s50,1015.81,234.68,658,29,31
149,2.5014,s50,1261.62,314.05,715,33,34
149,2.5014,s50,756.73,342.56,769,34,35
149,2.5014,s50,342.53,437.90,282,21,23
149,2.5014,s50,396.88,451.27,512,33,29
149,2.5014,s50,1646.07,525.97,313,18,30
149,2.5014,s50,1626.99,576.07,430,25,29
149,2.5014,s50,1512.70,1043.90,529,26,29
150,2.5174,s50,483.05,71.03,408,31,21
150,2.5174,s50,1015.72,234.75,656,29,31
150,2.5174,s50,1261.56,314.12,718,33,34
150,2.5174,s50,756.69,342.53,779,34,35
150,2.5174,s50,342.73,438.08,293,21,23
150,2.5174,s50,397.04,451.28,506,33,30
150,2.5174,s50,1645.97,526.05,311,17,29
150,2.5174,s50,1626.94,576.03,436,26,30
150,2.5174,s50,1512.82,1043.78,529,25,29
151,2.5335,s50,483.24,71.01,412,31,21
151,2.5335,s50,1015.79,234.67,654,29,32
151,2.5335,s50,1261.69,314.03,724,33,35
151,2.5335,s50,756.65,342.55,771,34,35
151,2.5335,s50,342.61,438.12,286,21,24
151,2.5335,s50,396.91,451.28,508,33,30
151,2.5335,s50,1646.03,526.07,306,17,30
151,2.5335,s50,1626.89,575.96,439,26,29
151,2.5335,s50,1512.68,1043.88,531,26,29
152,2.5494,s50,483.08,71.06,408,31,21
152,2.5494,s50,1015.75,234.71,657,29,31
152,2.5494,s50,1261.58,313.98,718,33,34
152,2.5494,s50,756.61,342.66,770,34,34
152,2.5494,s50,342.59,437.93,282,21,23
152,2.5494,s50,396.95,451.18,504,32,30
152,2.5494,s50,1646.04,525.79,301,18,29
152,2.5494,s50,1626.87,575.91,431,26,29
152,2.5494,s50,1512.72,1043.64,532,26,29
153,2.5654,s50,483.28,71.02,405,31,21
153,2.5654,s50,1015.78,234.73,653,29,31
153,2.5654,s50,1261.66,314.11,722,33,34
153,2.5654,s50,756.64,342.53,768,34,35
153,2.5654,s50,342.72,438.10,288,21,23
153,2.5654,s50,396.79,451.26,506,33,30
153,2.5654,s50,1646.13,526.16,310,18,30
153,2.5654,s50,1627.12,575.93,441,26,29
153,2.5654,s50,1512.69,1043.65,533,26,29
154,2.5814,s50,483.13,70.95,414,31,21
154,2.5814,s50,1016.59,234.88,702,32,32
154,2.5814,s50,1261.43,314.32,739,33,34
154,2.5814,s50,756.67,342.64,775,34,35
154,2.5814,s50,342.61,437.96,289,21,24
154,2.5814,s50,396.94,451.33,505,32,29
154,2.5814,s50,1646.12,526.13,305,17,30
154,2.5814,s50,1627.01,575.86,439,26,29
154,2.5814,s50,1512.63,1043.87,533,28,29
155,2.6014,s50,482.78,70.95,405,31,21
155,2.6014,s50,1016.71,234.88,695,32,31
155,2.6014,s50,1261.68,314.12,722,33,34
155,2.6014,s50,756.75,342.50,779,34,35
155,2.6014,s50,342.80,437.99,285,21,23
155,2.6014,s50,396.99,451.29,499,33,29
155,2.6014,s50,1646.01,525.90,300,16,30
155,2.6014,s50,1626.83,575.91,449,28,29
155,2.6014,s50,1512.60,1043.72,530,26,29
156,2.6174,s50,483.15,71.02,410,31,21
156,2.6174,s50,1015.78,234.64,647,29,31
156,2.6174,s50,1261.62,313.98,724,33,34
156,2.6174,s50,756.79,342.51,786,34,35
156,2.6174,s50,342.86,437.81,269,21,23
156,2.6174,s50,397.09,451.35,506,32,30
156,2.6174,s50,1646.19,525.94,309,17,30
156,2.6174,s50,1626.88,575.92,433,25,29
156,2.6174,s50,1512.70,1043.86,531,26,29
157,2.6334,s50,483.08,71.02,408,31,21
157,2.6334,s50,1015.76,234.63,651,29,31
157,2.6334,s50,1261.69,313.95,724,33,34
157,2.6334,s50,756.83,342.53,792,34,35
157,2.6334,s50,342.69,437.94,289,21,23
157,2.6334,s50,396.80,451.29,507,33,30
157,2.6334,s50,1646.04,525.86,310,18,30
157,2.6334,s50,1626.90,575.90,429,26,29
157,2.6334,s50,1512.80,1043.75,529,26,29
158,2.6494,s50,482.86,70.99,413,31,21
158,2.6494,s50,1015.71,234.59,654,29,31
158,2.6494,s50,1261.44,314.20,735,33,35
158,2.6494,s50,756.88,342.64,791,34,35
158,2.6494,s50,342.80,438.02,281,20,23
158,2.6494,s50,396.91,451.33,503,33,29
158,2.6494,s50,1646.00,525.93,306,18,29
158,2.6494,s50,1626.96,575.68,437,26,29
158,2.6494,s50,1512.72,1043.70,532,26,29
159,2.6655,s50,482.94,70.95,411,31,21
159,2.6655,s50,1015.77,234.63,658,29,32
159,2.6655,s50,1261.62,313.94,713,33,35
159,2.6655,s50,756.93,342.69,791,34,35
159,2.6655,s50,342.65,437.92,278,21,23
159,2.6655,s50,396.87,451.22,513,33,30
159,2.6655,s50,1646.35,525.42,284,14,29
159,2.6655,s50,1626.95,576.02,440,26,29
159,2.6655,s50,1512.84,1043.81,531,26,29
160,2.6814,s50,482.95,70.95,406,31,21
160,2.6814,s50,1016.67,234.86,695,32,31
160,2.6814,s50,1261.05,314.55,679,33,34
160,2.6814,s50,757.06,342.52,792,34,35
160,2.6814,s50,342.70,438.11,282,21,23
160,2.6814,s50,396.93,451.18,504,33,30
160,2.6814,s50,1646.18,526.02,319,17,29
160,2.6814,s50,1627.19,575.90,442,25,29
160,2.6814,s50,1512.63,1043.78,529,27,29
161,2.7014,s50,482.82,71.03,411,31,21
161,2.7014,s50,1015.93,234.69,654,29,31
161,2.7014,s50,1261.79,314.01,705,33,34
161,2.7014,s50,757.24,342.35,800,33,35
161,2.7014,s50,342.68,438.01,277,21,23
161,2.7014,s50,397.05,451.26,498,32,30
161,2.7014,s50,1646.02,525.59,294,17,29
161,2.7014,s50,1627.07,575.85,444,26,29
161,2.7014,s50,1512.65,1043.71,533,26,29
162,2.7174,s50,483.07,70.98,415,31,21
162,2.7174,s50,1016.64,234.79,688,32,31
162,2.7174,s50,1261.66,314.01,672,31,33
162,2.7174,s50,757.32,342.08,802,33,35
162,2.7174,s50,342.67,437.95,288,21,22
162,2.7174,s50,396.92,451.19,499,32,30
162,2.7174,s50,1646.46,525.20,280,15,29
162,2.7174,s50,1627.03,575.91,434,26,29
162,2.7174,s50,1512.70,1043.81,528,26,29
163,2.7335,s50,483.04,70.97,412,31,21
163,2.7335,s50,1015.82,234.70,645,29,31
163,2.7335,s50,1261.88,314.07,663,31,33
163,2.7335,s50,757.35,341.99,788,33,35
163,2.7335,s50,342.70,437.92,288,21,25
163,2.7335,s50,397.02,451.34,498,32,29
163,2.7335,s50,1646.02,525.96,293,17,29
163,2.7335,s50,1627.10,575.92,435,26,29
163,2.7335,s50,1512.76,1043.73,528,26,29
164,2.7494,s50,483.17,71.05,400,31,21
164,2.7494,s50,1015.77,234.81,645,28,31
164,2.7494,s50,1262.04,314.04,655,31,33
164,2.7494,s50,757.41,341.63,770,32,34
164,2.7494,s50,342.57,438.08,277,21,25
164,2.7494,s50,396.97,451.20,501,33,30
164,2.7494,s50,1646.19,525.80,294,17,29
164,2.7494,s50,1627.12,575.95,441,26,29
164,2.7494,s50,1512.81,1043.87,525,26,29
165,2.7655,s50,483.11,70.99,411,31,21
165,2.7655,s50,1015.75,234.71,639,28,31
165,2.7655,s50,1262.05,314.04,652,31,33
165,2.7655,s50,757.37,341.51,748,33,35
165,2.7655,s50,342.66,437.85,281,21,23
165,2.7655,s50,396.90,451.28,504,33,30
165,2.7655,s50,1646.01,526.03,314,18,30
165,2.7655,s50,1626.99,575.88,431,26,29
165,2.7655,s50,1512.69,1043.77,524,26,29
166,2.7814,s50,482.81,71.00,402,31,21
166,2.7814,s50,1015.78,234.77,626,28,31
166,2.7814,s50,1262.15,314.03,652,31,33
166,2.7814,s50,757.25,341.31,750,33,35
166,2.7814,s50,342.82,438.01,284,21,23
166,2.7814,s50,396.88,451.18,501,32,30
166,2.7814,s50,1646.03,526.08,289,18,30
166,2.7814,s50,1627.00,575.84,434,26,29
166,2.7814,s50,1512.70,1043.69,535,26,29
167,2.8014,s50,482.92,70.99,410,31,21
167,2.8014,s50,1015.80,234.93,605,28,30
167,2.8014,s50,1262.14,313.92,657,31,33
167,2.8014,s50,757.23,341.01,750,33,35
167,2.8014,s50,342.50,437.95,284,21,22
167,2.8014,s50,396.99,451.25,494,32,29
167,2.8014,s50,1646.22,525.94,295,16,30
167,2.8014,s50,1626.93,575.95,433,26,29
167,2.8014,s50,1512.74,1043.84,536,26,29
168,2.8174,s50,483.06,70.94,409,31,21
168,2.8174,s50,1015.77,234.90,599,28,30
168,2.8174,s50,1262.48,313.58,626,30,33
168,2.8174,s50,757.25,340.49,739,33,35
168,2.8174,s50,342.54,438.04,282,21,23
168,2.8174,s50,396.97,451.20,505,32,30
168,2.8174,s50,1646.09,526.39,312,18,30
168,2.8174,s50,1627.01,575.85,436,26,29
168,2.8174,s50,1512.69,1043.83,527,27,29
169,2.8335,s50,483.06,71.02,412,31,21
169,2.8335,s50,1015.62,234.75,594,28,30
169,2.8335,s50,1261.98,313.62,644,31,33
169,2.8335,s50,757.47,339.74,742,32,34
169,2.8335,s50,342.58,437.96,280,21,23
169,2.8335,s50,396.92,451.32,506,33,29
169,2.8335,s50,1645.91,526.33,285,18,30
169,2.8335,s50,1627.01,575.93,433,25,29
169,2.8335,s50,1512.45,1043.91,530,26,29
170,2.8497,s50,483.03,71.00,411,31,21
170,2.8497,s50,1015.62,234.61,594,27,29
170,2.8497,s50,1261.99,313.58,628,31,33
170,2.8497,s50,757.18,339.29,746,33,35
170,2.8497,s50,342.56,437.99,281,21,22
170,2.8497,s50,397.00,451.29,504,33,30
170,2.8497,s50,1646.02,526.34,307,18,30
170,2.8497,s50,1627.02,576.02,436,25,29
170,2.8497,s50,1512.70,1043.70,533,26,29
171,2.8655,s50,482.93,71.02,402,31,21
171,2.8655,s50,1015.39,234.34,583,27,29
171,2.8655,s50,1262.00,313.67,614,30,32
171,2.8655,s50,757.33,338.71,734,33,34
171,2.8655,s50,342.57,437.93,280,21,23
171,2.8655,s50,396.88,451.19,510,33,30
171,2.8655,s50,1646.04,525.77,299,18,29
171,2.8655,s50,1627.05,575.98,437,26,29
171,2.8655,s50,1512.71,1043.81,531,26,29
172,2.8814,s50,483.01,71.00,415,31,21
172,2.8814,s50,1015.37,234.25,564,27,28
172,2.8814,s50,1261.22,314.21,568,29,32
172,2.8814,s50,757.51,338.21,721,32,35
172,2.8814,s50,342.72,437.79,273,21,23
172,2.8814,s50,396.88,451.22,505,33,30
172,2.8814,s50,1645.84,525.94,302,17,30
172,2.8814,s50,1627.14,575.89,438,25,29
172,2.8814,s50,1512.75,1043.77,534,26,29
173,2.9014,s50,483.06,70.94,407,31,21
173,2.9014,s50,1015.76,234.10,558,28,28
173,2.9014,s50,1261.00,314.20,568,30,32
173,2.9014,s50,757.83,337.73,725,32,34
173,2.9014,s50,342.78,438.16,288,21,23
173,2.9014,s50,396.88,451.31,502,33,29
173,2.9014,s50,1645.88,526.02,294,18,30
173,2.9014,s50,1626.89,576.14,430,26,29
173,2.9014,s50,1512.57,1043.61,532,26,29
174,2.9175,s50,482.88,71.00,406,31,21
174,2.9175,s50,1015.89,234.14,540,27,28
174,2.9175,s50,1260.91,314.40,570,30,32
174,2.9175,s50,757.95,337.02,702,32,33
174,2.9175,s50,342.65,437.75,277,21,22
174,2.9175,s50,396.95,451.34,500,33,29
174,2.9175,s50,1645.92,526.46,310,18,30
174,2.9175,s50,1626.99,576.00,434,25,29
174,2.9175,s50,1512.71,1043.70,516,26,29
175,2.9334,s50,483.04,71.03,413,31,21
175,2.9334,s50,1016.08,234.23,535,26,28
175,2.9334,s50,1260.94,314.24,564,30,32
175,2.9334,s50,758.49,336.33,708,33,33
175,2.9334,s50,342.75,437.84,283,21,23
175,2.9334,s50,396.96,451.29,499,32,30
175,2.9334,s50,1646.03,525.90,293,17,29
175,2.9334,s50,1627.02,575.72,430,25,29
175,2.9334,s50,1512.81,1043.87,525,25,29
176,2.9494,s50,482.89,70.99,409,31,21
176,2.9494,s50,1015.98,234.22,533,27,28
176,2.9494,s50,1261.29,313.72,605,30,32
176,2.9494,s50,758.86,335.35,705,32,34
176,2.9494,s50,342.64,438.22,275,21,24
176,2.9494,s50,396.82,451.17,501,33,29
176,2.9494,s50,1646.11,526.14,309,18,30
176,2.9494,s50,1627.05,575.86,435,26,29
176,2.9494,s50,1512.75,1043.88,529,27,29
177,2.9655,s50,482.91,70.99,407,31,21
177,2.9655,s50,1015.80,234.15,530,27,28
177,2.9655,s50,1261.05,313.76,594,30,32
177,2.9655,s50,759.09,334.52,704,32,34
177,2.9655,s50,342.79,438.05,276,21,23
177,2.9655,s50,396.93,451.24,510,33,30
177,2.9655,s50,1646.09,525.99,299,18,30
177,2.9655,s50,1626.91,575.89,428,25,29
177,2.9655,s50,1512.55,1043.68,535,26,29
178,2.9854,s50,483.01,71.05,414,31,21
178,2.9854,s50,1015.95,234.13,535,28,28
178,2.9854,s50,1260.78,313.49,589,31,31
178,2.9854,s50,759.79,333.63,709,32,34
178,2.9854,s50,342.71,438.08,279,21,23
178,2.9854,s50,397.14,451.42,496,32,29
178,2.9854,s50,1646.13,524.62,282,18,29
178,2.9854,s50,1626.98,575.97,438,26,29
178,2.9854,s50,1512.83,1043.77,527,26,29
179,3.0014,stop,483.04,70.97,404,31,21
179,3.0014,stop,1016.01,234.03,527,28,28
179,3.0014,stop,1260.41,313.66,572,31,32
179,3.0014,stop,760.24,332.62,715,33,34
179,3.0014,stop,342.58,438.04,286,21,23
179,3.0014,stop,396.89,451.20,505,33,29
179,3.0014,stop,1646.10,526.19,303,17,29
179,3.0014,stop,1626.84,575.77,436,26,29
179,3.0014,stop,1512.77,1043.86,532,26,29
180,3.0174,stop,482.83,70.96,406,31,21
180,3.0174,stop,1015.85,233.89,517,27,27
180,3.0174,stop,1259.35,313.94,542,29,31
180,3.0174,stop,760.90,331.45,708,32,34
180,3.0174,stop,342.59,438.05,279,21,24
180,3.0174,stop,397.17,451.26,505,33,30
180,3.0174,stop,1646.35,525.34,271,15,30
180,3.0174,stop,1626.94,575.94,434,26,29
180,3.0174,stop,1512.65,1043.73,534,26,29
181,3.0335,stop,482.93,70.97,402,31,21
181,3.0335,stop,1015.63,234.28,528,27,30
181,3.0335,stop,1259.84,313.43,575,31,31
181,3.0335,stop,761.61,330.25,713,33,34
181,3.0335,stop,342.70,437.90,274,21,23
181,3.0335,stop,396.91,451.20,507,32,30
181,3.0335,stop,1645.95,526.29,306,18,30
181,3.0335,stop,1626.91,575.83,430,26,29
181,3.0335,stop,1512.77,1043.93,534,26,29
182,3.0494,stop,482.88,70.95,407,31,21
182,3.0494,stop,1015.90,233.81,516,27,28
182,3.0494,stop,1258.52,314.02,572,29,34
182,3.0494,stop,762.31,328.99,714,33,34
182,3.0494,stop,342.72,437.90,281,20,23
182,3.0494,stop,396.81,451.21,509,33,29
182,3.0494,stop,1646.32,525.06,270,15,29
182,3.0494,stop,1626.94,575.89,434,26,29
182,3.0494,stop,1512.76,1043.80,524,26,29
183,3.0654,stop,483.01,71.01,408,31,21
183,3.0654,stop,1015.89,234.19,516,28,30
183,3.0654,stop,1258.31,313.96,570,30,36
183,3.0654,stop,762.99,327.85,713,32,34
183,3.0654,stop,342.61,437.85,282,21,23
183,3.0654,stop,396.90,451.14,504,32,30
183,3.0654,stop,1646.23,525.98,298,17,30
183,3.0654,stop,1627.06,575.83,441,25,29
183,3.0654,stop,1512.73,1043.74,531,26,29
184,3.0854,stop,482.70,70.96,398,31,21
184,3.0854,stop,1015.92,234.23,500,27,29
184,3.0854,stop,1257.45,313.18,576,31,32
184,3.0854,stop,764.11,326.70,704,32,33
184,3.0854,stop,342.63,438.04,282,21,23
184,3.0854,stop,396.81,451.10,510,33,30
184,3.0854,stop,1646.13,525.71,291,17,29
184,3.0854,stop,1626.99,575.71,437,25,29
184,3.0854,stop,1512.68,1043.82,535,26,29
185,3.1014,stop,482.99,70.93,415,31,21
185,3.1014,stop,1015.95,234.26,486,27,29
185,3.1014,stop,1257.09,313.25,578,30,34
185,3.1014,stop,764.92,325.27,706,33,34
185,3.1014,stop,342.77,438.04,287,21,23
185,3.1014,stop,397.06,451.34,500,33,30
185,3.1014,stop,1646.50,525.29,278,14,30
185,3.1014,stop,1626.96,576.04,430,26,29
185,3.1014,stop,1512.63,1043.65,523,26,29
186,3.1176,stop,482.87,71.03,414,31,21
186,3.1176,stop,1016.54,234.79,452,27,28
186,3.1176,stop,1256.27,312.78,573,30,35
186,3.1176,stop,766.10,323.51,717,33,34
186,3.1176,stop,342.82,438.01,278,21,23
186,3.1176,stop,397.14,450.61,533,32,31
186,3.1176,stop,1646.03,525.97,302,18,30
186,3.1176,stop,1627.04,575.84,436,26,29
186,3.1176,stop,1512.77,1043.59,530,26,29
187,3.1338,stop,483.12,71.00,409,31,21
187,3.1338,stop,1016.50,234.89,446,26,28
187,3.1338,stop,1255.63,312.02,561,29,33
187,3.1338,stop,767.32,321.91,733,33,35
187,3.1338,stop,342.80,437.91,285,21,23
187,3.1338,stop,396.95,451.29,500,32,29
187,3.1338,stop,1646.45,525.26,290,14,29
187,3.1338,stop,1626.96,575.80,426,26,29
187,3.1338,stop,1512.94,1043.74,523,26,29
188,3.1494,stop,482.71,70.95,405,31,21
188,3.1494,stop,1016.63,234.55,414,26,26
188,3.1494,stop,1254.83,311.26,551,30,33
188,3.1494,stop,768.36,320.33,735,33,34
188,3.1494,stop,342.56,437.90,278,21,23
188,3.1494,stop,397.01,451.30,506,33,30
188,3.1494,stop,1645.82,525.74,293,16,30
188,3.1494,stop,1627.04,575.91,430,26,29
188,3.1494,stop,1512.80,1043.78,522,26,29
189,3.1657,stop,482.78,71.02,411,31,21
189,3.1657,stop,1016.79,234.66,415,26,25
189,3.1657,stop,1253.95,310.30,561,30,33
189,3.1657,stop,769.60,318.55,748,33,35
189,3.1657,stop,342.53,437.85,284,21,23
189,3.1657,stop,396.96,451.21,505,33,30
189,3.1657,stop,1645.80,526.03,303,18,30
189,3.1657,stop,1627.04,576.03,433,25,29
189,3.1657,stop,1512.84,1043.85,532,26,29
190,3.1854,stop,483.10,70.96,410,31,21
190,3.1854,stop,1016.80,234.84,404,25,25
190,3.1854,stop,1252.96,309.19,567,30,32
190,3.1854,stop,770.87,316.51,742,34,35
190,3.1854,stop,342.89,437.85,266,21,23
190,3.1854,stop,396.94,451.28,504,32,30
190,3.1854,stop,1646.10,525.89,300,18,30
190,3.1854,stop,1626.91,575.62,420,25,29
190,3.1854,stop,1512.76,1043.81,526,26,29
191,3.2014,stop,483.01,71.06,409,31,21
191,3.2014,stop,1016.22,234.39,428,25,27
191,3.2014,stop,1252.02,308.02,564,30,32
191,3.2014,stop,772.35,314.52,753,33,34
191,3.2014,stop,342.62,438.13,286,21,24
191,3.2014,stop,397.01,451.32,499,32,29
191,3.2014,stop,1645.97,526.21,296,18,29
191,3.2014,stop,1627.05,576.05,431,26,29
191,3.2014,stop,1512.78,1043.72,529,26,29
192,3.2174,stop,482.91,70.98,400,31,21
192,3.2174,stop,1016.62,236.37,427,25,31
192,3.2174,stop,1251.41,306.09,607,31,30
192,3.2174,stop,773.96,312.39,762,31,35
192,3.2174,stop,342.49,438.12,282,21,22
192,3.2174,stop,396.93,451.26,511,33,30
192,3.2174,stop,1646.47,524.90,280,14,29
192,3.2174,stop,1626.95,575.93,429,26,29
192,3.2174,stop,1512.72,1043.93,523,26,29
193,3.2335,stop,483.08,71.00,413,31,21
193,3.2335,stop,1016.84,235.96,389,25,26
193,3.2335,stop,1249.97,305.88,648,30,35
193,3.2335,stop,775.71,310.33,777,31,35
193,3.2335,stop,342.68,437.91,275,21,22
193,3.2335,stop,397.04,451.33,499,32,30
193,3.2335,stop,1645.82,526.08,305,18,30
193,3.2335,stop,1626.90,575.86,429,26,28
193,3.2335,stop,1512.69,1043.70,527,26,29
194,3.2495,stop,482.98,71.09,417,31,21
194,3.2495,stop,1016.09,236.90,449,25,34
194,3.2495,stop,1248.87,304.55,641,29,34
194,3.2495,stop,776.98,308.21,763,31,35
194,3.2495,stop,342.85,437.91,273,21,23
194,3.2495,stop,397.16,451.39,500,32,29
194,3.2495,stop,1646.28,525.21,279,15,29
194,3.2495,stop,1627.00,575.86,433,26,29
194,3.2495,stop,1512.67,1043.76,530,26,29
195,3.2654,stop,482.92,71.04,420,31,21
195,3.2654,stop,1016.12,237.09,444,25,27
195,3.2654,stop,777.48,306.40,751,34,35
195,3.2654,stop,1247.80,303.34,650,30,35
195,3.2654,stop,342.60,437.88,280,21,23
195,3.2654,stop,396.82,451.15,505,33,30
195,3.2654,stop,1646.11,526.04,286,18,29
195,3.2654,stop,1627.01,575.90,435,26,29
195,3.2654,stop,1512.88,1043.68,529,26,29
196,3.2854,stop,483.01,71.00,416,31,21
196,3.2854,stop,1015.96,238.13,441,25,28
196,3.2854,stop,778.84,304.58,772,33,35
196,3.2854,stop,1246.40,301.81,684,30,35
196,3.2854,stop,342.71,437.97,279,21,22
196,3.2854,stop,396.72,451.12,503,32,30
196,3.2854,stop,1646.20,525.80,298,17,30
196,3.2854,stop,1626.95,575.76,421,26,28
196,3.2854,stop,1512.72,1043.80,524,26,29
197,3.3021,stop,482.79,70.96,405,31,21
197,3.3021,stop,1015.82,239.13,431,25,28
197,3.3021,stop,779.21,302.14,788,33,36
197,3.3021,stop,1244.94,300.35,688,29,35
197,3.3021,stop,342.84,437.71,276,21,23
197,3.3021,stop,396.93,451.34,500,32,30
197,3.3021,stop,1646.02,525.92,295,17,30
197,3.3021,stop,1627.05,575.77,433,25,29
197,3.3021,stop,1512.70,1043.58,524,26,29
198,3.3174,stop,483.17,71.08,403,31,21
198,3.3174,stop,1015.44,240.30,443,25,27
198,3.3174,stop,780.14,299.87,800,34,36
198,3.3174,stop,1243.47,298.71,681,30,35
198,3.3174,stop,342.62,437.86,278,21,22
198,3.3174,stop,396.89,451.28,498,32,30
198,3.3174,stop,1646.12,525.68,292,17,29
198,3.3174,stop,1627.06,575.88,429,26,28
198,3.3174,stop,1512.69,1043.89,529,26,29
199,3.3335,stop,482.87,70.96,402,31,21
199,3.3335,stop,1015.11,241.97,452,25,28
199,3.3335,stop,782.08,297.96,748,34,36
199,3.3335,stop,1241.90,297.27,682,29,35
199,3.3335,stop,342.66,438.06,290,21,23
199,3.3335,stop,397.10,451.32,494,32,30
199,3.3335,stop,1645.91,525.72,291,18,30
199,3.3335,stop,1627.09,575.81,429,25,29
199,3.3335,stop,1512.71,1043.84,535,26,29
200,3.3494,stop,483.00,71.01,397,31,21
200,3.3494,stop,1014.62,243.80,485,26,30
200,3.3494,stop,782.16,295.52,788,33,36
200,3.3494,stop,1240.53,295.86,669,29,35
200,3.3494,stop,342.61,438.22,284,20,24
200,3.3494,stop,396.98,451.23,501,32,30
200,3.3494,stop,1646.10,525.96,288,18,29
200,3.3494,stop,1626.94,575.76,424,26,29
200,3.3494,stop,1512.77,1043.73,520,26,29
201,3.3655,stop,482.92,70.91,403,31,21
201,3.3655,stop,1014.11,245.02,499,26,29
201,3.3655,stop,783.71,293.36,826,33,35
201,3.3655,stop,1238.29,294.67,641,29,35
201,3.3655,stop,342.66,438.15,279,21,23
201,3.3655,stop,396.96,451.30,502,33,29
201,3.3655,stop,1646.53,524.85,268,14,29
201,3.3655,stop,1627.14,575.75,430,25,29
201,3.3655,stop,1512.81,1043.76,537,26,29
202,3.3854,stop,483.15,70.95,401,31,21
202,3.3854,stop,1013.49,246.59,513,26,30
202,3.3854,stop,784.84,291.02,836,34,36
202,3.3854,stop,1236.50,292.68,632,29,35
202,3.3854,stop,342.55,437.94,282,21,23
202,3.3854,stop,396.81,451.29,510,33,30
202,3.3854,stop,1646.00,525.86,286,17,30
202,3.3854,stop,1627.00,575.97,425,25,29
202,3.3854,stop,1512.75,1043.89,522,26,29
203,3.4015,stop,483.06,70.97,403,31,21
203,3.4015,stop,1012.82,248.45,512,26,28
203,3.4015,stop,785.78,288.45,827,34,36
203,3.4015,stop,1234.61,290.82,650,29,35
203,3.4015,stop,342.61,438.05,283,21,22
203,3.4015,stop,396.97,451.29,496,32,30
203,3.4015,stop,1646.14,526.11,297,17,29
203,3.4015,stop,1627.07,575.88,433,26,29
203,3.4015,stop,1512.71,1043.67,517,26,29
204,3.4181,stop,482.99,71.03,394,31,21
204,3.4181,stop,1012.24,250.10,508,26,28
204,3.4181,stop,786.62,286.03,838,34,36
204,3.4181,stop,1232.67,289.00,644,29,35
204,3.4181,stop,342.89,438.04,274,21,23
204,3.4181,stop,397.05,451.30,490,32,29
204,3.4181,stop,1645.84,526.01,301,18,29
204,3.4181,stop,1627.05,576.01,435,26,29
204,3.4181,stop,1512.69,1043.70,524,26,29
205,3.4335,stop,483.01,70.98,409,31,21
205,3.4335,stop,1011.18,252.41,519,26,29
205,3.4335,stop,788.15,283.74,795,34,36
205,3.4335,stop,1231.54,286.73,673,30,34
205,3.4335,stop,342.54,437.92,276,21,22
205,3.4335,stop,396.98,451.27,497,32,30
205,3.4335,stop,1646.03,525.71,292,18,29
205,3.4335,stop,1626.95,575.96,427,25,29
205,3.4335,stop,1512.71,1043.71,526,26,29
206,3.4495,stop,482.83,70.90,406,31,21
206,3.4495,stop,1010.46,253.99,508,26,29
206,3.4495,stop,788.66,281.00,803,35,35
206,3.4495,stop,1229.24,285.38,623,30,34
206,3.4495,stop,342.57,437.81,275,21,23
206,3.4495,stop,397.16,451.33,492,32,29
206,3.4495,stop,1646.44,524.04,248,14,26
206,3.4495,stop,1626.99,575.90,437,25,29
206,3.4495,stop,1512.76,1043.83,536,26,29
207,3.4655,stop,483.10,71.03,406,31,21
207,3.4655,stop,1009.21,256.08,533,26,30
207,3.4655,stop,789.33,278.47,800,34,36
207,3.4655,stop,1227.03,283.58,619,30,33
207,3.4655,stop,342.81,437.89,274,21,23
207,3.4655,stop,397.07,451.32,482,32,29
207,3.4655,stop,1646.13,526.47,305,18,30
207,3.4655,stop,1626.96,575.81,439,26,29
207,3.4655,stop,1512.73,1043.77,526,26,29
208,3.4854,stop,483.05,71.04,405,31,21
208,3.4854,stop,1008.09,257.95,545,27,31
208,3.4854,stop,789.87,275.77,782,34,35
208,3.4854,stop,1224.82,281.84,637,29,33
208,3.4854,stop,342.65,437.96,276,21,22
208,3.4854,stop,396.86,451.21,500,32,30
208,3.4854,stop,1645.86,526.08,304,18,30
208,3.4854,stop,1626.94,575.94,430,25,29
208,3.4854,stop,1512.65,1043.76,525,26,29
209,3.5015,stop,482.78,70.98,407,31,21
209,3.5015,stop,1006.64,260.06,573,27,31
209,3.5015,stop,790.43,273.01,770,34,35
209,3.5015,stop,1222.37,279.65,662,31,33
209,3.5015,stop,342.68,438.01,278,21,23
209,3.5015,stop,396.91,451.29,498,33,31
209,3.5015,stop,1646.55,525.03,277,15,30
209,3.5015,stop,1626.99,575.97,432,25,29
209,3.5015,stop,1512.76,1043.75,519,26,29
210,3.5174,stop,482.95,70.98,405,31,21
210,3.5174,stop,1005.37,262.03,601,27,30
210,3.5174,stop,790.79,269.98,756,34,35
210,3.5174,stop,1220.27,278.21,662,31,32
210,3.5174,stop,342.88,437.95,282,20,22
210,3.5174,stop,396.87,451.27,501,33,30
210,3.5174,stop,1645.74,526.35,306,17,31
210,3.5174,stop,1626.93,575.99,424,25,29
210,3.5174,stop,1512.75,1043.84,524,26,29
211,3.5335,stop,482.84,71.00,401,31,21
211,3.5335,stop,791.29,267.10,743,33,35
211,3.5335,stop,1004.28,264.38,598,27,30
211,3.5335,stop,1218.13,276.79,684,30,34
211,3.5335,stop,342.63,437.92,279,21,22
211,3.5335,stop,396.85,451.23,500,33,30
211,3.5335,stop,1646.02,525.71,293,17,30
211,3.5335,stop,1626.86,575.91,426,26,29
211,3.5335,stop,1512.64,1043.90,530,26,29
212,3.5494,stop,482.89,70.99,400,31,21
212,3.5494,stop,791.60,264.32,729,33,35
212,3.5494,stop,1003.54,266.59,607,28,31
212,3.5494,stop,1215.88,275.04,686,30,34
212,3.5494,stop,342.52,437.97,279,21,22
212,3.5494,stop,396.89,451.11,502,33,30
212,3.5494,stop,1646.47,525.14,273,14,29
212,3.5494,stop,1627.06,575.78,430,25,29
212,3.5494,stop,1512.71,1043.88,527,26,29
213,3.5655,stop,483.04,70.96,413,31,21
213,3.5655,stop,791.97,261.33,712,32,35
213,3.5655,stop,1002.58,269.28,607,28,31
213,3.5655,stop,1213.51,273.54,705,31,34
213,3.5655,stop,342.77,438.06,275,21,22
213,3.5655,stop,397.11,451.35,493,32,31
213,3.5655,stop,1646.54,524.18,259,15,26
213,3.5655,stop,1626.84,575.96,429,26,29
213,3.5655,stop,1512.67,1043.74,517,26,29
214,3.5854,stop,483.16,71.00,413,31,21
214,3.5854,stop,792.58,258.66,709,33,34
214,3.5854,stop,1001.57,271.47,624,28,32
214,3.5854,stop,1210.86,271.91,727,32,34
214,3.5854,stop,342.67,438.19,282,21,23
214,3.5854,stop,397.14,451.25,500,32,29
214,3.5854,stop,1646.08,525.95,296,17,29
214,3.5854,stop,1626.99,575.97,425,25,29
214,3.5854,stop,1512.98,1043.82,524,26,29
215,3.6015,stop,483.05,71.05,402,31,21
215,3.6015,stop,793.05,255.74,700,32,34
215,3.6015,stop,1208.68,270.43,728,32,34
215,3.6015,stop,1000.69,273.69,606,27,31
215,3.6015,stop,342.81,437.84,273,21,23
215,3.6015,stop,396.98,451.27,504,32,31
215,3.6015,stop,1646.05,525.96,285,17,30
215,3.6015,stop,1626.97,575.92,424,25,29
215,3.6015,stop,1512.69,1043.74,516,26,29
216,3.6175,stop,482.84,70.93,402,31,21
216,3.6175,stop,793.64,253.05,699,32,34
216,3.6175,stop,1205.90,268.66,737,33,33
216,3.6175,stop,999.85,276.28,621,28,31
216,3.6175,stop,342.90,437.89,260,21,23
216,3.6175,stop,397.01,451.33,498,33,30
216,3.6175,stop,1646.36,524.84,262,14,29
216,3.6175,stop,1626.98,575.95,433,25,29
216,3.6175,stop,1512.85,1043.84,528,26,29
217,3.6335,stop,482.78,70.99,396,31,21
217,3.6335,stop,794.22,250.17,694,32,34
217,3.6335,stop,1203.45,266.90,743,34,33
217,3.6335,stop,998.30,279.07,668,29,32
217,3.6335,stop,342.66,437.96,284,21,23
217,3.6335,stop,396.96,451.34,503,32,29
217,3.6335,stop,1646.20,525.83,285,17,30
217,3.6335,stop,1626.95,575.75,432,26,29
217,3.6335,stop,1512.82,1043.85,518,26,29
218,3.6494,stop,482.69,70.92,407,31,21
218,3.6494,stop,794.96,247.14,687,32,34
218,3.6494,stop,1200.99,265.46,735,34,32
218,3.6494,stop,997.86,281.72,709,33,33
218,3.6494,stop,342.63,438.06,281,21,23
218,3.6494,stop,396.91,451.39,501,33,29
218,3.6494,stop,1646.52,525.26,273,15,29
218,3.6494,stop,1626.96,575.90,422,26,29
218,3.6494,stop,1512.67,1043.86,518,26,29
219,3.6655,stop,483.13,70.97,409,31,21
219,3.6655,stop,795.43,244.24,684,31,34
219,3.6655,stop,1198.76,263.89,711,34,33
219,3.6655,stop,996.42,284.17,711,33,32
219,3.6655,stop,342.73,437.92,268,21,23
219,3.6655,stop,397.00,451.37,491,33,29
219,3.6655,stop,1646.50,525.34,270,14,29
219,3.6655,stop,1626.86,576.09,429,26,29
219,3.6655,stop,1512.67,1043.82,528,26,29
220,3.6854,stop,482.92,70.95,407,31,21
220,3.6854,stop,796.29,241.31,667,31,33
220,3.6854,stop,1196.36,262.52,732,34,33
220,3.6854,stop,994.94,286.91,720,33,33
220,3.6854,stop,342.83,437.99,275,21,23
220,3.6854,stop,397.00,451.19,499,32,30
220,3.6854,stop,1646.06,526.02,288,17,30
220,3.6854,stop,1627.01,575.86,433,25,29
220,3.6854,stop,1512.74,1043.83,527,26,29
221,3.7015,stop,483.17,71.06,408,31,21
221,3.7015,stop,797.09,238.28,660,31,33
221,3.7015,stop,1194.12,261.02,726,34,32
221,3.7015,stop,992.61,289.27,685,30,33
221,3.7015,stop,342.67,438.07,279,21,23
221,3.7015,stop,397.13,451.30,486,33,29
221,3.7015,stop,1646.64,525.20,270,14,29
221,3.7015,stop,1626.96,575.99,433,25,29
221,3.7015,stop,1512.88,1043.78,524,26,29
222,3.7175,stop,483.00,70.94,396,31,21
222,3.7175,stop,797.99,235.45,651,31,34
222,3.7175,stop,1191.58,259.87,733,35,33
222,3.7175,stop,991.24,292.34,748,33,33
222,3.7175,stop,342.57,437.72,275,21,22
222,3.7175,stop,396.93,451.18,500,33,30
222,3.7175,stop,1646.49,525.16,270,14,29
222,3.7175,stop,1626.94,575.81,425,26,29
222,3.7175,stop,1512.67,1043.82,519,26,29
223,3.7335,stop,482.97,70.95,399,31,21
223,3.7335,stop,798.98,232.58,646,31,34
223,3.7335,stop,1189.37,258.40,736,34,32
223,3.7335,stop,989.42,294.89,747,33,33
223,3.7335,stop,342.67,438.06,286,21,23
223,3.7335,stop,396.96,451.33,494,32,30
223,3.7335,stop,1646.57,525.10,283,15,30
223,3.7335,stop,1626.99,575.92,425,25,29
223,3.7335,stop,1512.70,1043.71,530,26,29
224,3.7499,stop,482.88,71.03,402,31,21
224,3.7499,stop,800.07,229.55,633,31,33
224,3.7499,stop,1187.57,257.10,714,34,32
224,3.7499,stop,986.89,296.99,707,31,34
224,3.7499,stop,342.74,438.03,281,21,23
224,3.7499,stop,396.85,451.28,501,33,29
224,3.7499,stop,1645.92,526.28,298,17,30
224,3.7499,stop,1627.07,575.99,431,26,29
224,3.7499,stop,1512.74,1043.70,522,26,29
225,3.7694,stop,482.80,70.94,408,31,21
225,3.7694,stop,801.15,227.00,627,31,33
225,3.7694,stop,1185.92,255.55,772,35,33
225,3.7694,stop,984.47,299.61,712,31,33
225,3.7694,stop,342.57,437.97,287,21,23
225,3.7694,stop,396.82,451.29,496,33,30
225,3.7694,stop,1646.18,525.40,291,17,29
225,3.7694,stop,1626.96,575.92,420,26,29
225,3.7694,stop,1512.69,1043.65,529,26,29
226,3.7855,stop,483.02,71.00,401,31,21
226,3.7855,stop,802.04,224.32,629,31,33
226,3.7855,stop,1183.76,255.21,714,35,33
226,3.7855,stop,983.66,302.48,808,34,34
226,3.7855,stop,342.63,437.81,277,21,23
226,3.7855,stop,396.84,451.24,491,33,30
226,3.7855,stop,1646.08,525.58,285,17,29
226,3.7855,stop,1627.00,575.73,428,25,29
226,3.7855,stop,1512.75,1043.70,530,26,29
227,3.8015,stop,482.93,71.04,403,31,21
227,3.8015,stop,803.30,221.50,629,31,33
227,3.8015,stop,1181.69,254.15,724,35,32
227,3.8015,stop,981.41,305.24,793,34,34
227,3.8015,stop,342.96,438.07,276,21,23
227,3.8015,stop,396.94,451.32,496,33,30
227,3.8015,stop,1646.11,525.57,291,17,29
227,3.8015,stop,1627.00,575.95,432,25,29
227,3.8015,stop,1512.82,1044.02,519,26,29
228,3.8175,stop,482.90,70.97,403,31,21
228,3.8175,stop,804.83,218.62,623,31,33
228,3.8175,stop,1180.00,253.00,712,34,31
228,3.8175,stop,979.25,308.03,825,34,35
228,3.8175,stop,342.65,437.96,270,21,24
228,3.8175,stop,396.90,451.38,493,33,29
228,3.8175,stop,1645.99,526.15,288,18,30
228,3.8175,stop,1626.95,575.87,430,25,29
228,3.8175,stop,1512.66,1043.68,521,26,29
229,3.8335,stop,483.14,71.04,400,31,21
229,3.8335,stop,806.35,215.97,616,31,33
229,3.8335,stop,1178.26,252.04,702,34,31
229,3.8335,stop,977.76,310.76,779,34,34
229,3.8335,stop,342.59,437.96,274,21,23
229,3.8335,stop,396.86,451.24,498,33,30
229,3.8335,stop,1646.01,525.52,293,17,29
229,3.8335,stop,1627.03,575.73,424,26,28
229,3.8335,stop,1512.85,1043.80,527,26,29
230,3.8494,stop,483.26,71.00,400,31,21
230,3.8494,stop,807.71,213.27,608,32,32
230,3.8494,stop,1176.91,251.20,694,34,30
230,3.8494,stop,975.08,312.86,811,32,35
230,3.8494,stop,342.68,438.03,281,21,24
230,3.8494,stop,396.88,451.12,505,32,30
230,3.8494,stop,1645.95,525.94,297,18,30
230,3.8494,stop,1626.85,575.85,424,26,28
230,3.8494,stop,1512.72,1043.75,528,26,29
231,3.8694,stop,482.98,71.02,407,31,21
231,3.8694,stop,809.18,210.89,603,32,32
231,3.8694,stop,1175.82,249.96,693,35,32
231,3.8694,stop,972.85,315.37,801,33,35
231,3.8694,stop,342.74,437.89,268,21,23
231,3.8694,stop,396.87,451.13,502,32,30
231,3.8694,stop,1645.78,525.60,277,16,29
231,3.8694,stop,1627.00,575.94,424,25,29
231,3.8694,stop,1512.70,1043.68,518,26,29
232,3.8854,stop,483.06,71.05,394,31,21
232,3.8854,stop,810.96,208.23,594,32,31
232,3.8854,stop,1174.69,248.94,716,35,32
232,3.8854,stop,970.62,317.71,793,34,36
232,3.8854,stop,342.82,438.12,274,21,23
232,3.8854,stop,396.95,451.37,486,33,29
232,3.8854,stop,1645.96,526.10,283,18,30
232,3.8854,stop,1626.64,575.80,435,28,28
232,3.8854,stop,1512.71,1043.77,522,26,29
233,3.9015,stop,483.18,71.00,406,31,21
233,3.9015,stop,812.35,205.83,594,33,30
233,3.9015,stop,1173.80,248.32,712,35,32
233,3.9015,stop,969.14,320.32,755,32,35
233,3.9015,stop,342.53,437.77,273,21,23
233,3.9015,stop,397.04,451.41,494,32,29
233,3.9015,stop,1646.37,525.14,278,15,29
233,3.9015,stop,1626.91,575.80,420,26,29
233,3.9015,stop,1512.71,1043.86,529,26,29
234,3.9175,stop,483.02,71.01,406,31,21
234,3.9175,stop,813.70,203.60,574,33,29
234,3.9175,stop,1173.20,246.87,741,35,34
234,3.9175,stop,967.19,322.56,737,32,35
234,3.9175,stop,342.63,437.99,281,21,23
234,3.9175,stop,397.10,450.38,535,32,31
234,3.9175,stop,1646.01,525.85,274,17,29
234,3.9175,stop,1627.00,575.80,424,25,28
234,3.9175,stop,1512.62,1043.80,524,26,29
235,3.9335,stop,482.96,71.05,407,31,21
235,3.9335,stop,815.42,201.10,572,33,30
235,3.9335,stop,1172.28,246.23,748,35,34
235,3.9335,stop,965.53,324.63,741,31,35
235,3.9335,stop,342.68,437.85,269,21,22
235,3.9335,stop,396.98,451.30,490,32,30
235,3.9335,stop,1646.17,525.86,292,17,30
235,3.9335,stop,1626.85,576.04,423,26,29
235,3.9335,stop,1512.81,1043.66,520,26,29
236,3.9494,stop,483.15,70.95,410,31,21
236,3.9494,stop,816.67,198.85,571,33,29
236,3.9494,stop,1170.94,246.51,708,34,33
236,3.9494,stop,963.68,326.86,735,31,35
236,3.9494,stop,342.74,438.08,282,21,23
236,3.9494,stop,396.97,451.34,499,32,30
236,3.9494,stop,1646.10,526.00,290,17,30
236,3.9494,stop,1626.91,575.89,437,26,29
236,3.9494,stop,1512.74,1043.61,522,26,29
237,3.9695,stop,482.91,70.90,402,31,21
237,3.9695,stop,818.21,196.72,575,34,28
237,3.9695,stop,1170.08,246.00,721,34,32
237,3.9695,stop,962.11,328.92,705,30,35
237,3.9695,stop,343.05,437.92,271,21,23
237,3.9695,stop,396.82,451.20,502,33,30
237,3.9695,stop,1646.13,525.96,294,17,30
237,3.9695,stop,1627.01,575.67,424,26,29
237,3.9695,stop,1512.66,1043.81,519,27,29
238,3.9855,stop,482.93,70.96,401,31,21
238,3.9855,stop,819.78,194.67,553,33,28
238,3.9855,stop,1169.44,245.11,695,35,31
238,3.9855,stop,960.57,331.05,701,30,35
238,3.9855,stop,342.63,438.03,279,21,23
238,3.9855,stop,396.94,451.33,496,33,30
238,3.9855,stop,1646.40,523.55,244,14,25
238,3.9855,stop,1627.00,575.99,426,25,29
238,3.9855,stop,1512.61,1043.74,527,26,29
239,4.0015,stop,483.26,70.99,408,32,21
239,4.0015,stop,821.30,192.44,561,34,29
239,4.0015,stop,1168.71,244.37,697,35,30
239,4.0015,stop,959.43,333.03,700,30,35
239,4.0015,stop,342.61,438.00,273,21,23
239,4.0015,stop,396.86,451.25,500,33,29
239,4.0015,stop,1646.33,525.10,263,14,29
239,4.0015,stop,1626.96,575.91,424,25,29
239,4.0015,stop,1512.65,1043.74,528,26,29
240,4.0175,stop,483.07,70.94,404,31,21
240,4.0175,stop,822.62,190.55,576,33,29
240,4.0175,stop,1167.90,244.15,718,34,32
240,4.0175,stop,958.22,334.95,678,30,35
240,4.0175,stop,342.67,438.03,277,21,23
240,4.0175,stop,397.02,451.30,495,32,29
240,4.0175,stop,1645.97,526.20,291,18,30
240,4.0175,stop,1626.88,575.85,423,25,29
240,4.0175,stop,1512.71,1043.82,519,26,29
241,4.0335,stop,482.93,71.00,402,31,21
241,4.0335,stop,824.21,188.59,580,34,29
241,4.0335,stop,1167.30,243.75,724,35,32
241,4.0335,stop,957.16,337.11,683,30,36
241,4.0335,stop,342.76,438.07,274,21,23
241,4.0335,stop,397.05,451.33,494,33,30
241,4.0335,stop,1646.43,525.19,275,14,30
241,4.0335,stop,1626.99,575.98,427,25,29
241,4.0335,stop,1512.69,1043.87,522,26,29
242,4.0495,stop,483.00,70.94,404,31,21
242,4.0495,stop,825.42,186.85,564,34,28
242,4.0495,stop,1166.79,243.32,713,34,32
242,4.0495,stop,956.27,339.24,693,28,36
242,4.0495,stop,342.91,437.96,268,21,23
242,4.0495,stop,396.83,451.30,510,33,29
242,4.0495,stop,1645.83,525.98,291,18,30
242,4.0495,stop,1627.02,576.02,431,25,29
242,4.0495,stop,1512.78,1043.69,519,26,29
243,4.0694,stop,483.29,71.09,413,31,21
243,4.0694,stop,826.58,185.16,563,33,28
243,4.0694,stop,1166.16,242.58,705,35,30
243,4.0694,stop,955.80,341.09,685,28,36
243,4.0694,stop,342.52,438.05,279,21,23
243,4.0694,stop,396.92,451.27,499,33,29
243,4.0694,stop,1646.02,525.54,284,17,30
243,4.0694,stop,1626.97,575.84,425,26,29
243,4.0694,stop,1512.87,1043.62,514,26,29
244,4.0854,stop,482.79,71.06,400,31,21
244,4.0854,stop,827.31,183.45,565,34,28
244,4.0854,stop,1166.08,242.10,758,35,34
244,4.0854,stop,955.30,342.97,691,28,36
244,4.0854,stop,342.94,438.15,271,21,24
244,4.0854,stop,396.88,451.39,485,32,29
244,4.0854,stop,1646.48,525.32,278,14,29
244,4.0854,stop,1626.91,575.90,427,25,29
244,4.0854,stop,1512.75,1043.94,528,26,29
245,4.1015,stop,483.07,71.14,397,31,21
245,4.1015,stop,827.61,181.56,585,33,29
245,4.1015,stop,1165.35,242.87,728,34,32
245,4.1015,stop,955.04,344.88,709,29,37
245,4.1015,stop,342.60,437.94,277,21,22
245,4.1015,stop,396.84,451.19,495,33,30
245,4.1015,stop,1646.20,525.82,292,17,29
245,4.1015,stop,1626.93,575.94,421,26,27
245,4.1015,stop,1512.89,1043.93,519,26,29
246,4.1175,stop,483.19,71.06,396,31,21
246,4.1175,stop,827.73,179.88,576,33,29
246,4.1175,stop,1164.99,242.22,711,34,31
246,4.1175,stop,954.84,346.52,712,29,36
246,4.1175,stop,342.89,437.87,270,21,22
246,4.1175,stop,396.80,451.25,504,33,29
246,4.1175,stop,1646.01,525.39,284,17,30
246,4.1175,stop,1626.97,575.79,428,27,29
246,4.1175,stop,1512.78,1043.81,524,26,29
247,4.1341,stop,483.03,71.05,396,31,21
247,4.1341,stop,827.20,178.29,570,34,28
247,4.1341,stop,1164.63,242.04,710,35,30
247,4.1341,stop,954.21,347.85,779,33,37
247,4.1341,stop,342.63,438.01,276,21,23
247,4.1341,stop,397.01,451.41,496,32,29
247,4.1341,stop,1645.81,525.54,280,17,30
247,4.1341,stop,1626.96,575.76,426,25,29
247,4.1341,stop,1512.71,1043.86,518,26,29
248,4.1495,stop,482.98,71.00,397,31,21
248,4.1495,stop,826.75,176.80,518,30,28
248,4.1495,stop,1164.32,241.93,693,35,30
248,4.1495,stop,955.44,349.62,753,30,37
248,4.1495,stop,343.07,437.87,270,21,23
248,4.1495,stop,397.16,451.35,494,32,30
248,4.1495,stop,1646.39,524.96,272,15,29
248,4.1495,stop,1626.95,575.88,422,25,29
248,4.1495,stop,1512.76,1043.74,522,26,29
249,4.1694,stop,483.17,71.01,404,31,21
249,4.1694,stop,825.57,175.52,503,29,28
249,4.1694,stop,1164.07,242.00,686,34,30
249,4.1694,stop,955.12,350.98,803,33,36
249,4.1694,stop,342.81,437.83,278,21,23
249,4.1694,stop,397.07,451.32,498,32,30
249,4.1694,stop,1645.93,526.18,292,18,30
249,4.1694,stop,1626.96,575.72,425,25,29
249,4.1694,stop,1512.74,1043.87,518,27,29
250,4.1855,stop,482.72,71.00,397,31,21
250,4.1855,stop,824.22,174.33,491,30,26
250,4.1855,stop,1163.86,241.94,693,34,30
250,4.1855,stop,956.41,352.95,775,32,36
250,4.1855,stop,342.96,438.03,275,21,23
250,4.1855,stop,397.31,451.46,486,32,29
250,4.1855,stop,1646.40,525.24,279,14,29
250,4.1855,stop,1626.92,575.96,416,25,29
250,4.1855,stop,1513.08,1043.65,508,25,29
251,4.2015,stop,483.01,70.84,396,31,21
251,4.2015,stop,823.09,173.22,480,30,27
251,4.2015,stop,1163.84,241.90,697,34,31
251,4.2015,stop,956.33,353.98,822,34,36
251,4.2015,stop,342.57,437.98,272,21,23
251,4.2015,stop,396.97,451.37,491,32,29
251,4.2015,stop,1646.08,525.42,288,17,29
251,4.2015,stop,1626.80,575.97,427,25,29
251,4.2015,stop,1512.84,1043.85,511,25,29
252,4.2175,stop,482.88,71.00,400,31,21
252,4.2175,stop,821.67,172.05,451,31,26
252,4.2175,stop,1163.80,241.83,705,34,31
252,4.2175,stop,957.23,355.20,846,34,37
252,4.2175,stop,342.85,438.01,270,21,23
252,4.2175,stop,397.11,451.34,497,33,29
252,4.2175,stop,1646.03,525.78,289,16,29
252,4.2175,stop,1627.00,575.76,429,25,29
252,4.2175,stop,1512.83,1043.86,525,26,29
253,4.2335,stop,483.14,70.97,405,31,21
253,4.2335,stop,820.70,171.18,435,29,26
253,4.2335,stop,1163.87,242.13,723,34,33
253,4.2335,stop,958.16,356.55,851,34,35
253,4.2335,stop,342.70,437.84,274,21,22
253,4.2335,stop,397.17,451.31,497,32,29
253,4.2335,stop,1646.50,525.17,280,15,29
253,4.2335,stop,1626.87,575.84,424,26,29
253,4.2335,stop,1512.70,1043.86,518,26,29
254,4.2495,stop,483.21,70.99,403,31,21
254,4.2495,stop,819.79,170.53,402,29,25
254,4.2495,stop,1163.98,241.86,705,34,31
254,4.2495,stop,958.82,357.74,851,34,35
254,4.2495,stop,342.77,437.87,269,21,22
254,4.2495,stop,397.21,451.42,485,32,29
254,4.2495,stop,1646.01,526.17,282,17,30
254,4.2495,stop,1626.98,575.81,425,26,29
254,4.2495,stop,1512.84,1043.80,511,26,29
255,4.2695,stop,482.82,70.94,402,31,21
255,4.2695,stop,818.95,169.95,393,28,24
255,4.2695,stop,1164.03,241.75,711,34,31
255,4.2695,stop,959.41,358.66,865,33,36
255,4.2695,stop,342.52,438.14,281,21,23
255,4.2695,stop,397.03,451.35,489,33,29
255,4.2695,stop,1646.00,525.66,274,17,29
255,4.2695,stop,1626.85,575.91,421,24,29
255,4.2695,stop,1512.72,1043.68,523,26,29
256,4.2854,stop,482.94,71.14,400,31,21
256,4.2854,stop,818.27,169.64,375,28,25
256,4.2854,stop,1164.57,241.20,743,34,33
256,4.2854,stop,960.33,359.59,870,34,36
256,4.2854,stop,342.57,438.04,276,21,23
256,4.2854,stop,397.17,451.33,492,33,29
256,4.2854,stop,1646.49,524.77,259,14,29
256,4.2854,stop,1626.95,575.86,431,26,29
256,4.2854,stop,1512.97,1043.64,518,25,29
257,4.3020,stop,483.07,71.03,398,31,21
257,4.3020,stop,817.52,169.24,366,27,24
257,4.3020,stop,1164.65,241.10,739,34,31
257,4.3020,stop,961.37,360.52,838,34,34
257,4.3020,stop,342.80,437.87,270,20,23
257,4.3020,stop,396.95,451.29,493,32,29
257,4.3020,stop,1645.87,525.99,271,17,30
257,4.3020,stop,1626.96,575.99,422,26,29
257,4.3020,stop,1512.83,1043.76,527,26,29
258,4.3175,stop,482.85,70.95,396,31,21
258,4.3175,stop,816.39,168.76,383,28,25
258,4.3175,stop,1164.85,241.49,768,35,34
258,4.3175,stop,962.19,361.44,836,34,35
258,4.3175,stop,342.74,437.93,269,21,23
258,4.3175,stop,396.97,451.22,499,32,30
258,4.3175,stop,1646.23,526.14,286,17,30
258,4.3175,stop,1626.95,575.87,433,25,29
258,4.3175,stop,1512.65,1043.76,524,26,29
259,4.3336,stop,482.73,71.00,407,31,21
259,4.3336,stop,816.11,168.87,385,29,24
259,4.3336,stop,1164.92,242.13,738,34,33
259,4.3336,stop,962.37,361.81,790,34,35
259,4.3336,stop,342.72,438.22,275,20,24
259,4.3336,stop,397.07,451.24,495,33,30
259,4.3336,stop,1646.49,523.95,248,14,26
259,4.3336,stop,1627.00,576.02,427,26,29
259,4.3336,stop,1512.71,1043.68,529,26,29
260,4.3495,stop,482.96,71.05,407,31,21
260,4.3495,stop,817.01,169.55,361,28,25
260,4.3495,stop,1165.47,242.15,714,34,33
260,4.3495,stop,963.17,362.36,798,33,34
260,4.3495,stop,342.55,437.92,275,21,22
260,4.3495,stop,396.97,451.24,503,32,30
260,4.3495,stop,1646.46,524.96,268,14,29
260,4.3495,stop,1626.85,576.08,425,25,29
260,4.3495,stop,1512.68,1043.79,517,25,29
261,4.3694,stop,482.81,70.94,392,31,21
261,4.3694,stop,816.88,169.83,369,28,25
261,4.3694,stop,1165.69,242.26,729,35,33
261,4.3694,stop,963.53,363.29,777,32,34
261,4.3694,stop,342.65,437.84,268,21,23
261,4.3694,stop,396.86,451.40,501,33,29
261,4.3694,stop,1646.37,525.12,264,14,29
261,4.3694,stop,1626.81,575.98,413,26,29
261,4.3694,stop,1512.62,1043.86,520,26,29
262,4.3855,stop,483.11,70.90,404,31,21
262,4.3855,stop,816.35,170.33,431,29,25
262,4.3855,stop,1166.13,241.91,713,34,31
262,4.3855,stop,964.15,363.87,781,33,35
262,4.3855,stop,342.60,438.06,272,21,22
262,4.3855,stop,396.99,451.38,492,32,29
262,4.3855,stop,1645.86,524.58,272,19,29
262,4.3855,stop,1626.96,575.72,417,25,28
262,4.3855,stop,1512.82,1043.71,523,28,29
263,4.4015,stop,483.00,71.03,394,31,21
263,4.4015,stop,817.27,171.72,411,28,26
263,4.4015,stop,1166.46,242.50,727,34,33
263,4.4015,stop,964.54,364.34,762,32,35
263,4.4015,stop,342.65,438.03,280,21,23
263,4.4015,stop,397.04,451.36,487,32,29
263,4.4015,stop,1646.35,524.70,260,14,31
263,4.4015,stop,1626.96,575.91,428,26,29
263,4.4015,stop,1512.87,1043.95,516,26,29
264,4.4175,stop,483.05,71.06,393,31,21
264,4.4175,stop,817.54,172.70,443,28,27
264,4.4175,stop,1166.96,242.11,702,34,31
264,4.4175,stop,964.66,364.68,758,32,35
264,4.4175,stop,342.75,437.84,271,21,23
264,4.4175,stop,397.10,451.30,482,32,29
264,4.4175,stop,1646.08,526.07,299,18,30
264,4.4175,stop,1626.96,575.81,424,25,29
264,4.4175,stop,1512.85,1043.80,519,27,29
265,4.4335,stop,482.94,70.93,400,31,21
265,4.4335,stop,817.70,173.64,492,29,28
265,4.4335,stop,1167.16,242.63,743,34,34
265,4.4335,stop,964.74,365.05,750,32,35
265,4.4335,stop,342.86,438.05,277,21,23
265,4.4335,stop,396.71,451.20,497,33,30
265,4.4335,stop,1646.40,524.37,250,14,26
265,4.4335,stop,1626.96,575.96,424,25,28
265,4.4335,stop,1512.84,1043.84,524,26,29
266,4.4534,stop,483.01,71.02,397,31,21
266,4.4534,stop,818.52,175.05,516,30,30
266,4.4534,stop,1167.65,242.91,736,35,34
266,4.4534,stop,964.71,365.04,753,32,35
266,4.4534,stop,342.53,437.96,283,21,23
266,4.4534,stop,396.84,451.33,489,33,29
266,4.4534,stop,1646.02,525.83,282,16,30
266,4.4534,stop,1626.95,575.88,419,25,29
266,4.4534,stop,1512.70,1043.83,518,26,29
267,4.4695,stop,483.05,71.00,392,31,21
267,4.4695,stop,818.96,176.25,554,30,30
267,4.4695,stop,1168.05,243.01,729,34,34
267,4.4695,stop,964.47,365.06,754,33,35
267,4.4695,stop,342.99,437.70,265,20,22
267,4.4695,stop,396.99,451.30,494,32,30
267,4.4695,stop,1646.22,525.83,292,17,29
267,4.4695,stop,1626.86,575.80,423,25,29
267,4.4695,stop,1512.64,1043.74,534,26,29
268,4.4855,stop,483.01,71.00,393,31,21
268,4.4855,stop,819.94,177.79,561,31,31
268,4.4855,stop,1168.46,243.31,736,33,34
268,4.4855,stop,964.03,364.65,760,32,35
268,4.4855,stop,342.70,437.88,276,21,23
268,4.4855,stop,397.06,451.25,498,32,29
268,4.4855,stop,1645.93,525.72,274,18,30
268,4.4855,stop,1626.56,575.92,434,28,29
268,4.4855,stop,1512.74,1043.89,514,26,29
269,4.5018,s50,483.05,70.99,399,31,21
269,4.5018,s50,820.72,179.23,587,30,32
269,4.5018,s50,1168.91,243.71,736,34,34
269,4.5018,s50,963.60,364.25,766,32,34
269,4.5018,s50,342.75,437.81,268,21,22
269,4.5018,s50,397.07,451.27,498,32,30
269,4.5018,s50,1645.91,525.82,278,17,30
269,4.5018,s50,1627.00,575.81,426,25,29
269,4.5018,s50,1512.72,1043.88,521,26,29
270,4.5181,s50,482.98,70.97,400,31,21
270,4.5181,s50,821.44,180.55,632,30,33
270,4.5181,s50,1169.41,243.96,731,34,34
270,4.5181,s50,962.80,363.84,769,32,35
270,4.5181,s50,342.54,437.79,269,21,22
270,4.5181,s50,397.03,451.30,493,33,29
270,4.5181,s50,1646.34,524.96,263,15,30
270,4.5181,s50,1627.00,576.02,418,26,29
270,4.5181,s50,1512.73,1043.84,527,26,29
271,4.5336,s50,483.03,70.93,399,31,21
271,4.5336,s50,822.59,181.65,659,31,34
271,4.5336,s50,1169.66,244.35,739,33,35
271,4.5336,s50,962.12,363.26,790,33,34
271,4.5336,s50,342.74,438.18,277,21,23
271,4.5336,s50,396.97,451.35,492,33,29
271,4.5336,s50,1645.98,525.72,279,16,29
271,4.5336,s50,1626.86,575.79,429,26,29
271,4.5336,s50,1512.71,1043.80,517,26,29
272,4.5534,s50,482.91,71.05,389,31,21
272,4.5534,s50,823.56,183.36,687,32,34
272,4.5534,s50,1169.99,245.02,734,33,34
272,4.5534,s50,961.21,362.41,795,33,35
272,4.5534,s50,342.88,437.75,265,21,22
272,4.5534,s50,396.99,451.27,494,32,29
272,4.5534,s50,1646.09,526.12,289,16,30
272,4.5534,s50,1626.86,575.88,425,26,29
272,4.5534,s50,1512.64,1043.86,521,26,29
273,4.5696,s50,482.88,71.00,401,31,21
273,4.5696,s50,824.53,184.73,704,32,35
273,4.5696,s50,1170.20,245.42,741,33,35
273,4.5696,s50,960.32,362.04,794,34,35
273,4.5696,s50,342.69,437.98,275,21,23
273,4.5696,s50,396.95,451.35,492,32,30
273,4.5696,s50,1646.27,523.84,248,15,26
273,4.5696,s50,1626.99,575.68,412,25,29
273,4.5696,s50,1512.85,1043.82,528,26,29
274,4.5855,s50,483.04,71.04,399,31,21
274,4.5855,s50,825.51,186.17,708,32,35
274,4.5855,s50,1170.47,245.97,739,33,34
274,4.5855,s50,959.74,361.87,824,33,35
274,4.5855,s50,342.84,437.81,262,21,22
274,4.5855,s50,397.06,451.30,501,33,29
274,4.5855,s50,1646.55,524.80,280,15,29
274,4.5855,s50,1626.83,575.90,414,25,29
274,4.5855,s50,1512.61,1043.82,519,26,29
275,4.6015,s50,482.90,71.00,400,31,21
275,4.6015,s50,826.33,187.37,720,32,35
275,4.6015,s50,1170.68,246.31,747,33,35
275,4.6015,s50,958.99,361.25,833,34,35
275,4.6015,s50,342.60,437.93,270,20,22
275,4.6015,s50,397.10,451.33,490,33,29
275,4.6015,s50,1645.95,526.12,286,17,30
275,4.6015,s50,1626.98,575.87,418,25,28
275,4.6015,s50,1512.77,1043.75,516,26,29
276,4.6175,s50,482.98,71.03,406,31,21
276,4.6175,s50,826.74,188.46,739,31,36
276,4.6175,s50,1170.77,246.45,732,33,35
276,4.6175,s50,957.94,360.47,823,34,34
276,4.6175,s50,342.83,437.83,270,21,23
276,4.6175,s50,397.05,451.31,504,32,29
276,4.6175,s50,1646.13,525.84,275,17,29
276,4.6175,s50,1626.86,575.93,429,26,29
276,4.6175,s50,1512.75,1044.00,516,26,29
277,4.6335,s50,483.25,70.97,400,31,21
277,4.6335,s50,826.68,189.34,729,32,35
277,4.6335,s50,1170.99,246.55,727,33,35
277,4.6335,s50,956.83,360.15,808,34,34
277,4.6335,s50,342.98,437.69,272,21,23
277,4.6335,s50,396.88,451.24,501,32,30
277,4.6335,s50,1645.94,525.78,278,18,30
277,4.6335,s50,1626.82,575.94,421,26,28
277,4.6335,s50,1512.91,1043.75,518,26,29
278,4.6535,s50,483.20,70.91,386,31,21
278,4.6535,s50,826.19,190.18,733,32,35
278,4.6535,s50,1171.09,246.56,719,32,35
278,4.6535,s50,955.66,359.39,808,34,35
278,4.6535,s50,343.03,437.89,259,21,22
278,4.6535,s50,396.94,451.28,481,33,30
278,4.6535,s50,1646.12,525.71,286,17,29
278,4.6535,s50,1627.07,575.84,427,25,29
278,4.6535,s50,1512.71,1043.90,512,26,29
279,4.6696,s50,483.06,71.03,410,31,21
279,4.6696,s50,825.44,190.82,731,31,36
279,4.6696,s50,1171.14,246.58,727,33,35
279,4.6696,s50,954.60,358.81,800,34,34
279,4.6696,s50,342.68,437.90,268,21,23
279,4.6696,s50,396.97,451.22,496,32,29
279,4.6696,s50,1646.38,524.74,250,14,29
279,4.6696,s50,1626.91,575.85,428,25,29
279,4.6696,s50,1512.60,1043.74,524,26,29
280,4.6855,s50,483.04,70.92,397,31,21
280,4.6855,s50,824.66,191.40,717,31,36
280,4.6855,s50,1171.00,246.51,727,32,35
280,4.6855,s50,954.21,358.32,747,34,33
280,4.6855,s50,342.55,438.09,278,21,23
280,4.6855,s50,397.02,451.34,492,32,29
280,4.6855,s50,1645.87,525.91,276,17,30
280,4.6855,s50,1626.93,575.91,422,26,28
280,4.6855,s50,1512.70,1043.82,523,26,29
281,4.7016,s50,483.34,71.05,400,31,21
281,4.7016,s50,823.81,191.83,722,31,35
281,4.7016,s50,1170.94,246.26,725,33,35
281,4.7016,s50,953.40,357.41,736,34,34
281,4.7016,s50,342.45,437.96,274,21,23
281,4.7016,s50,397.04,451.34,492,32,29
281,4.7016,s50,1646.11,526.18,291,17,30
281,4.7016,s50,1626.95,575.83,420,26,28
281,4.7016,s50,1512.59,1043.82,519,26,29
282,4.7177,s50,482.94,71.03,407,31,21
282,4.7177,s50,822.97,192.31,716,30,36
282,4.7177,s50,1170.94,246.03,723,33,34
282,4.7177,s50,952.41,356.93,723,34,35
282,4.7177,s50,342.86,437.82,274,21,22
282,4.7177,s50,396.91,451.30,496,32,30
282,4.7177,s50,1645.82,526.26,290,18,30
282,4.7177,s50,1626.94,575.82,420,26,29
282,4.7177,s50,1512.68,1043.93,512,26,29
283,4.7336,s50,483.21,71.03,408,31,21
283,4.7336,s50,822.16,192.77,704,30,36
283,4.7336,s50,1170.71,245.64,737,33,35
283,4.7336,s50,951.75,356.39,709,33,35
283,4.7336,s50,342.87,437.76,268,21,23
283,4.7336,s50,396.99,451.31,485,33,29
283,4.7336,s50,1646.42,525.03,265,14,29
283,4.7336,s50,1626.94,575.87,424,25,29
283,4.7336,s50,1512.77,1043.83,518,26,29
284,4.7534,s50,482.73,71.00,404,31,21
284,4.7534,s50,821.37,193.29,725,30,36
284,4.7534,s50,1170.56,245.10,733,33,35
284,4.7534,s50,950.87,355.83,699,33,34
284,4.7534,s50,342.86,437.87,271,21,22
284,4.7534,s50,397.02,451.28,488,32,30
284,4.7534,s50,1646.42,524.94,268,15,30
284,4.7534,s50,1626.89,575.86,426,27,29
284,4.7534,s50,1512.58,1043.71,520,26,29
285,4.7695,s50,482.94,71.02,398,31,21
285,4.7695,s50,820.45,193.53,718,29,36
285,4.7695,s50,1170.33,244.80,728,33,34
285,4.7695,s50,949.47,355.06,725,33,35
285,4.7695,s50,342.89,437.88,273,21,23
285,4.7695,s50,397.06,451.24,501,33,29
285,4.7695,s50,1646.15,525.74,281,16,29
285,4.7695,s50,1626.98,575.83,424,26,29
285,4.7695,s50,1512.74,1043.75,519,26,29
286,4.7855,s50,482.88,70.93,404,31,21
286,4.7855,s50,819.71,194.15,710,29,35
286,4.7855,s50,1170.05,244.37,739,33,35
286,4.7855,s50,949.75,355.17,688,32,35
286,4.7855,s50,342.81,437.88,265,21,22
286,4.7855,s50,396.95,451.21,490,32,30
286,4.7855,s50,1646.55,524.97,258,14,30
286,4.7855,s50,1627.13,575.97,433,26,29
286,4.7855,s50,1512.67,1043.76,530,26,29
287,4.8015,s50,483.05,71.03,389,31,21
287,4.8015,s50,819.14,194.17,705,28,36
287,4.8015,s50,1170.32,243.47,770,33,34
287,4.8015,s50,949.50,354.66,693,32,34
287,4.8015,s50,342.58,438.00,277,21,23
287,4.8015,s50,396.95,451.29,508,33,30
287,4.8015,s50,1646.00,525.93,294,18,30
287,4.8015,s50,1627.02,575.87,430,26,29
287,4.8015,s50,1512.69,1043.84,520,26,29
288,4.8175,s50,482.93,71.06,403,31,21
288,4.8175,s50,818.38,194.55,703,28,36
288,4.8175,s50,1169.53,243.79,727,33,34
288,4.8175,s50,948.54,354.28,722,33,35
288,4.8175,s50,342.90,437.79,273,21,23
288,4.8175,s50,396.99,451.25,500,32,30
288,4.8175,s50,1646.42,525.18,264,14,29
288,4.8175,s50,1626.95,575.77,428,25,29
288,4.8175,s50,1512.83,1043.81,510,26,29
289,4.8335,s50,482.81,70.93,398,31,21
289,4.8335,s50,817.68,194.42,691,28,36
289,4.8335,s50,1169.25,243.83,735,33,34
289,4.8335,s50,948.42,353.99,722,33,35
289,4.8335,s50,342.92,437.90,273,21,23
289,4.8335,s50,397.01,451.31,499,32,29
289,4.8335,s50,1646.52,524.75,265,14,29
289,4.8335,s50,1626.68,576.00,423,28,29
289,4.8335,s50,1512.53,1043.71,511,26,29
290,4.8535,s50,483.05,71.04,397,31,21
290,4.8535,s50,817.32,194.13,693,27,37
290,4.8535,s50,1168.98,243.47,719,34,32
290,4.8535,s50,948.49,353.88,723,34,35
290,4.8535,s50,342.65,437.98,274,20,22
290,4.8535,s50,397.06,451.28,497,32,30
290,4.8535,s50,1646.02,525.91,284,17,29
290,4.8535,s50,1626.97,575.74,425,25,29
290,4.8535,s50,1512.75,1043.85,525,26,29
291,4.8700,s50,482.89,70.97,405,31,21
291,4.8700,s50,816.79,193.84,686,28,36
291,4.8700,s50,1168.73,243.41,715,33,31
291,4.8700,s50,948.95,353.80,713,33,35
291,4.8700,s50,342.84,437.81,270,21,22
291,4.8700,s50,397.09,451.25,491,32,30
291,4.8700,s50,1646.36,525.13,261,15,29
291,4.8700,s50,1626.99,576.06,417,25,29
291,4.8700,s50,1513.04,1043.41,506,26,29
292,4.8855,s50,483.06,71.07,391,31,21
292,4.8855,s50,816.41,193.31,687,27,36
292,4.8855,s50,1168.34,243.82,718,33,34
292,4.8855,s50,949.96,354.17,674,32,33
292,4.8855,s50,342.78,437.94,278,21,23
292,4.8855,s50,396.93,451.24,496,32,30
292,4.8855,s50,1646.07,525.86,286,17,30
292,4.8855,s50,1627.03,575.89,421,26,29
292,4.8855,s50,1512.88,1043.96,514,27,29
293,4.9045,s50,483.11,71.03,407,31,21
293,4.9045,s50,816.07,192.66,688,28,36
293,4.9045,s50,1168.11,244.05,732,34,34
293,4.9045,s50,950.36,354.11,669,33,33
293,4.9045,s50,342.63,437.95,275,21,23
293,4.9045,s50,396.85,451.31,494,32,30
293,4.9045,s50,1646.06,525.72,287,17,29
293,4.9045,s50,1626.70,575.94,418,25,29
293,4.9045,s50,1512.81,1043.79,514,26,29
294,4.9234,s50,482.94,70.89,397,31,21
294,4.9234,s50,815.81,191.89,684,28,35
294,4.9234,s50,1167.76,244.39,736,33,35
294,4.9234,s50,951.01,354.05,685,32,33
294,4.9234,s50,342.47,437.98,280,21,24
294,4.9234,s50,397.06,451.32,500,32,30
294,4.9234,s50,1646.34,524.73,259,15,29
294,4.9234,s50,1627.00,575.75,418,25,29
294,4.9234,s50,1512.78,1043.72,520,26,29
295,4.9384,s50,482.90,71.06,392,31,21
295,4.9384,s50,815.61,191.55,669,28,36
295,4.9384,s50,1167.62,244.71,729,33,34
295,4.9384,s50,951.76,354.11,681,33,33
295,4.9384,s50,342.64,437.85,264,21,24
295,4.9384,s50,397.13,451.36,492,32,29
295,4.9384,s50,1645.90,525.99,280,17,30
295,4.9384,s50,1626.86,575.82,419,25,28
295,4.9384,s50,1512.62,1043.89,517,26,29
296,4.9540,s50,483.19,71.09,407,31,21
296,4.9540,s50,815.17,191.29,663,28,35
296,4.9540,s50,1167.75,244.48,786,34,35
296,4.9540,s50,952.61,354.04,692,34,34
296,4.9540,s50,342.75,437.92,276,21,23
296,4.9540,s50,396.96,451.25,498,33,29
296,4.9540,s50,1645.94,525.80,291,17,30
296,4.9540,s50,1626.94,575.97,432,25,29
296,4.9540,s50,1512.76,1043.80,515,26,29
297,4.9695,s50,483.37,70.96,395,31,21
297,4.9695,s50,814.91,190.59,648,28,34
297,4.9695,s50,1166.97,245.60,745,34,35
297,4.9695,s50,953.49,354.04,698,34,33
297,4.9695,s50,342.79,437.62,266,21,23
297,4.9695,s50,396.79,451.22,492,33,30
297,4.9695,s50,1646.38,525.05,285,15,30
297,4.9695,s50,1626.99,576.03,422,25,29
297,4.9695,s50,1512.67,1043.84,518,26,29
298,4.9859,s50,482.91,70.97,394,31,21
298,4.9859,s50,814.75,190.13,641,28,35
298,4.9859,s50,1167.23,245.43,815,34,35
298,4.9859,s50,953.69,353.59,724,34,33
298,4.9859,s50,342.59,437.86,275,21,23
298,4.9859,s50,397.01,451.36,495,33,29
298,4.9859,s50,1645.84,525.65,278,17,29
298,4.9859,s50,1626.96,575.87,420,25,29
298,4.9859,s50,1513.04,1043.58,502,27,29
299,5.0015,s50,483.16,71.12,400,31,21
299,5.0015,s50,814.45,189.32,638,30,33
299,5.0015,s50,1167.03,246.28,825,34,35
299,5.0015,s50,954.89,353.65,729,34,32
299,5.0015,s50,342.92,438.03,260,21,23
299,5.0015,s50,397.13,451.32,492,32,29
299,5.0015,s50,1646.11,525.84,273,17,29
299,5.0015,s50,1626.99,575.90,427,25,29
299,5.0015,s50,1512.79,1043.82,519,26,29
300,5.0175,s50,482.99,70.98,398,31,21
300,5.0175,s50,814.55,188.67,624,29,32
300,5.0175,s50,1167.05,246.61,797,33,35
300,5.0175,s50,955.92,353.74,728,34,31
300,5.0175,s50,342.78,437.84,267,21,23
300,5.0175,s50,396.98,451.28,494,33,29
300,5.0175,s50,1645.96,525.78,275,17,30
300,5.0175,s50,1627.03,575.79,417,25,28
300,5.0175,s50,1512.74,1043.81,517,26,29
301,5.0335,s50,483.04,71.00,393,31,21
301,5.0335,s50,814.18,188.09,603,30,33
301,5.0335,s50,1166.80,246.54,793,32,35
301,5.0335,s50,956.92,353.85,743,34,33
301,5.0335,s50,342.85,437.79,267,20,23
301,5.0335,s50,397.10,451.49,496,32,29
301,5.0335,s50,1646.07,525.93,275,17,29
301,5.0335,s50,1626.99,575.92,421,25,29
301,5.0335,s50,1512.64,1043.96,517,26,29
302,5.0535,s50,482.91,71.11,396,31,21
302,5.0535,s50,814.16,187.48,607,31,32
302,5.0535,s50,1166.21,246.24,805,32,37
302,5.0535,s50,958.09,353.60,731,34,31
302,5.0535,s50,342.68,437.83,269,21,23
302,5.0535,s50,397.11,451.30,496,33,29
302,5.0535,s50,1646.08,525.99,292,17,29
302,5.0535,s50,1627.10,575.83,425,26,29
302,5.0535,s50,1512.80,1043.87,504,26,29
303,5.0696,s50,483.19,71.04,403,31,21
303,5.0696,s50,813.89,186.97,603,31,31
303,5.0696,s50,1166.17,245.99,785,32,36
303,5.0696,s50,959.07,353.78,744,34,32
303,5.0696,s50,342.79,437.81,269,21,23
303,5.0696,s50,396.97,451.36,486,32,29
303,5.0696,s50,1646.46,525.29,265,14,29
303,5.0696,s50,1626.85,575.82,421,26,29
303,5.0696,s50,1512.74,1044.02,521,26,29
304,5.0856,s50,482.94,71.05,399,31,21
304,5.0856,s50,814.13,186.50,577,31,30
304,5.0856,s50,1165.92,245.88,816,32,38
304,5.0856,s50,959.97,353.63,748,34,31
304,5.0856,s50,342.94,437.94,266,21,23
304,5.0856,s50,396.86,451.19,494,32,30
304,5.0856,s50,1646.10,526.00,280,16,30
304,5.0856,s50,1626.97,575.80,426,26,29
304,5.0856,s50,1512.86,1043.86,521,26,29
305,5.1016,s50,483.01,71.09,389,31,21
305,5.1016,s50,814.23,186.39,586,32,30
305,5.1016,s50,1165.56,245.67,789,32,36
305,5.1016,s50,960.78,353.52,756,35,32
305,5.1016,s50,342.84,437.77,267,21,23
305,5.1016,s50,396.86,451.20,495,33,29
305,5.1016,s50,1646.09,525.95,291,17,30
305,5.1016,s50,1627.05,575.81,423,25,29
305,5.1016,s50,1512.89,1043.57,507,26,29
306,5.1180,s50,482.75,71.04,398,31,21
306,5.1180,s50,814.52,186.31,595,32,30
306,5.1180,s50,1165.17,245.39,790,34,35
306,5.1180,s50,962.30,353.95,703,34,32
306,5.1180,s50,342.72,438.08,272,21,23
306,5.1180,s50,396.87,451.23,491,32,29
306,5.1180,s50,1645.88,525.83,275,17,29
306,5.1180,s50,1626.85,575.93,418,25,29
306,5.1180,s50,1512.71,1043.85,528,26,29
307,5.1343,s50,482.78,71.06,402,31,21
307,5.1343,s50,814.44,187.03,586,32,30
307,5.1343,s50,1164.96,245.07,791,34,34
307,5.1343,s50,962.74,353.28,759,34,33
307,5.1343,s50,342.78,437.81,268,21,23
307,5.1343,s50,397.03,451.28,492,33,29
307,5.1343,s50,1645.83,526.21,282,17,30
307,5.1343,s50,1626.96,575.98,417,26,29
307,5.1343,s50,1512.85,1043.69,524,26,29
308,5.1535,s50,483.01,71.02,398,31,21
308,5.1535,s50,814.57,187.45,611,33,30
308,5.1535,s50,1164.81,244.95,794,35,35
308,5.1535,s50,963.85,353.01,765,35,33
308,5.1535,s50,342.70,438.01,279,21,23
308,5.1535,s50,397.03,451.34,493,32,30
308,5.1535,s50,1646.54,525.07,269,14,29
308,5.1535,s50,1626.97,575.85,430,25,29
308,5.1535,s50,1512.80,1043.82,516,26,29
309,5.1695,s50,482.84,70.96,400,31,21
309,5.1695,s50,814.82,188.10,619,33,30
309,5.1695,s50,1164.56,245.10,756,35,31
309,5.1695,s50,964.96,352.86,760,33,32
309,5.1695,s50,342.75,437.90,273,21,23
309,5.1695,s50,397.10,451.24,495,32,29
309,5.1695,s50,1646.15,525.51,282,17,30
309,5.1695,s50,1626.98,575.79,419,26,28
309,5.1695,s50,1512.76,1043.78,520,26,29
310,5.1855,s50,483.04,71.06,402,31,21
310,5.1855,s50,814.81,188.64,646,33,30
310,5.1855,s50,1163.92,245.50,761,34,29
310,5.1855,s50,965.92,352.90,758,34,33
310,5.1855,s50,342.53,438.11,281,21,22
310,5.1855,s50,397.05,451.26,491,32,29
310,5.1855,s50,1645.78,526.18,276,17,29
310,5.1855,s50,1627.05,575.90,427,25,29
310,5.1855,s50,1512.80,1043.71,518,26,29
311,5.2015,s50,483.12,70.95,406,31,21
311,5.2015,s50,815.10,189.12,659,33,31
311,5.2015,s50,1163.26,245.57,780,35,31
311,5.2015,s50,966.84,352.79,777,34,33
311,5.2015,s50,342.64,438.01,273,21,22
311,5.2015,s50,396.93,451.30,498,32,29
311,5.2015,s50,1645.89,525.89,286,17,29
311,5.2015,s50,1626.94,575.91,423,25,29
311,5.2015,s50,1512.78,1043.79,519,26,29
312,5.2175,s50,482.94,70.91,396,31,21
312,5.2175,s50,814.91,189.85,667,33,31
312,5.2175,s50,1162.46,245.45,760,35,32
312,5.2175,s50,967.92,353.02,776,34,32
312,5.2175,s50,342.67,438.10,273,21,23
312,5.2175,s50,397.19,451.32,491,32,29
312,5.2175,s50,1645.94,525.42,287,17,29
312,5.2175,s50,1627.13,575.79,435,25,29
312,5.2175,s50,1512.72,1043.82,530,26,29
313,5.2375,s50,482.99,71.02,398,31,21
313,5.2375,s50,814.79,190.50,658,33,31
313,5.2375,s50,1161.92,245.49,753,34,33
313,5.2375,s50,968.84,353.15,755,34,31
313,5.2375,s50,342.53,437.99,279,21,23
313,5.2375,s50,397.13,451.40,492,32,29
313,5.2375,s50,1645.92,525.66,282,17,30
313,5.2375,s50,1626.97,576.17,430,25,29
313,5.2375,s50,1512.70,1043.74,520,26,29
314,5.2535,s50,482.88,71.09,398,31,21
314,5.2535,s50,814.48,191.26,652,33,32
314,5.2535,s50,1161.83,245.51,737,34,33
314,5.2535,s50,969.62,353.16,761,34,33
314,5.2535,s50,342.79,437.80,267,21,22
314,5.2535,s50,397.10,451.31,486,32,29
314,5.2535,s50,1646.27,524.77,255,15,29
314,5.2535,s50,1627.07,575.77,411,25,29
314,5.2535,s50,1512.62,1043.76,523,26,29
315,5.2696,s50,482.96,71.01,396,31,21
315,5.2696,s50,814.31,191.84,644,33,32
315,5.2696,s50,1161.42,245.50,734,34,34
315,5.2696,s50,970.60,353.54,763,33,35
315,5.2696,s50,342.69,438.01,278,21,22
315,5.2696,s50,396.97,451.26,500,33,29
315,5.2696,s50,1646.41,524.88,250,14,29
315,5.2696,s50,1626.92,575.89,418,25,29
315,5.2696,s50,1512.81,1043.84,517,26,29
316,5.2855,s50,482.92,70.90,396,31,21
316,5.2855,s50,814.18,192.53,656,32,31
316,5.2855,s50,1161.26,245.66,719,34,34
316,5.2855,s50,971.26,354.24,766,32,35
316,5.2855,s50,342.88,437.95,267,21,23
316,5.2855,s50,397.12,451.40,494,32,30
316,5.2855,s50,1646.52,525.14,270,15,29
316,5.2855,s50,1627.11,575.84,427,25,29
316,5.2855,s50,1512.67,1043.88,518,26,29
317,5.3015,s50,483.09,70.94,394,31,21
317,5.3015,s50,813.65,193.32,654,32,27
317,5.3015,s50,1161.01,246.07,716,34,34
317,5.3015,s50,971.80,354.96,766,33,35
317,5.3015,s50,342.70,437.96,274,21,23
317,5.3015,s50,396.92,451.20,496,33,30
317,5.3015,s50,1646.16,525.57,283,17,29
317,5.3015,s50,1627.03,575.80,429,26,29
317,5.3015,s50,1512.94,1043.83,509,26,29
318,5.3175,s50,482.98,70.93,389,31,21
318,5.3175,s50,813.20,193.76,653,31,28
318,5.3175,s50,1160.78,246.18,710,34,34
318,5.3175,s50,972.42,355.44,780,33,35
318,5.3175,s50,342.76,437.70,273,21,22
318,5.3175,s50,397.10,451.30,500,32,29
318,5.3175,s50,1646.50,525.23,269,14,30
318,5.3175,s50,1627.09,575.94,429,26,29
318,5.3175,s50,1512.74,1043.68,513,26,29
319,5.3376,s50,482.99,70.95,395,31,21
319,5.3376,s50,812.74,194.35,666,32,29
319,5.3376,s50,1160.87,246.43,708,34,34
319,5.3376,s50,972.45,356.08,806,34,36
319,5.3376,s50,342.72,437.85,268,21,23
319,5.3376,s50,397.00,451.26,495,32,30
319,5.3376,s50,1646.12,525.69,289,17,30
319,5.3376,s50,1626.99,575.90,421,25,29
319,5.3376,s50,1512.66,1043.85,518,26,29
320,5.3539,s50,483.21,71.10,403,31,21
320,5.3539,s50,812.36,194.63,675,32,35
320,5.3539,s50,1161.38,245.97,751,34,34
320,5.3539,s50,971.69,356.45,786,33,35
320,5.3539,s50,342.53,438.06,278,21,23
320,5.3539,s50,396.92,451.20,499,33,30
320,5.3539,s50,1645.99,526.65,295,18,30
320,5.3539,s50,1626.99,575.91,420,25,28
320,5.3539,s50,1512.70,1043.83,516,26,29
321,5.3696,s50,483.21,71.10,401,31,21
321,5.3696,s50,811.85,194.95,652,32,34
321,5.3696,s50,1161.36,246.14,738,33,34
321,5.3696,s50,972.24,357.08,797,33,35
321,5.3696,s50,342.65,437.93,280,21,23
321,5.3696,s50,396.94,451.30,497,33,29
321,5.3696,s50,1646.48,525.11,264,14,29
321,5.3696,s50,1626.91,575.77,422,25,29
321,5.3696,s50,1512.92,1043.91,521,26,29
322,5.3855,s50,483.17,71.00,394,31,21
322,5.3855,s50,811.30,195.78,613,31,31
322,5.3855,s50,1161.66,245.74,722,33,34
322,5.3855,s50,972.10,357.06,809,34,34
322,5.3855,s50,342.52,438.22,276,21,25
322,5.3855,s50,396.93,451.32,490,32,30
322,5.3855,s50,1645.94,525.94,289,17,30
322,5.3855,s50,1627.06,575.89,428,26,29
322,5.3855,s50,1512.65,1043.74,522,26,29
323,5.4015,s50,482.94,70.86,393,31,21
323,5.4015,s50,810.50,196.28,607,32,33
323,5.4015,s50,1161.46,246.33,679,33,33
323,5.4015,s50,971.72,357.20,802,33,34
323,5.4015,s50,342.77,437.98,272,21,23
323,5.4015,s50,397.04,451.37,487,32,29
323,5.4015,s50,1645.98,526.04,283,17,30
323,5.4015,s50,1626.92,575.73,420,25,28
323,5.4015,s50,1512.75,1043.76,516,26,29
324,5.4175,s50,483.22,71.01,398,31,21
324,5.4175,s50,810.55,195.30,656,33,34
324,5.4175,s50,1161.93,246.18,663,33,32
324,5.4175,s50,971.41,356.81,817,33,35
324,5.4175,s50,342.95,437.89,270,21,22
324,5.4175,s50,396.97,451.26,494,32,29
324,5.4175,s50,1646.12,525.74,282,17,29
324,5.4175,s50,1626.88,575.68,423,26,29
324,5.4175,s50,1512.61,1043.74,522,25,29
325,5.4374,s50,482.88,71.02,400,31,21
325,5.4374,s50,810.98,195.22,635,29,35
325,5.4374,s50,1162.27,245.93,659,33,31
325,5.4374,s50,970.35,356.18,785,34,34
325,5.4374,s50,342.68,437.97,275,21,23
325,5.4374,s50,397.01,451.29,489,32,29
325,5.4374,s50,1646.01,525.86,291,17,30
325,5.4374,s50,1626.87,575.80,423,26,29
325,5.4374,s50,1512.71,1044.00,519,25,29
326,5.4535,s50,483.05,71.06,396,31,21
326,5.4535,s50,810.59,195.30,639,27,33
326,5.4535,s50,1162.68,245.52,651,33,32
326,5.4535,s50,970.58,356.00,830,34,35
326,5.4535,s50,342.63,437.93,271,21,22
326,5.4535,s50,397.06,451.27,486,32,29
326,5.4535,s50,1645.78,526.18,278,16,30
326,5.4535,s50,1627.03,575.80,431,26,29
326,5.4535,s50,1512.68,1043.61,522,26,29
327,5.4696,s50,483.08,70.99,391,31,21
327,5.4696,s50,810.52,195.27,650,28,33
327,5.4696,s50,1163.31,245.41,657,33,31
327,5.4696,s50,969.92,355.28,828,34,35
327,5.4696,s50,342.64,437.78,273,21,23
327,5.4696,s50,396.98,451.25,500,33,30
327,5.4696,s50,1645.80,525.73,282,17,29
327,5.4696,s50,1626.93,575.87,425,25,29
327,5.4696,s50,1512.67,1043.90,521,27,29
328,5.4856,s50,483.08,71.01,394,31,21
328,5.4856,s50,810.38,195.07,635,28,33
328,5.4856,s50,1164.25,244.96,650,34,31
328,5.4856,s50,969.35,354.50,846,34,35
328,5.4856,s50,342.56,437.99,275,21,23
328,5.4856,s50,397.08,451.35,494,33,30
328,5.4856,s50,1646.09,526.04,281,17,30
328,5.4856,s50,1627.02,575.90,429,25,29
328,5.4856,s50,1512.87,1044.02,514,26,29
329,5.5016,stop,483.04,71.00,409,31,21
329,5.5016,stop,810.34,195.24,629,29,33
329,5.5016,stop,1164.97,244.79,656,34,30
329,5.5016,stop,969.02,353.65,852,34,35
329,5.5016,stop,342.62,437.97,278,21,22
329,5.5016,stop,396.93,451.30,493,32,30
329,5.5016,stop,1646.47,525.08,259,14,30
329,5.5016,stop,1626.97,575.75,419,25,29
329,5.5016,stop,1512.64,1043.82,520,26,29
330,5.5176,stop,483.02,70.94,402,31,21
330,5.5176,stop,810.31,195.48,617,31,32
330,5.5176,stop,1165.76,244.86,666,33,30
330,5.5176,stop,969.01,353.18,819,34,35
330,5.5176,stop,342.62,437.93,269,21,23
330,5.5176,stop,396.88,451.25,493,32,29
330,5.5176,stop,1646.43,525.51,273,15,29
330,5.5176,stop,1626.88,575.90,421,25,29
330,5.5176,stop,1512.55,1043.77,522,26,29
331,5.5375,stop,483.27,70.92,398,31,21
331,5.5375,stop,810.37,195.39,598,31,31
331,5.5375,stop,1166.67,244.94,663,33,30
331,5.5375,stop,968.41,352.49,804,34,35
331,5.5375,stop,342.48,437.96,282,21,24
331,5.5375,stop,397.01,451.45,496,33,29
331,5.5375,stop,1646.30,525.01,270,15,30
331,5.5375,stop,1626.88,576.08,427,26,29
331,5.5375,stop,1512.72,1043.80,515,26,29
332,5.5536,stop,482.85,70.92,398,31,21
332,5.5536,stop,810.63,195.61,590,32,30
332,5.5536,stop,1167.62,245.07,672,34,30
332,5.5536,stop,966.82,351.59,826,34,36
332,5.5536,stop,342.79,437.82,268,21,22
332,5.5536,stop,397.02,451.24,486,32,30
332,5.5536,stop,1645.97,526.12,292,18,30
332,5.5536,stop,1626.95,575.62,414,25,28
332,5.5536,stop,1512.64,1043.83,518,26,29
333,5.5696,stop,482.75,70.98,400,31,21
333,5.5696,stop,810.70,196.04,591,32,30
333,5.5696,stop,1168.51,245.51,682,34,30
333,5.5696,stop,966.24,350.53,806,33,36
333,5.5696,stop,342.86,438.10,272,21,23
333,5.5696,stop,397.21,451.43,484,33,29
333,5.5696,stop,1646.59,525.20,275,14,30
333,5.5696,stop,1626.64,575.82,428,27,29
333,5.5696,stop,1512.64,1043.85,522,26,29
334,5.5856,stop,482.99,70.99,394,31,21
334,5.5856,stop,810.91,196.59,595,33,30
334,5.5856,stop,1169.66,245.52,682,34,30
334,5.5856,stop,966.28,349.56,779,32,36
334,5.5856,stop,342.57,437.96,282,21,23
334,5.5856,stop,396.98,451.37,497,32,29
334,5.5856,stop,1646.10,525.68,298,17,31
334,5.5856,stop,1626.82,576.05,427,25,29
334,5.5856,stop,1512.75,1043.83,514,27,29
335,5.6015,stop,482.86,70.95,397,31,21
335,5.6015,stop,811.26,196.86,585,33,30
335,5.6015,stop,1170.60,245.70,676,34,30
335,5.6015,stop,966.14,348.14,775,32,37
335,5.6015,stop,342.63,437.85,282,21,22
335,5.6015,stop,397.00,451.27,497,33,29
335,5.6015,stop,1646.04,525.84,280,16,30
335,5.6015,stop,1626.89,575.97,429,26,29
335,5.6015,stop,1512.69,1043.72,515,26,29
336,5.6176,stop,483.10,71.07,394,31,21
336,5.6176,stop,811.69,197.17,582,33,29
336,5.6176,stop,1171.73,246.01,672,35,29
336,5.6176,stop,965.83,346.99,779,32,37
336,5.6176,stop,342.78,437.82,261,20,23
336,5.6176,stop,396.99,451.28,496,33,29
336,5.6176,stop,1645.88,526.00,291,18,30
336,5.6176,stop,1626.93,576.00,435,25,29
336,5.6176,stop,1512.74,1043.80,521,26,29
337,5.6375,stop,483.06,70.93,401,31,21
337,5.6375,stop,811.92,197.49,597,33,30
337,5.6375,stop,1172.53,246.24,677,35,29
337,5.6375,stop,965.76,345.72,747,31,37
337,5.6375,stop,342.76,437.87,271,21,23
337,5.6375,stop,397.03,451.35,494,32,29
337,5.6375,stop,1646.52,524.80,267,14,29
337,5.6375,stop,1626.87,575.63,422,25,28
337,5.6375,stop,1512.71,1043.86,514,26,29
338,5.6541,stop,482.96,70.93,402,31,21
338,5.6541,stop,812.41,198.06,601,34,29
338,5.6541,stop,1173.52,246.48,655,35,28
338,5.6541,stop,965.65,344.34,752,31,36
338,5.6541,stop,342.65,437.87,274,21,22
338,5.6541,stop,396.94,451.21,491,32,29
338,5.6541,stop,1646.20,525.77,292,17,29
338,5.6541,stop,1626.89,575.80,416,26,29
338,5.6541,stop,1512.63,1043.86,521,26,29
339,5.6696,stop,482.88,70.89,397,31,21
339,5.6696,stop,812.62,198.41,613,35,30
339,5.6696,stop,1174.22,246.72,635,34,27
339,5.6696,stop,965.88,342.89,741,30,37
339,5.6696,stop,342.66,437.96,273,21,22
339,5.6696,stop,397.13,451.32,497,32,29
339,5.6696,stop,1646.50,525.06,260,14,29
339,5.6696,stop,1626.94,575.99,426,25,29
339,5.6696,stop,1512.76,1043.72,518,26,29
340,5.6856,stop,483.08,70.82,401,31,21
340,5.6856,stop,813.16,198.99,620,34,31
340,5.6856,stop,1175.25,247.16,612,33,28
340,5.6856,stop,965.99,341.36,733,30,36
340,5.6856,stop,342.76,437.97,274,21,23
340,5.6856,stop,396.87,451.30,497,33,30
340,5.6856,stop,1646.32,525.27,262,15,30
340,5.6856,stop,1626.99,575.92,419,26,29
340,5.6856,stop,1512.74,1043.76,516,26,29
341,5.7015,stop,483.07,70.98,406,31,21
341,5.7015,stop,813.49,199.53,616,34,30
341,5.7015,stop,1176.11,247.73,618,33,27
341,5.7015,stop,966.17,340.22,720,30,37
341,5.7015,stop,342.86,438.10,275,21,22
341,5.7015,stop,397.03,451.25,492,33,30
341,5.7015,stop,1645.92,525.87,281,18,30
341,5.7015,stop,1627.00,575.89,424,26,29
341,5.7015,stop,1512.95,1043.83,510,26,29
342,5.7176,stop,482.87,71.01,398,31,21
342,5.7176,stop,813.86,200.10,621,35,31
342,5.7176,stop,1177.42,248.72,629,34,27
342,5.7176,stop,966.66,338.79,722,31,35
342,5.7176,stop,342.85,437.75,269,21,23
342,5.7176,stop,396.89,451.19,496,32,30
342,5.7176,stop,1646.19,525.36,280,16,29
342,5.7176,stop,1627.09,575.81,431,26,29
342,5.7176,stop,1512.79,1043.68,514,26,29
343,5.7375,stop,482.82,70.94,393,31,21
343,5.7375,stop,814.11,201.04,618,34,31
343,5.7375,stop,1178.70,249.59,649,34,28
343,5.7375,stop,967.24,337.10,732,30,36
343,5.7375,stop,342.57,437.92,277,21,23
343,5.7375,stop,396.84,451.26,493,33,29
343,5.7375,stop,1646.20,525.94,276,17,29
343,5.7375,stop,1626.96,575.85,421,25,29
343,5.7375,stop,1512.69,1043.89,510,26,29
344,5.7535,stop,483.02,70.96,402,31,21
344,5.7535,stop,813.81,201.13,652,34,30
344,5.7535,stop,1180.46,250.60,665,34,28
344,5.7535,stop,967.90,335.50,740,30,35
344,5.7535,stop,342.65,437.94,278,21,23
344,5.7535,stop,397.11,451.28,492,32,30
344,5.7535,stop,1645.95,525.90,288,18,30
344,5.7535,stop,1626.87,575.98,421,25,29
344,5.7535,stop,1512.69,1043.82,510,25,29
345,5.7698,stop,483.06,70.95,398,31,21
345,5.7698,stop,813.91,201.96,641,34,30
345,5.7698,stop,1181.91,251.56,660,34,29
345,5.7698,stop,968.79,334.07,741,31,36
345,5.7698,stop,342.66,437.87,272,21,22
345,5.7698,stop,396.87,451.32,495,32,30
345,5.7698,stop,1645.95,525.69,265,17,30
345,5.7698,stop,1626.82,576.01,420,26,29
345,5.7698,stop,1512.64,1043.85,527,26,29
346,5.7856,stop,483.01,71.09,400,31,21
346,5.7856,stop,813.23,202.82,603,30,31
346,5.7856,stop,1183.47,252.45,656,34,28
346,5.7856,stop,969.82,332.78,738,31,35
346,5.7856,stop,342.61,438.10,277,21,24
346,5.7856,stop,396.99,451.29,499,33,29
346,5.7856,stop,1646.14,525.67,276,17,30
346,5.7856,stop,1626.97,575.90,421,25,29
346,5.7856,stop,1512.74,1043.71,531,26,29
347,5.8016,stop,482.86,71.03,400,31,21
347,5.8016,stop,813.26,203.65,614,30,31
347,5.8016,stop,1184.84,253.70,644,34,28
347,5.8016,stop,970.90,331.06,751,31,35
347,5.8016,stop,342.54,437.94,278,21,22
347,5.8016,stop,396.94,451.26,499,33,29
347,5.8016,stop,1646.37,525.38,273,13,30
347,5.8016,stop,1626.94,575.80,425,26,29
347,5.8016,stop,1512.85,1043.77,513,26,29
348,5.8176,stop,483.08,71.10,402,31,21
348,5.8176,stop,813.24,204.51,616,30,31
348,5.8176,stop,1186.18,254.82,651,34,27
348,5.8176,stop,972.10,329.58,747,32,35
348,5.8176,stop,342.70,438.03,277,21,23
348,5.8176,stop,396.96,451.34,493,32,29
348,5.8176,stop,1646.47,525.13,259,14,29
348,5.8176,stop,1626.91,575.94,422,25,29
348,5.8176,stop,1512.77,1043.90,528,26,29
349,5.8375,stop,482.87,71.00,405,31,21
349,5.8375,stop,813.04,205.59,617,31,31
349,5.8375,stop,1188.44,256.40,648,35,28
349,5.8375,stop,973.60,328.05,763,32,35
349,5.8375,stop,342.63,437.99,275,21,23
349,5.8375,stop,397.25,451.34,491,32,29
349,5.8375,stop,1646.47,524.07,245,14,25
349,5.8375,stop,1626.90,576.00,427,25,29
349,5.8375,stop,1512.71,1043.73,533,26,29
350,5.8536,stop,482.84,70.98,396,31,21
350,5.8536,stop,812.85,206.30,597,30,31
350,5.8536,stop,1190.06,257.81,674,35,28
350,5.8536,stop,975.08,326.51,776,32,36
350,5.8536,stop,342.71,437.78,275,21,23
350,5.8536,stop,396.81,451.23,496,33,30
350,5.8536,stop,1646.03,525.78,278,17,29
350,5.8536,stop,1627.01,576.01,436,25,29
350,5.8536,stop,1512.72,1043.81,526,26,29
351,5.8697,stop,482.95,70.94,397,31,21
351,5.8697,stop,812.53,207.29,589,30,32
351,5.8697,stop,1192.11,259.55,671,35,28
351,5.8697,stop,976.66,324.90,775,33,34
351,5.8697,stop,342.56,438.04,273,21,23
351,5.8697,stop,397.02,451.24,496,32,30
351,5.8697,stop,1645.70,526.02,284,17,30
351,5.8697,stop,1627.09,575.78,418,25,29
351,5.8697,stop,1512.79,1043.84,518,26,29
352,5.8855,stop,482.93,70.97,402,31,21
352,5.8855,stop,812.45,208.65,566,30,31
352,5.8855,stop,1193.89,261.05,671,33,29
352,5.8855,stop,978.27,323.05,791,33,35
352,5.8855,stop,342.69,437.91,264,21,22
352,5.8855,stop,396.90,451.16,501,32,30
352,5.8855,stop,1646.19,524.60,268,15,29
352,5.8855,stop,1627.00,575.82,429,25,29
352,5.8855,stop,1512.74,1043.74,511,26,29
353,5.9016,stop,482.83,70.97,411,31,21
353,5.9016,stop,811.82,209.80,565,30,31
353,5.9016,stop,1196.19,262.83,678,33,30
353,5.9016,stop,979.84,321.66,786,33,35
353,5.9016,stop,342.78,438.00,273,21,23
353,5.9016,stop,396.93,451.31,495,33,30
353,5.9016,stop,1645.96,526.28,296,18,30
353,5.9016,stop,1626.85,575.86,422,25,28
353,5.9016,stop,1512.63,1043.73,524,26,29
354,5.9215,stop,483.12,71.05,402,31,21
354,5.9215,stop,810.96,210.68,583,29,32
354,5.9215,stop,1198.25,264.76,676,34,30
354,5.9215,stop,981.59,319.96,799,33,36
354,5.9215,stop,342.74,438.06,281,21,23
354,5.9215,stop,397.05,451.25,499,32,30
354,5.9215,stop,1645.90,526.02,279,18,30
354,5.9215,stop,1626.97,575.83,428,26,28
354,5.9215,stop,1512.77,1043.87,519,26,29
355,5.9379,stop,482.91,71.07,398,31,21
355,5.9379,stop,809.98,211.76,592,31,33
355,5.9379,stop,1200.13,266.72,679,34,30
355,5.9379,stop,983.32,318.17,810,34,36
355,5.9379,stop,342.71,438.04,278,21,23
355,5.9379,stop,397.06,451.33,500,32,30
355,5.9379,stop,1645.90,526.02,283,17,30
355,5.9379,stop,1627.02,575.73,434,26,29
355,5.9379,stop,1512.79,1043.75,518,26,29
356,5.9554,stop,483.00,71.02,394,31,21
356,5.9554,stop,808.67,212.70,595,30,32
356,5.9554,stop,1202.26,268.78,693,34,29
356,5.9554,stop,985.04,316.29,810,34,37
356,5.9554,stop,342.63,438.08,277,21,23
356,5.9554,stop,397.03,451.28,499,32,29
356,5.9554,stop,1646.10,526.05,288,18,30
356,5.9554,stop,1626.90,575.64,429,26,28
356,5.9554,stop,1512.78,1043.84,519,25,29
357,5.9723,stop,483.02,71.07,403,31,21
357,5.9723,stop,807.70,213.63,573,30,31
357,5.9723,stop,1204.41,270.72,712,34,32
357,5.9723,stop,986.74,314.65,826,34,37
357,5.9723,stop,343.00,437.98,268,21,23
357,5.9723,stop,397.06,451.37,496,33,29
357,5.9723,stop,1646.09,525.57,291,17,30
357,5.9723,stop,1626.89,575.91,427,25,30
357,5.9723,stop,1512.83,1043.76,521,26,29
358,5.9875,stop,483.13,71.02,412,31,21
358,5.9875,stop,807.29,214.58,539,25,30
358,5.9875,stop,1206.50,272.63,726,34,32
358,5.9875,stop,988.30,312.93,815,34,37
358,5.9875,stop,342.66,437.69,268,21,22
358,5.9875,stop,396.87,451.25,494,32,30
358,5.9875,stop,1646.09,525.99,280,18,29
358,5.9875,stop,1626.90,575.85,418,25,29
358,5.9875,stop,1512.75,1043.85,520,25,29
359,6.0022,stop,483.13,71.03,398,31,21
359,6.0022,stop,805.73,215.52,553,30,30
359,6.0022,stop,1208.47,274.73,736,34,32
359,6.0022,stop,989.47,310.74,857,35,37
359,6.0022,stop,342.69,437.88,270,21,22
359,6.0022,stop,396.90,451.29,492,33,29
359,6.0022,stop,1646.13,525.62,277,17,29
359,6.0022,stop,1626.94,575.93,431,26,29
359,6.0022,stop,1512.95,1043.81,524,26,29
360,6.0216,stop,482.98,70.98,404,31,21
360,6.0216,stop,804.73,216.73,586,33,30
360,6.0216,stop,1210.51,276.88,750,34,32
360,6.0216,stop,991.17,308.58,850,34,37
360,6.0216,stop,342.50,438.13,279,21,23
360,6.0216,stop,396.96,451.38,495,33,29
360,6.0216,stop,1646.40,524.09,254,15,27
360,6.0216,stop,1626.92,575.78,430,26,29
360,6.0216,stop,1512.69,1043.83,525,26,29
361,6.0376,stop,482.90,71.11,398,31,21
361,6.0376,stop,803.20,217.88,597,34,30
361,6.0376,stop,1212.42,279.04,749,34,33
361,6.0376,stop,992.83,306.79,852,34,36
361,6.0376,stop,342.86,438.02,281,21,22
361,6.0376,stop,396.90,451.20,499,33,30
361,6.0376,stop,1646.27,524.66,264,15,29
361,6.0376,stop,1626.91,575.94,416,26,29
361,6.0376,stop,1512.62,1043.67,523,25,29
362,6.0536,stop,483.00,71.01,394,31,21
362,6.0536,stop,801.92,219.07,609,33,30
362,6.0536,stop,1214.89,281.26,733,34,33
362,6.0536,stop,994.24,304.91,860,34,35
362,6.0536,stop,342.80,438.06,272,21,23
362,6.0536,stop,397.08,451.42,487,32,29
362,6.0536,stop,1645.99,525.85,281,18,30
362,6.0536,stop,1627.08,576.01,425,26,29
362,6.0536,stop,1512.79,1043.71,533,26,29
363,6.0696,stop,483.05,71.10,399,31,21
363,6.0696,stop,800.29,220.16,606,34,29
363,6.0696,stop,1217.27,283.80,752,34,32
363,6.0696,stop,995.70,303.40,868,34,36
363,6.0696,stop,342.62,438.04,279,21,23
363,6.0696,stop,397.08,451.29,502,32,29
363,6.0696,stop,1646.40,525.57,278,15,30
363,6.0696,stop,1626.95,576.05,424,25,29
363,6.0696,stop,1512.63,1043.83,522,26,29
364,6.0856,stop,483.30,70.98,396,31,21
364,6.0856,stop,798.59,221.22,616,34,29
364,6.0856,stop,1219.68,285.92,752,34,33
364,6.0856,stop,997.27,301.39,882,34,36
364,6.0856,stop,342.77,437.97,269,21,23
364,6.0856,stop,396.96,451.25,491,33,29
364,6.0856,stop,1645.76,526.21,291,18,30
364,6.0856,stop,1626.80,576.02,431,27,29
364,6.0856,stop,1512.76,1043.91,517,26,29
365,6.1016,stop,483.28,70.99,401,31,21
365,6.1016,stop,796.56,222.38,606,35,30
365,6.1016,stop,1222.00,287.89,758,35,32
365,6.1016,stop,998.76,299.02,872,34,37
365,6.1016,stop,342.73,437.92,273,21,22
365,6.1016,stop,396.99,451.24,487,32,29
365,6.1016,stop,1645.92,526.03,297,17,30
365,6.1016,stop,1627.11,575.81,428,26,29
365,6.1016,stop,1512.70,1043.71,525,26,29
366,6.1217,stop,482.92,71.01,397,31,21
366,6.1217,stop,795.07,223.93,621,34,29
366,6.1217,stop,1224.38,290.36,770,34,32
366,6.1217,stop,1000.13,296.89,865,34,35
366,6.1217,stop,342.58,438.26,280,21,23
366,6.1217,stop,396.94,451.27,495,32,30
366,6.1217,stop,1646.64,525.13,276,14,29
366,6.1217,stop,1626.96,575.90,422,26,29
366,6.1217,stop,1512.82,1043.76,520,25,29
367,6.1379,stop,483.03,70.95,402,31,21
367,6.1379,stop,793.55,225.45,629,34,29
367,6.1379,stop,1226.85,292.81,792,34,33
367,6.1379,stop,1001.33,294.78,852,34,35
367,6.1379,stop,342.78,437.97,279,21,22
367,6.1379,stop,397.03,451.32,498,32,29
367,6.1379,stop,1646.41,524.99,263,14,29
367,6.1379,stop,1626.99,575.89,432,26,29
367,6.1379,stop,1512.45,1043.82,518,25,29
368,6.1536,stop,482.84,70.92,402,31,21
368,6.1536,stop,791.60,226.82,611,33,30
368,6.1536,stop,1002.56,292.80,859,33,36
368,6.1536,stop,1229.15,294.63,796,34,34
368,6.1536,stop,342.92,437.86,265,21,23
368,6.1536,stop,396.97,451.26,495,33,29
368,6.1536,stop,1646.60,525.28,287,14,30
368,6.1536,stop,1626.82,575.82,418,26,29
368,6.1536,stop,1512.68,1043.85,527,26,29
369,6.1696,stop,483.01,70.97,397,31,21
369,6.1696,stop,789.82,228.22,609,33,30
369,6.1696,stop,1004.05,290.53,852,34,36
369,6.1696,stop,1231.70,296.86,788,33,34
369,6.1696,stop,342.74,437.85,278,21,23
369,6.1696,stop,397.04,451.21,495,33,29
369,6.1696,stop,1646.42,524.85,261,15,29
369,6.1696,stop,1627.10,575.65,422,25,29
369,6.1696,stop,1512.72,1043.82,519,26,29
370,6.1856,stop,482.97,71.02,406,31,21
370,6.1856,stop,788.20,229.88,614,32,30
370,6.1856,stop,1005.42,288.17,849,34,35
370,6.1856,stop,1234.43,299.15,777,33,34
370,6.1856,stop,342.91,437.82,266,21,22
370,6.1856,stop,396.89,451.20,496,33,30
370,6.1856,stop,1646.51,524.95,283,15,29
370,6.1856,stop,1626.89,575.70,430,25,29
370,6.1856,stop,1512.76,1043.86,518,26,29
371,6.2016,stop,483.16,71.09,405,31,21
371,6.2016,stop,786.49,231.87,609,32,31
371,6.2016,stop,1007.05,285.53,839,34,36
371,6.2016,stop,1236.97,301.66,757,33,35
371,6.2016,stop,342.60,437.94,277,21,22
371,6.2016,stop,396.95,451.28,499,33,29
371,6.2016,stop,1645.87,526.04,295,17,31
371,6.2016,stop,1626.99,575.95,430,26,29
371,6.2016,stop,1512.72,1043.82,516,26,29
372,6.2215,stop,482.95,71.02,396,31,21
372,6.2215,stop,784.98,233.58,602,31,32
372,6.2215,stop,1008.56,282.98,833,33,36
372,6.2215,stop,1239.59,303.74,759,32,35
372,6.2215,stop,342.82,437.79,272,21,23
372,6.2215,stop,396.99,451.31,503,32,29
372,6.2215,stop,1645.99,526.11,290,17,29
372,6.2215,stop,1627.02,575.93,427,25,29
372,6.2215,stop,1512.64,1043.63,523,26,29
373,6.2376,stop,483.09,71.02,396,31,21
373,6.2376,stop,783.77,234.99,600,31,33
373,6.2376,stop,1009.86,280.59,830,34,36
373,6.2376,stop,1242.36,305.89,730,32,35
373,6.2376,stop,342.66,438.01,280,21,23
373,6.2376,stop,397.18,451.37,496,33,30
373,6.2376,stop,1646.33,525.32,266,15,30
373,6.2376,stop,1626.94,575.89,428,25,30
373,6.2376,stop,1512.77,1043.85,526,25,29
374,6.2536,stop,483.08,71.08,405,31,21
374,6.2536,stop,782.43,236.80,598,30,33
374,6.2536,stop,1011.45,277.82,814,33,35
374,6.2536,stop,1245.04,307.94,721,31,35
374,6.2536,stop,342.87,437.74,283,21,23
374,6.2536,stop,396.95,451.18,504,33,30
374,6.2536,stop,1646.05,526.26,290,17,29
374,6.2536,stop,1627.07,575.88,429,25,29
374,6.2536,stop,1512.73,1043.80,528,26,29
375,6.2696,stop,482.93,71.05,404,31,21
375,6.2696,stop,781.27,238.47,589,29,34
375,6.2696,stop,1012.88,275.01,799,34,35
375,6.2696,stop,1247.58,310.06,711,32,34
375,6.2696,stop,342.72,437.99,277,21,23
375,6.2696,stop,396.91,451.31,490,32,29
375,6.2696,stop,1646.32,524.85,275,15,29
375,6.2696,stop,1627.07,576.02,422,26,29
375,6.2696,stop,1512.86,1043.69,521,26,29
376,6.2855,stop,482.89,71.10,405,31,21
376,6.2855,stop,780.21,239.85,592,29,33
376,6.2855,stop,1014.54,272.02,789,33,35
376,6.2855,stop,1250.12,312.09,703,32,34
376,6.2855,stop,342.86,438.00,270,21,23
376,6.2855,stop,396.79,451.20,498,33,30
376,6.2855,stop,1645.92,525.78,288,18,30
376,6.2855,stop,1626.92,575.84,437,26,29
376,6.2855,stop,1512.51,1043.74,526,26,29
377,6.3016,stop,483.16,71.01,407,31,21
377,6.3016,stop,779.30,241.46,599,28,34
377,6.3016,stop,1015.95,269.22,754,33,35
377,6.3016,stop,1252.27,313.81,699,32,34
377,6.3016,stop,342.69,438.06,277,21,25
377,6.3016,stop,396.88,451.26,502,33,30
377,6.3016,stop,1645.88,526.36,296,18,30
377,6.3016,stop,1627.01,575.82,425,26,29
377,6.3016,stop,1512.79,1043.77,526,26,29
378,6.3215,stop,483.00,70.93,397,31,21
378,6.3215,stop,778.60,243.21,596,28,34
378,6.3215,stop,1017.27,266.51,737,33,34
378,6.3215,stop,1255.22,315.04,737,32,34
378,6.3215,stop,342.73,437.89,276,21,23
378,6.3215,stop,396.93,451.30,490,32,29
378,6.3215,stop,1646.01,525.67,286,17,29
378,6.3215,stop,1626.96,575.85,424,25,29
378,6.3215,stop,1512.88,1043.56,518,26,29
379,6.3375,stop,483.02,71.09,399,31,21
379,6.3375,stop,778.03,244.58,613,28,35
379,6.3375,stop,1018.27,264.11,727,33,33
379,6.3375,stop,1256.88,317.30,701,32,34
379,6.3375,stop,342.60,438.07,276,21,23
379,6.3375,stop,396.94,451.39,505,33,29
379,6.3375,stop,1646.11,526.24,303,18,30
379,6.3375,stop,1627.01,575.67,434,25,29
379,6.3375,stop,1512.66,1043.70,521,26,29
380,6.3536,stop,482.88,70.94,397,31,21
380,6.3536,stop,777.55,245.98,621,28,34
380,6.3536,stop,1019.27,261.51,711,33,34
380,6.3536,stop,1258.83,318.76,679,31,35
380,6.3536,stop,342.62,438.09,285,21,23
380,6.3536,stop,397.10,451.36,491,32,29
380,6.3536,stop,1646.04,525.76,293,17,30
380,6.3536,stop,1626.96,575.92,428,26,29
380,6.3536,stop,1513.05,1043.67,519,25,29
381,6.3696,stop,483.04,71.06,400,31,21
381,6.3696,stop,777.16,247.57,625,28,35
381,6.3696,stop,1020.23,258.62,709,32,32
381,6.3696,stop,1260.85,320.06,657,30,34
381,6.3696,stop,342.85,437.99,273,21,23
381,6.3696,stop,396.93,451.21,497,32,30
381,6.3696,stop,1646.48,525.02,278,15,29
381,6.3696,stop,1627.09,575.97,431,25,29
381,6.3696,stop,1512.85,1043.65,533,26,29
382,6.3856,stop,482.90,71.03,401,31,21
382,6.3856,stop,777.00,248.85,634,29,35
382,6.3856,stop,1020.43,255.86,648,29,33
382,6.3856,stop,1262.82,321.17,650,29,34
382,6.3856,stop,342.63,437.92,278,21,22
382,6.3856,stop,396.92,451.24,489,32,30
382,6.3856,stop,1646.25,525.51,290,17,30
382,6.3856,stop,1627.19,575.84,431,26,29
382,6.3856,stop,1512.70,1043.77,521,26,29
383,6.4016,stop,482.86,71.03,406,31,21
383,6.4016,stop,776.84,250.43,640,29,35
383,6.4016,stop,1021.36,253.11,638,28,32
383,6.4016,stop,1264.75,322.27,622,29,33
383,6.4016,stop,342.46,437.79,282,21,22
383,6.4016,stop,396.95,451.20,502,33,30
383,6.4016,stop,1646.16,525.98,296,18,29
383,6.4016,stop,1626.99,575.94,431,26,29
383,6.4016,stop,1512.69,1043.82,524,26,29
384,6.4216,stop,483.06,70.94,400,31,21
384,6.4216,stop,776.98,251.72,659,29,35
384,6.4216,stop,1022.99,250.93,665,32,32
384,6.4216,stop,1266.37,323.42,603,28,33
384,6.4216,stop,342.84,438.09,277,20,24
384,6.4216,stop,397.08,451.26,498,32,29
384,6.4216,stop,1646.05,526.12,287,17,30
384,6.4216,stop,1626.88,575.97,425,26,29
384,6.4216,stop,1512.66,1043.70,520,26,29
385,6.4380,stop,482.85,71.02,395,31,21
385,6.4380,stop,1023.73,248.77,661,32,32
385,6.4380,stop,777.24,253.00,668,29,35
385,6.4380,stop,1268.32,324.50,599,29,33
385,6.4380,stop,342.52,437.98,282,21,23
385,6.4380,stop,397.02,451.31,490,32,30
385,6.4380,stop,1646.11,526.13,297,18,30
385,6.4380,stop,1626.95,575.96,425,26,29
385,6.4380,stop,1512.75,1043.72,521,26,29
386,6.4536,stop,482.80,71.01,407,31,21
386,6.4536,stop,1024.50,246.47,663,33,33
386,6.4536,stop,777.55,254.14,676,30,35
386,6.4536,stop,1269.90,325.37,602,29,31
386,6.4536,stop,342.59,437.88,278,21,23
386,6.4536,stop,396.88,451.26,504,33,30
386,6.4536,stop,1645.71,525.71,290,18,30
386,6.4536,stop,1627.07,575.84,427,25,29
386,6.4536,stop,1512.70,1043.72,526,26,29
387,6.4696,stop,483.09,70.91,406,31,21
387,6.4696,stop,1025.53,244.78,626,33,33
387,6.4696,stop,777.97,255.29,702,29,36
387,6.4696,stop,1271.45,325.98,607,29,33
387,6.4696,stop,342.58,437.77,275,21,23
387,6.4696,stop,397.08,450.40,540,33,31
387,6.4696,stop,1646.06,525.73,297,17,30
387,6.4696,stop,1627.06,576.03,433,26,29
387,6.4696,stop,1512.64,1043.91,527,26,29
388,6.4856,stop,482.73,71.01,404,31,21
388,6.4856,stop,1025.93,242.75,642,32,33
388,6.4856,stop,778.59,255.94,708,30,35
388,6.4856,stop,1273.25,326.94,609,28,32
388,6.4856,stop,342.76,438.16,283,21,23
388,6.4856,stop,396.97,451.36,501,33,30
388,6.4856,stop,1646.05,525.72,287,17,29
388,6.4856,stop,1626.81,575.79,428,26,29
388,6.4856,stop,1512.70,1043.77,521,26,29
389,6.5016,stop,482.90,70.97,401,31,21
389,6.5016,stop,1026.39,240.81,642,32,33
389,6.5016,stop,779.35,256.68,708,30,35
389,6.5016,stop,1274.66,327.82,613,29,32
389,6.5016,stop,342.85,438.00,274,21,23
389,6.5016,stop,396.93,451.25,497,33,30
389,6.5016,stop,1646.52,524.90,266,14,29
389,6.5016,stop,1627.12,575.97,442,26,29
389,6.5016,stop,1512.75,1043.88,523,26,29
390,6.5216,stop,483.10,71.02,414,31,21
390,6.5216,stop,1026.46,238.95,634,31,34
390,6.5216,stop,780.01,257.47,705,31,35
390,6.5216,stop,1276.12,328.53,643,29,34
390,6.5216,stop,342.63,437.88,276,21,23
390,6.5216,stop,397.19,450.54,525,33,31
390,6.5216,stop,1646.39,525.04,281,15,29
390,6.5216,stop,1626.89,575.94,425,25,30
390,6.5216,stop,1512.67,1043.81,524,26,29
391,6.5377,stop,483.09,71.12,408,31,21
391,6.5377,stop,1026.53,237.27,626,32,34
391,6.5377,stop,780.68,258.06,701,31,36
391,6.5377,stop,1277.34,329.29,650,30,34
391,6.5377,stop,342.61,437.86,275,21,22
391,6.5377,stop,396.77,451.25,500,33,30
391,6.5377,stop,1646.02,525.80,295,17,29
391,6.5377,stop,1626.77,575.86,447,28,29
391,6.5377,stop,1512.67,1043.67,528,26,29
392,6.5536,stop,483.17,71.01,399,31,21
392,6.5536,stop,1026.68,235.83,618,31,33
392,6.5536,stop,781.52,258.70,709,33,35
392,6.5536,stop,1278.58,329.95,659,31,35
392,6.5536,stop,342.64,437.87,282,21,23
392,6.5536,stop,396.90,451.13,500,33,30
392,6.5536,stop,1646.21,525.09,282,15,30
392,6.5536,stop,1626.98,575.79,433,26,29
392,6.5536,stop,1512.77,1043.80,526,26,29
393,6.5696,stop,482.89,70.98,396,31,21
393,6.5696,stop,1027.05,234.17,621,31,33
393,6.5696,stop,782.44,258.84,722,31,35
393,6.5696,stop,1279.64,330.75,666,30,35
393,6.5696,stop,342.68,438.19,274,21,23
393,6.5696,stop,397.02,451.29,496,32,29
393,6.5696,stop,1645.81,526.11,290,17,29
393,6.5696,stop,1626.98,576.03,427,25,29
393,6.5696,stop,1512.64,1043.67,522,26,29
394,6.5856,stop,483.05,71.04,399,31,21
394,6.5856,stop,1027.45,232.79,630,33,32
394,6.5856,stop,783.04,259.11,720,33,36
394,6.5856,stop,1280.69,331.48,688,31,36
394,6.5856,stop,342.59,438.23,277,20,24
394,6.5856,stop,397.02,451.26,494,32,30
394,6.5856,stop,1646.54,525.13,286,16,29
394,6.5856,stop,1627.03,575.99,431,25,29
394,6.5856,stop,1512.73,1043.86,522,26,29
395,6.6016,stop,483.07,70.94,400,31,21
395,6.6016,stop,1027.67,231.49,628,33,32
395,6.6016,stop,782.88,259.32,770,34,35
395,6.6016,stop,1281.57,331.76,692,31,36
395,6.6016,stop,342.52,438.19,288,21,24
395,6.6016,stop,397.08,450.54,534,33,31
395,6.6016,stop,1646.23,526.08,296,17,30
395,6.6016,stop,1627.07,575.93,431,26,29
395,6.6016,stop,1512.78,1043.78,529,26,29
396,6.6216,stop,482.94,70.96,399,31,21
396,6.6216,stop,1027.98,230.38,597,29,31
396,6.6216,stop,783.47,259.52,759,33,35
396,6.6216,stop,1282.48,331.71,678,31,35
396,6.6216,stop,342.81,437.76,277,21,22
396,6.6216,stop,396.95,451.29,498,33,29
396,6.6216,stop,1646.08,525.65,296,17,30
396,6.6216,stop,1626.99,575.95,430,26,29
396,6.6216,stop,1512.65,1043.90,532,26,29
397,6.6376,stop,483.06,71.05,414,31,21
397,6.6376,stop,1027.81,229.29,613,34,31
397,6.6376,stop,784.32,260.10,745,34,36
397,6.6376,stop,1283.03,331.96,672,30,35
397,6.6376,stop,342.71,437.94,276,21,23
397,6.6376,stop,396.96,451.28,488,32,30
397,6.6376,stop,1645.79,526.38,297,18,30
397,6.6376,stop,1627.07,575.93,433,26,29
397,6.6376,stop,1512.76,1043.87,526,26,29
398,6.6536,stop,482.88,70.99,405,31,21
398,6.6536,stop,1027.99,227.99,615,33,32
398,6.6536,stop,783.74,259.95,758,33,36
398,6.6536,stop,1283.75,331.94,673,31,34
398,6.6536,stop,342.43,438.13,290,21,24
398,6.6536,stop,396.88,451.20,507,32,30
398,6.6536,stop,1645.81,526.55,297,17,30
398,6.6536,stop,1627.02,575.86,433,26,30
398,6.6536,stop,1512.69,1043.84,534,27,29
399,6.6696,stop,482.93,70.99,410,31,21
399,6.6696,stop,1028.36,226.89,632,33,32
399,6.6696,stop,784.68,260.39,801,34,35
399,6.6696,stop,1284.40,332.02,681,30,34
399,6.6696,stop,342.73,438.02,284,21,23
399,6.6696,stop,396.89,451.22,494,33,29
399,6.6696,stop,1645.89,525.74,300,18,30
399,6.6696,stop,1626.93,575.77,439,25,29
399,6.6696,stop,1512.76,1043.72,527,26,29
400,6.6856,stop,483.14,71.07,411,31,21
400,6.6856,stop,1028.57,225.94,642,33,32
400,6.6856,stop,784.57,260.32,767,34,35
400,6.6856,stop,1284.75,332.03,671,31,34
400,6.6856,stop,342.64,438.08,279,21,22
400,6.6856,stop,396.92,451.31,500,33,30
400,6.6856,stop,1645.80,526.34,288,18,30
400,6.6856,stop,1626.78,576.00,431,27,29
400,6.6856,stop,1512.62,1043.85,531,26,29
401,6.7056,stop,483.08,70.98,409,31,21
401,6.7056,stop,1028.83,225.01,629,32,32
401,6.7056,stop,785.29,260.73,781,33,35
401,6.7056,stop,1285.09,332.08,666,30,34
401,6.7056,stop,342.96,437.97,271,21,23
401,6.7056,stop,397.02,451.22,494,33,29
401,6.7056,stop,1646.37,524.77,283,15,29
401,6.7056,stop,1627.02,576.05,442,26,29
401,6.7056,stop,1512.69,1043.84,520,26,29
402,6.7216,stop,483.02,70.97,406,31,21
402,6.7216,stop,1029.24,224.21,628,33,31
402,6.7216,stop,785.57,260.84,776,34,35
402,6.7216,stop,1285.23,332.06,662,30,34
402,6.7216,stop,342.72,437.87,270,21,23
402,6.7216,stop,396.90,451.30,497,33,30
402,6.7216,stop,1645.96,525.80,310,17,31
402,6.7216,stop,1626.94,575.93,431,25,29
402,6.7216,stop,1512.81,1043.92,518,26,29
403,6.7377,stop,483.12,71.06,405,31,21
403,6.7377,stop,1029.81,223.42,617,33,31
403,6.7377,stop,785.69,260.69,773,34,36
403,6.7377,stop,1285.33,332.06,665,30,34
403,6.7377,stop,342.56,438.19,287,21,24
403,6.7377,stop,396.93,451.26,505,33,30
403,6.7377,stop,1646.17,525.70,298,17,29
403,6.7377,stop,1627.03,575.88,437,26,29
403,6.7377,stop,1512.79,1043.85,523,25,29
404,6.7536,stop,482.91,70.99,404,31,21
404,6.7536,stop,1030.14,222.94,615,32,32
404,6.7536,stop,785.62,260.64,780,34,35
404,6.7536,stop,1285.32,331.88,664,30,35
404,6.7536,stop,342.64,438.08,276,21,22
404,6.7536,stop,396.95,451.29,502,32,30
404,6.7536,stop,1645.94,525.95,299,17,30
404,6.7536,stop,1626.94,576.00,426,26,29
404,6.7536,stop,1512.86,1043.68,527,27,29
405,6.7697,stop,482.94,71.10,396,31,21
405,6.7697,stop,1030.76,222.59,603,33,31
405,6.7697,stop,785.33,260.40,769,33,35
405,6.7697,stop,1285.25,331.72,660,30,35
405,6.7697,stop,342.80,437.97,274,21,23
405,6.7697,stop,396.92,451.27,498,33,30
405,6.7697,stop,1646.12,525.94,299,17,29
405,6.7697,stop,1626.93,575.91,434,26,29
405,6.7697,stop,1512.65,1043.80,530,26,29
406,6.7856,stop,483.04,70.99,406,31,21
406,6.7856,stop,1031.43,222.09,595,33,31
406,6.7856,stop,784.69,260.16,740,33,35
406,6.7856,stop,1284.79,331.51,674,31,34
406,6.7856,stop,342.86,437.96,273,21,22
406,6.7856,stop,396.91,451.26,497,33,30
406,6.7856,stop,1646.09,525.85,294,17,29
406,6.7856,stop,1626.76,576.01,426,24,29
406,6.7856,stop,1512.72,1043.92,527,26,29
407,6.8056,stop,482.82,70.99,411,31,21
407,6.8056,stop,1031.88,221.78,611,32,32
407,6.8056,stop,785.44,260.51,738,34,35
407,6.8056,stop,1284.40,331.19,674,30,34
407,6.8056,stop,342.50,437.94,280,21,23
407,6.8056,stop,397.07,451.36,496,32,30
407,6.8056,stop,1645.92,525.79,303,18,30
407,6.8056,stop,1627.09,575.91,433,25,29
407,6.8056,stop,1512.75,1043.69,528,26,29
408,6.8216,stop,483.02,70.91,404,31,21
408,6.8216,stop,1032.42,221.72,630,33,32
408,6.8216,stop,784.55,260.17,775,34,36
408,6.8216,stop,1283.97,330.90,688,31,34
408,6.8216,stop,342.68,438.06,287,21,22
408,6.8216,stop,397.03,451.32,492,33,29
408,6.8216,stop,1646.25,525.78,291,17,29
408,6.8216,stop,1626.78,575.89,419,25,28
408,6.8216,stop,1512.76,1043.94,526,26,29
409,6.8377,stop,482.78,70.96,399,31,21
409,6.8377,stop,1032.71,221.55,648,34,32
409,6.8377,stop,783.96,259.78,769,34,35
409,6.8377,stop,1283.30,330.56,695,32,34
409,6.8377,stop,342.68,438.17,272,21,23
409,6.8377,stop,396.98,451.32,501,32,30
409,6.8377,stop,1646.14,526.23,304,18,30
409,6.8377,stop,1627.09,575.89,432,26,29
409,6.8377,stop,1512.69,1043.84,528,26,29
410,6.8536,stop,483.01,71.00,406,31,21
410,6.8536,stop,1033.16,221.38,661,33,32
410,6.8536,stop,784.05,259.89,742,34,35
410,6.8536,stop,1282.47,330.00,713,32,34
410,6.8536,stop,342.76,438.06,271,21,22
410,6.8536,stop,396.92,451.30,502,32,30
410,6.8536,stop,1645.99,526.36,302,17,30
410,6.8536,stop,1627.17,575.90,431,25,28
410,6.8536,stop,1512.72,1043.80,529,26,29
411,6.8697,stop,482.85,70.93,408,31,21
411,6.8697,stop,1033.75,221.03,663,34,32
411,6.8697,stop,783.46,259.81,748,34,35
411,6.8697,stop,1281.69,329.51,724,32,35
411,6.8697,stop,342.62,438.09,282,21,23
411,6.8697,stop,396.70,451.02,509,33,30
411,6.8697,stop,1645.96,526.55,317,18,30
411,6.8697,stop,1626.95,576.01,427,25,29
411,6.8697,stop,1512.96,1043.87,530,26,29
412,6.8861,stop,482.78,70.99,405,31,21
412,6.8861,stop,1033.51,220.62,683,33,32
412,6.8861,stop,782.43,259.33,775,34,35
412,6.8861,stop,1280.87,329.25,742,33,36
412,6.8861,stop,342.53,438.03,283,21,23
412,6.8861,stop,396.89,451.10,505,32,30
412,6.8861,stop,1646.09,525.75,288,17,29
412,6.8861,stop,1627.01,576.02,437,26,29
412,6.8861,stop,1512.74,1043.72,517,26,29
413,6.9055,stop,483.22,71.06,402,31,21
413,6.9055,stop,1034.64,220.72,667,33,32
413,6.9055,stop,782.34,259.52,730,34,35
413,6.9055,stop,1279.95,329.08,752,33,35
413,6.9055,stop,342.59,438.05,278,21,22
413,6.9055,stop,397.03,451.34,503,33,30
413,6.9055,stop,1646.20,526.12,302,17,29
413,6.9055,stop,1626.92,576.04,432,26,29
413,6.9055,stop,1512.69,1043.65,532,26,29
414,6.9217,stop,483.18,71.11,404,31,21
414,6.9217,stop,1035.12,220.66,674,33,33
414,6.9217,stop,781.84,259.20,714,31,36
414,6.9217,stop,1279.13,328.82,770,33,35
414,6.9217,stop,342.76,437.76,280,21,23
414,6.9217,stop,396.79,451.13,501,32,30
414,6.9217,stop,1645.93,526.21,305,18,30
414,6.9217,stop,1626.95,575.92,431,26,29
414,6.9217,stop,1512.85,1043.84,516,26,29
415,6.9376,stop,483.14,71.01,402,31,21
415,6.9376,stop,1035.07,220.36,719,34,33
415,6.9376,stop,780.84,259.06,710,34,35
415,6.9376,stop,1278.16,328.68,767,35,33
415,6.9376,stop,342.55,438.04,291,21,24
415,6.9376,stop,396.98,451.35,492,32,29
415,6.9376,stop,1646.15,525.70,300,17,29
415,6.9376,stop,1626.89,575.95,423,25,29
415,6.9376,stop,1512.77,1043.87,528,26,29
416,6.9535,stop,482.91,70.95,402,31,21
416,6.9535,stop,1035.97,220.79,690,33,33
416,6.9535,stop,780.05,258.75,705,33,35
416,6.9535,stop,1277.13,328.57,774,35,33
416,6.9535,stop,342.85,438.06,280,21,23
416,6.9535,stop,396.80,451.11,500,33,30
416,6.9535,stop,1645.99,525.65,291,17,30
416,6.9535,stop,1627.00,575.87,433,25,29
416,6.9535,stop,1512.72,1043.77,528,26,29
417,6.9696,stop,482.90,70.94,406,31,21
417,6.9696,stop,1036.27,220.89,699,33,33
417,6.9696,stop,779.40,258.46,688,32,35
417,6.9696,stop,1275.96,328.68,776,35,33
417,6.9696,stop,342.70,437.99,284,21,23
417,6.9696,stop,397.06,451.33,499,32,29
417,6.9696,stop,1645.99,525.99,287,17,30
417,6.9696,stop,1627.03,575.80,439,25,29
417,6.9696,stop,1512.77,1043.79,531,26,29
418,6.9856,stop,483.04,70.94,398,31,21
418,6.9856,stop,1036.78,221.15,708,34,34
418,6.9856,stop,778.70,258.34,678,32,34
418,6.9856,stop,1275.15,329.12,795,36,34
418,6.9856,stop,342.54,437.93,280,21,22
418,6.9856,stop,397.07,451.30,496,32,29
418,6.9856,stop,1646.39,524.72,289,15,29
418,6.9856,stop,1627.12,575.90,429,25,29
418,6.9856,stop,1512.67,1043.86,526,26,29
419,7.0056,s100,483.05,70.94,396,31,21
419,7.0056,s100,1037.00,221.31,720,33,34
419,7.0056,s100,777.92,258.00,689,32,35
419,7.0056,s100,1274.28,329.52,804,36,34
419,7.0056,s100,342.72,438.15,280,21,23
419,7.0056,s100,396.80,451.25,506,33,29
419,7.0056,s100,1646.17,525.92,312,17,30
419,7.0056,s100,1627.04,576.04,434,25,29
419,7.0056,s100,1512.74,1043.73,530,26,29
420,7.0216,s100,482.88,71.04,407,31,21
420,7.0216,s100,1037.24,221.67,714,33,35
420,7.0216,s100,777.40,257.51,672,32,35
420,7.0216,s100,1273.57,329.86,805,37,33
420,7.0216,s100,342.66,438.00,286,21,23
420,7.0216,s100,396.87,451.25,496,32,29
420,7.0216,s100,1645.97,526.32,307,17,30
420,7.0216,s100,1626.91,576.00,439,25,29
420,7.0216,s100,1512.72,1043.72,534,26,29
421,7.0376,s100,482.78,70.95,396,31,21
421,7.0376,s100,1037.48,221.78,714,33,35
421,7.0376,s100,776.77,257.11,663,32,34
421,7.0376,s100,1272.97,330.23,810,36,34
421,7.0376,s100,342.66,438.16,286,21,23
421,7.0376,s100,396.94,451.34,497,33,29
421,7.0376,s100,1646.15,526.07,304,17,30
421,7.0376,s100,1626.85,575.90,439,26,29
421,7.0376,s100,1512.67,1043.68,537,26,29
422,7.0536,s100,483.23,71.02,406,31,21
422,7.0536,s100,1037.74,221.93,715,34,35
422,7.0536,s100,776.35,256.52,632,30,34
422,7.0536,s100,1272.63,329.80,844,35,34
422,7.0536,s100,342.80,438.18,282,21,23
422,7.0536,s100,396.93,451.34,503,33,29
422,7.0536,s100,1646.26,524.62,277,15,29
422,7.0536,s100,1626.94,575.92,438,26,29
422,7.0536,s100,1512.71,1043.83,527,26,29
423,7.0696,s100,483.10,71.14,403,31,21
423,7.0696,s100,1037.83,221.97,715,33,35
423,7.0696,s100,776.17,255.97,632,29,34
423,7.0696,s100,1271.80,330.52,811,36,34
423,7.0696,s100,342.62,438.15,284,21,23
423,7.0696,s100,396.92,451.22,502,33,30
423,7.0696,s100,1646.08,526.04,297,17,30
423,7.0696,s100,1626.92,575.90,430,26,29
423,7.0696,s100,1512.66,1043.86,531,26,29
424,7.0856,s100,483.14,70.98,411,31,21
424,7.0856,s100,1038.03,221.80,701,33,35
424,7.0856,s100,775.96,255.32,634,29,34
424,7.0856,s100,1271.74,329.94,846,36,34
424,7.0856,s100,342.62,438.07,284,21,23
424,7.0856,s100,396.94,451.12,502,32,30
424,7.0856,s100,1646.45,525.30,284,14,30
424,7.0856,s100,1626.87,575.88,429,26,29
424,7.0856,s100,1512.81,1043.74,533,26,29
425,7.1055,s100,483.07,70.87,408,31,21
425,7.1055,s100,1038.07,221.70,708,33,35
425,7.1055,s100,775.69,254.70,616,29,33
425,7.1055,s100,1271.27,329.84,832,36,34
425,7.1055,s100,342.58,438.03,278,21,23
425,7.1055,s100,396.86,451.09,504,32,30
425,7.1055,s100,1646.07,526.08,316,17,30
425,7.1055,s100,1627.00,575.90,434,26,29
425,7.1055,s100,1512.69,1043.67,530,26,29
426,7.1225,s100,482.98,71.00,407,31,21
426,7.1225,s100,1038.08,221.50,706,33,35
426,7.1225,s100,775.54,254.23,605,30,32
426,7.1225,s100,1270.65,330.29,803,36,34
426,7.1225,s100,342.63,438.01,277,21,23
426,7.1225,s100,397.00,451.34,502,32,30
426,7.1225,s100,1646.52,524.21,257,14,26
426,7.1225,s100,1627.05,575.86,438,25,28
426,7.1225,s100,1512.75,1043.85,528,26,29
427,7.1387,s100,482.78,71.01,413,31,21
427,7.1387,s100,1037.97,221.36,695,33,34
427,7.1387,s100,775.65,253.85,601,30,33
427,7.1387,s100,1270.54,330.04,802,36,34
427,7.1387,s100,342.65,438.05,278,21,23
427,7.1387,s100,396.99,451.27,503,33,30
427,7.1387,s100,1645.98,525.39,297,17,29
427,7.1387,s100,1626.89,575.80,428,26,29
427,7.1387,s100,1512.70,1043.74,531,27,29
428,7.1548,s100,482.95,70.96,406,31,21
428,7.1548,s100,1037.94,221.35,694,33,34
428,7.1548,s100,775.76,253.47,602,30,32
428,7.1548,s100,1270.62,329.72,808,37,34
428,7.1548,s100,342.57,437.96,290,21,22
428,7.1548,s100,397.00,451.36,507,33,30
428,7.1548,s100,1646.09,525.85,306,17,30
428,7.1548,s100,1626.95,575.97,438,25,29
428,7.1548,s100,1512.66,1043.70,537,26,29
429,7.1697,s100,482.94,71.05,394,31,21
429,7.1697,s100,1037.77,221.45,705,33,35
429,7.1697,s100,776.03,253.31,605,29,32
429,7.1697,s100,1270.81,329.23,799,36,34
429,7.1697,s100,342.60,438.06,280,21,23
429,7.1697,s100,396.91,451.29,497,32,30
429,7.1697,s100,1646.13,525.86,302,17,29
429,7.1697,s100,1626.99,575.92,433,25,29
429,7.1697,s100,1512.61,1043.88,525,26,29
430,7.1856,s100,483.06,71.03,403,31,21
430,7.1856,s100,1037.46,221.45,708,34,34
430,7.1856,s100,776.23,252.91,604,31,31
430,7.1856,s100,1271.04,328.92,791,36,33
430,7.1856,s100,342.50,438.16,292,21,24
430,7.1856,s100,396.83,451.34,497,32,29
430,7.1856,s100,1646.48,524.97,287,15,29
430,7.1856,s100,1627.00,575.85,434,25,29
430,7.1856,s100,1512.69,1043.77,526,26,29
431,7.2056,s100,482.91,71.06,399,31,21
431,7.2056,s100,1037.32,221.61,712,33,35
431,7.2056,s100,776.71,252.75,612,30,31
431,7.2056,s100,1271.32,328.76,790,36,33
431,7.2056,s100,342.79,437.96,282,21,22
431,7.2056,s100,396.83,451.23,510,33,30
431,7.2056,s100,1646.46,524.36,271,14,26
431,7.2056,s100,1626.90,575.91,439,27,29
431,7.2056,s100,1512.76,1043.76,528,26,29
432,7.2217,s100,482.76,70.98,409,31,21
432,7.2217,s100,1037.13,221.59,727,33,35
432,7.2217,s100,776.95,252.42,617,30,32
432,7.2217,s100,1271.61,328.62,784,36,33
432,7.2217,s100,342.66,437.97,283,21,23
432,7.2217,s100,397.03,451.28,498,32,29
432,7.2217,s100,1646.13,525.84,294,17,29
432,7.2217,s100,1626.92,575.82,442,26,29
432,7.2217,s100,1512.68,1043.80,536,26,29
433,7.2381,s100,482.90,70.98,398,31,21
433,7.2381,s100,1036.74,221.70,732,34,35
433,7.2381,s100,777.49,252.13,613,31,31
433,7.2381,s100,1272.13,328.70,800,36,33
433,7.2381,s100,342.71,438.03,279,21,23
433,7.2381,s100,396.99,451.14,507,33,30
433,7.2381,s100,1645.99,526.51,302,18,30
433,7.2381,s100,1626.97,575.79,442,25,29
433,7.2381,s100,1512.71,1043.87,529,26,29
434,7.2544,s100,482.88,70.96,405,31,21
434,7.2544,s100,1036.30,221.79,737,33,35
434,7.2544,s100,777.97,251.96,641,33,31
434,7.2544,s100,1272.78,328.69,802,37,33
434,7.2544,s100,342.65,437.85,275,21,24
434,7.2544,s100,396.83,451.26,502,33,30
434,7.2544,s100,1646.08,525.79,300,17,29
434,7.2544,s100,1626.98,575.82,441,26,29
434,7.2544,s100,1512.79,1043.75,534,26,29
435,7.2705,s100,483.10,70.93,407,31,21
435,7.2705,s100,1036.01,221.65,733,34,35
435,7.2705,s100,778.43,251.83,645,32,31
435,7.2705,s100,1273.36,328.94,792,36,33
435,7.2705,s100,342.74,437.81,278,21,23
435,7.2705,s100,396.74,451.16,500,33,30
435,7.2705,s100,1646.69,524.94,280,14,29
435,7.2705,s100,1627.01,576.00,443,25,29
435,7.2705,s100,1512.73,1043.61,526,26,29
436,7.2856,s100,482.91,70.97,406,31,21
436,7.2856,s100,1035.50,221.43,743,34,34
436,7.2856,s100,779.14,251.57,654,33,31
436,7.2856,s100,1273.90,329.09,794,35,34
436,7.2856,s100,342.69,438.10,282,21,23
436,7.2856,s100,397.03,451.38,502,32,29
436,7.2856,s100,1646.05,525.87,308,18,30
436,7.2856,s100,1626.96,575.91,434,26,29
436,7.2856,s100,1512.80,1043.56,532,26,29
437,7.3056,s100,483.10,71.00,413,31,21
437,7.3056,s100,1035.17,221.06,740,34,34
437,7.3056,s100,779.82,251.43,656,33,31
437,7.3056,s100,1274.66,329.51,801,36,34
437,7.3056,s100,342.57,437.96,284,21,23
437,7.3056,s100,397.06,451.32,496,32,30
437,7.3056,s100,1646.03,526.00,300,18,30
437,7.3056,s100,1626.97,575.85,436,25,29
437,7.3056,s100,1512.79,1043.80,536,26,29
438,7.3217,s100,482.80,71.02,407,31,21
438,7.3217,s100,1034.79,220.98,742,34,35
438,7.3217,s100,780.40,251.24,658,34,31
438,7.3217,s100,1275.61,329.73,798,35,34
438,7.3217,s100,342.70,437.69,276,21,22
438,7.3217,s100,397.02,451.35,508,32,30
438,7.3217,s100,1646.11,525.67,300,17,30
438,7.3217,s100,1627.15,575.72,441,26,29
438,7.3217,s100,1512.57,1043.89,524,26,29
439,7.3381,s100,482.86,70.95,408,31,21
439,7.3381,s100,1034.29,221.03,746,34,35
439,7.3381,s100,781.21,251.16,665,33,31
439,7.3381,s100,1276.27,329.94,785,37,34
439,7.3381,s100,342.72,437.88,286,21,23
439,7.3381,s100,396.90,451.35,499,32,29
439,7.3381,s100,1646.05,526.09,308,18,30
439,7.3381,s100,1627.00,575.92,438,26,30
439,7.3381,s100,1512.79,1043.81,529,26,29
440,7.3536,s100,482.95,71.07,402,31,21
440,7.3536,s100,1034.02,221.01,749,34,35
440,7.3536,s100,781.67,250.89,664,34,31
440,7.3536,s100,1277.07,329.87,776,35,34
440,7.3536,s100,342.73,438.19,288,21,23
440,7.3536,s100,396.87,451.24,506,33,30
440,7.3536,s100,1645.98,526.39,309,18,30
440,7.3536,s100,1626.95,575.76,434,25,29
440,7.3536,s100,1512.66,1043.70,530,26,29
441,7.3697,s100,483.06,70.96,407,31,21
441,7.3697,s100,1033.87,221.02,745,33,35
441,7.3697,s100,781.76,250.22,703,34,30
441,7.3697,s100,1277.85,330.05,781,35,34
441,7.3697,s100,342.59,438.08,284,21,23
441,7.3697,s100,396.93,451.29,500,32,29
441,7.3697,s100,1646.11,526.20,309,17,30
441,7.3697,s100,1626.99,575.85,431,26,29
441,7.3697,s100,1512.81,1043.77,527,26,29
442,7.3896,s100,482.87,70.91,407,31,21
442,7.3896,s100,1033.57,221.29,740,34,34
442,7.3896,s100,783.10,250.45,657,34,30
442,7.3896,s100,1278.77,330.04,761,34,34
442,7.3896,s100,342.43,437.89,288,21,23
442,7.3896,s100,396.97,451.31,507,33,30
442,7.3896,s100,1645.92,525.98,306,17,30
442,7.3896,s100,1626.87,576.00,424,25,29
442,7.3896,s100,1512.73,1043.92,518,25,29
443,7.4057,s100,483.35,71.04,404,31,21
443,7.4057,s100,1033.45,221.39,754,34,35
443,7.4057,s100,783.07,250.20,684,34,30
443,7.4057,s100,1279.63,330.18,767,35,36
443,7.4057,s100,342.51,437.88,285,21,24
443,7.4057,s100,397.02,451.31,502,32,30
443,7.4057,s100,1646.53,524.54,271,16,26
443,7.4057,s100,1627.02,575.95,434,25,29
443,7.4057,s100,1512.71,1043.76,533,26,29
444,7.4216,s100,483.06,71.01,407,31,21
444,7.4216,s100,1033.27,221.66,761,34,35
444,7.4216,s100,783.63,250.10,695,33,30
444,7.4216,s100,1280.40,329.81,752,35,33
444,7.4216,s100,342.69,438.01,281,21,23
444,7.4216,s100,396.87,451.26,494,32,30
444,7.4216,s100,1646.55,525.16,286,15,29
444,7.4216,s100,1626.97,575.93,438,25,29
444,7.4216,s100,1512.65,1043.76,538,26,29
445,7.4381,s100,482.99,70.91,403,31,21
445,7.4381,s100,1033.14,221.74,755,34,35
445,7.4381,s100,784.26,250.10,699,34,30
445,7.4381,s100,1280.57,329.15,722,35,32
445,7.4381,s100,342.76,438.11,280,21,22
445,7.4381,s100,396.96,451.26,504,32,30
445,7.4381,s100,1646.21,526.10,314,17,29
445,7.4381,s100,1626.94,575.83,431,26,29
445,7.4381,s100,1512.79,1043.77,534,26,29
446,7.4536,s100,483.16,71.02,415,31,21
446,7.4536,s100,1033.03,221.59,748,33,35
446,7.4536,s100,784.59,250.14,695,33,30
446,7.4536,s100,1281.32,329.06,738,36,32
446,7.4536,s100,342.57,438.04,287,21,24
446,7.4536,s100,396.89,451.34,509,33,30
446,7.4536,s100,1646.47,525.19,290,15,30
446,7.4536,s100,1627.13,575.94,437,25,29
446,7.4536,s100,1512.63,1043.89,529,26,29
447,7.4697,s100,483.06,71.03,399,31,21
447,7.4697,s100,1032.89,221.56,738,33,35
447,7.4697,s100,784.95,250.41,705,34,31
447,7.4697,s100,1281.96,328.93,728,35,30
447,7.4697,s100,342.57,437.96,284,21,22
447,7.4697,s100,396.95,451.25,500,32,29
447,7.4697,s100,1646.50,525.63,294,16,30
447,7.4697,s100,1627.05,575.98,434,25,30
447,7.4697,s100,1512.56,1043.82,529,26,29
448,7.4896,s100,482.87,70.98,405,31,21
448,7.4896,s100,1032.24,220.98,771,34,34
448,7.4896,s100,785.20,250.64,722,34,31
448,7.4896,s100,1282.77,329.07,722,35,28
448,7.4896,s100,342.82,437.90,265,21,23
448,7.4896,s100,396.87,451.37,503,32,31
448,7.4896,s100,1646.12,526.14,317,18,30
448,7.4896,s100,1626.97,575.80,441,26,29
448,7.4896,s100,1512.58,1043.74,527,25,29
449,7.5057,s100,482.99,71.07,398,31,21
449,7.5057,s100,1032.32,220.74,777,33,34
449,7.5057,s100,785.34,250.80,745,33,32
449,7.5057,s100,1283.34,329.14,716,36,29
449,7.5057,s100,342.62,438.00,290,21,23
449,7.5057,s100,396.96,451.30,494,32,29
449,7.5057,s100,1645.85,525.80,310,17,29
449,7.5057,s100,1627.03,576.11,431,25,29
449,7.5057,s100,1512.76,1043.78,530,26,29
450,7.5218,s100,482.94,71.05,405,31,21
450,7.5218,s100,1032.83,220.97,745,33,35
450,7.5218,s100,785.47,250.89,755,33,33
450,7.5218,s100,1283.70,329.08,725,35,31
450,7.5218,s100,342.57,437.78,280,21,22
450,7.5218,s100,396.99,451.40,503,33,29
450,7.5218,s100,1646.17,526.16,309,18,30
450,7.5218,s100,1627.10,575.90,441,25,29
450,7.5218,s100,1512.80,1043.76,535,26,29
451,7.5378,s100,482.93,70.88,398,31,21
451,7.5378,s100,1032.87,220.94,744,33,35
451,7.5378,s100,785.56,250.91,764,33,33
451,7.5378,s100,1283.48,328.95,774,34,33
451,7.5378,s100,342.71,438.15,281,21,23
451,7.5378,s100,396.84,451.20,505,33,29
451,7.5378,s100,1646.03,526.12,300,17,30
451,7.5378,s100,1627.01,575.77,438,25,29
451,7.5378,s100,1512.68,1043.78,534,26,29
452,7.5536,s100,482.91,70.91,410,31,21
452,7.5536,s100,1032.86,220.96,740,33,36
452,7.5536,s100,785.40,250.89,773,33,33
452,7.5536,s100,1283.88,329.20,798,34,34
452,7.5536,s100,342.67,437.87,285,21,23
452,7.5536,s100,396.88,451.25,498,33,30
452,7.5536,s100,1646.09,526.43,311,18,30
452,7.5536,s100,1627.15,575.87,439,26,29
452,7.5536,s100,1512.74,1043.75,531,26,29
453,7.5696,s100,482.89,71.00,406,31,21
453,7.5696,s100,1032.95,221.11,739,33,35
453,7.5696,s100,785.48,250.58,772,33,32
453,7.5696,s100,1284.55,329.29,776,34,34
453,7.5696,s100,342.84,437.80,267,21,22
453,7.5696,s100,397.22,451.35,496,33,30
453,7.5696,s100,1646.02,525.81,292,17,30
453,7.5696,s100,1626.94,575.88,444,26,29
453,7.5696,s100,1512.75,1043.85,536,26,29
454,7.5896,stop,482.82,71.02,409,31,21
454,7.5896,stop,1033.38,221.39,733,33,35
454,7.5896,stop,785.37,250.27,771,34,32
454,7.5896,stop,1285.08,329.26,786,34,35
454,7.5896,stop,342.41,437.86,276,21,22
454,7.5896,stop,396.92,451.18,498,32,30
454,7.5896,stop,1645.95,526.05,312,18,30
454,7.5896,stop,1626.91,575.80,438,26,29
454,7.5896,stop,1512.67,1043.63,535,26,29
455,7.6060,stop,483.06,71.06,404,31,21
455,7.6060,stop,1032.75,221.33,782,32,36
455,7.6060,stop,785.23,250.27,776,33,32
455,7.6060,stop,1285.30,329.29,767,34,35
455,7.6060,stop,342.43,437.94,283,21,24
455,7.6060,stop,397.07,451.25,503,33,30
455,7.6060,stop,1646.06,525.91,313,18,30
455,7.6060,stop,1627.11,575.93,443,26,29
455,7.6060,stop,1512.72,1043.76,538,27,29
456,7.6216,stop,483.01,71.05,409,31,21
456,7.6216,stop,1032.71,221.13,817,32,37
456,7.6216,stop,785.07,249.99,777,35,32
456,7.6216,stop,1285.16,329.10,733,31,35
456,7.6216,stop,342.74,438.04,288,21,23
456,7.6216,stop,397.14,451.31,498,32,29
456,7.6216,stop,1646.44,525.57,289,14,30
456,7.6216,stop,1627.12,575.87,446,26,29
456,7.6216,stop,1513.00,1043.69,524,27,29
457,7.6377,stop,482.80,71.01,401,31,21
457,7.6377,stop,1032.84,221.42,831,32,37
457,7.6377,stop,784.00,249.63,781,35,33
457,7.6377,stop,1285.29,329.16,730,30,36
457,7.6377,stop,342.69,438.08,297,21,24
457,7.6377,stop,396.94,451.33,497,32,30
457,7.6377,stop,1646.13,526.06,301,17,30
457,7.6377,stop,1626.95,575.88,438,26,29
457,7.6377,stop,1512.85,1043.85,526,27,29
458,7.6536,stop,483.05,70.99,408,31,21
458,7.6536,stop,1033.01,221.49,812,32,37
458,7.6536,stop,783.60,249.66,804,36,33
458,7.6536,stop,1285.34,329.03,727,28,34
458,7.6536,stop,342.68,438.06,279,21,23
458,7.6536,stop,396.86,451.22,509,33,30
458,7.6536,stop,1646.11,526.08,312,18,30
458,7.6536,stop,1626.98,575.98,434,26,29
458,7.6536,stop,1512.82,1043.77,532,26,29
459,7.6706,stop,482.98,70.95,410,31,21
459,7.6706,stop,1033.50,221.90,798,34,35
459,7.6706,stop,782.88,250.55,754,35,33
459,7.6706,stop,1285.59,328.92,728,31,35
459,7.6706,stop,342.65,438.19,288,21,23
459,7.6706,stop,396.91,451.33,506,33,29
459,7.6706,stop,1646.13,525.76,297,17,30
459,7.6706,stop,1627.09,575.85,441,26,29
459,7.6706,stop,1512.84,1043.73,524,26,29
460,7.6896,stop,482.90,70.95,399,31,21
460,7.6896,stop,1033.84,221.90,812,34,35
460,7.6896,stop,782.51,250.50,739,34,31
460,7.6896,stop,1285.76,329.01,734,32,35
460,7.6896,stop,342.74,437.85,276,21,23
460,7.6896,stop,397.10,451.34,502,32,30
460,7.6896,stop,1645.96,525.68,293,17,30
460,7.6896,stop,1627.04,575.91,443,26,29
460,7.6896,stop,1512.64,1043.88,539,26,29
461,7.7056,stop,482.97,70.97,407,31,21
461,7.7056,stop,1033.88,221.85,813,34,36
461,7.7056,stop,781.88,250.56,745,35,29
461,7.7056,stop,1285.62,328.54,756,33,34
461,7.7056,stop,342.61,438.06,295,21,23
461,7.7056,stop,397.24,451.50,495,32,30
461,7.7056,stop,1646.06,526.15,312,17,30
461,7.7056,stop,1627.14,575.91,441,25,29
461,7.7056,stop,1512.60,1043.90,534,26,29
462,7.7216,stop,483.07,70.95,418,31,21
462,7.7216,stop,1034.34,221.91,818,34,35
462,7.7216,stop,780.87,250.64,753,35,32
462,7.7216,stop,1285.53,328.39,747,33,35
462,7.7216,stop,342.65,438.11,285,21,22
462,7.7216,stop,397.08,451.36,506,33,29
462,7.7216,stop,1646.04,525.88,306,18,29
462,7.7216,stop,1627.10,575.78,440,25,29
462,7.7216,stop,1512.67,1043.80,538,26,29
463,7.7377,stop,482.94,70.99,404,31,21
463,7.7377,stop,1034.46,221.34,829,35,34
463,7.7377,stop,780.50,251.08,757,35,34
463,7.7377,stop,1285.71,328.57,747,33,35
463,7.7377,stop,342.55,438.02,281,21,23
463,7.7377,stop,396.96,451.15,509,33,30
463,7.7377,stop,1646.04,526.48,315,18,30
463,7.7377,stop,1627.06,575.90,448,25,29
463,7.7377,stop,1512.79,1043.84,530,26,29
464,7.7537,stop,483.11,71.03,410,31,21
464,7.7537,stop,1034.76,220.91,802,35,34
464,7.7537,stop,779.70,251.72,721,34,33
464,7.7537,stop,1286.06,328.59,726,32,34
464,7.7537,stop,342.65,438.15,285,21,23
464,7.7537,stop,396.95,451.32,506,33,30
464,7.7537,stop,1646.11,525.92,302,18,30
464,7.7537,stop,1626.87,575.91,437,26,29
464,7.7537,stop,1512.81,1043.76,521,26,29
465,7.7697,stop,483.10,71.00,412,31,21
465,7.7697,stop,1035.36,221.04,774,35,34
465,7.7697,stop,778.94,252.13,708,34,34
465,7.7697,stop,1286.43,328.88,706,32,34
465,7.7697,stop,342.54,438.14,291,21,23
465,7.7697,stop,396.86,451.29,499,33,30
465,7.7697,stop,1645.95,526.03,315,17,29
465,7.7697,stop,1627.10,575.82,438,26,29
465,7.7697,stop,1512.72,1043.75,528,26,29
466,7.7896,stop,483.17,71.04,404,31,21
466,7.7896,stop,1035.85,220.97,756,33,35
466,7.7896,stop,778.07,252.61,700,33,34
466,7.7896,stop,1287.28,328.42,730,31,35
466,7.7896,stop,342.60,437.98,289,21,23
466,7.7896,stop,396.88,451.24,498,33,30
466,7.7896,stop,1645.92,525.73,310,18,30
466,7.7896,stop,1626.96,575.94,436,25,29
466,7.7896,stop,1512.69,1043.75,541,26,29
467,7.8057,stop,483.10,71.07,417,31,21
467,7.8057,stop,1036.47,221.19,728,33,34
467,7.8057,stop,777.40,253.19,681,31,35
467,7.8057,stop,1286.93,329.12,676,31,34
467,7.8057,stop,342.72,438.04,284,21,23
467,7.8057,stop,396.94,451.25,500,32,30
467,7.8057,stop,1646.19,526.28,311,19,29
467,7.8057,stop,1626.89,575.82,440,26,29
467,7.8057,stop,1512.76,1043.76,530,26,29
468,7.8216,stop,482.76,70.98,405,31,21
468,7.8216,stop,1036.60,221.36,736,33,34
468,7.8216,stop,776.94,253.43,658,30,35
468,7.8216,stop,1287.13,329.25,663,31,35
468,7.8216,stop,342.72,437.94,289,21,23
468,7.8216,stop,397.00,451.35,506,32,30
468,7.8216,stop,1646.00,526.42,318,17,30
468,7.8216,stop,1627.08,576.01,435,26,29
468,7.8216,stop,1512.73,1043.73,530,26,29
469,7.8377,stop,483.03,70.97,405,31,21
469,7.8377,stop,1035.98,220.91,688,31,33
469,7.8377,stop,776.49,253.29,637,30,35
469,7.8377,stop,1287.07,329.40,649,30,35
469,7.8377,stop,342.68,438.07,285,21,23
469,7.8377,stop,397.00,451.33,499,33,29
469,7.8377,stop,1646.03,526.09,316,17,30
469,7.8377,stop,1626.99,575.89,432,26,29
469,7.8377,stop,1512.71,1043.87,532,26,29
470,7.8537,stop,482.86,70.98,409,31,21
470,7.8537,stop,1036.44,220.64,647,30,32
470,7.8537,stop,775.99,253.10,614,28,35
470,7.8537,stop,1287.52,328.77,678,29,35
470,7.8537,stop,342.64,437.79,288,21,23
470,7.8537,stop,396.95,451.28,505,33,30
470,7.8537,stop,1646.13,525.86,312,17,30
470,7.8537,stop,1627.07,575.92,435,26,28
470,7.8537,stop,1512.68,1043.87,535,26,29
471,7.8696,stop,483.17,71.05,411,31,21
471,7.8696,stop,1036.72,220.63,616,28,32
471,7.8696,stop,775.65,252.92,583,26,34
471,7.8696,stop,1287.32,328.77,660,29,35
471,7.8696,stop,342.70,438.10,286,21,23
471,7.8696,stop,396.90,451.30,496,32,29
471,7.8696,stop,1646.11,525.60,317,17,30
471,7.8696,stop,1626.98,576.28,436,26,29
471,7.8696,stop,1512.71,1043.93,529,26,29
472,7.8896,stop,482.87,70.90,411,31,21
472,7.8896,stop,1036.74,221.00,600,28,31
472,7.8896,stop,775.53,252.47,577,25,33
472,7.8896,stop,1287.36,328.47,587,28,34
472,7.8896,stop,342.58,437.90,284,21,23
472,7.8896,stop,396.99,451.23,503,33,30
472,7.8896,stop,1646.56,525.26,293,14,30
472,7.8896,stop,1627.09,575.89,450,25,29
472,7.8896,stop,1512.72,1043.77,527,26,29
473,7.9057,stop,483.10,71.10,410,31,21
473,7.9057,stop,1036.66,221.29,576,27,30
473,7.9057,stop,775.26,251.90,572,26,34
473,7.9057,stop,1286.27,329.04,521,26,34
473,7.9057,stop,342.73,437.85,277,21,25
473,7.9057,stop,396.81,451.13,501,33,30
473,7.9057,stop,1645.72,526.20,313,18,30
473,7.9057,stop,1627.02,575.75,440,25,29
473,7.9057,stop,1512.62,1043.87,523,26,29
474,7.9216,stop,483.20,70.99,407,31,21
474,7.9216,stop,1036.50,221.77,541,27,29
474,7.9216,stop,775.27,251.49,572,26,34
474,7.9216,stop,1286.06,328.98,482,25,33
474,7.9216,stop,342.69,437.99,283,21,23
474,7.9216,stop,396.92,451.15,497,32,30
474,7.9216,stop,1645.81,526.53,318,18,30
474,7.9216,stop,1627.11,575.84,431,26,29
474,7.9216,stop,1512.63,1043.95,532,26,29
475,7.9377,stop,483.09,71.03,404,31,21
475,7.9377,stop,1036.25,221.90,543,26,29
475,7.9377,stop,775.48,250.82,568,25,35
475,7.9377,stop,1285.61,327.86,423,25,29
475,7.9377,stop,342.77,438.16,286,21,23
475,7.9377,stop,397.01,451.36,499,33,29
475,7.9377,stop,1646.01,526.24,303,18,30
475,7.9377,stop,1627.06,575.84,444,26,29
475,7.9377,stop,1512.57,1043.63,538,26,29
476,7.9540,stop,483.13,71.06,411,31,21
476,7.9540,stop,1036.12,221.60,497,26,29
476,7.9540,stop,776.08,250.24,565,24,34
476,7.9540,stop,1285.72,327.23,430,26,29
476,7.9540,stop,342.62,437.98,290,21,23
476,7.9540,stop,397.04,451.27,495,32,31
476,7.9540,stop,1646.11,525.75,306,18,30
476,7.9540,stop,1627.04,575.95,439,26,29
476,7.9540,stop,1512.77,1043.61,530,26,29
477,7.9697,stop,483.02,70.98,411,31,21
477,7.9697,stop,1035.92,221.51,464,26,27
477,7.9697,stop,776.65,249.62,568,24,34
477,7.9697,stop,1283.86,328.98,444,24,33
477,7.9697,stop,342.85,438.16,279,20,24
477,7.9697,stop,396.97,451.41,500,32,29
477,7.9697,stop,1646.14,525.92,300,17,30
477,7.9697,stop,1627.09,575.98,444,25,29
477,7.9697,stop,1512.89,1043.65,534,26,29
478,7.9896,stop,482.99,71.00,413,31,21
478,7.9896,stop,1035.70,221.76,416,26,25
478,7.9896,stop,777.25,248.70,571,24,34
478,7.9896,stop,1282.87,327.68,384,24,29
478,7.9896,stop,342.60,438.04,288,21,24
478,7.9896,stop,396.99,451.24,502,32,30
478,7.9896,stop,1646.55,525.16,295,15,29
478,7.9896,stop,1627.19,575.93,442,26,29
478,7.9896,stop,1512.71,1043.71,535,26,29
479,8.0058,stop,482.87,70.97,405,31,21
479,8.0058,stop,1035.24,222.14,377,27,25
479,8.0058,stop,778.13,247.63,567,24,33
479,8.0058,stop,1281.51,328.91,436,23,33
479,8.0058,stop,342.77,438.22,293,20,24
479,8.0058,stop,396.88,451.18,501,33,30
479,8.0058,stop,1646.23,525.93,310,16,30
479,8.0058,stop,1627.06,575.92,444,26,29
479,8.0058,stop,1512.66,1043.64,537,26,29
480,8.0217,stop,482.93,70.93,410,31,21
480,8.0217,stop,1034.91,222.92,392,32,23
480,8.0217,stop,779.10,246.71,577,25,33
480,8.0217,stop,1280.16,327.71,381,23,29
480,8.0217,stop,342.58,437.87,293,21,23
480,8.0217,stop,397.01,451.25,503,33,30
480,8.0217,stop,1646.34,525.93,306,17,30
480,8.0217,stop,1627.08,576.06,435,26,29
480,8.0217,stop,1512.64,1043.88,538,26,29
481,8.0377,stop,483.01,71.02,413,31,21
481,8.0377,stop,1033.36,223.67,359,25,24
481,8.0377,stop,780.30,245.42,588,25,34
481,8.0377,stop,1278.80,327.69,386,23,28
481,8.0377,stop,342.67,438.08,278,21,22
481,8.0377,stop,396.98,451.33,506,33,29
481,8.0377,stop,1645.89,526.53,309,18,30
481,8.0377,stop,1627.02,575.72,438,25,28
481,8.0377,stop,1512.76,1043.72,535,26,29
482,8.0537,stop,483.11,71.04,417,31,21
482,8.0537,stop,1031.79,225.19,367,25,25
482,8.0537,stop,781.43,243.96,577,25,33
482,8.0537,stop,1276.89,327.62,389,24,29
482,8.0537,stop,342.74,438.08,287,21,23
482,8.0537,stop,396.90,451.31,505,32,30
482,8.0537,stop,1646.02,526.05,309,19,29
482,8.0537,stop,1627.08,575.89,441,25,29
482,8.0537,stop,1512.66,1043.80,533,28,29
483,8.0697,stop,483.11,70.92,408,31,21
483,8.0697,stop,1030.65,225.97,346,25,24
483,8.0697,stop,782.90,242.64,582,26,33
483,8.0697,stop,1274.98,327.66,398,24,29
483,8.0697,stop,342.65,438.09,286,21,23
483,8.0697,stop,396.94,451.16,509,32,30
483,8.0697,stop,1645.92,525.92,306,18,29
483,8.0697,stop,1627.10,575.84,433,25,29
483,8.0697,stop,1512.66,1043.77,534,26,29
484,8.0896,stop,483.00,71.11,402,31,21
484,8.0896,stop,1030.09,226.48,321,22,21
484,8.0896,stop,784.27,240.68,575,25,33
484,8.0896,stop,1273.00,327.50,419,24,29
484,8.0896,stop,342.64,438.08,280,21,23
484,8.0896,stop,396.76,451.23,507,33,29
484,8.0896,stop,1645.99,526.39,313,18,30
484,8.0896,stop,1627.00,575.99,435,26,29
484,8.0896,stop,1512.68,1043.73,531,26,29
485,8.1057,stop,483.04,70.96,406,31,21
485,8.1057,stop,1028.53,227.73,302,21,20
485,8.1057,stop,785.76,238.70,579,26,33
485,8.1057,stop,1270.60,327.35,416,23,28
485,8.1057,stop,342.52,438.12,289,21,24
485,8.1057,stop,396.92,451.25,503,32,31
485,8.1057,stop,1646.64,525.49,281,14,30
485,8.1057,stop,1626.78,575.95,447,28,29
485,8.1057,stop,1512.72,1043.81,538,26,29
486,8.1221,stop,483.10,70.99,407,31,21
486,8.1221,stop,1027.39,229.38,308,20,21
486,8.1221,stop,787.36,236.70,584,26,33
486,8.1221,stop,1268.36,327.10,423,24,28
486,8.1221,stop,342.59,438.01,285,21,23
486,8.1221,stop,396.80,451.15,501,32,30
486,8.1221,stop,1646.19,525.78,303,17,29
486,8.1221,stop,1626.95,575.83,437,26,29
486,8.1221,stop,1512.73,1043.73,539,26,29
487,8.1378,stop,482.79,70.99,408,31,21
487,8.1378,stop,788.86,234.47,598,26,33
487,8.1378,stop,1024.77,230.60,366,24,23
487,8.1378,stop,1265.95,326.75,430,24,29
487,8.1378,stop,342.68,438.09,285,21,23
487,8.1378,stop,397.02,451.39,504,33,30
487,8.1378,stop,1645.94,526.11,314,18,30
487,8.1378,stop,1627.12,575.97,432,25,29
487,8.1378,stop,1512.65,1043.81,527,26,29
488,8.1536,stop,483.14,70.93,415,31,21
488,8.1536,stop,790.89,232.19,595,26,32
488,8.1536,stop,1024.13,234.18,380,22,24
488,8.1536,stop,1263.33,326.51,425,24,29
488,8.1536,stop,342.60,438.07,284,21,24
488,8.1536,stop,396.99,451.23,504,32,29
488,8.1536,stop,1646.21,526.06,308,17,30
488,8.1536,stop,1627.16,575.92,438,25,29
488,8.1536,stop,1512.78,1043.94,532,26,29
489,8.1736,stop,483.07,70.99,407,31,21
489,8.1736,stop,792.48,229.44,608,26,32
489,8.1736,stop,1022.04,236.64,439,27,26
489,8.1736,stop,1260.53,325.91,440,25,28
489,8.1736,stop,342.46,438.02,294,21,23
489,8.1736,stop,396.89,451.16,498,32,30
489,8.1736,stop,1646.09,526.37,315,18,30
489,8.1736,stop,1627.03,575.91,436,26,29
489,8.1736,stop,1512.59,1043.80,535,26,29
490,8.1896,stop,482.90,70.90,406,31,21
490,8.1896,stop,794.44,226.47,617,27,33
490,8.1896,stop,1020.40,238.74,560,33,28
490,8.1896,stop,1258.39,324.78,481,27,29
490,8.1896,stop,342.66,438.11,289,21,23
490,8.1896,stop,396.92,451.24,504,33,30
490,8.1896,stop,1646.21,526.51,309,17,29
490,8.1896,stop,1627.01,575.97,436,26,29
490,8.1896,stop,1512.84,1043.79,524,26,29
491,8.2057,stop,482.99,70.95,419,31,21
491,8.2057,stop,796.31,223.41,612,27,32
491,8.2057,stop,1018.83,241.49,646,34,29
491,8.2057,stop,1255.35,323.62,495,27,29
491,8.2057,stop,342.69,438.06,285,21,23
491,8.2057,stop,396.91,451.26,505,33,30
491,8.2057,stop,1646.34,525.91,305,18,29
491,8.2057,stop,1627.11,575.78,438,26,29
491,8.2057,stop,1512.74,1043.71,533,25,29
492,8.2216,stop,482.93,70.99,416,31,21
492,8.2216,stop,797.82,220.55,627,27,32
492,8.2216,stop,1017.47,243.93,717,34,31
492,8.2216,stop,1251.86,322.51,479,27,26
492,8.2216,stop,342.43,438.18,286,21,24
492,8.2216,stop,396.89,451.26,504,33,29
492,8.2216,stop,1646.11,526.05,311,17,30
492,8.2216,stop,1626.99,575.88,440,26,29
492,8.2216,stop,1512.70,1043.75,534,26,29
493,8.2377,stop,483.09,71.02,407,31,21
493,8.2377,stop,799.96,217.52,624,27,32
493,8.2377,stop,1016.75,247.00,736,34,33
493,8.2377,stop,1248.07,322.04,446,24,27
493,8.2377,stop,342.69,438.12,284,21,23
493,8.2377,stop,396.78,451.31,503,33,29
493,8.2377,stop,1646.06,526.50,308,18,30
493,8.2377,stop,1626.97,576.13,439,25,29
493,8.2377,stop,1512.72,1043.96,528,26,29
494,8.2537,stop,482.82,70.94,410,31,21
494,8.2537,stop,801.83,213.89,610,27,33
494,8.2537,stop,1015.07,249.22,810,34,35
494,8.2537,stop,1244.59,320.79,438,25,28
494,8.2537,stop,342.45,438.02,282,21,23
494,8.2537,stop,396.92,451.39,506,33,29
494,8.2537,stop,1646.03,526.40,320,18,30
494,8.2537,stop,1627.05,575.96,441,26,29
494,8.2537,stop,1512.78,1043.73,531,26,29
495,8.2737,stop,482.99,71.03,409,31,21
495,8.2737,stop,803.63,210.37,621,27,33
495,8.2737,stop,1013.73,251.98,820,34,36
495,8.2737,stop,1241.28,319.56,450,24,29
495,8.2737,stop,342.58,437.94,291,21,23
495,8.2737,stop,396.85,451.26,497,33,29
495,8.2737,stop,1646.55,525.11,287,15,29
495,8.2737,stop,1627.04,575.86,436,25,29
495,8.2737,stop,1512.87,1043.65,529,26,29
496,8.2896,stop,482.94,71.00,415,31,21
496,8.2896,stop,805.06,206.52,606,27,32
496,8.2896,stop,1012.70,254.68,828,33,37
496,8.2896,stop,1237.64,317.93,454,25,29
496,8.2896,stop,342.63,438.11,286,21,23
496,8.2896,stop,396.88,451.18,512,33,31
496,8.2896,stop,1645.90,526.07,319,18,30
496,8.2896,stop,1627.09,575.92,440,26,29
496,8.2896,stop,1512.65,1043.73,534,26,29
497,8.3057,stop,483.26,71.03,406,31,21
497,8.3057,stop,807.52,203.00,649,28,34
497,8.3057,stop,1012.40,257.58,794,33,39
497,8.3057,stop,1233.86,316.53,470,25,29
497,8.3057,stop,342.50,438.06,288,21,23
497,8.3057,stop,396.88,451.18,506,32,30
497,8.3057,stop,1646.04,526.11,308,18,30
497,8.3057,stop,1626.95,575.84,433,27,29
497,8.3057,stop,1512.70,1043.76,540,26,29
498,8.3217,stop,483.13,71.00,409,31,21
498,8.3217,stop,809.32,198.74,647,28,34
498,8.3217,stop,1011.14,259.30,821,34,36
498,8.3217,stop,1230.04,314.64,471,25,29
498,8.3217,stop,342.54,438.15,292,21,24
498,8.3217,stop,397.08,451.29,497,32,30
498,8.3217,stop,1646.17,525.99,306,17,30
498,8.3217,stop,1626.97,575.78,431,25,29
498,8.3217,stop,1512.82,1043.59,526,26,29
499,8.3376,stop,482.88,71.02,406,31,21
499,8.3376,stop,811.27,194.55,667,28,35
499,8.3376,stop,1010.58,261.69,826,33,36
499,8.3376,stop,1225.84,312.96,462,26,27
499,8.3376,stop,342.51,438.12,281,21,25
499,8.3376,stop,396.90,451.25,502,32,30
499,8.3376,stop,1646.13,526.25,310,17,30
499,8.3376,stop,1627.11,575.95,434,26,28
499,8.3376,stop,1512.71,1043.98,534,27,29
500,8.3537,stop,482.80,71.01,402,31,21
500,8.3537,stop,812.56,189.78,659,26,35
500,8.3537,stop,1010.27,264.57,809,33,36
500,8.3537,stop,1222.03,311.09,476,27,29
500,8.3537,stop,342.85,437.87,287,21,23
500,8.3537,stop,396.98,451.31,507,32,30
500,8.3537,stop,1645.96,526.45,320,18,30
500,8.3537,stop,1627.06,575.75,436,25,29
500,8.3537,stop,1512.62,1043.74,535,26,29
501,8.3737,stop,482.82,70.90,402,31,21
501,8.3737,stop,814.22,184.84,626,27,35
501,8.3737,stop,1009.27,266.65,844,33,36
501,8.3737,stop,1217.93,308.73,493,26,29
501,8.3737,stop,342.55,438.18,291,21,24
501,8.3737,stop,396.83,451.28,510,33,30
501,8.3737,stop,1646.12,525.85,305,17,30
501,8.3737,stop,1626.97,575.82,433,26,29
501,8.3737,stop,1512.81,1043.74,525,26,29
502,8.3897,stop,483.00,70.98,410,31,21
502,8.3897,stop,817.22,180.96,655,27,34
502,8.3897,stop,1009.16,268.63,846,34,36
502,8.3897,stop,1213.47,306.41,514,27,30
502,8.3897,stop,342.60,437.99,281,21,23
502,8.3897,stop,396.86,451.27,504,33,29
502,8.3897,stop,1646.08,526.39,308,18,30
502,8.3897,stop,1626.99,575.93,433,26,29
502,8.3897,stop,1512.55,1043.54,535,26,29
503,8.4057,stop,483.00,70.96,408,31,21
503,8.4057,stop,819.61,176.61,678,28,35
503,8.4057,stop,1009.07,270.69,854,34,36
503,8.4057,stop,1209.62,303.45,580,29,31
503,8.4057,stop,342.61,437.96,284,21,23
503,8.4057,stop,396.86,451.29,509,33,30
503,8.4057,stop,1646.06,525.84,304,16,30
503,8.4057,stop,1626.93,576.06,441,26,29
503,8.4057,stop,1512.62,1043.60,536,26,29
504,8.4217,stop,483.14,70.98,413,31,21
504,8.4217,stop,821.57,171.68,701,27,36
504,8.4217,stop,1008.45,272.51,823,34,36
504,8.4217,stop,1205.27,301.40,687,30,34
504,8.4217,stop,342.73,438.09,291,21,23
504,8.4217,stop,397.04,451.40,502,32,29
504,8.4217,stop,1646.00,526.13,311,18,30
504,8.4217,stop,1626.97,575.90,442,26,29
504,8.4217,stop,1512.74,1043.90,536,27,29
505,8.4377,stop,483.03,71.00,419,31,21
505,8.4377,stop,823.48,166.32,712,27,36
505,8.4377,stop,1008.96,274.25,858,34,37
505,8.4377,stop,1200.68,299.29,732,31,34
505,8.4377,stop,342.60,438.05,282,21,23
505,8.4377,stop,396.89,451.25,509,33,30
505,8.4377,stop,1646.12,526.42,307,18,30
505,8.4377,stop,1627.12,575.76,436,25,29
505,8.4377,stop,1512.60,1043.67,532,26,29
506,8.4536,stop,483.03,71.03,415,31,21
506,8.4536,stop,825.19,161.29,715,28,35
506,8.4536,stop,1008.56,275.62,826,34,38
506,8.4536,stop,1195.77,297.19,757,32,35
506,8.4536,stop,342.61,438.23,296,21,24
506,8.4536,stop,397.09,451.31,507,33,30
506,8.4536,stop,1646.01,526.21,312,17,30
506,8.4536,stop,1627.01,575.90,437,25,29
506,8.4536,stop,1512.74,1043.83,534,26,29
507,8.4736,stop,483.04,71.06,402,31,21
507,8.4736,stop,827.07,155.84,730,29,36
507,8.4736,stop,1008.52,277.04,835,34,37
507,8.4736,stop,1191.08,294.62,814,33,36
507,8.4736,stop,342.58,438.07,284,21,23
507,8.4736,stop,397.01,451.29,501,32,30
507,8.4736,stop,1645.97,526.61,321,18,30
507,8.4736,stop,1627.12,576.03,440,26,29
507,8.4736,stop,1512.55,1043.86,534,26,29
508,8.4934,stop,483.06,70.96,408,31,21
508,8.4934,stop,828.22,150.45,734,31,35
508,8.4934,stop,1008.56,278.59,825,34,36
508,8.4934,stop,1186.53,292.29,826,33,35
508,8.4934,stop,342.54,437.88,287,21,23
508,8.4934,stop,396.88,451.16,504,32,30
508,8.4934,stop,1646.02,526.24,303,18,30
508,8.4934,stop,1626.91,575.99,433,26,29
508,8.4934,stop,1512.61,1043.79,539,26,29
509,8.5082,stop,483.15,71.07,407,31,21
509,8.5082,stop,829.62,144.81,706,31,34
509,8.5082,stop,1008.74,280.00,827,34,36
509,8.5082,stop,1181.48,289.62,889,36,34
509,8.5082,stop,342.52,438.18,294,21,25
509,8.5082,stop,396.94,451.23,495,33,29
509,8.5082,stop,1645.78,526.13,311,18,30
509,8.5082,stop,1627.02,575.94,438,25,29
509,8.5082,stop,1512.74,1043.72,542,26,29
510,8.5223,stop,482.90,71.01,405,31,21
510,8.5223,stop,830.55,138.49,686,31,35
510,8.5223,stop,1008.63,281.06,795,34,36
510,8.5223,stop,1176.83,286.67,894,35,35
510,8.5223,stop,342.61,438.05,283,21,23
510,8.5223,stop,396.89,451.29,500,33,30
510,8.5223,stop,1646.05,526.17,304,17,30
510,8.5223,stop,1627.05,575.85,438,26,29
510,8.5223,stop,1512.61,1043.82,524,26,29
511,8.5377,stop,482.97,71.08,405,31,21
511,8.5377,stop,831.29,132.65,652,31,32
511,8.5377,stop,1008.80,282.14,801,34,35
511,8.5377,stop,1172.51,283.63,872,36,34
511,8.5377,stop,342.75,437.98,278,21,23
511,8.5377,stop,396.88,451.23,498,33,30
511,8.5377,stop,1646.26,526.01,322,17,30
511,8.5377,stop,1626.97,575.95,438,26,29
511,8.5377,stop,1512.67,1043.78,532,26,29
512,8.5536,stop,483.10,70.84,417,31,21
512,8.5536,stop,832.07,127.29,601,31,31
512,8.5536,stop,1168.16,281.05,840,35,34
512,8.5536,stop,1008.95,282.96,789,34,35
512,8.5536,stop,342.63,438.05,283,21,23
512,8.5536,stop,396.97,451.29,500,32,30
512,8.5536,stop,1645.92,526.01,311,17,29
512,8.5536,stop,1627.16,575.85,439,25,29
512,8.5536,stop,1512.75,1043.80,531,26,29
513,8.5736,stop,482.80,70.97,402,31,21
513,8.5736,stop,833.05,121.43,530,28,28
513,8.5736,stop,1164.32,278.33,810,34,35
513,8.5736,stop,1008.91,283.64,775,34,35
513,8.5736,stop,342.56,438.12,286,21,24
513,8.5736,stop,396.86,451.34,506,33,31
513,8.5736,stop,1645.98,525.78,318,18,30
513,8.5736,stop,1627.02,576.06,440,26,29
513,8.5736,stop,1512.60,1043.77,532,26,29
514,8.5896,stop,483.00,70.97,400,31,21
514,8.5896,stop,833.99,115.50,463,26,26
514,8.5896,stop,1160.23,275.75,776,33,35
514,8.5896,stop,1008.83,284.14,788,34,35
514,8.5896,stop,342.67,437.97,277,21,23
514,8.5896,stop,396.89,451.33,498,32,30
514,8.5896,stop,1646.09,525.76,303,17,30
514,8.5896,stop,1627.04,575.99,446,25,29
514,8.5896,stop,1512.82,1043.77,538,25,29
515,8.6057,stop,483.06,71.05,414,31,21
515,8.6057,stop,835.13,110.03,408,26,25
515,8.6057,stop,1156.58,273.33,733,33,34
515,8.6057,stop,1008.81,284.33,784,34,34
515,8.6057,stop,342.54,438.00,283,21,23
515,8.6057,stop,396.88,451.35,506,33,30
515,8.6057,stop,1645.97,525.94,304,17,30
515,8.6057,stop,1627.09,575.93,442,26,29
515,8.6057,stop,1512.67,1043.78,530,26,29
516,8.6217,stop,483.25,71.06,408,31,21
516,8.6217,stop,837.38,103.95,347,23,23
516,8.6217,stop,1153.26,271.07,625,32,29
516,8.6217,stop,1008.85,284.28,793,34,36
516,8.6217,stop,342.62,438.03,286,21,24
516,8.6217,stop,396.87,451.19,510,33,30
516,8.6217,stop,1646.08,526.24,314,18,29
516,8.6217,stop,1627.05,576.13,433,26,29
516,8.6217,stop,1512.65,1043.66,539,26,29
517,8.6377,stop,482.98,70.98,412,31,21
517,8.6377,stop,838.96,98.65,308,23,23
517,8.6377,stop,1149.56,268.50,614,32,29
517,8.6377,stop,1008.68,283.91,787,34,35
517,8.6377,stop,342.63,437.97,286,21,23
517,8.6377,stop,396.98,451.32,509,33,29
517,8.6377,stop,1645.96,525.83,312,18,30
517,8.6377,stop,1626.98,575.94,442,26,29
517,8.6377,stop,1512.74,1043.76,534,26,29
518,8.6537,stop,483.15,71.06,409,31,21
518,8.6537,stop,840.73,94.15,296,22,21
518,8.6537,stop,1145.94,266.13,600,33,28
518,8.6537,stop,1009.09,283.97,821,33,35
518,8.6537,stop,342.68,438.07,291,21,23
518,8.6537,stop,396.90,451.21,503,33,30
518,8.6537,stop,1645.90,525.84,299,17,30
518,8.6537,stop,1626.68,576.14,447,28,29
518,8.6537,stop,1512.74,1043.69,532,26,29
519,8.6736,stop,482.77,70.94,409,31,21
519,8.6736,stop,843.02,89.38,296,22,20
519,8.6736,stop,1142.32,262.49,594,32,34
519,8.6736,stop,1008.30,282.99,799,33,35
519,8.6736,stop,342.63,437.89,286,21,23
519,8.6736,stop,397.01,451.37,501,33,29
519,8.6736,stop,1645.97,526.34,304,18,30
519,8.6736,stop,1626.92,576.10,437,26,29
519,8.6736,stop,1512.64,1043.69,535,26,29
520,8.6897,stop,482.90,71.11,408,31,21
520,8.6897,stop,844.78,84.79,275,25,20
520,8.6897,stop,1138.91,260.96,647,32,34
520,8.6897,stop,1008.01,282.19,787,34,36
520,8.6897,stop,342.60,438.03,285,21,24
520,8.6897,stop,396.94,451.29,501,33,29
520,8.6897,stop,1646.18,526.27,305,18,30
520,8.6897,stop,1626.87,575.87,439,27,29
520,8.6897,stop,1512.72,1043.74,541,26,29
521,8.7057,stop,482.76,70.97,404,31,21
521,8.7057,stop,847.36,80.02,263,25,20
521,8.7057,stop,1135.88,258.41,640,32,34
521,8.7057,stop,1008.20,281.45,846,34,36
521,8.7057,stop,342.52,438.01,281,21,23
521,8.7057,stop,397.01,451.35,507,33,29
521,8.7057,stop,1645.91,526.08,302,17,29
521,8.7057,stop,1626.85,575.95,441,26,29
521,8.7057,stop,1512.72,1043.93,529,26,29
522,8.7217,stop,483.13,71.00,413,31,21
522,8.7217,stop,1133.12,255.57,598,30,33
522,8.7217,stop,1007.88,280.45,820,34,36
522,8.7217,stop,342.46,437.96,286,21,24
522,8.7217,stop,396.84,451.10,508,33,29
522,8.7217,stop,1646.06,526.16,317,18,30
522,8.7217,stop,1626.96,575.77,438,25,29
522,8.7217,stop,1512.76,1043.77,524,26,29
523,8.7862,stop,483.07,70.98,404,31,21
523,8.7862,stop,1130.51,252.79,578,30,31
523,8.7862,stop,1007.54,279.46,826,34,36
523,8.7862,stop,342.57,438.10,284,21,23
523,8.7862,stop,396.97,451.32,504,32,29
523,8.7862,stop,1646.53,525.17,288,15,30
523,8.7862,stop,1627.08,575.92,439,25,29
523,8.7862,stop,1512.83,1043.90,535,27,29
524,8.8487,stop,482.94,71.04,406,31,21
524,8.8487,stop,1128.84,250.00,537,30,31
524,8.8487,stop,1007.24,278.32,835,34,35
524,8.8487,stop,342.74,437.84,280,21,23
524,8.8487,stop,396.93,451.35,495,33,30
524,8.8487,stop,1645.99,526.43,304,17,30
524,8.8487,stop,1627.00,575.86,440,25,29
524,8.8487,stop,1512.65,1043.85,528,26,29
525,8.9122,stop,482.98,71.00,412,31,21
525,8.9122,stop,1125.76,249.58,568,31,27
525,8.9122,stop,1006.97,277.00,835,33,35
525,8.9122,stop,342.56,438.07,289,21,23
525,8.9122,stop,397.04,451.32,499,32,29
525,8.9122,stop,1645.97,525.79,298,17,30
525,8.9122,stop,1627.07,575.92,436,25,29
525,8.9122,stop,1512.60,1043.68,537,26,29
526,8.9742,stop,482.81,71.05,407,31,21
526,8.9742,stop,1123.99,246.82,608,31,35
526,8.9742,stop,1006.52,275.67,833,34,36
526,8.9742,stop,342.52,438.07,286,21,23
526,8.9742,stop,396.89,451.30,499,33,29
526,8.9742,stop,1646.04,525.84,302,17,29
526,8.9742,stop,1627.08,575.94,435,26,29
526,8.9742,stop,1512.75,1043.75,527,26,29
527,9.0368,stop,482.70,70.89,410,31,21
527,9.0368,stop,1121.92,245.22,565,31,27
527,9.0368,stop,1006.36,274.44,820,34,36
527,9.0368,stop,342.63,438.01,277,21,23
527,9.0368,stop,396.76,451.14,504,33,29
527,9.0368,stop,1646.18,525.93,311,19,29
527,9.0368,stop,1627.12,576.03,440,26,29
527,9.0368,stop,1512.66,1043.74,530,26,29
528,9.1005,s100,483.06,71.02,419,31,21
528,9.1005,s100,869.22,78.76,387,28,19
528,9.1005,s100,1116.69,235.82,518,32,28
528,9.1005,s100,1006.19,270.06,756,34,36
528,9.1005,s100,342.58,438.10,288,21,23
528,9.1005,s100,396.95,451.24,498,32,29
528,9.1005,s100,1646.28,525.82,307,17,30
528,9.1005,s100,1627.09,575.88,443,25,29
528,9.1005,s100,1512.73,1043.76,528,26,29
529,9.1146,s100,482.96,70.99,399,31,21
529,9.1146,s100,879.89,82.24,394,25,25
529,9.1146,s100,1113.29,228.14,517,33,28
529,9.1146,s100,1007.47,267.50,653,33,29
529,9.1146,s100,342.86,438.05,282,21,23
529,9.1146,s100,396.97,451.27,506,32,30
529,9.1146,s100,1645.87,525.98,295,18,30
529,9.1146,s100,1626.94,575.77,437,26,29
529,9.1146,s100,1512.80,1043.72,531,26,29
530,9.1325,s100,482.98,70.97,398,31,21
530,9.1325,s100,886.53,83.32,302,22,27
530,9.1325,s100,1111.54,221.67,507,33,27
530,9.1325,s100,1009.50,265.75,631,33,29
530,9.1325,s100,342.68,438.20,286,21,23
530,9.1325,s100,396.92,451.25,506,33,30
530,9.1325,s100,1646.07,525.80,294,17,30
530,9.1325,s100,1626.97,576.02,434,26,29
530,9.1325,s100,1512.74,1043.83,523,26,29
531,9.1491,s100,482.84,71.03,408,31,21
531,9.1491,s100,887.21,85.90,319,24,28
531,9.1491,s100,1109.07,218.82,542,33,26
531,9.1491,s100,1010.86,265.47,645,33,29
531,9.1491,s100,342.71,438.07,278,21,23
531,9.1491,s100,396.97,451.36,498,33,29
531,9.1491,s100,1645.98,525.72,301,17,29
531,9.1491,s100,1627.05,576.10,431,25,29
531,9.1491,s100,1512.67,1043.67,523,26,29
532,9.1641,s100,482.89,70.99,404,31,21
532,9.1641,s100,887.23,94.75,470,28,30
532,9.1641,s100,1109.74,215.46,459,31,26
532,9.1641,s100,1011.60,266.76,619,28,32
532,9.1641,s100,342.23,438.14,290,21,25
532,9.1641,s100,396.95,451.18,504,32,29
532,9.1641,s100,1646.60,525.26,290,14,31
532,9.1641,s100,1627.14,575.94,447,26,29
532,9.1641,s100,1512.85,1043.81,525,28,29
533,9.1785,s100,482.97,70.93,398,31,21
533,9.1785,s100,885.63,95.85,587,26,33
533,9.1785,s100,1109.28,215.19,457,32,26
533,9.1785,s100,1012.25,266.91,616,29,31
533,9.1785,s100,342.70,438.00,274,21,25
533,9.1785,s100,397.02,451.27,499,32,30
533,9.1785,s100,1646.04,526.16,301,18,29
533,9.1785,s100,1627.02,575.82,436,25,29
533,9.1785,s100,1513.06,1043.68,508,25,29
534,9.1934,s100,483.18,71.12,413,31,21
534,9.1934,s100,885.39,98.69,654,28,34
534,9.1934,s100,1106.93,215.60,551,33,26
534,9.1934,s100,1012.76,267.03,614,29,30
534,9.1934,s100,342.64,438.02,284,21,23
534,9.1934,s100,396.93,451.29,500,32,30
534,9.1934,s100,1646.06,526.06,303,18,30
534,9.1934,s100,1627.12,575.91,434,25,29
534,9.1934,s100,1512.60,1043.80,529,26,29
535,9.2084,s100,482.95,70.89,409,31,21
535,9.2084,s100,885.42,100.63,687,30,35
535,9.2084,s100,1106.84,215.75,565,32,26
535,9.2084,s100,1012.76,267.30,649,29,34
535,9.2084,s100,342.58,438.00,280,21,23
535,9.2084,s100,396.93,451.25,503,32,30
535,9.2084,s100,1646.04,525.93,300,18,30
535,9.2084,s100,1627.08,575.86,426,25,29
535,9.2084,s100,1512.74,1043.70,532,26,29
536,9.2225,s100,483.01,71.10,401,31,21
536,9.2225,s100,884.92,102.83,689,30,35
536,9.2225,s100,1106.04,216.04,604,33,27
536,9.2225,s100,1012.95,267.44,656,29,35
536,9.2225,s100,342.47,437.74,278,21,22
536,9.2225,s100,396.92,451.21,496,33,30
536,9.2225,s100,1646.04,526.24,298,18,30
536,9.2225,s100,1627.04,575.80,435,26,29
536,9.2225,s100,1512.69,1043.77,528,26,29
537,9.2393,s100,483.00,71.01,406,31,21
537,9.2393,s100,884.62,104.81,671,30,35
537,9.2393,s100,1105.77,216.56,599,33,28
537,9.2393,s100,1013.23,267.50,656,29,34
537,9.2393,s100,342.68,437.93,278,21,23
537,9.2393,s100,396.96,451.34,503,32,29
537,9.2393,s100,1646.61,524.88,282,16,29
537,9.2393,s100,1626.97,576.00,436,25,29
537,9.2393,s100,1512.74,1043.88,535,26,29
538,9.2528,s100,482.95,71.05,403,31,21
538,9.2528,s100,884.50,106.81,629,29,35
538,9.2528,s100,1105.31,217.15,626,34,29
538,9.2528,s100,1013.39,267.56,654,29,33
538,9.2528,s100,342.69,438.06,278,21,22
538,9.2528,s100,397.06,451.25,497,32,29
538,9.2528,s100,1646.23,526.00,309,19,30
538,9.2528,s100,1627.17,575.80,439,26,29
538,9.2528,s100,1512.72,1043.74,535,26,29
539,9.2684,s100,483.04,71.01,409,31,21
539,9.2684,s100,882.41,108.26,641,27,35
539,9.2684,s100,1105.05,217.85,654,34,30
539,9.2684,s100,1013.52,267.82,650,30,34
539,9.2684,s100,342.73,437.99,281,21,23
539,9.2684,s100,396.87,451.26,502,32,29
539,9.2684,s100,1646.47,525.35,278,15,29
539,9.2684,s100,1626.97,575.95,430,26,29
539,9.2684,s100,1512.75,1043.76,529,26,29
540,9.2827,s100,482.90,70.96,401,31,21
540,9.2827,s100,882.03,110.23,701,30,36
540,9.2827,s100,1104.84,218.63,679,34,31
540,9.2827,s100,1013.76,267.57,658,30,34
540,9.2827,s100,342.59,438.23,292,21,24
540,9.2827,s100,396.83,451.18,501,33,30
540,9.2827,s100,1646.61,525.15,284,15,29
540,9.2827,s100,1627.04,575.97,434,26,29
540,9.2827,s100,1512.74,1043.75,527,26,29
541,9.2986,s100,482.94,71.09,404,31,21
541,9.2986,s100,881.50,112.41,717,29,36
541,9.2986,s100,1104.63,219.48,681,33,31
541,9.2986,s100,1013.59,267.63,658,30,34
541,9.2986,s100,342.68,438.13,286,21,23
541,9.2986,s100,397.09,451.33,502,32,31
541,9.2986,s100,1646.59,525.22,288,14,29
541,9.2986,s100,1626.86,575.91,434,25,29
541,9.2986,s100,1512.55,1043.82,531,26,29
542,9.3128,s100,482.87,70.98,406,31,21
542,9.3128,s100,880.67,113.97,719,29,36
542,9.3128,s100,1104.52,220.42,718,34,32
542,9.3128,s100,1013.51,267.42,659,30,34
542,9.3128,s100,342.73,437.88,278,21,23
542,9.3128,s100,396.79,451.16,502,33,29
542,9.3128,s100,1645.99,526.08,302,18,30
542,9.3128,s100,1626.54,575.85,441,28,29
542,9.3128,s100,1512.64,1043.78,527,26,29
543,9.3276,s100,482.86,71.05,401,31,21
543,9.3276,s100,880.20,115.78,716,30,36
543,9.3276,s100,1104.41,221.29,709,34,33
543,9.3276,s100,1013.41,267.47,667,30,35
543,9.3276,s100,342.67,438.07,282,21,23
543,9.3276,s100,397.04,451.27,507,32,30
543,9.3276,s100,1645.96,526.11,299,17,30
543,9.3276,s100,1627.06,575.80,430,25,29
543,9.3276,s100,1512.74,1043.67,523,26,29
544,9.3419,s100,482.86,71.03,400,31,21
544,9.3419,s100,879.36,117.39,697,30,35
544,9.3419,s100,1104.30,222.28,730,34,34
544,9.3419,s100,1013.23,267.27,663,30,35
544,9.3419,s100,342.76,438.03,282,21,23
544,9.3419,s100,396.86,451.38,501,33,30
544,9.3419,s100,1646.09,526.02,295,17,29
544,9.3419,s100,1626.98,575.93,434,25,29
544,9.3419,s100,1512.78,1043.65,517,26,29
545,9.3566,s100,482.81,70.99,407,31,21
545,9.3566,s100,878.60,118.75,680,30,36
545,9.3566,s100,1104.58,222.53,798,34,34
545,9.3566,s100,1012.92,266.97,656,29,34
545,9.3566,s100,342.74,437.99,281,21,23
545,9.3566,s100,396.88,451.13,498,33,30
545,9.3566,s100,1646.23,525.86,313,18,29
545,9.3566,s100,1627.06,575.96,429,26,29
545,9.3566,s100,1512.53,1043.81,522,26,29
546,9.3707,s100,483.17,70.98,418,31,21
546,9.3707,s100,877.21,119.93,681,30,36
546,9.3707,s100,1104.58,223.69,778,34,34
546,9.3707,s100,1012.88,266.59,636,29,32
546,9.3707,s100,342.61,438.11,285,21,23
546,9.3707,s100,397.03,451.36,497,33,30
546,9.3707,s100,1646.29,525.26,278,15,29
546,9.3707,s100,1626.98,575.87,424,25,29
546,9.3707,s100,1512.70,1043.66,523,26,29
547,9.3869,s100,482.98,71.03,399,31,21
547,9.3869,s100,875.82,121.10,647,31,34
547,9.3869,s100,1104.45,224.68,803,34,35
547,9.3869,s100,1012.44,266.41,652,30,35
547,9.3869,s100,342.53,437.92,275,21,23
547,9.3869,s100,396.98,451.15,501,32,30
547,9.3869,s100,1646.06,526.24,294,17,29
547,9.3869,s100,1627.10,575.78,445,25,29
547,9.3869,s100,1512.59,1043.79,528,27,29
548,9.4011,s100,482.73,70.96,405,31,21
548,9.4011,s100,874.45,122.61,660,31,36
548,9.4011,s100,1104.44,225.81,790,34,36
548,9.4011,s100,1012.07,265.92,654,30,34
548,9.4011,s100,342.79,437.86,273,21,23
548,9.4011,s100,396.75,451.17,505,32,30
548,9.4011,s100,1646.14,526.09,299,16,30
548,9.4011,s100,1626.93,575.75,441,27,29
548,9.4011,s100,1512.72,1043.96,524,26,29
549,9.4157,s100,482.81,71.00,407,31,21
549,9.4157,s100,872.97,123.69,678,30,36
549,9.4157,s100,1104.35,226.88,822,34,36
549,9.4157,s100,1011.82,265.94,642,29,34
549,9.4157,s100,342.65,437.98,284,21,23
549,9.4157,s100,396.88,451.27,502,33,29
549,9.4157,s100,1646.51,524.97,275,14,30
549,9.4157,s100,1626.91,576.00,424,26,29
549,9.4157,s100,1512.64,1043.75,530,26,29
550,9.4303,s100,482.85,70.98,399,31,21
550,9.4303,s100,871.99,124.75,656,30,35
550,9.4303,s100,1104.26,227.57,822,34,36
550,9.4303,s100,1011.56,265.82,647,30,32
550,9.4303,s100,342.58,437.96,282,21,23
550,9.4303,s100,396.97,451.29,498,32,30
550,9.4303,s100,1646.14,525.90,306,16,30
550,9.4303,s100,1627.06,575.83,429,26,29
550,9.4303,s100,1512.63,1043.69,539,26,29
551,9.4451,s100,483.02,71.09,405,31,21
551,9.4451,s100,870.52,125.53,681,31,36
551,9.4451,s100,1104.74,228.13,789,34,36
551,9.4451,s100,1012.19,265.60,674,33,31
551,9.4451,s100,342.68,437.99,280,21,23
551,9.4451,s100,396.94,451.30,505,32,29
551,9.4451,s100,1646.60,525.09,291,14,29
551,9.4451,s100,1627.04,575.88,434,25,29
551,9.4451,s100,1512.84,1043.88,523,27,29
552,9.4595,s100,483.23,71.00,396,31,21
552,9.4595,s100,868.81,126.53,708,30,35
552,9.4595,s100,1104.35,228.97,820,34,36
552,9.4595,s100,1011.72,265.46,696,33,33
552,9.4595,s100,342.79,437.86,276,21,23
552,9.4595,s100,396.90,451.41,500,33,29
552,9.4595,s100,1646.25,524.88,276,15,29
552,9.4595,s100,1627.03,575.85,436,25,30
552,9.4595,s100,1512.70,1043.78,523,26,29
553,9.4747,s100,482.87,70.95,404,31,21
553,9.4747,s100,867.59,127.34,721,32,35
553,9.4747,s100,1104.35,229.32,827,34,37
553,9.4747,s100,1011.43,265.28,734,34,33
553,9.4747,s100,342.54,438.14,280,21,23
553,9.4747,s100,396.98,451.31,500,32,30
553,9.4747,s100,1645.95,525.89,296,17,30
553,9.4747,s100,1627.12,575.84,430,25,29
553,9.4747,s100,1512.69,1043.92,530,26,29
554,9.4897,s100,483.12,71.00,397,31,21
554,9.4897,s100,866.43,128.52,714,31,36
554,9.4897,s100,1104.62,229.23,806,34,36
554,9.4897,s100,1010.89,265.91,748,34,33
554,9.4897,s100,342.47,437.99,280,21,24
554,9.4897,s100,396.88,451.27,500,33,30
554,9.4897,s100,1646.03,525.97,307,17,30
554,9.4897,s100,1626.88,576.08,421,25,29
554,9.4897,s100,1512.80,1043.79,524,26,29
555,9.5057,s100,482.84,71.01,403,31,21
555,9.5057,s100,865.24,128.65,711,32,35
555,9.5057,s100,1104.70,229.33,796,34,36
555,9.5057,s100,1010.55,266.34,780,35,33
555,9.5057,s100,342.48,438.03,283,21,23
555,9.5057,s100,397.01,451.29,500,32,30
555,9.5057,s100,1646.59,525.28,277,14,30
555,9.5057,s100,1626.91,575.84,439,26,29
555,9.5057,s100,1512.59,1043.84,527,26,29
556,9.5217,s100,482.71,70.96,409,31,21
556,9.5217,s100,863.64,129.84,701,29,36
556,9.5217,s100,1104.64,229.36,809,34,36
556,9.5217,s100,1010.23,266.46,786,34,34
556,9.5217,s100,342.87,437.91,273,21,23
556,9.5217,s100,397.03,451.28,502,33,29
556,9.5217,s100,1646.02,525.75,301,18,29
556,9.5217,s100,1626.96,575.94,436,26,29
556,9.5217,s100,1512.66,1044.00,521,26,29
557,9.5417,s100,482.91,71.01,403,31,21
557,9.5417,s100,861.59,130.09,709,32,36
557,9.5417,s100,1104.81,229.30,796,34,36
557,9.5417,s100,1010.63,267.71,750,34,34
557,9.5417,s100,342.74,438.05,274,21,23
557,9.5417,s100,396.83,451.24,499,32,29
557,9.5417,s100,1646.01,525.89,298,18,30
557,9.5417,s100,1626.97,575.80,437,26,29
557,9.5417,s100,1512.55,1043.58,536,26,29
558,9.5577,s100,483.04,71.12,405,31,21
558,9.5577,s100,860.41,130.94,769,33,37
558,9.5577,s100,1104.70,229.11,798,34,36
558,9.5577,s100,1010.64,268.06,744,34,34
558,9.5577,s100,342.80,438.05,277,21,22
558,9.5577,s100,396.96,451.22,497,32,29
558,9.5577,s100,1646.13,526.13,286,18,30
558,9.5577,s100,1627.00,575.93,429,26,29
558,9.5577,s100,1512.89,1043.57,523,26,29
559,9.5737,s100,482.94,71.19,400,31,21
559,9.5737,s100,858.79,130.89,761,34,37
559,9.5737,s100,1104.56,229.21,824,34,36
559,9.5737,s100,1010.60,267.51,793,34,35
559,9.5737,s100,342.65,437.95,282,21,23
559,9.5737,s100,396.98,451.22,503,32,30
559,9.5737,s100,1646.48,525.21,284,14,29
559,9.5737,s100,1627.01,575.95,424,25,29
559,9.5737,s100,1512.67,1043.80,537,26,29
560,9.5897,s100,483.11,70.97,398,31,21
560,9.5897,s100,857.55,131.00,747,34,37
560,9.5897,s100,1104.68,228.93,817,34,36
560,9.5897,s100,1010.94,268.54,750,34,31
560,9.5897,s100,342.74,438.00,281,21,23
560,9.5897,s100,397.06,451.38,498,32,29
560,9.5897,s100,1646.55,525.19,270,14,29
560,9.5897,s100,1627.02,575.90,428,25,29
560,9.5897,s100,1512.78,1043.80,525,26,29
561,9.6058,s100,482.85,71.02,406,31,21
561,9.6058,s100,855.77,131.14,750,34,37
561,9.6058,s100,1104.83,228.41,829,34,37
561,9.6058,s100,1010.65,267.76,803,35,34
561,9.6058,s100,342.56,437.87,273,21,23
561,9.6058,s100,396.87,451.23,500,32,30
561,9.6058,s100,1646.09,525.90,299,18,29
561,9.6058,s100,1626.86,575.96,426,25,29
561,9.6058,s100,1512.60,1043.75,530,26,29
562,9.6217,s100,483.18,71.06,400,31,21
562,9.6217,s100,853.54,131.00,737,33,37
562,9.6217,s100,1104.88,227.66,816,35,36
562,9.6217,s100,1011.00,267.75,815,36,34
562,9.6217,s100,342.60,438.00,285,21,23
562,9.6217,s100,396.93,451.27,501,33,30
562,9.6217,s100,1646.01,526.07,309,18,30
562,9.6217,s100,1627.11,575.89,435,25,29
562,9.6217,s100,1512.95,1043.49,516,26,29
563,9.6417,s100,482.99,71.02,401,31,21
563,9.6417,s100,851.99,130.61,759,33,37
563,9.6417,s100,1105.02,226.78,821,34,36
563,9.6417,s100,1011.65,267.86,818,35,34
563,9.6417,s100,342.64,438.04,276,21,23
563,9.6417,s100,396.90,451.30,495,32,30
563,9.6417,s100,1645.98,525.85,291,17,30
563,9.6417,s100,1626.91,575.87,428,26,29
563,9.6417,s100,1512.68,1043.74,530,26,29
564,9.6578,s100,482.90,70.98,411,31,21
564,9.6578,s100,850.47,129.85,742,33,36
564,9.6578,s100,1105.21,225.83,812,34,35
564,9.6578,s100,1011.75,268.55,784,35,34
564,9.6578,s100,342.59,437.74,277,21,22
564,9.6578,s100,397.01,451.34,503,32,29
564,9.6578,s100,1645.96,525.90,302,17,30
564,9.6578,s100,1626.91,576.03,427,25,29
564,9.6578,s100,1512.87,1043.80,519,25,29
565,9.6737,s100,483.14,70.95,402,31,21
565,9.6737,s100,848.73,129.61,714,34,32
565,9.6737,s100,1105.48,225.02,787,34,36
565,9.6737,s100,1012.42,267.96,821,34,34
565,9.6737,s100,342.68,438.04,282,21,23
565,9.6737,s100,396.93,451.31,503,33,29
565,9.6737,s100,1646.04,526.30,302,17,30
565,9.6737,s100,1626.83,575.96,430,26,29
565,9.6737,s100,1512.73,1043.85,519,26,29
566,9.6896,s100,482.98,71.01,399,31,21
566,9.6896,s100,847.34,128.93,697,32,31
566,9.6896,s100,1105.63,224.16,784,34,35
566,9.6896,s100,1012.98,268.26,792,33,33
566,9.6896,s100,342.92,437.86,277,21,22
566,9.6896,s100,397.02,451.19,498,32,30
566,9.6896,s100,1646.07,526.01,284,17,29
566,9.6896,s100,1627.08,576.12,436,25,29
566,9.6896,s100,1513.04,1043.59,516,25,29
567,9.7060,stop,483.03,71.01,407,31,21
567,9.7060,stop,845.12,127.27,681,32,31
567,9.7060,stop,1105.65,223.24,776,34,34
567,9.7060,stop,1013.59,267.71,776,32,36
567,9.7060,stop,342.82,437.78,277,21,23
567,9.7060,stop,396.99,451.23,500,33,29
567,9.7060,stop,1646.14,525.93,302,17,30
567,9.7060,stop,1626.95,576.05,431,26,29
567,9.7060,stop,1512.68,1043.87,530,26,29
568,9.7217,stop,483.07,70.95,403,31,21
568,9.7217,stop,843.79,126.58,660,31,34
568,9.7217,stop,1104.95,222.42,759,34,36
568,9.7217,stop,1014.06,267.75,765,32,37
568,9.7217,stop,342.72,438.09,272,21,23
568,9.7217,stop,397.08,450.40,530,32,31
568,9.7217,stop,1646.56,524.22,258,14,26
568,9.7217,stop,1626.96,575.96,426,25,29
568,9.7217,stop,1512.71,1043.67,521,26,29
569,9.7417,stop,483.03,71.00,412,31,21
569,9.7417,stop,842.46,125.93,552,30,32
569,9.7417,stop,1105.72,220.85,802,33,37
569,9.7417,stop,1014.39,267.85,746,32,36
569,9.7417,stop,342.51,437.98,282,21,24
569,9.7417,stop,397.03,451.24,490,32,30
569,9.7417,stop,1645.92,526.12,296,17,30
569,9.7417,stop,1626.95,575.82,431,25,29
569,9.7417,stop,1512.64,1043.75,519,26,29
570,9.7577,stop,483.01,70.97,410,31,21
570,9.7577,stop,839.97,124.87,596,30,31
570,9.7577,stop,1106.25,220.25,787,32,37
570,9.7577,stop,1014.88,267.57,737,32,35
570,9.7577,stop,342.88,437.94,268,20,23
570,9.7577,stop,396.91,451.36,492,33,29
570,9.7577,stop,1645.93,525.64,296,18,30
570,9.7577,stop,1627.05,575.88,429,25,29
570,9.7577,stop,1512.68,1043.71,525,26,29
571,9.7737,stop,482.78,70.94,400,31,21
571,9.7737,stop,838.56,123.60,568,31,33
571,9.7737,stop,1106.29,219.92,781,32,36
571,9.7737,stop,1014.91,267.61,754,32,35
571,9.7737,stop,342.76,437.90,273,20,24
571,9.7737,stop,397.05,451.34,506,33,30
571,9.7737,stop,1646.47,525.04,276,14,29
571,9.7737,stop,1626.96,575.91,427,25,29
571,9.7737,stop,1512.59,1043.74,529,27,29
572,9.7897,stop,482.90,71.03,401,31,21
572,9.7897,stop,838.54,121.44,505,26,33
572,9.7897,stop,1106.58,219.33,785,33,35
572,9.7897,stop,1015.01,267.78,768,33,36
572,9.7897,stop,342.67,438.02,278,21,22
572,9.7897,stop,396.89,451.24,502,33,29
572,9.7897,stop,1646.09,526.18,299,18,30
572,9.7897,stop,1626.84,575.72,431,26,28
572,9.7897,stop,1512.88,1043.62,522,26,29
573,9.8057,stop,483.05,70.98,409,31,21
573,9.8057,stop,837.38,120.06,434,24,32
573,9.8057,stop,1106.82,218.58,798,34,36
573,9.8057,stop,1014.96,267.99,784,33,36
573,9.8057,stop,342.67,438.16,289,21,23
573,9.8057,stop,396.94,451.29,499,33,29
573,9.8057,stop,1646.46,525.21,284,15,30
573,9.8057,stop,1627.06,575.73,441,26,29
573,9.8057,stop,1512.76,1043.66,516,26,29
574,9.8217,stop,482.89,70.92,407,31,21
574,9.8217,stop,836.57,118.55,366,21,30
574,9.8217,stop,1106.84,218.21,785,34,34
574,9.8217,stop,1014.58,267.70,783,34,36
574,9.8217,stop,342.94,437.93,275,21,23
574,9.8217,stop,397.05,451.36,490,32,29
574,9.8217,stop,1645.95,526.32,292,18,30
574,9.8217,stop,1626.92,575.76,421,26,28
574,9.8217,stop,1512.72,1043.52,525,26,29
575,9.8417,stop,482.86,70.98,403,31,21
575,9.8417,stop,836.14,116.72,319,21,30
575,9.8417,stop,1106.69,217.49,772,34,33
575,9.8417,stop,1014.99,267.56,815,34,36
575,9.8417,stop,342.84,437.88,277,21,23
575,9.8417,stop,397.00,451.30,491,32,29
575,9.8417,stop,1646.52,525.40,273,14,29
575,9.8417,stop,1627.17,575.76,420,26,28
575,9.8417,stop,1512.75,1043.82,513,25,29
576,9.8577,stop,483.14,71.05,409,31,21
576,9.8577,stop,833.68,114.99,285,23,29
576,9.8577,stop,1107.37,217.32,744,33,34
576,9.8577,stop,1015.08,267.11,804,34,36
576,9.8577,stop,342.83,437.74,275,21,23
576,9.8577,stop,396.78,451.15,507,33,30
576,9.8577,stop,1646.09,525.83,296,17,29
576,9.8577,stop,1626.94,575.82,433,26,28
576,9.8577,stop,1512.57,1043.86,526,26,29
577,9.8738,stop,483.01,71.02,408,31,21
577,9.8738,stop,833.83,112.68,258,21,28
577,9.8738,stop,1107.53,216.86,745,34,33
577,9.8738,stop,1015.01,266.81,812,34,35
577,9.8738,stop,342.68,438.16,276,21,24
577,9.8738,stop,397.00,451.24,498,33,30
577,9.8738,stop,1646.14,526.15,288,17,30
577,9.8738,stop,1627.00,575.83,427,26,29
577,9.8738,stop,1512.73,1043.86,523,26,29
578,9.8897,stop,482.90,70.98,400,31,21
578,9.8897,stop,834.01,111.81,231,20,27
578,9.8897,stop,1107.81,216.46,744,34,34
578,9.8897,stop,1015.70,266.75,755,34,34
578,9.8897,stop,342.92,438.04,274,21,24
578,9.8897,stop,397.02,451.30,492,32,29
578,9.8897,stop,1646.10,525.74,288,18,30
578,9.8897,stop,1626.87,575.79,428,25,29
578,9.8897,stop,1512.90,1043.94,511,26,29
579,9.9058,stop,482.91,70.98,396,31,21
579,9.9058,stop,835.09,110.90,212,20,25
579,9.9058,stop,1107.86,215.98,755,35,33
579,9.9058,stop,1015.96,265.89,740,33,34
579,9.9058,stop,342.68,437.96,279,21,23
579,9.9058,stop,397.21,451.33,496,32,29
579,9.9058,stop,1645.97,525.92,278,17,30
579,9.9058,stop,1626.94,575.84,423,25,29
579,9.9058,stop,1512.74,1043.87,518,26,29
580,9.9217,stop,483.18,70.91,403,31,21
580,9.9217,stop,836.47,110.36,211,19,26
580,9.9217,stop,1107.88,215.49,746,36,32
580,9.9217,stop,1015.62,264.72,758,34,34
580,9.9217,stop,342.69,437.93,271,21,22
580,9.9217,stop,396.99,451.30,494,32,30
580,9.9217,stop,1646.50,525.15,265,14,29
580,9.9217,stop,1626.97,576.02,435,25,29
580,9.9217,stop,1512.81,1043.79,523,26,29
581,9.9417,stop,482.94,71.03,396,31,21
581,9.9417,stop,838.21,108.44,208,22,22
581,9.9417,stop,1108.22,215.05,748,35,29
581,9.9417,stop,1016.36,263.61,762,33,34
581,9.9417,stop,342.58,438.16,285,21,23
581,9.9417,stop,396.91,451.28,497,33,29
581,9.9417,stop,1646.05,525.84,282,17,29
581,9.9417,stop,1627.02,575.77,431,25,29
581,9.9417,stop,1512.64,1043.79,531,26,29
582,9.9577,stop,483.14,70.87,400,31,21
582,9.9577,stop,839.76,107.50,201,20,22
582,9.9577,stop,1108.45,214.57,746,35,28
582,9.9577,stop,1016.72,262.10,747,33,34
582,9.9577,stop,342.47,438.07,279,21,24
582,9.9577,stop,397.02,451.30,498,32,29
582,9.9577,stop,1646.19,525.92,286,17,29
582,9.9577,stop,1626.97,575.74,431,26,29
582,9.9577,stop,1512.82,1043.78,525,26,29
583,9.9738,stop,483.13,71.05,405,31,21
583,9.9738,stop,841.86,107.18,216,22,21
583,9.9738,stop,1108.53,213.94,730,34,30
583,9.9738,stop,1017.34,260.78,742,33,35
583,9.9738,stop,342.60,438.05,278,21,23
583,9.9738,stop,397.02,451.30,497,33,30
583,9.9738,stop,1646.15,525.91,298,16,30
583,9.9738,stop,1626.97,575.86,434,25,29
583,9.9738,stop,1512.69,1043.77,519,26,29
584,9.9898,stop,482.97,71.06,403,31,21
584,9.9898,stop,844.47,107.87,262,23,25
584,9.9898,stop,1109.07,213.58,725,34,30
584,9.9898,stop,1018.96,259.20,693,30,35
584,9.9898,stop,342.41,437.81,278,21,23
584,9.9898,stop,396.88,451.18,500,32,30
584,9.9898,stop,1646.05,525.50,290,17,29
584,9.9898,stop,1626.99,575.82,427,26,28
584,9.9898,stop,1512.67,1043.67,521,26,29
585,10.0058,stop,482.74,70.97,400,31,21
585,10.0058,stop,848.15,107.45,268,25,24
585,10.0058,stop,1109.22,212.90,691,33,31
585,10.0058,stop,1019.65,257.39,673,30,34
585,10.0058,stop,342.60,437.87,280,21,23
585,10.0058,stop,397.02,451.28,499,33,30
585,10.0058,stop,1646.08,525.93,292,18,29
585,10.0058,stop,1626.99,575.99,424,25,29
585,10.0058,stop,1512.69,1043.77,525,26,29
586,10.0217,stop,482.97,71.03,400,31,21
586,10.0217,stop,850.50,107.22,301,25,25
586,10.0217,stop,1109.39,212.42,681,34,30
586,10.0217,stop,1020.66,255.64,656,28,34
586,10.0217,stop,342.66,437.99,282,21,23
586,10.0217,stop,397.03,451.34,493,33,29
586,10.0217,stop,1645.99,525.93,294,18,30
586,10.0217,stop,1626.98,575.93,436,26,29
586,10.0217,stop,1512.65,1043.72,519,26,29
587,10.0418,stop,483.09,71.03,408,31,21
587,10.0418,stop,853.18,107.57,324,28,23
587,10.0418,stop,1109.88,212.13,657,34,29
587,10.0418,stop,1021.57,253.33,641,27,35
587,10.0418,stop,342.57,438.19,286,21,24
587,10.0418,stop,397.04,451.24,502,32,30
587,10.0418,stop,1646.35,523.92,264,15,26
587,10.0418,stop,1627.05,575.88,433,25,29
587,10.0418,stop,1512.77,1043.69,529,26,29
588,10.0577,stop,482.96,70.92,401,31,21
588,10.0577,stop,857.20,107.02,303,29,21
588,10.0577,stop,1110.01,211.99,630,33,29
588,10.0577,stop,1022.96,250.38,647,27,34
588,10.0577,stop,342.71,437.88,271,21,23
588,10.0577,stop,396.88,451.19,495,33,30
588,10.0577,stop,1645.97,525.67,302,18,29
588,10.0577,stop,1627.04,575.56,424,25,28
588,10.0577,stop,1512.57,1043.91,523,26,29
589,10.0739,stop,483.02,71.09,397,31,21
589,10.0739,stop,862.29,107.62,303,25,21
589,10.0739,stop,1110.40,211.95,581,32,29
589,10.0739,stop,1023.96,248.03,650,26,33
589,10.0739,stop,342.66,438.02,277,21,23
589,10.0739,stop,396.92,451.35,503,32,29
589,10.0739,stop,1646.58,525.24,267,14,29
589,10.0739,stop,1627.03,576.02,426,26,29
589,10.0739,stop,1512.78,1043.61,524,26,29
590,10.0898,stop,483.02,70.91,396,31,21
590,10.0898,stop,866.11,107.61,297,26,20
590,10.0898,stop,1110.82,212.26,548,31,26
590,10.0898,stop,1025.30,245.42,646,28,35
590,10.0898,stop,342.75,437.87,271,21,22
590,10.0898,stop,396.94,451.25,488,32,29
590,10.0898,stop,1645.97,526.17,293,17,30
590,10.0898,stop,1626.93,575.95,419,25,28
590,10.0898,stop,1512.76,1043.84,521,26,29
591,10.1058,stop,482.68,71.00,402,31,21
591,10.1058,stop,868.57,107.62,273,22,20
591,10.1058,stop,1111.38,212.57,538,32,26
591,10.1058,stop,1026.40,242.64,687,28,36
591,10.1058,stop,342.66,437.94,276,21,23
591,10.1058,stop,397.02,451.33,494,33,29
591,10.1058,stop,1646.21,525.67,291,17,30
591,10.1058,stop,1626.88,575.99,431,26,29
591,10.1058,stop,1512.74,1043.84,517,26,29
592,10.1218,stop,483.02,70.97,402,31,21
592,10.1218,stop,873.01,107.72,274,22,22
592,10.1218,stop,1111.66,213.11,532,31,26
592,10.1218,stop,1027.96,239.57,693,29,34
592,10.1218,stop,342.76,437.85,277,21,23
592,10.1218,stop,396.99,451.34,498,32,30
592,10.1218,stop,1646.04,525.88,289,17,30
592,10.1218,stop,1626.92,575.96,431,26,29
592,10.1218,stop,1512.62,1043.78,529,26,29
593,10.1417,stop,483.15,71.07,394,31,21
593,10.1417,stop,877.51,108.18,269,23,21
593,10.1417,stop,1112.43,213.43,520,30,27
593,10.1417,stop,1029.58,236.38,725,29,35
593,10.1417,stop,342.59,438.02,279,21,22
593,10.1417,stop,396.99,451.28,486,32,30
593,10.1417,stop,1646.13,525.71,292,18,30
593,10.1417,stop,1626.94,575.84,424,26,28
593,10.1417,stop,1512.68,1043.77,524,26,29
594,10.1577,stop,482.82,71.04,405,31,21
594,10.1577,stop,881.65,109.21,260,22,21
594,10.1577,stop,1113.14,214.10,509,31,26
594,10.1577,stop,1030.47,232.95,764,32,35
594,10.1577,stop,342.60,438.03,276,21,22
594,10.1577,stop,396.89,451.22,494,32,30
594,10.1577,stop,1645.73,526.10,286,18,30
594,10.1577,stop,1626.87,575.93,421,25,30
594,10.1577,stop,1512.85,1043.80,517,26,29
595,10.1738,stop,483.06,70.92,404,31,21
595,10.1738,stop,885.76,110.86,239,21,21
595,10.1738,stop,1113.92,214.58,515,31,26
595,10.1738,stop,1032.23,229.13,796,33,36
595,10.1738,stop,342.53,437.88,274,21,23
595,10.1738,stop,397.02,451.31,501,32,30
595,10.1738,stop,1646.33,525.14,265,14,29
595,10.1738,stop,1627.02,575.86,431,25,29
595,10.1738,stop,1512.70,1043.74,521,26,29
596,10.1898,stop,482.79,70.90,402,31,21
596,10.1898,stop,889.60,111.93,219,21,18
596,10.1898,stop,1114.83,215.22,504,30,25
596,10.1898,stop,1034.36,225.58,784,33,36
596,10.1898,stop,342.64,437.95,274,21,23
596,10.1898,stop,396.87,451.32,495,33,29
596,10.1898,stop,1646.31,524.99,267,13,29
596,10.1898,stop,1626.92,575.85,426,26,29
596,10.1898,stop,1512.78,1043.76,514,26,29
597,10.2059,stop,482.85,70.93,401,31,21
597,10.2059,stop,1036.56,221.80,782,33,36
597,10.2059,stop,1115.99,216.15,501,31,25
597,10.2059,stop,342.66,437.91,280,21,23
597,10.2059,stop,396.83,451.29,489,33,29
597,10.2059,stop,1646.15,525.69,294,16,30
597,10.2059,stop,1626.95,576.14,422,25,29
597,10.2059,stop,1512.86,1043.62,517,26,29
598,10.2700,stop,482.78,71.04,404,31,21
598,10.2700,stop,896.09,115.81,226,17,24
598,10.2700,stop,1039.58,218.94,763,30,37
598,10.2700,stop,1117.06,217.07,502,31,25
598,10.2700,stop,342.69,437.87,276,21,23
598,10.2700,stop,397.01,451.26,502,32,30
598,10.2700,stop,1645.83,526.15,287,17,30
598,10.2700,stop,1627.02,575.85,434,25,29
598,10.2700,stop,1512.71,1043.91,524,26,29
599,10.2850,stop,482.98,71.00,401,31,21
599,10.2850,stop,899.39,117.74,252,17,24
599,10.2850,stop,1041.85,214.97,764,31,36
599,10.2850,stop,1118.41,218.23,490,30,25
599,10.2850,stop,342.78,437.90,274,21,23
599,10.2850,stop,397.11,451.36,496,32,29
599,10.2850,stop,1645.96,525.50,283,16,29
599,10.2850,stop,1626.97,575.88,417,25,29
599,10.2850,stop,1512.62,1043.79,520,26,29
600,10.3006,stop,482.99,70.99,402,31,21
600,10.3006,stop,1044.33,211.04,775,31,36
600,10.3006,stop,1119.66,219.35,492,31,24
600,10.3006,stop,342.93,437.94,264,21,23
600,10.3006,stop,397.12,451.41,490,32,29
600,10.3006,stop,1646.33,525.15,272,15,29
600,10.3006,stop,1626.96,575.83,420,25,28
600,10.3006,stop,1512.67,1043.73,530,26,29
601,10.3644,stop,483.22,71.07,400,31,21
601,10.3644,stop,1046.91,207.32,771,30,36
601,10.3644,stop,1121.22,220.84,507,31,25
601,10.3644,stop,342.54,437.93,268,21,23
601,10.3644,stop,397.08,451.24,504,32,30
601,10.3644,stop,1646.52,525.40,269,14,29
601,10.3644,stop,1627.19,575.89,421,26,29
601,10.3644,stop,1512.82,1043.71,520,26,29
602,10.4287,stop,482.90,71.00,407,31,21
602,10.4287,stop,1049.32,203.46,745,30,36
602,10.4287,stop,1122.50,222.29,512,31,25
602,10.4287,stop,342.57,438.06,286,21,23
602,10.4287,stop,397.01,451.23,488,32,29
602,10.4287,stop,1646.54,524.31,254,14,26
602,10.4287,stop,1626.88,575.80,419,25,29
602,10.4287,stop,1513.19,1043.30,508,26,29
603,10.4932,stop,483.23,71.03,401,31,21
603,10.4932,stop,1052.41,198.47,798,31,37
603,10.4932,stop,1124.19,223.92,541,32,25
603,10.4932,stop,342.45,437.75,272,21,22
603,10.4932,stop,396.95,451.29,488,32,29
603,10.4932,stop,1645.93,526.38,298,17,30
603,10.4932,stop,1626.99,575.76,426,25,29
603,10.4932,stop,1513.12,1043.47,508,25,29
604,10.5572,stop,482.95,70.97,403,31,21
604,10.5572,stop,916.70,131.97,200,16,21
604,10.5572,stop,1055.44,194.20,832,32,37
604,10.5572,stop,1125.74,225.66,582,33,26
604,10.5572,stop,342.87,437.86,279,20,24
604,10.5572,stop,397.03,451.38,497,32,29
604,10.5572,stop,1646.02,526.00,293,17,29
604,10.5572,stop,1626.93,575.86,426,25,29
604,10.5572,stop,1512.48,1043.77,532,26,29
605,10.5717,stop,483.27,71.05,411,31,21
605,10.5717,stop,928.88,145.40,260,19,21
605,10.5717,stop,1066.86,175.68,893,34,37
605,10.5717,stop,1131.84,233.29,766,34,33
605,10.5717,stop,342.61,438.05,276,21,24
605,10.5717,stop,396.88,451.27,510,33,30
605,10.5717,stop,1646.22,524.86,264,15,29
605,10.5717,stop,1626.97,576.03,425,25,29
605,10.5717,stop,1512.76,1043.91,523,25,29
606,10.5876,stop,482.88,70.96,403,31,21
606,10.5876,stop,1079.84,156.25,695,31,34
606,10.5876,stop,939.91,163.71,336,23,28
606,10.5876,stop,1138.41,241.82,760,32,35
606,10.5876,stop,342.68,437.84,267,21,24
606,10.5876,stop,396.83,451.10,495,33,30
606,10.5876,stop,1646.27,525.11,272,15,29
606,10.5876,stop,1626.91,576.12,428,25,29
606,10.5876,stop,1512.70,1043.72,525,27,29
607,10.6045,stop,483.07,71.09,406,31,21
607,10.6045,stop,1091.49,139.20,483,27,28
607,10.6045,stop,946.70,183.17,440,23,28
607,10.6045,stop,1143.23,247.92,777,33,36
607,10.6045,stop,342.89,437.78,264,21,23
607,10.6045,stop,397.06,451.18,493,32,30
607,10.6045,stop,1646.45,525.00,273,14,29
607,10.6045,stop,1626.86,575.94,420,25,29
607,10.6045,stop,1512.68,1043.77,516,26,29
608,10.6195,stop,482.98,70.94,405,31,21
608,10.6195,stop,1099.74,126.14,470,27,31
608,10.6195,stop,950.93,199.53,501,24,31
608,10.6195,stop,1146.93,252.02,771,33,36
608,10.6195,stop,342.71,438.10,276,21,23
608,10.6195,stop,397.07,451.34,497,33,29
608,10.6195,stop,1646.44,525.10,270,13,29
608,10.6195,stop,1626.62,575.79,431,28,28
608,10.6195,stop,1512.88,1043.77,515,26,29
609,10.6351,stop,482.85,71.00,399,31,21
609,10.6351,stop,1102.39,121.90,460,27,30
609,10.6351,stop,952.03,205.15,516,24,31
609,10.6351,stop,1148.02,252.99,776,33,36
609,10.6351,stop,342.80,437.90,274,21,23
609,10.6351,stop,396.88,451.18,493,32,30
609,10.6351,stop,1645.89,526.25,297,16,30
609,10.6351,stop,1626.91,575.83,432,25,29
609,10.6351,stop,1512.79,1043.71,521,26,29
610,10.6507,stop,482.80,71.02,401,31,21
610,10.6507,stop,1104.77,117.96,460,27,30
610,10.6507,stop,953.01,210.11,529,25,32
610,10.6507,stop,1149.04,254.15,758,33,36
610,10.6507,stop,342.78,437.75,263,21,22
610,10.6507,stop,396.88,451.27,502,33,30
610,10.6507,stop,1646.48,525.08,265,14,29
610,10.6507,stop,1626.85,576.06,425,25,29
610,10.6507,stop,1512.83,1043.91,517,26,29
611,10.6669,stop,483.07,70.94,402,31,21
611,10.6669,stop,1107.06,115.10,418,24,28
611,10.6669,stop,953.71,215.46,553,24,34
611,10.6669,stop,1150.09,255.03,739,33,35
611,10.6669,stop,342.76,437.87,274,21,23
611,10.6669,stop,396.87,451.15,500,32,30
611,10.6669,stop,1645.78,526.09,281,17,29
611,10.6669,stop,1626.87,575.82,424,25,29
611,10.6669,stop,1512.73,1043.75,519,28,29
612,10.6827,stop,482.98,71.00,398,31,21
612,10.6827,stop,1108.38,112.30,396,23,28
612,10.6827,stop,954.31,220.56,536,23,33
612,10.6827,stop,1150.98,255.75,737,32,35
612,10.6827,stop,342.81,438.00,271,21,23
612,10.6827,stop,396.85,451.23,491,33,30
612,10.6827,stop,1646.42,525.24,270,15,29
612,10.6827,stop,1627.02,575.75,423,27,28
612,10.6827,stop,1512.74,1043.72,519,26,29
613,10.6998,stop,482.91,70.84,395,31,21
613,10.6998,stop,1109.73,109.42,394,25,28
613,10.6998,stop,954.32,226.07,545,24,34
613,10.6998,stop,1151.69,256.21,741,32,36
613,10.6998,stop,342.69,437.96,276,21,23
613,10.6998,stop,396.93,451.25,492,32,30
613,10.6998,stop,1646.00,526.23,293,17,30
613,10.6998,stop,1626.97,575.86,434,26,29
613,10.6998,stop,1512.81,1043.70,521,26,29
614,10.7146,stop,482.93,70.89,388,31,21
614,10.7146,stop,1111.42,106.21,376,22,28
614,10.7146,stop,954.34,231.27,513,24,33
614,10.7146,stop,1152.35,256.78,748,33,35
614,10.7146,stop,342.68,437.84,270,21,22
614,10.7146,stop,397.25,451.42,492,32,29
614,10.7146,stop,1645.97,525.98,274,18,30
614,10.7146,stop,1626.96,575.89,423,26,29
614,10.7146,stop,1512.79,1043.84,523,26,29
615,10.7306,stop,483.24,71.04,399,31,21
615,10.7306,stop,1112.01,103.79,389,24,28
615,10.7306,stop,954.36,235.70,463,23,31
615,10.7306,stop,1153.04,256.86,746,33,36
615,10.7306,stop,342.76,437.82,274,21,23
615,10.7306,stop,396.96,451.24,497,33,30
615,10.7306,stop,1646.41,524.80,268,15,30
615,10.7306,stop,1626.91,575.77,433,26,29
615,10.7306,stop,1512.87,1043.84,524,26,29
616,10.7461,stop,482.97,71.07,397,31,21
616,10.7461,stop,1114.29,99.84,393,23,30
616,10.7461,stop,954.27,240.11,444,22,31
616,10.7461,stop,1153.62,257.37,737,32,36
616,10.7461,stop,342.85,437.96,266,21,23
616,10.7461,stop,396.98,451.38,489,32,29
616,10.7461,stop,1646.07,525.84,289,18,30
616,10.7461,stop,1626.93,575.82,420,25,29
616,10.7461,stop,1512.92,1043.72,515,26,29
617,10.7615,stop,482.93,71.06,389,31,21
617,10.7615,stop,1115.19,97.21,423,23,30
617,10.7615,stop,953.60,245.16,445,23,30
617,10.7615,stop,1154.22,257.16,738,32,36
617,10.7615,stop,342.78,437.79,263,21,22
617,10.7615,stop,396.86,451.19,498,33,30
617,10.7615,stop,1646.44,524.90,265,14,29
617,10.7615,stop,1626.91,575.96,423,26,29
617,10.7615,stop,1512.69,1043.74,526,26,29
618,10.7778,stop,483.04,71.04,412,31,21
618,10.7778,stop,1115.66,94.51,432,26,29
618,10.7778,stop,952.70,249.54,454,23,31
618,10.7778,stop,1154.71,256.99,748,32,36
618,10.7778,stop,342.76,437.96,275,21,23
618,10.7778,stop,396.92,451.29,496,32,30
618,10.7778,stop,1646.09,525.38,282,17,29
618,10.7778,stop,1626.87,575.99,426,26,29
618,10.7778,stop,1512.64,1043.82,524,26,29
619,10.7925,stop,483.10,71.04,399,31,21
619,10.7925,stop,1116.65,91.94,436,26,30
619,10.7925,stop,951.58,253.39,480,23,31
619,10.7925,stop,1155.09,256.92,750,33,36
619,10.7925,stop,342.80,438.01,273,21,23
619,10.7925,stop,396.99,451.36,495,33,29
619,10.7925,stop,1645.97,525.67,273,17,30
619,10.7925,stop,1626.79,576.12,426,26,29
619,10.7925,stop,1512.69,1043.78,522,26,29
620,10.8087,stop,482.98,70.95,392,31,21
620,10.8087,stop,1117.18,89.91,439,26,30
620,10.8087,stop,1155.70,256.41,744,32,35
620,10.8087,stop,949.97,257.39,497,24,31
620,10.8087,stop,342.65,438.03,274,21,24
620,10.8087,stop,397.00,451.27,493,32,29
620,10.8087,stop,1646.08,525.69,289,17,29
620,10.8087,stop,1627.00,575.84,426,25,29
620,10.8087,stop,1512.69,1043.71,522,26,29
621,10.8239,stop,482.78,71.05,396,31,21
621,10.8239,stop,1117.64,87.72,437,27,29
621,10.8239,stop,1156.13,255.75,747,33,35
621,10.8239,stop,948.73,261.06,507,23,32
621,10.8239,stop,342.84,437.90,266,21,23
621,10.8239,stop,396.87,451.21,492,33,29
621,10.8239,stop,1646.44,524.93,259,14,30
621,10.8239,stop,1626.80,576.10,422,26,29
621,10.8239,stop,1513.00,1043.44,505,26,29
622,10.8398,stop,482.93,71.04,397,31,21
622,10.8398,stop,1117.56,86.21,436,27,27
622,10.8398,stop,1156.38,255.10,752,33,35
622,10.8398,stop,947.29,264.42,496,25,32
622,10.8398,stop,342.58,437.98,281,21,22
622,10.8398,stop,396.98,451.28,483,32,29
622,10.8398,stop,1646.41,524.96,263,15,29
622,10.8398,stop,1626.86,575.96,416,26,29
622,10.8398,stop,1512.88,1043.75,523,26,29
623,10.8552,stop,482.91,70.94,394,31,21
623,10.8552,stop,1117.05,85.17,415,26,25
623,10.8552,stop,1156.59,254.31,744,32,35
623,10.8552,stop,945.63,267.50,506,25,32
623,10.8552,stop,342.85,437.89,265,21,23
623,10.8552,stop,396.95,451.28,495,33,29
623,10.8552,stop,1646.09,525.96,276,16,30
623,10.8552,stop,1627.08,575.75,419,25,29
623,10.8552,stop,1512.73,1043.74,522,26,29
624,10.8709,stop,483.01,71.03,395,31,21
624,10.8709,stop,1117.54,84.12,427,31,22
624,10.8709,stop,1156.77,253.86,745,32,34
624,10.8709,stop,943.54,270.30,533,26,31
624,10.8709,stop,342.69,437.81,271,21,23
624,10.8709,stop,396.96,451.24,493,33,29
624,10.8709,stop,1646.39,524.96,268,13,29
624,10.8709,stop,1626.91,576.02,432,26,29
624,10.8709,stop,1512.75,1043.75,514,26,29
625,10.8871,stop,482.84,70.98,400,31,21
625,10.8871,stop,1117.63,82.77,393,31,21
625,10.8871,stop,1156.96,253.28,745,33,35
625,10.8871,stop,941.36,272.84,535,28,31
625,10.8871,stop,342.95,437.93,268,21,23
625,10.8871,stop,396.94,451.25,494,32,29
625,10.8871,stop,1646.34,524.91,257,15,30
625,10.8871,stop,1627.00,575.86,416,26,29
625,10.8871,stop,1512.65,1043.80,520,26,29
626,10.9031,stop,483.08,70.94,407,31,21
626,10.9031,stop,1117.70,81.82,353,31,19
626,10.9031,stop,1157.04,252.84,739,33,34
626,10.9031,stop,938.74,276.00,582,30,32
626,10.9031,stop,342.61,438.18,277,21,24
626,10.9031,stop,396.94,451.24,493,32,30
626,10.9031,stop,1646.07,526.06,271,16,29
626,10.9031,stop,1627.08,576.10,423,25,29
626,10.9031,stop,1512.52,1043.91,524,26,29
627,10.9199,stop,483.07,70.90,394,31,21
627,10.9199,stop,1117.34,81.03,344,32,17
627,10.9199,stop,1156.96,252.14,729,33,34
627,10.9199,stop,935.93,278.51,628,31,33
627,10.9199,stop,342.80,437.77,270,20,22
627,10.9199,stop,396.99,451.22,493,32,30
627,10.9199,stop,1646.03,526.46,295,18,29
627,10.9199,stop,1626.95,575.97,430,26,29
627,10.9199,stop,1512.76,1043.73,519,27,29
628,10.9357,stop,482.94,70.97,401,31,21
628,10.9357,stop,1116.60,80.31,333,32,16
628,10.9357,stop,1156.77,251.74,724,33,34
628,10.9357,stop,932.98,280.72,672,32,34
628,10.9357,stop,342.65,438.01,275,21,23
628,10.9357,stop,396.93,451.23,492,32,29
628,10.9357,stop,1645.96,525.76,287,17,29
628,10.9357,stop,1626.86,575.92,427,26,29
628,10.9357,stop,1512.72,1043.83,524,26,29
629,10.9524,stop,482.87,71.08,403,31,21
629,10.9524,stop,1116.40,79.78,317,32,15
629,10.9524,stop,1156.50,251.10,717,33,33
629,10.9524,stop,929.87,282.91,710,32,34
629,10.9524,stop,342.72,437.83,268,21,24
629,10.9524,stop,396.90,451.29,498,33,30
629,10.9524,stop,1646.46,525.07,254,14,29
629,10.9524,stop,1626.99,575.85,426,26,29
629,10.9524,stop,1512.73,1043.67,519,26,29
630,10.9677,stop,482.98,71.09,390,31,21
630,10.9677,stop,1115.40,79.34,293,32,14
630,10.9677,stop,1156.26,250.39,707,33,33
630,10.9677,stop,926.67,284.69,735,32,34
630,10.9677,stop,342.70,437.95,271,21,23
630,10.9677,stop,397.16,451.28,490,33,29
630,10.9677,stop,1646.53,524.92,254,14,29
630,10.9677,stop,1627.06,575.79,419,25,29
630,10.9677,stop,1512.78,1043.79,525,26,29
631,10.9839,stop,482.68,70.90,396,31,21
631,10.9839,stop,1114.36,79.09,243,27,13
631,10.9839,stop,1156.06,249.78,701,33,32
631,10.9839,stop,923.61,286.27,759,34,35
631,10.9839,stop,342.86,437.76,270,21,23
631,10.9839,stop,396.90,451.20,488,32,30
631,10.9839,stop,1646.40,524.89,257,14,29
631,10.9839,stop,1627.07,575.90,418,26,29
631,10.9839,stop,1512.78,1043.80,521,26,29
632,10.9999,stop,483.00,70.90,393,31,21
632,10.9999,stop,1114.57,78.59,204,26,12
632,10.9999,stop,1155.44,249.37,700,33,32
632,10.9999,stop,920.52,287.98,784,34,35
632,10.9999,stop,342.76,438.01,278,21,23
632,10.9999,stop,397.02,451.34,491,33,30
632,10.9999,stop,1646.49,523.82,243,14,26
632,10.9999,stop,1626.94,575.82,420,25,29
632,10.9999,stop,1512.70,1043.78,515,27,29
633,11.0162,stop,483.15,71.05,400,31,21
633,11.0162,stop,1154.88,249.05,694,34,31
633,11.0162,stop,918.27,289.58,812,34,35
633,11.0162,stop,342.79,437.93,277,21,23
633,11.0162,stop,396.96,451.26,498,32,30
633,11.0162,stop,1646.02,526.05,287,18,30
633,11.0162,stop,1626.98,575.95,420,25,29
633,11.0162,stop,1513.06,1043.40,503,26,29
634,11.0811,stop,483.24,70.99,393,31,21
634,11.0811,stop,1154.33,249.00,710,33,32
634,11.0811,stop,915.38,290.85,783,34,34
634,11.0811,stop,342.88,437.90,271,21,23
634,11.0811,stop,397.03,451.38,491,32,29
634,11.0811,stop,1646.09,524.90,247,15,29
634,11.0811,stop,1627.00,575.85,430,25,29
634,11.0811,stop,1512.86,1043.78,530,26,29
635,11.1500,stop,482.96,71.13,397,31,21
635,11.1500,stop,1153.67,248.89,711,34,32
635,11.1500,stop,912.95,292.43,719,30,35
635,11.1500,stop,342.53,438.01,281,21,23
635,11.1500,stop,397.01,451.28,499,32,30
635,11.1500,stop,1646.53,524.90,268,14,29
635,11.1500,stop,1627.04,575.84,423,25,29
635,11.1500,stop,1512.58,1043.67,518,25,29
636,11.2403,s150,482.91,71.05,400,31,21
636,11.2403,s150,1152.81,248.98,721,34,32
636,11.2403,s150,910.12,293.52,719,29,35
636,11.2403,s150,342.80,437.86,268,21,22
636,11.2403,s150,397.08,451.20,486,32,30
636,11.2403,s150,1646.30,525.00,260,14,29
636,11.2403,s150,1626.90,575.81,427,26,28
636,11.2403,s150,1512.83,1043.88,517,26,29
637,11.3085,s150,482.83,71.04,397,31,21
637,11.3085,s150,1152.02,249.15,718,35,32
637,11.3085,s150,907.36,294.65,699,29,35
637,11.3085,s150,342.59,438.14,276,21,23
637,11.3085,s150,396.97,451.30,497,32,29
637,11.3085,s150,1646.02,525.83,286,17,29
637,11.3085,s150,1626.98,575.89,428,26,29
637,11.3085,s150,1512.82,1043.85,517,26,29
638,11.3723,s150,483.15,71.02,400,31,21
638,11.3723,s150,1150.12,250.42,737,34,33
638,11.3723,s150,899.88,297.17,604,25,34
638,11.3723,s150,342.58,437.97,278,21,23
638,11.3723,s150,396.95,451.29,490,32,30
638,11.3723,s150,1646.31,524.12,241,14,26
638,11.3723,s150,1627.14,575.73,425,25,29
638,11.3723,s150,1512.73,1043.84,520,26,29
639,11.4360,s150,482.82,70.98,396,31,21
639,11.4360,s150,1113.79,79.13,264,27,13
639,11.4360,s150,1148.08,251.79,723,34,34
639,11.4360,s150,891.89,300.17,555,30,33
639,11.4360,s150,342.69,438.17,276,21,24
639,11.4360,s150,396.93,451.20,491,33,30
639,11.4360,s150,1646.08,525.80,287,17,29
639,11.4360,s150,1626.93,575.98,421,26,29
639,11.4360,s150,1512.80,1043.83,517,26,29
640,11.4509,s150,482.79,70.93,386,31,21
640,11.4509,s150,1117.21,81.41,417,33,18
640,11.4509,s150,1146.98,252.40,727,34,34
640,11.4509,s150,889.01,302.78,538,27,34
640,11.4509,s150,342.67,437.76,266,21,23
640,11.4509,s150,396.99,451.28,490,33,30
640,11.4509,s150,1645.91,525.83,289,17,30
640,11.4509,s150,1627.00,575.59,431,26,29
640,11.4509,s150,1512.74,1043.77,522,26,29
641,11.4669,s150,483.11,70.93,388,31,21
641,11.4669,s150,1119.04,83.64,486,33,22
641,11.4669,s150,1147.19,252.08,724,34,34
641,11.4669,s150,889.79,304.72,662,30,34
641,11.4669,s150,342.52,437.98,272,21,25
641,11.4669,s150,397.15,451.32,495,32,29
641,11.4669,s150,1646.53,525.32,268,14,31
641,11.4669,s150,1626.93,575.74,429,25,29
641,11.4669,s150,1512.72,1043.72,528,26,29
642,11.4828,s150,483.11,71.03,398,31,21
642,11.4828,s150,1120.71,84.58,523,33,24
642,11.4828,s150,1148.99,250.67,728,35,34
642,11.4828,s150,893.26,305.22,706,33,34
642,11.4828,s150,342.64,438.08,277,21,24
642,11.4828,s150,397.04,451.27,485,32,30
642,11.4828,s150,1646.29,525.05,262,14,30
642,11.4828,s150,1627.01,575.77,437,25,29
642,11.4828,s150,1512.77,1043.74,520,26,29
643,11.4980,s150,482.87,70.97,394,31,21
643,11.4980,s150,1120.52,85.30,520,32,25
643,11.4980,s150,1151.13,249.02,717,34,32
643,11.4980,s150,897.85,304.55,716,33,33
643,11.4980,s150,342.70,437.86,270,21,22
643,11.4980,s150,396.95,451.24,497,32,30
643,11.4980,s150,1646.06,525.81,282,17,30
643,11.4980,s150,1626.85,575.92,428,25,29
643,11.4980,s150,1512.77,1043.85,515,26,29
644,11.5139,s150,482.92,71.00,405,31,21
644,11.5139,s150,1120.34,85.43,504,33,25
644,11.5139,s150,1151.59,248.89,716,34,32
644,11.5139,s150,898.97,304.62,710,33,33
644,11.5139,s150,342.61,437.95,271,21,22
644,11.5139,s150,396.92,451.13,496,33,30
644,11.5139,s150,1645.95,525.81,275,18,30
644,11.5139,s150,1626.78,576.01,415,25,29
644,11.5139,s150,1512.80,1043.82,530,26,29
645,11.5320,s150,482.91,71.03,391,31,21
645,11.5320,s150,1120.96,85.35,562,33,26
645,11.5320,s150,1152.19,248.86,718,35,32
645,11.5320,s150,900.13,304.62,709,33,33
645,11.5320,s150,342.52,438.08,275,21,23
645,11.5320,s150,396.89,451.23,499,33,30
645,11.5320,s150,1646.03,525.66,270,15,30
645,11.5320,s150,1627.09,575.79,426,25,28
645,11.5320,s150,1512.79,1043.82,518,26,29
646,11.5481,s150,483.10,71.03,393,31,21
646,11.5481,s150,1121.01,85.60,555,33,26
646,11.5481,s150,1152.87,248.94,716,35,32
646,11.5481,s150,901.22,304.65,703,33,33
646,11.5481,s150,342.98,437.80,260,21,23
646,11.5481,s150,396.98,451.24,487,32,30
646,11.5481,s150,1645.90,526.13,289,17,30
646,11.5481,s150,1626.99,575.90,426,26,29
646,11.5481,s150,1512.67,1043.80,518,26,29
647,11.5636,s150,482.83,70.97,403,31,21
647,11.5636,s150,1120.71,85.80,563,33,26
647,11.5636,s150,1153.47,249.17,718,35,32
647,11.5636,s150,902.25,304.72,689,33,33
647,11.5636,s150,342.69,437.83,278,21,22
647,11.5636,s150,397.06,451.35,479,32,29
647,11.5636,s150,1646.42,524.96,262,14,29
647,11.5636,s150,1626.92,575.91,426,26,29
647,11.5636,s150,1512.71,1043.84,520,26,29
648,11.5792,s150,483.32,71.08,396,31,21
648,11.5792,s150,1120.49,85.86,575,33,26
648,11.5792,s150,1153.93,249.52,729,34,32
648,11.5792,s150,903.03,304.51,677,33,33
648,11.5792,s150,342.55,438.09,283,21,25
648,11.5792,s150,396.96,451.18,493,33,30
648,11.5792,s150,1646.06,525.85,279,16,30
648,11.5792,s150,1627.13,575.65,424,25,29
648,11.5792,s150,1512.67,1043.77,519,26,29
649,11.5943,s150,482.95,71.03,404,31,21
649,11.5943,s150,1120.29,85.88,579,33,26
649,11.5943,s150,1154.32,249.92,717,33,33
649,11.5943,s150,903.82,304.65,657,32,33
649,11.5943,s150,342.86,437.75,264,21,23
649,11.5943,s150,397.02,451.28,502,32,30
649,11.5943,s150,1646.43,524.16,258,14,27
649,11.5943,s150,1626.84,576.09,418,26,29
649,11.5943,s150,1512.78,1043.68,517,25,29
650,11.6110,s150,483.15,70.97,398,31,21
650,11.6110,s150,1120.08,86.02,579,33,26
650,11.6110,s150,1154.78,250.33,723,34,33
650,11.6110,s150,904.44,304.74,642,30,33
650,11.6110,s150,342.83,437.88,267,21,23
650,11.6110,s150,396.99,451.30,504,32,30
650,11.6110,s150,1645.71,525.89,275,17,29
650,11.6110,s150,1626.96,575.88,421,26,29
650,11.6110,s150,1513.01,1043.58,503,25,29
651,11.6263,s150,482.96,71.00,400,31,21
651,11.6263,s150,1118.95,85.88,555,34,26
651,11.6263,s150,1155.21,250.90,729,33,33
651,11.6263,s150,905.32,304.67,644,31,33
651,11.6263,s150,342.88,437.85,268,21,22
651,11.6263,s150,397.03,451.35,492,33,30
651,11.6263,s150,1646.13,525.73,271,17,29
651,11.6263,s150,1626.96,575.95,421,26,29
651,11.6263,s150,1512.75,1043.82,515,26,29
652,11.6428,s150,482.90,71.00,400,31,21
652,11.6428,s150,1119.34,85.96,576,33,27
652,11.6428,s150,1155.42,251.11,725,33,33
652,11.6428,s150,905.97,304.69,635,30,33
652,11.6428,s150,342.86,437.70,264,21,23
652,11.6428,s150,396.93,451.30,500,32,30
652,11.6428,s150,1646.00,525.94,283,18,29
652,11.6428,s150,1627.15,575.90,425,25,29
652,11.6428,s150,1512.77,1043.69,518,26,29
653,11.6586,stop,482.94,71.01,401,31,21
653,11.6586,stop,1119.04,85.99,581,34,26
653,11.6586,stop,1155.58,251.35,720,33,33
653,11.6586,stop,906.33,304.43,633,29,33
653,11.6586,stop,342.74,437.99,271,21,23
653,11.6586,stop,396.82,451.15,495,32,30
653,11.6586,stop,1646.00,525.89,290,18,30
653,11.6586,stop,1626.87,575.93,414,24,29
653,11.6586,stop,1512.63,1043.68,520,26,29
654,11.6744,stop,482.96,71.15,398,31,21
654,11.6744,stop,1118.74,86.07,595,34,27
654,11.6744,stop,1155.82,251.61,733,34,34
654,11.6744,stop,906.90,304.60,628,29,33
654,11.6744,stop,342.90,437.77,268,21,22
654,11.6744,stop,396.92,451.26,491,32,30
654,11.6744,stop,1646.48,525.14,277,14,29
654,11.6744,stop,1626.95,575.80,422,25,29
654,11.6744,stop,1512.67,1043.76,527,26,29
655,11.6898,stop,482.73,71.04,394,31,21
655,11.6898,stop,1118.56,86.18,585,33,27
655,11.6898,stop,1156.01,251.77,734,33,34
655,11.6898,stop,907.25,304.65,625,29,33
655,11.6898,stop,342.66,437.84,268,21,23
655,11.6898,stop,397.04,451.36,496,33,30
655,11.6898,stop,1646.38,525.14,260,15,29
655,11.6898,stop,1626.88,575.86,424,26,29
655,11.6898,stop,1512.68,1043.73,521,26,29
656,11.7062,stop,482.91,71.09,403,31,21
656,11.7062,stop,1118.14,86.22,575,33,27
656,11.7062,stop,1155.99,251.79,732,34,34
656,11.7062,stop,907.34,304.59,634,28,33
656,11.7062,stop,342.48,438.00,285,21,23
656,11.7062,stop,396.91,451.24,494,32,29
656,11.7062,stop,1645.87,526.03,289,18,30
656,11.7062,stop,1626.95,575.87,421,25,29
656,11.7062,stop,1512.82,1043.69,522,26,29
657,11.7208,stop,482.88,70.90,395,31,21
657,11.7208,stop,1117.89,86.30,548,32,26
657,11.7208,stop,1155.99,251.77,738,33,34
657,11.7208,stop,908.40,304.75,693,33,33
657,11.7208,stop,342.74,437.85,272,21,23
657,11.7208,stop,396.93,451.36,491,33,29
657,11.7208,stop,1645.78,525.70,272,17,30
657,11.7208,stop,1627.00,575.70,424,25,29
657,11.7208,stop,1512.62,1043.95,518,26,29
658,11.7363,stop,483.03,70.91,410,31,21
658,11.7363,stop,1116.83,85.66,584,31,26
658,11.7363,stop,1155.75,251.70,738,33,34
658,11.7363,stop,907.91,304.41,660,32,34
658,11.7363,stop,342.79,438.04,273,21,22
658,11.7363,stop,396.98,451.33,487,32,29
658,11.7363,stop,1646.00,525.58,289,16,29
658,11.7363,stop,1626.94,575.71,430,25,29
658,11.7363,stop,1512.63,1043.78,519,26,29
659,11.7531,stop,483.12,71.02,405,31,21
659,11.7531,stop,1116.46,85.37,582,32,26
659,11.7531,stop,1155.56,251.46,737,33,33
659,11.7531,stop,908.58,304.42,696,33,34
659,11.7531,stop,342.74,437.93,273,21,23
659,11.7531,stop,397.02,451.30,496,32,30
659,11.7531,stop,1646.18,526.18,290,17,29
659,11.7531,stop,1626.83,575.78,429,25,29
659,11.7531,stop,1512.60,1043.87,519,26,29
660,11.7684,stop,483.15,71.00,400,31,21
660,11.7684,stop,1116.49,85.11,592,33,26
660,11.7684,stop,1155.25,251.32,729,33,33
660,11.7684,stop,908.47,304.17,699,33,33
660,11.7684,stop,342.87,438.16,271,21,24
660,11.7684,stop,396.96,451.27,498,32,29
660,11.7684,stop,1646.45,525.12,269,15,29
660,11.7684,stop,1626.90,575.95,426,25,29
660,11.7684,stop,1512.58,1043.79,514,26,29
661,11.7844,stop,483.08,71.01,403,31,21
661,11.7844,stop,1116.78,84.77,604,34,27
661,11.7844,stop,1155.12,251.10,735,34,33
661,11.7844,stop,908.32,303.96,692,33,33
661,11.7844,stop,342.67,438.04,279,21,24
661,11.7844,stop,396.99,451.24,492,32,29
661,11.7844,stop,1646.47,524.97,272,14,30
661,11.7844,stop,1626.94,575.81,425,25,29
661,11.7844,stop,1512.67,1043.83,521,26,29
662,11.7998,stop,482.90,71.03,399,31,21
662,11.7998,stop,1116.59,83.99,605,34,27
662,11.7998,stop,1154.64,250.73,725,34,32
662,11.7998,stop,907.89,303.27,689,33,33
662,11.7998,stop,342.62,438.14,279,21,23
662,11.7998,stop,397.13,451.35,490,32,29
662,11.7998,stop,1645.90,525.34,283,15,29
662,11.7998,stop,1627.00,575.83,426,25,29
662,11.7998,stop,1512.64,1043.83,523,26,29
663,11.8166,stop,483.15,70.88,404,31,21
663,11.8166,stop,1116.55,83.75,614,34,26
663,11.8166,stop,1154.38,250.24,724,34,33
663,11.8166,stop,906.62,302.72,640,29,33
663,11.8166,stop,342.71,437.91,269,21,22
663,11.8166,stop,396.90,451.22,497,33,30
663,11.8166,stop,1646.07,525.90,270,17,29
663,11.8166,stop,1626.92,576.09,415,26,29
663,11.8166,stop,1512.78,1043.94,514,26,29
664,11.8318,stop,483.04,71.00,404,31,21
664,11.8318,stop,1116.20,83.46,609,34,25
664,11.8318,stop,1153.90,249.91,723,34,33
664,11.8318,stop,906.18,302.31,636,29,32
664,11.8318,stop,342.64,437.89,277,21,22
664,11.8318,stop,396.98,451.21,491,33,30
664,11.8318,stop,1646.05,525.77,280,17,29
664,11.8318,stop,1626.82,575.90,414,25,29
664,11.8318,stop,1512.61,1043.80,519,26,29
665,11.8474,stop,483.19,71.11,394,31,21
665,11.8474,stop,1116.19,83.38,612,34,23
665,11.8474,stop,1153.33,249.50,703,34,32
665,11.8474,stop,906.64,301.75,679,33,32
665,11.8474,stop,342.67,437.82,281,21,22
665,11.8474,stop,396.95,451.36,494,33,29
665,11.8474,stop,1645.76,525.37,289,17,30
665,11.8474,stop,1627.04,575.93,417,26,29
665,11.8474,stop,1512.61,1043.70,528,26,29
666,11.8639,stop,482.71,70.91,399,31,21
666,11.8639,stop,1116.13,83.38,599,34,23
666,11.8639,stop,1152.75,249.03,719,34,31
666,11.8639,stop,906.14,301.17,673,33,31
666,11.8639,stop,342.66,437.91,280,21,23
666,11.8639,stop,396.99,451.36,493,32,30
666,11.8639,stop,1645.99,525.85,283,18,29
666,11.8639,stop,1627.12,575.69,421,25,29
666,11.8639,stop,1512.65,1043.85,519,26,29
667,11.8795,stop,482.95,71.01,397,31,21
667,11.8795,stop,1116.07,83.08,560,33,23
667,11.8795,stop,1152.35,249.03,727,34,31
667,11.8795,stop,905.66,300.95,674,32,31
667,11.8795,stop,342.81,437.99,273,21,23
667,11.8795,stop,396.81,451.22,489,33,30
667,11.8795,stop,1646.23,525.15,273,14,31
667,11.8795,stop,1626.96,575.81,422,25,28
667,11.8795,stop,1512.67,1043.74,517,26,29
668,11.8965,stop,483.03,71.00,401,31,21
668,11.8965,stop,1116.24,82.90,529,33,23
668,11.8965,stop,1151.84,249.08,709,33,31
668,11.8965,stop,904.09,300.98,652,31,30
668,11.8965,stop,342.51,437.88,272,21,23
668,11.8965,stop,396.88,451.09,503,32,30
668,11.8965,stop,1646.31,524.72,262,13,29
668,11.8965,stop,1626.99,575.73,425,25,29
668,11.8965,stop,1512.67,1043.84,523,26,29
669,11.9126,stop,482.88,71.09,401,31,21
669,11.9126,stop,1115.31,82.38,463,32,23
669,11.9126,stop,1151.61,249.36,710,34,29
669,11.9126,stop,903.62,300.88,674,32,32
669,11.9126,stop,342.84,437.81,267,21,22
669,11.9126,stop,397.11,451.41,491,32,30
669,11.9126,stop,1645.83,525.76,274,17,29
669,11.9126,stop,1627.01,575.87,430,26,29
669,11.9126,stop,1512.83,1043.85,519,26,29
670,11.9288,stop,483.07,71.02,395,31,21
670,11.9288,stop,1115.64,82.23,417,31,22
670,11.9288,stop,1151.36,249.64,723,35,26
670,11.9288,stop,903.22,300.65,692,34,32
670,11.9288,stop,342.67,437.86,273,21,23
670,11.9288,stop,396.84,451.24,486,33,30
670,11.9288,stop,1645.97,525.78,287,17,30
670,11.9288,stop,1627.02,575.84,430,25,29
670,11.9288,stop,1512.76,1043.77,514,26,29
671,11.9439,stop,483.04,71.05,393,31,21
671,11.9439,stop,1116.22,81.72,377,29,21
671,11.9439,stop,1150.63,249.89,742,35,29
671,11.9439,stop,902.90,300.78,701,35,32
671,11.9439,stop,342.54,438.04,273,21,24
671,11.9439,stop,396.97,451.40,491,33,29
671,11.9439,stop,1646.02,526.00,281,18,29
671,11.9439,stop,1627.00,575.84,427,26,30
671,11.9439,stop,1512.82,1043.84,515,26,29
672,11.9598,stop,482.79,71.00,404,31,21
672,11.9598,stop,1116.50,81.21,323,27,19
672,11.9598,stop,1150.30,250.16,741,35,31
672,11.9598,stop,902.55,300.80,711,34,33
672,11.9598,stop,342.79,437.87,271,21,23
672,11.9598,stop,396.89,451.29,496,33,29
672,11.9598,stop,1645.95,525.90,294,17,30
672,11.9598,stop,1627.03,575.81,422,25,29
672,11.9598,stop,1512.90,1043.76,526,26,29
673,11.9747,stop,482.93,70.96,402,31,21
673,11.9747,stop,1116.44,80.90,305,25,18
673,11.9747,stop,1149.92,250.42,733,35,32
673,11.9747,stop,901.85,300.89,705,34,33
673,11.9747,stop,342.64,437.88,272,21,23
673,11.9747,stop,396.92,451.37,492,32,29
673,11.9747,stop,1646.34,524.05,267,15,26
673,11.9747,stop,1627.08,575.78,426,25,29
673,11.9747,stop,1513.11,1043.48,504,26,29
674,11.9908,stop,482.94,71.06,399,31,21
674,11.9908,stop,1116.10,80.43,260,24,17
674,11.9908,stop,1149.21,250.64,743,34,33
674,11.9908,stop,901.36,300.90,726,34,32
674,11.9908,stop,342.72,438.05,271,21,22
674,11.9908,stop,396.87,451.21,504,33,30
674,11.9908,stop,1646.04,525.96,287,17,30
674,11.9908,stop,1627.02,575.95,431,26,29
674,11.9908,stop,1512.82,1043.82,508,26,29
675,12.0064,stop,482.93,70.95,394,31,21
675,12.0064,stop,1116.81,79.79,218,21,16
675,12.0064,stop,1148.05,250.43,797,34,35
675,12.0064,stop,900.95,300.74,725,33,30
675,12.0064,stop,342.81,437.80,265,21,22
675,12.0064,stop,396.99,451.32,501,33,30
675,12.0064,stop,1646.41,525.18,271,14,29
675,12.0064,stop,1627.01,575.97,430,26,29
675,12.0064,stop,1512.65,1043.90,516,26,29
676,12.0219,stop,483.13,71.02,393,31,21
676,12.0219,stop,1116.50,79.86,218,20,16
676,12.0219,stop,1147.84,250.83,789,32,35
676,12.0219,stop,900.77,301.37,717,33,32
676,12.0219,stop,342.72,438.07,275,21,24
676,12.0219,stop,396.95,451.28,489,33,29
676,12.0219,stop,1645.91,526.07,295,18,30
676,12.0219,stop,1626.94,575.83,429,26,29
676,12.0219,stop,1512.59,1043.97,519,26,29
677,12.0374,stop,483.03,71.04,398,31,21
677,12.0374,stop,1147.32,251.11,794,33,35
677,12.0374,stop,899.96,301.20,744,33,33
677,12.0374,stop,342.70,438.03,276,21,23
677,12.0374,stop,397.07,451.26,498,32,30
677,12.0374,stop,1646.07,525.74,282,17,29
677,12.0374,stop,1626.97,575.73,430,25,28
677,12.0374,stop,1512.62,1043.71,531,26,29
678,12.1014,stop,482.88,71.03,400,31,21
678,12.1014,stop,1146.55,251.82,762,32,35
678,12.1014,stop,899.17,301.51,729,34,34
678,12.1014,stop,343.00,437.77,261,21,23
678,12.1014,stop,397.10,451.42,497,32,29
678,12.1014,stop,1646.58,524.92,271,14,29
678,12.1014,stop,1626.84,575.92,432,26,30
678,12.1014,stop,1512.67,1043.81,514,25,29
679,12.1658,stop,482.94,71.05,395,31,21
679,12.1658,stop,1146.00,252.53,769,33,35
679,12.1658,stop,898.61,302.33,730,34,34
679,12.1658,stop,342.86,437.83,270,21,22
679,12.1658,stop,397.01,451.29,499,32,30
679,12.1658,stop,1646.32,524.65,262,15,29
679,12.1658,stop,1626.92,575.98,419,25,29
679,12.1658,stop,1512.75,1043.76,522,26,29
680,12.2291,stop,482.87,70.90,395,31,21
680,12.2291,stop,1145.80,253.03,794,34,34
680,12.2291,stop,897.77,303.20,743,34,35
680,12.2291,stop,342.71,438.00,272,20,23
680,12.2291,stop,396.99,451.21,507,32,30
680,12.2291,stop,1646.30,525.17,265,14,29
680,12.2291,stop,1627.07,575.75,429,26,28
680,12.2291,stop,1512.65,1043.83,522,26,29
681,12.2929,stop,482.99,71.02,395,31,21
681,12.2929,stop,1145.29,253.91,790,34,35
681,12.2929,stop,897.45,303.89,736,33,34
681,12.2929,stop,342.54,438.12,279,21,23
681,12.2929,stop,396.99,451.31,497,32,29
681,12.2929,stop,1646.28,524.94,275,15,29
681,12.2929,stop,1626.93,575.79,423,26,29
681,12.2929,stop,1512.71,1043.78,518,25,29
682,12.3567,stop,482.82,70.89,397,31,21
682,12.3567,stop,1144.50,255.38,820,35,36
682,12.3567,stop,896.64,305.20,711,31,35
682,12.3567,stop,342.70,437.83,277,21,23
682,12.3567,stop,397.03,451.35,499,33,30
682,12.3567,stop,1646.54,525.23,260,14,29
682,12.3567,stop,1626.85,575.92,424,26,29
682,12.3567,stop,1512.69,1043.77,519,26,29
683,12.4226,stop,483.11,71.06,402,31,21
683,12.4226,stop,1100.70,85.19,227,20,18
683,12.4226,stop,1144.72,255.45,788,33,35
683,12.4226,stop,896.58,305.83,676,31,34
683,12.4226,stop,342.93,437.97,269,21,23
683,12.4226,stop,396.93,451.27,496,32,30
683,12.4226,stop,1646.21,525.92,301,17,29
683,12.4226,stop,1626.96,575.97,423,25,29
683,12.4226,stop,1512.69,1043.75,522,26,29
684,12.4374,stop,482.72,70.97,403,31,21
684,12.4374,stop,1093.14,96.04,394,23,25
684,12.4374,stop,1143.74,253.88,698,30,34
684,12.4374,stop,898.34,303.52,646,28,33
684,12.4374,stop,342.80,437.97,270,21,23
684,12.4374,stop,397.10,451.36,497,32,29
684,12.4374,stop,1646.07,525.96,290,18,29
684,12.4374,stop,1626.95,575.90,424,26,29
684,12.4374,stop,1512.76,1043.71,518,26,29
685,12.4533,stop,482.88,70.99,398,31,21
685,12.4533,stop,1087.95,104.79,595,32,30
685,12.4533,stop,1142.02,250.67,572,29,34
685,12.4533,stop,900.54,300.95,630,28,33
685,12.4533,stop,342.65,438.14,278,21,24
685,12.4533,stop,396.99,451.29,492,33,30
685,12.4533,stop,1646.09,525.85,295,18,29
685,12.4533,stop,1626.98,575.88,426,26,29
685,12.4533,stop,1512.80,1043.81,528,27,29
686,12.4692,stop,482.88,71.03,400,31,21
686,12.4692,stop,1081.41,116.73,711,32,35
686,12.4692,stop,1138.01,244.36,550,27,34
686,12.4692,stop,902.72,293.27,747,33,35
686,12.4692,stop,343.00,437.95,278,21,23
686,12.4692,stop,397.00,451.25,494,32,30
686,12.4692,stop,1646.47,525.18,266,14,30
686,12.4692,stop,1626.96,576.09,435,26,29
686,12.4692,stop,1512.65,1043.73,520,26,29
687,12.4856,stop,482.92,71.11,394,31,21
687,12.4856,stop,1077.24,127.57,761,31,36
687,12.4856,stop,1131.14,238.18,687,30,35
687,12.4856,stop,906.11,283.41,798,33,36
687,12.4856,stop,342.64,437.78,271,21,22
687,12.4856,stop,397.01,451.37,495,32,30
687,12.4856,stop,1645.89,525.95,289,18,30
687,12.4856,stop,1627.03,575.85,425,26,29
687,12.4856,stop,1512.68,1043.75,520,26,29
688,12.5011,stop,482.94,70.95,392,31,21
688,12.5011,stop,1076.38,130.14,771,32,37
688,12.5011,stop,1128.78,236.16,702,31,35
688,12.5011,stop,906.42,279.92,784,34,35
688,12.5011,stop,342.66,438.13,274,21,23
688,12.5011,stop,397.09,451.26,495,32,30
688,12.5011,stop,1646.60,524.36,259,16,27
688,12.5011,stop,1627.03,575.87,429,26,29
688,12.5011,stop,1512.55,1043.89,521,26,29
689,12.5165,stop,482.82,71.07,405,31,21
689,12.5165,stop,1075.62,132.52,755,32,37
689,12.5165,stop,1126.77,234.19,730,33,34
689,12.5165,stop,907.20,276.88,817,36,37
689,12.5165,stop,342.78,437.87,270,21,22
689,12.5165,stop,396.97,451.28,492,33,29
689,12.5165,stop,1646.07,526.13,294,17,29
689,12.5165,stop,1626.98,575.80,427,25,29
689,12.5165,stop,1512.62,1043.76,528,26,29
690,12.5335,stop,483.12,70.96,409,31,21
690,12.5335,stop,1075.45,134.73,758,32,36
690,12.5335,stop,1124.39,232.06,728,33,33
690,12.5335,stop,908.48,273.86,870,34,37
690,12.5335,stop,342.80,438.10,270,21,23
690,12.5335,stop,396.93,451.30,504,32,30
690,12.5335,stop,1646.09,525.98,287,17,29
690,12.5335,stop,1627.06,576.09,437,26,29
690,12.5335,stop,1512.88,1043.76,516,26,29
691,12.5488,stop,483.00,70.99,394,31,21
691,12.5488,stop,1074.78,136.84,764,32,36
691,12.5488,stop,1121.82,230.27,731,34,32
691,12.5488,stop,909.27,270.65,872,35,37
691,12.5488,stop,342.51,437.98,277,21,24
691,12.5488,stop,396.93,451.21,497,32,30
691,12.5488,stop,1645.89,526.45,300,18,30
691,12.5488,stop,1626.97,575.90,433,26,29
691,12.5488,stop,1512.76,1043.99,520,26,29
692,12.5644,stop,482.98,71.05,396,31,21
692,12.5644,stop,1074.35,139.01,761,33,37
692,12.5644,stop,1119.61,228.45,711,35,31
692,12.5644,stop,910.44,266.98,832,33,36
692,12.5644,stop,342.62,438.04,273,21,23
692,12.5644,stop,396.96,451.14,501,33,30
692,12.5644,stop,1645.92,525.92,285,18,30
692,12.5644,stop,1626.98,575.85,436,25,29
692,12.5644,stop,1512.57,1043.74,523,26,29
693,12.5800,stop,482.80,71.02,409,31,21
693,12.5800,stop,1074.14,141.23,748,33,37
693,12.5800,stop,1117.02,226.95,704,34,31
693,12.5800,stop,911.14,263.06,793,33,34
693,12.5800,stop,342.78,437.81,272,21,22
693,12.5800,stop,396.96,451.41,488,33,29
693,12.5800,stop,1646.00,526.17,291,17,30
693,12.5800,stop,1626.94,576.02,429,25,29
693,12.5800,stop,1512.78,1043.70,524,25,29
694,12.5974,stop,483.07,70.94,408,31,21
694,12.5974,stop,1073.93,143.17,768,34,37
694,12.5974,stop,1114.80,225.20,710,34,31
694,12.5974,stop,911.87,259.65,761,33,34
694,12.5974,stop,342.99,437.92,270,21,23
694,12.5974,stop,396.79,451.10,508,32,30
694,12.5974,stop,1646.11,525.58,304,17,29
694,12.5974,stop,1626.96,575.73,425,25,29
694,12.5974,stop,1512.67,1043.76,520,25,29
695,12.6132,stop,483.03,71.00,402,31,21
695,12.6132,stop,1073.77,144.84,793,34,36
695,12.6132,stop,1112.63,223.86,709,34,31
695,12.6132,stop,912.29,256.15,730,33,32
695,12.6132,stop,342.72,437.96,276,21,23
695,12.6132,stop,396.84,451.22,494,33,31
695,12.6132,stop,1645.85,525.73,279,17,29
695,12.6132,stop,1627.04,576.04,430,26,29
695,12.6132,stop,1512.74,1043.75,522,26,29
696,12.6291,stop,483.02,71.04,407,31,21
696,12.6291,stop,1073.57,146.70,810,33,36
696,12.6291,stop,1110.52,222.35,705,33,31
696,12.6291,stop,912.87,252.81,693,33,32
696,12.6291,stop,342.87,438.12,274,20,23
696,12.6291,stop,397.07,451.31,497,32,29
696,12.6291,stop,1646.12,525.99,299,17,30
696,12.6291,stop,1626.86,575.96,424,27,29
696,12.6291,stop,1512.57,1043.74,515,26,29
697,12.6450,stop,483.25,70.95,393,31,21
697,12.6450,stop,1073.40,148.33,795,34,37
697,12.6450,stop,1108.01,221.03,708,34,30
697,12.6450,stop,913.76,250.10,616,33,30
697,12.6450,stop,342.60,437.95,286,21,23
697,12.6450,stop,397.06,451.32,489,32,30
697,12.6450,stop,1646.01,526.23,312,18,30
697,12.6450,stop,1627.03,575.94,431,26,29
697,12.6450,stop,1512.63,1043.73,527,26,30
698,12.6605,stop,482.72,70.96,402,31,21
698,12.6605,stop,1073.11,149.62,802,34,37
698,12.6605,stop,1105.61,219.51,687,34,30
698,12.6605,stop,914.54,246.88,610,32,29
698,12.6605,stop,342.91,437.96,276,21,24
698,12.6605,stop,397.06,451.31,496,32,30
698,12.6605,stop,1645.82,526.12,278,18,29
698,12.6605,stop,1627.00,575.90,429,25,29
698,12.6605,stop,1512.73,1043.88,520,26,29
699,12.6760,stop,482.95,70.99,401,31,21
699,12.6760,stop,1072.85,151.07,802,34,36
699,12.6760,stop,1103.97,217.51,709,33,32
699,12.6760,stop,914.88,243.98,598,33,28
699,12.6760,stop,342.76,438.18,280,21,25
699,12.6760,stop,396.93,451.34,499,32,30
699,12.6760,stop,1645.90,526.09,291,18,30
699,12.6760,stop,1627.02,575.78,425,25,29
699,12.6760,stop,1512.67,1043.71,525,26,29
700,12.6913,stop,482.88,71.02,406,31,21
700,12.6913,stop,1072.30,152.45,786,34,36
700,12.6913,stop,1101.70,216.57,677,33,32
700,12.6913,stop,915.30,241.28,559,33,27
700,12.6913,stop,342.82,437.93,271,21,22
700,12.6913,stop,397.00,451.40,495,32,29
700,12.6913,stop,1646.30,524.36,252,14,26
700,12.6913,stop,1626.87,575.95,423,25,29
700,12.6913,stop,1512.66,1043.86,520,26,29
701,12.7089,stop,482.89,71.05,394,31,21
701,12.7089,stop,1071.73,153.27,799,34,36
701,12.7089,stop,1099.80,215.41,678,33,32
701,12.7089,stop,915.80,238.37,544,33,27
701,12.7089,stop,342.67,437.92,278,20,22
701,12.7089,stop,396.96,451.25,498,32,30
701,12.7089,stop,1646.33,524.88,260,14,29
701,12.7089,stop,1627.04,575.93,427,26,29
701,12.7089,stop,1512.81,1043.87,520,26,29
702,12.7240,stop,483.04,70.96,404,31,21
702,12.7240,stop,1071.69,154.25,780,34,36
702,12.7240,stop,1097.38,215.11,642,33,29
702,12.7240,stop,916.31,235.93,514,32,26
702,12.7240,stop,342.62,438.16,277,21,24
702,12.7240,stop,396.94,451.33,501,32,30
702,12.7240,stop,1645.95,526.21,293,18,30
702,12.7240,stop,1627.06,575.95,434,25,29
702,12.7240,stop,1512.83,1043.79,530,26,29
703,12.7399,stop,483.04,70.97,398,31,21
703,12.7399,stop,1071.51,155.34,773,33,37
703,12.7399,stop,1095.77,214.32,614,33,28
703,12.7399,stop,916.66,233.74,494,31,28
703,12.7399,stop,342.67,437.91,279,21,23
703,12.7399,stop,396.99,451.35,499,32,30
703,12.7399,stop,1646.05,526.02,288,20,29
703,12.7399,stop,1626.98,575.97,429,25,29
703,12.7399,stop,1512.77,1043.72,518,26,29
704,12.7551,stop,482.91,71.01,400,31,21
704,12.7551,stop,1071.15,156.45,782,34,36
704,12.7551,stop,1094.40,212.71,633,32,33
704,12.7551,stop,917.53,231.07,500,32,28
704,12.7551,stop,342.64,437.87,278,21,22
704,12.7551,stop,396.82,451.23,492,33,29
704,12.7551,stop,1646.06,526.18,288,18,30
704,12.7551,stop,1627.00,575.82,426,25,29
704,12.7551,stop,1512.68,1043.64,524,26,29
705,12.7707,stop,482.75,70.91,404,31,21
705,12.7707,stop,1070.87,157.25,786,34,36
705,12.7707,stop,1092.17,212.64,599,32,28
705,12.7707,stop,918.24,228.83,488,32,26
705,12.7707,stop,342.57,437.91,276,21,22
705,12.7707,stop,397.05,451.37,495,32,30
705,12.7707,stop,1646.12,525.75,305,17,29
705,12.7707,stop,1627.15,575.84,440,26,29
705,12.7707,stop,1512.76,1043.83,526,27,29
706,12.7864,stop,483.14,70.99,399,31,21
706,12.7864,stop,1070.50,157.96,778,33,36
706,12.7864,stop,1090.84,211.85,602,32,28
706,12.7864,stop,918.89,227.22,467,32,25
706,12.7864,stop,342.77,437.65,267,21,22
706,12.7864,stop,396.91,451.30,503,33,30
706,12.7864,stop,1646.08,525.62,281,17,29
706,12.7864,stop,1626.96,575.94,426,26,29
706,12.7864,stop,1512.82,1043.83,522,26,29
707,12.8017,stop,482.94,71.05,402,31,21
707,12.8017,stop,1070.13,158.69,793,33,37
707,12.8017,stop,1089.78,210.20,634,32,33
707,12.8017,stop,919.95,225.42,456,31,25
707,12.8017,stop,342.86,438.11,279,21,23
707,12.8017,stop,396.92,451.25,500,32,30
707,12.8017,stop,1645.71,525.60,294,18,29
707,12.8017,stop,1627.06,575.84,424,25,29
707,12.8017,stop,1512.79,1043.71,528,26,29
708,12.8178,stop,483.00,70.93,402,31,21
708,12.8178,stop,1069.59,159.10,787,33,36
708,12.8178,stop,1088.52,209.56,650,32,34
708,12.8178,stop,920.92,223.79,472,32,25
708,12.8178,stop,342.68,438.30,290,21,24
708,12.8178,stop,396.86,451.20,498,33,29
708,12.8178,stop,1645.85,525.75,285,17,29
708,12.8178,stop,1626.97,575.92,435,26,29
708,12.8178,stop,1512.75,1043.72,522,26,29
709,12.8346,stop,482.89,71.02,405,31,21
709,12.8346,stop,1068.96,159.65,806,34,37
709,12.8346,stop,1087.49,208.99,652,32,34
709,12.8346,stop,922.14,222.27,491,32,25
709,12.8346,stop,342.69,437.91,272,21,22
709,12.8346,stop,396.92,451.31,499,33,30
709,12.8346,stop,1646.52,525.14,279,15,29
709,12.8346,stop,1626.94,575.82,421,26,29
709,12.8346,stop,1512.58,1043.74,528,26,29
710,12.8499,stop,482.97,70.89,399,31,21
710,12.8499,stop,1068.53,160.22,787,34,37
710,12.8499,stop,1086.06,208.24,658,32,34
710,12.8499,stop,923.58,220.95,501,33,26
710,12.8499,stop,342.75,438.13,282,21,23
710,12.8499,stop,396.90,451.22,498,33,29
710,12.8499,stop,1646.00,525.84,289,17,30
710,12.8499,stop,1626.92,576.01,426,25,29
710,12.8499,stop,1512.78,1043.86,526,26,29
711,12.8662,stop,483.07,71.04,389,31,21
711,12.8662,stop,1068.11,160.53,809,34,37
711,12.8662,stop,1085.16,207.31,657,32,33
711,12.8662,stop,924.70,219.60,505,33,26
711,12.8662,stop,342.61,438.16,277,21,24
711,12.8662,stop,396.87,451.42,504,33,30
711,12.8662,stop,1646.66,524.98,271,14,29
711,12.8662,stop,1626.88,575.82,425,26,28
711,12.8662,stop,1512.91,1043.73,526,27,29
712,12.8812,stop,482.97,71.02,400,31,21
712,12.8812,stop,1067.57,160.58,801,34,37
712,12.8812,stop,1084.22,206.86,666,32,34
712,12.8812,stop,926.13,218.63,520,32,26
712,12.8812,stop,342.64,437.92,275,21,23
712,12.8812,stop,396.92,451.18,491,33,30
712,12.8812,stop,1646.52,524.90,282,15,31
712,12.8812,stop,1626.94,575.87,424,25,29
712,12.8812,stop,1512.69,1043.89,514,26,29
713,12.8985,stop,482.98,71.03,396,31,21
713,12.8985,stop,1066.97,160.66,805,34,38
713,12.8985,stop,1083.70,206.13,681,32,34
713,12.8985,stop,927.56,217.61,549,33,27
713,12.8985,stop,342.63,438.05,276,21,23
713,12.8985,stop,396.89,451.26,502,33,29
713,12.8985,stop,1646.17,525.84,290,18,30
713,12.8985,stop,1627.01,575.96,438,26,29
713,12.8985,stop,1512.64,1043.71,525,26,29
714,12.9159,stop,483.13,71.07,404,31,21
714,12.9159,stop,1066.26,160.58,814,35,37
714,12.9159,stop,1083.15,205.93,713,32,34
714,12.9159,stop,929.07,216.87,557,33,28
714,12.9159,stop,342.81,438.05,279,20,23
714,12.9159,stop,396.93,451.29,501,32,30
714,12.9159,stop,1645.94,525.87,287,17,29
714,12.9159,stop,1627.11,575.95,425,26,29
714,12.9159,stop,1512.64,1043.77,527,26,29
715,12.9313,stop,483.02,71.10,405,31,21
715,12.9313,stop,1065.85,160.40,816,34,37
715,12.9313,stop,1082.73,205.72,731,33,34
715,12.9313,stop,930.33,216.00,580,31,28
715,12.9313,stop,342.58,437.94,271,21,24
715,12.9313,stop,397.01,451.36,494,33,29
715,12.9313,stop,1645.95,525.85,293,17,29
715,12.9313,stop,1626.85,575.96,430,25,29
715,12.9313,stop,1512.69,1043.92,529,26,29
716,12.9469,stop,483.01,71.01,407,31,21
716,12.9469,stop,1065.26,160.14,795,34,37
716,12.9469,stop,1082.39,205.59,728,33,34
716,12.9469,stop,932.17,215.00,590,31,29
716,12.9469,stop,342.84,437.94,270,21,23
716,12.9469,stop,397.05,451.26,489,32,30
716,12.9469,stop,1646.42,525.27,277,14,30
716,12.9469,stop,1626.74,575.93,435,27,29
716,12.9469,stop,1512.78,1043.87,527,26,29
717,12.9619,stop,482.90,70.94,400,31,21
717,12.9619,stop,1065.27,159.72,753,33,37
717,12.9619,stop,1082.23,205.44,735,32,34
717,12.9619,stop,933.46,214.39,619,32,30
717,12.9619,stop,342.84,437.73,265,21,22
717,12.9619,stop,396.85,451.25,492,32,30
717,12.9619,stop,1646.06,526.26,298,18,30
717,12.9619,stop,1626.93,575.81,427,25,29
717,12.9619,stop,1512.49,1043.84,525,26,29
718,12.9775,stop,482.76,70.98,400,31,21
718,12.9775,stop,1064.99,159.31,799,33,36
718,12.9775,stop,1082.12,205.16,752,32,35
718,12.9775,stop,934.62,213.86,622,32,30
718,12.9775,stop,342.55,438.08,277,21,23
718,12.9775,stop,396.98,451.18,498,32,30
718,12.9775,stop,1646.31,525.63,282,15,30
718,12.9775,stop,1627.04,575.94,430,26,29
718,12.9775,stop,1512.73,1043.83,525,26,29
719,12.9933,stop,482.88,71.11,396,31,21
719,12.9933,stop,1064.94,159.22,761,31,37
719,12.9933,stop,1082.03,204.84,748,32,35
719,12.9933,stop,935.83,213.32,644,33,31
719,12.9933,stop,342.75,438.15,280,21,23
719,12.9933,stop,396.93,451.26,492,32,30
719,12.9933,stop,1646.15,526.03,297,17,30
719,12.9933,stop,1627.15,575.79,433,25,29
719,12.9933,stop,1512.60,1043.77,521,26,29
720,13.0090,stop,483.11,70.92,405,31,21
720,13.0090,stop,1063.65,158.39,795,33,36
720,13.0090,stop,1082.03,204.66,746,32,34
720,13.0090,stop,936.84,213.10,653,33,32
720,13.0090,stop,342.70,437.88,275,21,23
720,13.0090,stop,397.07,451.42,503,33,29
720,13.0090,stop,1645.95,525.91,294,17,30
720,13.0090,stop,1626.99,575.93,430,26,29
720,13.0090,stop,1512.71,1043.70,521,26,29
721,13.0258,stop,483.06,71.04,398,31,21
721,13.0258,stop,1063.34,158.04,792,31,36
721,13.0258,stop,1082.15,204.37,742,32,34
721,13.0258,stop,937.77,212.50,649,33,31
721,13.0258,stop,342.59,438.08,280,21,23
721,13.0258,stop,397.01,451.25,503,33,30
721,13.0258,stop,1645.96,526.21,305,18,30
721,13.0258,stop,1626.92,575.90,429,26,29
721,13.0258,stop,1512.76,1043.82,521,26,29
722,13.0450,stop,483.19,70.99,399,31,21
722,13.0450,stop,1063.48,158.07,751,31,37
722,13.0450,stop,1082.28,203.97,746,33,34
722,13.0450,stop,938.97,211.87,648,34,32
722,13.0450,stop,342.74,437.96,277,21,23
722,13.0450,stop,397.02,451.28,488,32,30
722,13.0450,stop,1645.69,525.84,296,17,29
722,13.0450,stop,1627.13,575.80,431,25,29
722,13.0450,stop,1512.86,1043.90,520,27,29
723,13.0632,stop,482.97,70.92,393,31,21
723,13.0632,stop,1063.31,157.65,755,32,36
723,13.0632,stop,1082.70,203.69,734,33,34
723,13.0632,stop,939.53,211.31,617,31,31
723,13.0632,stop,342.79,438.09,281,20,23
723,13.0632,stop,396.91,451.19,494,32,30
723,13.0632,stop,1645.90,526.04,291,18,29
723,13.0632,stop,1626.91,575.91,427,25,29
723,13.0632,stop,1512.74,1043.65,535,25,29
724,13.0795,stop,483.07,71.05,397,31,21
724,13.0795,stop,1062.96,157.51,758,32,36
724,13.0795,stop,1083.03,203.40,735,33,35
724,13.0795,stop,941.30,210.83,650,33,32
724,13.0795,stop,342.68,438.14,285,21,24
724,13.0795,stop,396.93,451.31,501,33,30
724,13.0795,stop,1646.27,525.31,272,14,29
724,13.0795,stop,1626.89,575.96,430,26,29
724,13.0795,stop,1512.68,1043.89,523,26,29
725,13.0949,stop,482.83,70.97,406,31,21
725,13.0949,stop,1062.23,156.78,782,33,36
725,13.0949,stop,1083.53,202.85,744,33,34
725,13.0949,stop,942.17,210.14,648,33,32
725,13.0949,stop,342.55,437.99,285,21,23
725,13.0949,stop,396.90,451.31,499,33,29
725,13.0949,stop,1646.49,525.19,270,14,29
725,13.0949,stop,1627.06,575.96,433,25,29
725,13.0949,stop,1512.54,1043.80,533,26,29
726,13.1103,stop,483.12,71.05,402,31,21
726,13.1103,stop,1062.62,156.68,752,32,36
726,13.1103,stop,1083.57,203.42,709,33,33
726,13.1103,stop,942.61,209.74,669,33,32
726,13.1103,stop,342.69,437.74,270,21,22
726,13.1103,stop,396.93,451.20,499,33,30
726,13.1103,stop,1645.96,526.12,292,18,30
726,13.1103,stop,1627.00,575.78,440,26,29
726,13.1103,stop,1512.79,1043.71,523,25,29
727,13.1264,stop,482.98,71.05,410,31,21
727,13.1264,stop,1062.48,156.32,743,32,36
727,13.1264,stop,1083.94,203.30,718,34,33
727,13.1264,stop,943.08,209.29,670,33,33
727,13.1264,stop,342.61,438.07,280,21,24
727,13.1264,stop,396.90,451.33,505,33,30
727,13.1264,stop,1646.45,524.87,269,15,29
727,13.1264,stop,1626.97,575.86,425,25,29
727,13.1264,stop,1512.65,1043.75,532,26,29
728,13.1419,stop,482.80,70.88,406,31,21
728,13.1419,stop,1061.93,155.32,768,33,36
728,13.1419,stop,1084.89,202.55,754,34,34
728,13.1419,stop,943.60,208.82,663,33,32
728,13.1419,stop,342.64,437.98,281,21,23
728,13.1419,stop,397.24,450.50,538,32,31
728,13.1419,stop,1646.05,525.83,283,17,30
728,13.1419,stop,1626.89,575.89,428,26,29
728,13.1419,stop,1512.88,1043.63,522,26,29
729,13.1586,s150,482.89,71.06,398,31,21
729,13.1586,s150,1062.12,154.58,765,33,35
729,13.1586,s150,1085.61,202.73,772,34,34
729,13.1586,s150,944.08,208.45,662,33,32
729,13.1586,s150,342.80,437.86,276,21,23
729,13.1586,s150,397.01,451.22,497,32,30
729,13.1586,s150,1646.06,526.07,293,17,30
729,13.1586,s150,1626.90,575.77,431,25,29
729,13.1586,s150,1513.08,1043.52,515,26,29
730,13.1757,s150,482.89,71.00,407,31,21
730,13.1757,s150,1062.22,154.13,772,33,35
730,13.1757,s150,1086.08,202.90,779,35,34
730,13.1757,s150,943.53,207.72,619,31,33
730,13.1757,s150,342.81,438.19,285,20,23
730,13.1757,s150,396.92,451.26,495,32,30
730,13.1757,s150,1645.89,526.22,298,18,30
730,13.1757,s150,1626.92,575.84,427,25,29
730,13.1757,s150,1512.65,1043.79,535,26,29
731,13.1914,s150,483.06,71.05,407,31,21
731,13.1914,s150,1062.93,153.89,724,33,35
731,13.1914,s150,1086.61,203.18,785,34,34
731,13.1914,s150,944.53,207.45,647,33,32
731,13.1914,s150,342.85,438.05,284,21,23
731,13.1914,s150,397.02,451.30,502,33,30
731,13.1914,s150,1646.54,524.88,281,14,29
731,13.1914,s150,1626.77,575.95,445,28,29
731,13.1914,s150,1512.67,1043.69,534,26,29
732,13.2070,s150,482.93,70.96,406,31,21
732,13.2070,s150,1063.04,153.46,717,33,34
732,13.2070,s150,1086.85,203.90,736,35,34
732,13.2070,s150,944.53,206.88,634,33,31
732,13.2070,s150,342.66,437.76,283,21,23
732,13.2070,s150,396.86,451.18,498,32,30
732,13.2070,s150,1646.01,525.98,302,17,30
732,13.2070,s150,1627.08,575.75,432,25,29
732,13.2070,s150,1512.86,1043.78,525,26,29
733,13.2238,s150,483.20,71.09,401,31,21
733,13.2238,s150,1063.27,153.20,702,32,34
733,13.2238,s150,1087.81,204.00,789,34,34
733,13.2238,s150,943.78,206.43,604,31,32
733,13.2238,s150,342.60,437.92,283,21,23
733,13.2238,s150,396.93,451.23,503,32,29
733,13.2238,s150,1646.10,526.21,321,19,30
733,13.2238,s150,1626.95,575.80,442,25,29
733,13.2238,s150,1512.71,1043.85,524,26,29
734,13.2388,s150,483.06,71.04,399,31,21
734,13.2388,s150,1063.72,152.96,704,34,34
734,13.2388,s150,1088.61,204.17,790,34,34
734,13.2388,s150,944.52,206.19,637,33,31
734,13.2388,s150,342.56,438.04,280,21,22
734,13.2388,s150,396.95,451.27,500,33,29
734,13.2388,s150,1646.51,525.38,282,15,29
734,13.2388,s150,1627.06,575.75,433,25,29
734,13.2388,s150,1512.67,1043.91,527,26,29
735,13.2538,s150,483.02,70.98,408,31,21
735,13.2538,s150,1064.20,152.60,697,33,34
735,13.2538,s150,1088.66,205.14,757,34,34
735,13.2538,s150,943.34,205.75,625,32,31
735,13.2538,s150,342.58,437.87,277,21,23
735,13.2538,s150,396.99,451.33,489,32,30
735,13.2538,s150,1646.12,526.10,298,18,30
735,13.2538,s150,1626.99,575.77,423,25,29
735,13.2538,s150,1512.71,1043.71,525,26,29
736,13.2709,s150,483.24,71.00,402,31,21
736,13.2709,s150,1063.87,152.08,735,33,34
736,13.2709,s150,1089.34,205.27,756,34,34
736,13.2709,s150,943.77,205.68,660,33,32
736,13.2709,s150,342.60,437.83,276,21,23
736,13.2709,s150,396.84,451.10,504,33,30
736,13.2709,s150,1646.31,524.24,260,15,26
736,13.2709,s150,1626.99,575.88,431,26,29
736,13.2709,s150,1512.80,1043.69,523,27,29
737,13.2863,s150,483.04,71.04,410,31,21
737,13.2863,s150,1064.38,152.05,732,33,34
737,13.2863,s150,1089.84,205.43,750,34,35
737,13.2863,s150,943.46,205.67,658,33,32
737,13.2863,s150,342.82,437.99,284,21,23
737,13.2863,s150,396.92,451.22,494,32,30
737,13.2863,s150,1645.91,526.10,307,17,30
737,13.2863,s150,1627.05,576.06,442,26,29
737,13.2863,s150,1512.64,1043.77,534,26,29
738,13.3017,s150,483.00,70.98,404,31,21
738,13.3017,s150,1064.97,152.03,731,33,34
738,13.3017,s150,1090.36,205.36,750,33,35
738,13.3017,s150,942.87,205.92,661,33,32
738,13.3017,s150,342.58,437.91,286,21,23
738,13.3017,s150,396.96,451.18,498,33,30
738,13.3017,s150,1646.12,526.03,304,18,30
738,13.3017,s150,1626.93,575.88,435,26,29
738,13.3017,s150,1512.69,1043.92,527,26,29
739,13.3172,s150,483.04,71.04,398,31,21
739,13.3172,s150,1065.40,152.42,723,32,34
739,13.3172,s150,1090.92,205.32,755,34,35
739,13.3172,s150,942.59,206.35,659,33,33
739,13.3172,s150,342.54,438.07,280,21,23
739,13.3172,s150,396.93,451.30,505,33,29
739,13.3172,s150,1646.39,524.92,280,15,29
739,13.3172,s150,1626.94,576.06,444,26,29
739,13.3172,s150,1512.78,1043.68,529,26,29
740,13.3336,s150,483.09,71.00,411,31,21
740,13.3336,s150,1065.85,152.50,726,33,33
740,13.3336,s150,1091.41,205.28,744,33,35
740,13.3336,s150,942.06,206.78,691,34,32
740,13.3336,s150,342.67,438.30,281,21,24
740,13.3336,s150,396.95,451.40,502,33,29
740,13.3336,s150,1645.89,526.06,299,17,29
740,13.3336,s150,1626.54,575.91,431,28,29
740,13.3336,s150,1512.74,1043.80,522,26,29
741,13.3504,s150,482.79,70.97,399,31,21
741,13.3504,s150,1065.73,152.63,692,33,34
741,13.3504,s150,1091.74,205.24,743,33,34
741,13.3504,s150,941.18,207.07,702,33,33
741,13.3504,s150,342.77,437.94,283,21,23
741,13.3504,s150,397.01,451.32,499,33,29
741,13.3504,s150,1646.56,525.01,279,15,29
741,13.3504,s150,1627.03,576.03,438,26,29
741,13.3504,s150,1512.72,1043.91,533,26,29
742,13.3651,s150,482.81,71.06,407,31,21
742,13.3651,s150,1066.21,152.86,693,32,34
742,13.3651,s150,1091.95,205.02,740,33,34
742,13.3651,s150,940.43,207.27,716,33,34
742,13.3651,s150,342.74,438.03,277,21,23
742,13.3651,s150,396.93,451.38,502,33,29
742,13.3651,s150,1646.59,525.43,279,14,29
742,13.3651,s150,1627.06,576.01,431,25,29
742,13.3651,s150,1512.70,1043.73,535,26,29
743,13.3821,s150,482.83,70.94,407,31,21
743,13.3821,s150,1066.86,153.19,679,32,33
743,13.3821,s150,1092.24,204.71,732,32,34
743,13.3821,s150,939.67,207.73,725,33,34
743,13.3821,s150,342.73,438.10,285,21,23
743,13.3821,s150,396.94,451.29,500,32,29
743,13.3821,s150,1646.69,525.35,290,15,30
743,13.3821,s150,1627.11,575.76,432,25,29
743,13.3821,s150,1512.77,1043.91,527,26,29
744,13.4000,s150,482.91,70.97,405,31,21
744,13.4000,s150,1067.42,153.78,695,33,34
744,13.4000,s150,1092.08,204.26,726,34,33
744,13.4000,s150,938.98,208.12,730,34,35
744,13.4000,s150,342.54,438.03,286,21,23
744,13.4000,s150,397.01,451.32,506,33,30
744,13.4000,s150,1645.90,526.07,304,17,30
744,13.4000,s150,1627.02,575.68,432,25,29
744,13.4000,s150,1512.66,1043.72,526,26,29
745,13.4154,s150,482.95,70.99,404,31,21
745,13.4154,s150,1067.78,154.64,714,33,35
745,13.4154,s150,1091.90,203.68,716,33,34
745,13.4154,s150,938.21,208.42,724,33,34
745,13.4154,s150,342.61,438.02,277,21,22
745,13.4154,s150,396.98,451.25,500,32,30
745,13.4154,s150,1645.88,525.45,303,18,29
745,13.4154,s150,1626.99,576.12,434,25,29
745,13.4154,s150,1512.87,1043.80,529,27,29
746,13.4308,s150,482.85,71.03,404,31,21
746,13.4308,s150,1068.33,155.13,708,33,34
746,13.4308,s150,1091.82,203.31,715,33,33
746,13.4308,s150,937.54,208.54,722,33,34
746,13.4308,s150,342.78,437.91,282,21,23
746,13.4308,s150,396.85,451.30,495,33,30
746,13.4308,s150,1646.16,526.22,315,17,30
746,13.4308,s150,1626.97,575.94,435,26,29
746,13.4308,s150,1512.72,1043.70,530,26,29
747,13.4464,s150,482.90,71.08,401,31,21
747,13.4464,s150,1068.67,155.78,711,33,35
747,13.4464,s150,1091.52,203.10,726,33,34
747,13.4464,s150,936.71,208.42,711,33,34
747,13.4464,s150,342.77,437.81,280,21,23
747,13.4464,s150,396.93,451.24,496,33,29
747,13.4464,s150,1646.46,525.22,279,14,29
747,13.4464,s150,1627.00,575.83,439,26,29
747,13.4464,s150,1512.63,1043.87,524,26,29
748,13.4627,s150,483.16,70.97,415,31,21
748,13.4627,s150,1068.85,155.93,713,30,36
748,13.4627,s150,1091.22,202.67,707,33,34
748,13.4627,s150,936.13,208.54,711,33,34
748,13.4627,s150,342.79,437.98,282,21,23
748,13.4627,s150,396.89,451.22,502,33,30
748,13.4627,s150,1646.48,525.37,292,15,30
748,13.4627,s150,1627.10,575.91,433,26,29
748,13.4627,s150,1512.97,1043.64,518,26,29
749,13.4784,s150,483.22,71.06,403,31,21
749,13.4784,s150,1069.43,156.18,722,32,35
749,13.4784,s150,1090.86,202.81,724,33,32
749,13.4784,s150,935.53,208.39,707,33,34
749,13.4784,s150,342.96,437.81,273,21,22
749,13.4784,s150,396.82,451.33,505,33,30
749,13.4784,s150,1646.23,526.19,308,17,30
749,13.4784,s150,1626.97,575.92,435,26,29
749,13.4784,s150,1512.89,1043.88,523,25,29
750,13.5010,s150,483.00,71.00,401,31,21
750,13.5010,s150,1069.65,156.33,721,32,36
750,13.5010,s150,1090.54,202.75,716,33,34
750,13.5010,s150,935.00,208.15,698,32,35
750,13.5010,s150,342.86,438.14,274,21,24
750,13.5010,s150,396.93,451.33,501,33,30
750,13.5010,s150,1646.48,525.04,284,14,30
750,13.5010,s150,1627.05,575.95,441,26,29
750,13.5010,s150,1512.78,1043.75,534,26,29
751,13.5166,s150,482.89,71.06,399,31,21
751,13.5166,s150,1069.65,156.59,716,31,35
751,13.5166,s150,1090.17,203.03,737,34,34
751,13.5166,s150,934.41,207.72,679,33,34
751,13.5166,s150,342.62,438.06,287,21,24
751,13.5166,s150,397.05,451.34,496,32,30
751,13.5166,s150,1646.24,526.01,312,17,29
751,13.5166,s150,1627.18,575.80,447,25,29
751,13.5166,s150,1512.79,1043.73,526,27,29
752,13.5322,s150,482.96,71.12,400,31,21
752,13.5322,s150,1069.93,156.53,721,33,35
752,13.5322,s150,1089.89,203.34,726,34,33
752,13.5322,s150,934.07,207.50,680,32,34
752,13.5322,s150,342.60,438.12,280,21,22
752,13.5322,s150,397.04,451.41,498,32,30
752,13.5322,s150,1645.95,526.23,293,18,30
752,13.5322,s150,1627.01,575.89,440,25,29
752,13.5322,s150,1512.71,1043.71,534,26,29
753,13.5485,s150,483.08,70.98,416,31,21
753,13.5485,s150,1070.16,156.42,718,33,35
753,13.5485,s150,1089.52,203.80,747,33,34
753,13.5485,s150,933.70,207.14,673,32,33
753,13.5485,s150,342.63,437.89,281,21,23
753,13.5485,s150,396.78,451.21,501,33,29
753,13.5485,s150,1645.96,525.60,303,18,30
753,13.5485,s150,1626.72,575.90,443,28,29
753,13.5485,s150,1512.84,1043.91,522,25,29
754,13.5641,s150,483.05,71.04,401,31,21
754,13.5641,s150,1069.94,156.37,714,33,35
754,13.5641,s150,1089.73,203.72,782,34,33
754,13.5641,s150,933.41,207.01,658,31,33
754,13.5641,s150,342.71,438.24,287,21,24
754,13.5641,s150,397.17,450.41,533,32,31
754,13.5641,s150,1646.17,525.63,295,16,30
754,13.5641,s150,1627.12,575.75,428,25,29
754,13.5641,s150,1512.58,1043.75,534,26,29
755,13.5793,s150,482.99,71.02,402,31,21
755,13.5793,s150,1069.75,155.78,702,31,35
755,13.5793,s150,1088.90,204.89,752,34,34
755,13.5793,s150,933.20,206.97,652,31,33
755,13.5793,s150,342.77,437.93,275,21,23
755,13.5793,s150,396.88,451.28,506,33,30
755,13.5793,s150,1645.80,525.81,304,18,30
755,13.5793,s150,1626.90,575.80,435,26,29
755,13.5793,s150,1512.61,1043.81,531,26,29
756,13.5955,stop,483.06,71.19,402,31,21
756,13.5955,stop,1069.61,155.17,684,31,35
756,13.5955,stop,1089.13,204.57,796,34,34
756,13.5955,stop,932.95,207.00,662,32,33
756,13.5955,stop,342.88,437.86,277,21,23
756,13.5955,stop,396.76,451.22,501,33,30
756,13.5955,stop,1645.96,526.17,313,18,30
756,13.5955,stop,1627.00,575.91,433,25,29
756,13.5955,stop,1512.76,1043.88,524,25,29
757,13.6114,stop,482.81,70.98,403,31,21
757,13.6114,stop,1070.42,155.37,725,33,34
757,13.6114,stop,1088.89,205.04,799,35,35
757,13.6114,stop,932.89,207.10,660,32,33
757,13.6114,stop,342.78,437.97,288,21,23
757,13.6114,stop,397.06,451.31,495,32,29
757,13.6114,stop,1646.45,525.18,288,15,30
757,13.6114,stop,1627.03,575.87,438,26,29
757,13.6114,stop,1512.79,1043.78,531,26,29
758,13.6266,stop,482.96,70.99,415,31,21
758,13.6266,stop,1070.04,154.90,712,33,34
758,13.6266,stop,933.00,207.32,673,32,33
758,13.6266,stop,1088.63,205.52,793,34,35
758,13.6266,stop,342.88,438.02,284,21,23
758,13.6266,stop,396.99,451.33,497,32,30
758,13.6266,stop,1645.94,526.37,309,18,30
758,13.6266,stop,1627.03,575.74,438,25,29
758,13.6266,stop,1512.76,1043.92,527,27,29
759,13.6421,stop,482.93,71.07,407,31,21
759,13.6421,stop,1069.87,154.65,718,32,35
759,13.6421,stop,933.15,207.73,679,32,34
759,13.6421,stop,1088.54,205.98,797,34,35
759,13.6421,stop,343.01,437.92,275,21,23
759,13.6421,stop,397.06,451.26,501,32,30
759,13.6421,stop,1646.15,525.55,304,17,29
759,13.6421,stop,1626.97,575.84,437,26,29
759,13.6421,stop,1512.62,1043.83,537,27,29
760,13.6619,stop,482.95,70.98,411,31,21
760,13.6619,stop,1069.52,154.01,725,33,35
760,13.6619,stop,933.27,207.83,671,32,34
760,13.6619,stop,1088.29,206.05,798,34,35
760,13.6619,stop,342.64,438.07,288,21,23
760,13.6619,stop,396.85,451.34,499,33,30
760,13.6619,stop,1646.55,525.06,277,15,29
760,13.6619,stop,1627.01,575.95,438,25,29
760,13.6619,stop,1512.74,1043.79,531,26,29
761,13.6781,stop,483.10,71.05,407,31,21
761,13.6781,stop,1069.00,154.38,714,34,30
761,13.6781,stop,1088.25,206.52,800,34,34
761,13.6781,stop,933.71,208.31,688,32,34
761,13.6781,stop,342.69,437.93,278,21,22
761,13.6781,stop,396.97,451.26,501,32,29
761,13.6781,stop,1646.04,525.91,302,17,29
761,13.6781,stop,1627.00,575.99,444,27,29
761,13.6781,stop,1512.84,1043.73,532,25,29
762,13.6940,stop,483.25,71.06,407,31,21
762,13.6940,stop,1068.85,153.99,732,33,31
762,13.6940,stop,1088.05,206.82,805,33,35
762,13.6940,stop,934.03,208.63,698,32,34
762,13.6940,stop,342.51,438.00,279,21,23
762,13.6940,stop,396.86,451.25,497,33,30
762,13.6940,stop,1645.90,526.19,302,18,30
762,13.6940,stop,1627.03,575.95,440,26,29
762,13.6940,stop,1512.71,1043.73,528,26,29
763,13.7100,stop,483.00,70.91,410,31,21
763,13.7100,stop,1068.52,153.35,708,34,32
763,13.7100,stop,1088.01,207.27,809,31,37
763,13.7100,stop,934.33,208.87,711,33,34
763,13.7100,stop,342.68,438.22,288,21,23
763,13.7100,stop,397.06,451.29,493,32,30
763,13.7100,stop,1646.15,525.96,298,17,29
763,13.7100,stop,1626.96,575.72,432,25,29
763,13.7100,stop,1512.75,1043.82,529,26,29
764,13.7261,stop,483.07,71.11,408,31,21
764,13.7261,stop,1068.46,152.01,752,33,33
764,13.7261,stop,1088.04,207.53,829,33,38
764,13.7261,stop,934.73,209.02,727,34,35
764,13.7261,stop,342.61,438.04,285,21,23
764,13.7261,stop,397.02,451.36,498,32,29
764,13.7261,stop,1645.91,526.10,304,17,30
764,13.7261,stop,1627.03,575.87,437,26,29
764,13.7261,stop,1512.60,1043.74,540,27,29
765,13.7420,stop,483.00,70.99,409,31,21
765,13.7420,stop,1068.32,151.55,753,34,34
765,13.7420,stop,1087.85,207.57,847,32,38
765,13.7420,stop,935.65,209.20,713,33,35
765,13.7420,stop,342.79,437.73,271,21,23
765,13.7420,stop,397.05,451.30,493,32,29
765,13.7420,stop,1646.22,525.92,297,17,29
765,13.7420,stop,1627.12,575.81,442,26,29
765,13.7420,stop,1512.74,1043.84,522,26,29
766,13.7619,stop,482.90,70.88,407,31,21
766,13.7619,stop,1068.25,151.77,753,32,35
766,13.7619,stop,1087.80,208.40,824,32,37
766,13.7619,stop,935.43,209.26,741,33,35
766,13.7619,stop,342.78,437.82,274,21,23
766,13.7619,stop,396.99,451.27,498,33,30
766,13.7619,stop,1646.01,525.48,309,17,29
766,13.7619,stop,1626.97,575.89,437,26,29
766,13.7619,stop,1512.66,1043.78,527,26,29
767,13.7784,stop,482.83,71.07,409,31,21
767,13.7784,stop,1068.07,152.65,714,31,35
767,13.7784,stop,935.60,208.90,732,32,34
767,13.7784,stop,1087.58,209.23,843,35,36
767,13.7784,stop,342.83,437.96,290,21,23
767,13.7784,stop,397.06,451.37,500,33,30
767,13.7784,stop,1645.94,526.08,316,18,30
767,13.7784,stop,1626.80,576.01,445,28,29
767,13.7784,stop,1512.65,1043.86,530,27,29
768,13.7940,stop,483.07,71.00,411,31,21
768,13.7940,stop,1068.93,153.26,744,32,36
768,13.7940,stop,935.79,208.47,755,32,31
768,13.7940,stop,1087.30,209.88,858,34,36
768,13.7940,stop,342.54,438.00,282,21,24
768,13.7940,stop,396.98,451.32,501,33,30
768,13.7940,stop,1645.80,526.44,305,18,30
768,13.7940,stop,1626.69,575.93,450,28,29
768,13.7940,stop,1512.77,1043.84,520,27,29
769,13.8100,stop,483.00,71.04,408,31,21
769,13.8100,stop,1068.64,154.03,763,32,36
769,13.8100,stop,936.15,208.31,759,33,31
769,13.8100,stop,1087.18,210.22,849,34,36
769,13.8100,stop,342.68,437.99,288,21,23
769,13.8100,stop,396.79,451.22,505,33,30
769,13.8100,stop,1646.05,525.91,302,17,29
769,13.8100,stop,1627.00,575.84,434,25,29
769,13.8100,stop,1512.82,1043.80,531,26,29
770,13.8262,stop,483.06,70.94,408,31,21
770,13.8262,stop,1068.50,154.47,823,33,37
770,13.8262,stop,936.49,207.18,778,34,35
770,13.8262,stop,1086.91,210.39,836,34,34
770,13.8262,stop,342.52,438.03,292,21,23
770,13.8262,stop,397.06,451.19,502,32,30
770,13.8262,stop,1646.10,525.96,299,17,30
770,13.8262,stop,1627.06,575.92,434,26,29
770,13.8262,stop,1512.65,1043.71,532,26,29
771,13.8420,stop,483.00,70.96,401,31,21
771,13.8420,stop,1067.95,155.32,809,33,36
771,13.8420,stop,936.61,206.73,784,34,35
771,13.8420,stop,1086.32,210.60,850,34,34
771,13.8420,stop,342.60,438.17,290,21,23
771,13.8420,stop,396.90,451.19,506,33,31
771,13.8420,stop,1646.07,526.04,308,18,30
771,13.8420,stop,1626.98,575.93,437,25,29
771,13.8420,stop,1512.77,1043.76,528,26,29
772,13.8619,stop,483.13,71.01,414,31,21
772,13.8619,stop,1067.58,155.45,786,34,37
772,13.8619,stop,936.87,206.33,770,33,34
772,13.8619,stop,1085.63,211.29,793,34,33
772,13.8619,stop,342.60,438.04,283,21,23
772,13.8619,stop,397.02,451.25,495,32,29
772,13.8619,stop,1645.86,526.38,311,18,30
772,13.8619,stop,1627.00,575.89,440,25,29
772,13.8619,stop,1512.59,1043.67,536,26,29
773,13.8779,stop,482.80,71.00,404,31,21
773,13.8779,stop,1067.39,155.96,762,33,36
773,13.8779,stop,937.10,206.06,736,32,33
773,13.8779,stop,1085.38,211.16,805,34,34
773,13.8779,stop,342.60,437.97,287,21,22
773,13.8779,stop,396.98,451.33,505,33,29
773,13.8779,stop,1646.12,525.96,303,17,30
773,13.8779,stop,1626.94,575.95,437,26,29
773,13.8779,stop,1512.69,1043.86,537,26,29
774,13.8948,stop,482.96,71.00,407,31,21
774,13.8948,stop,1066.78,155.47,676,32,35
774,13.8948,stop,937.47,205.95,712,32,31
774,13.8948,stop,1085.17,210.69,804,34,35
774,13.8948,stop,342.75,437.92,274,21,23
774,13.8948,stop,396.85,451.21,500,33,30
774,13.8948,stop,1645.94,525.69,295,18,29
774,13.8948,stop,1627.16,575.92,438,26,29
774,13.8948,stop,1512.92,1043.64,525,26,29
775,13.9112,stop,482.95,70.98,406,31,21
775,13.9112,stop,1066.99,155.73,667,29,34
775,13.9112,stop,937.96,205.60,701,33,31
775,13.9112,stop,1084.79,210.35,803,34,35
775,13.9112,stop,342.58,438.04,282,21,22
775,13.9112,stop,397.01,451.31,502,33,31
775,13.9112,stop,1645.95,526.01,299,17,30
775,13.9112,stop,1627.05,575.81,440,26,29
775,13.9112,stop,1512.67,1043.81,532,26,29
776,13.9281,stop,483.08,71.13,402,31,21
776,13.9281,stop,1066.57,155.04,634,29,34
776,13.9281,stop,938.31,205.03,675,32,30
776,13.9281,stop,1084.30,209.68,766,34,35
776,13.9281,stop,342.88,438.04,278,21,23
776,13.9281,stop,397.00,451.30,502,32,30
776,13.9281,stop,1646.06,526.10,307,19,30
776,13.9281,stop,1627.09,575.72,431,25,29
776,13.9281,stop,1512.77,1043.63,532,26,29
777,13.9459,stop,482.85,71.02,408,31,21
777,13.9459,stop,1066.59,155.00,606,29,34
777,13.9459,stop,939.01,205.02,647,32,30
777,13.9459,stop,1084.20,209.17,732,33,34
777,13.9459,stop,342.73,438.20,280,21,24
777,13.9459,stop,396.96,451.29,498,32,30
777,13.9459,stop,1645.97,526.28,319,18,30
777,13.9459,stop,1627.05,575.99,435,26,29
777,13.9459,stop,1512.70,1043.76,522,27,29
778,13.9620,stop,482.64,71.03,405,31,21
778,13.9620,stop,1067.33,154.57,625,28,34
778,13.9620,stop,938.25,205.03,551,27,29
778,13.9620,stop,1084.11,208.47,692,33,33
778,13.9620,stop,342.59,438.05,286,21,23
778,13.9620,stop,396.94,451.30,497,32,29
778,13.9620,stop,1646.08,525.93,303,18,29
778,13.9620,stop,1626.93,575.95,436,26,29
778,13.9620,stop,1512.69,1043.97,529,26,29
779,13.9780,stop,482.86,70.92,412,31,21
779,13.9780,stop,1067.85,153.82,596,27,32
779,13.9780,stop,939.61,205.81,492,27,28
779,13.9780,stop,1084.27,207.95,616,31,31
779,13.9780,stop,342.77,438.12,279,20,23
779,13.9780,stop,396.85,451.29,498,33,30
779,13.9780,stop,1646.02,525.82,297,18,29
779,13.9780,stop,1626.98,575.82,438,25,29
779,13.9780,stop,1512.75,1043.78,533,26,29
780,13.9943,stop,482.81,71.00,401,31,21
780,13.9943,stop,1067.54,152.99,555,27,31
780,13.9943,stop,940.15,206.20,466,26,27
780,13.9943,stop,1084.12,207.94,557,29,28
780,13.9943,stop,342.66,437.97,289,21,23
780,13.9943,stop,396.93,451.26,510,33,30
780,13.9943,stop,1646.05,526.09,309,18,30
780,13.9943,stop,1627.09,575.82,440,26,29
780,13.9943,stop,1512.72,1043.66,527,26,29
781,14.0100,stop,483.19,71.03,400,31,21
781,14.0100,stop,1068.50,152.29,626,28,33
781,14.0100,stop,1083.85,207.04,535,28,33
781,14.0100,stop,941.31,206.61,435,24,26
781,14.0100,stop,342.62,437.87,277,21,23
781,14.0100,stop,396.89,451.26,507,33,31
781,14.0100,stop,1645.89,526.15,320,18,31
781,14.0100,stop,1627.10,575.91,441,26,29
781,14.0100,stop,1512.63,1043.81,531,26,29
782,14.0260,stop,483.02,70.91,413,31,21
782,14.0260,stop,1068.90,151.21,622,27,34
782,14.0260,stop,941.47,207.15,432,27,27
782,14.0260,stop,1083.82,207.14,497,28,27
782,14.0260,stop,342.75,438.17,280,21,23
782,14.0260,stop,396.97,451.33,502,33,31
782,14.0260,stop,1646.05,525.78,310,17,30
782,14.0260,stop,1627.06,575.79,434,25,29
782,14.0260,stop,1512.61,1043.72,528,26,29
783,14.0459,stop,482.95,70.94,403,31,21
783,14.0459,stop,1069.65,149.31,657,29,35
783,14.0459,stop,941.82,207.53,422,27,26
783,14.0459,stop,1084.44,207.19,476,28,27
783,14.0459,stop,342.68,437.87,281,21,22
783,14.0459,stop,396.95,451.30,513,33,30
783,14.0459,stop,1646.06,526.07,307,17,30
783,14.0459,stop,1627.00,576.05,441,26,30
783,14.0459,stop,1512.74,1043.82,528,26,29
784,14.0621,stop,482.91,71.08,400,31,21
784,14.0621,stop,1070.32,147.89,694,29,35
784,14.0621,stop,941.50,207.46,433,26,29
784,14.0621,stop,1085.09,207.15,472,28,27
784,14.0621,stop,342.81,438.09,279,21,23
784,14.0621,stop,396.78,451.20,510,33,30
784,14.0621,stop,1645.94,526.09,311,17,30
784,14.0621,stop,1626.98,575.83,442,26,29
784,14.0621,stop,1512.92,1043.49,523,26,29
785,14.0780,stop,482.97,71.04,405,31,21
785,14.0780,stop,1070.07,145.84,750,33,36
785,14.0780,stop,942.97,209.06,365,22,25
785,14.0780,stop,1086.27,206.74,438,27,26
785,14.0780,stop,342.59,438.41,297,21,24
785,14.0780,stop,396.89,451.16,496,32,30
785,14.0780,stop,1646.04,526.25,305,18,30
785,14.0780,stop,1627.15,576.04,449,26,30
785,14.0780,stop,1512.55,1043.77,536,28,29
786,14.0940,stop,482.87,71.02,405,31,21
786,14.0940,stop,1071.73,144.38,708,30,35
786,14.0940,stop,1087.49,206.92,435,26,26
786,14.0940,stop,942.93,210.00,363,25,24
786,14.0940,stop,342.65,437.96,289,21,23
786,14.0940,stop,396.88,451.29,506,33,29
786,14.0940,stop,1645.86,526.10,311,18,30
786,14.0940,stop,1627.13,575.86,436,25,29
786,14.0940,stop,1512.70,1043.74,535,26,29
787,14.1100,stop,483.05,70.91,415,31,21
787,14.1100,stop,1072.71,142.38,719,31,35
787,14.1100,stop,1088.55,207.59,433,26,25
787,14.1100,stop,943.54,211.07,331,22,24
787,14.1100,stop,342.60,438.01,285,21,23
787,14.1100,stop,396.94,451.30,502,33,30
787,14.1100,stop,1646.08,525.67,309,17,29
787,14.1100,stop,1627.11,575.98,432,25,29
787,14.1100,stop,1512.69,1043.77,530,26,29
788,14.1261,stop,482.93,70.99,409,31,21
788,14.1261,stop,1073.80,140.04,737,30,37
788,14.1261,stop,1089.41,208.33,466,29,26
788,14.1261,stop,943.62,212.35,330,21,26
788,14.1261,stop,342.64,438.08,276,21,24
788,14.1261,stop,396.94,451.28,501,32,30
788,14.1261,stop,1645.77,526.51,319,18,31
788,14.1261,stop,1626.84,576.02,447,28,29
788,14.1261,stop,1512.83,1043.81,529,26,29
789,14.1460,stop,482.76,71.03,405,31,21
789,14.1460,stop,1074.72,137.80,748,30,36
789,14.1460,stop,1091.43,208.69,446,27,25
789,14.1460,stop,943.32,213.79,348,22,28
789,14.1460,stop,342.66,437.97,286,21,23
789,14.1460,stop,396.88,451.25,495,33,29
789,14.1460,stop,1646.05,526.01,307,17,29
789,14.1460,stop,1627.07,576.02,439,25,29
789,14.1460,stop,1512.67,1043.85,537,26,29
790,14.1630,stop,483.06,70.94,405,31,21
790,14.1630,stop,1076.23,135.26,751,29,37
790,14.1630,stop,1092.18,209.67,471,29,25
790,14.1630,stop,943.07,215.50,358,23,27
790,14.1630,stop,342.56,437.98,282,21,23
790,14.1630,stop,396.98,451.22,497,33,29
790,14.1630,stop,1646.08,526.05,309,17,30
790,14.1630,stop,1627.11,575.91,447,26,29
790,14.1630,stop,1512.84,1043.79,528,26,29
791,14.1799,stop,483.06,70.89,409,31,21
791,14.1799,stop,1077.43,132.96,757,30,37
791,14.1799,stop,1093.93,210.39,486,30,25
791,14.1799,stop,942.26,217.15,368,24,26
791,14.1799,stop,342.50,438.15,284,21,24
791,14.1799,stop,397.19,450.49,533,32,31
791,14.1799,stop,1645.95,525.83,312,17,30
791,14.1799,stop,1627.06,575.92,440,26,29
791,14.1799,stop,1512.54,1043.74,534,26,29
792,14.1958,stop,482.92,70.96,406,31,21
792,14.1958,stop,1078.73,130.62,757,30,36
792,14.1958,stop,1095.62,211.30,496,30,25
792,14.1958,stop,942.34,219.11,354,22,26
792,14.1958,stop,342.69,437.96,288,21,23
792,14.1958,stop,396.92,451.17,493,32,30
792,14.1958,stop,1646.17,526.04,315,18,30
792,14.1958,stop,1626.93,576.02,445,27,29
792,14.1958,stop,1512.73,1043.86,538,26,29
793,14.2114,stop,483.00,71.00,418,31,21
793,14.2114,stop,1080.22,128.05,761,31,37
793,14.2114,stop,1097.69,212.15,491,30,25
793,14.2114,stop,941.36,220.66,351,21,26
793,14.2114,stop,342.54,437.81,282,21,23
793,14.2114,stop,396.98,451.31,506,33,29
793,14.2114,stop,1646.43,525.25,288,15,30
793,14.2114,stop,1627.06,575.91,442,26,30
793,14.2114,stop,1512.67,1043.79,526,26,29
794,14.2280,stop,483.06,71.03,402,31,21
794,14.2280,stop,1081.95,125.55,739,30,36
794,14.2280,stop,1099.56,213.29,485,30,25
794,14.2280,stop,939.48,221.67,408,25,29
794,14.2280,stop,342.59,438.02,280,21,23
794,14.2280,stop,397.03,451.28,498,32,30
794,14.2280,stop,1646.12,526.04,305,17,30
794,14.2280,stop,1626.97,576.08,432,26,29
794,14.2280,stop,1512.75,1043.74,536,26,29
795,14.2459,stop,482.97,71.06,401,31,21
795,14.2459,stop,1083.85,122.65,757,30,36
795,14.2459,stop,1102.01,214.06,485,29,25
795,14.2459,stop,938.22,223.63,430,26,30
795,14.2459,stop,342.72,438.10,280,21,23
795,14.2459,stop,396.94,451.19,501,33,29
795,14.2459,stop,1646.02,526.25,314,17,30
795,14.2459,stop,1626.90,576.04,435,26,29
795,14.2459,stop,1512.60,1043.87,529,26,29
796,14.2620,stop,483.04,71.04,415,31,21
796,14.2620,stop,1085.93,119.67,747,30,36
796,14.2620,stop,1104.38,215.15,480,30,24
796,14.2620,stop,937.68,226.91,407,26,27
796,14.2620,stop,342.47,438.26,281,21,25
796,14.2620,stop,396.85,451.21,511,33,30
796,14.2620,stop,1646.08,526.25,311,17,30
796,14.2620,stop,1627.06,575.98,436,25,29
796,14.2620,stop,1512.69,1043.75,534,26,29
797,14.2780,stop,482.79,70.93,414,31,21
797,14.2780,stop,1088.10,116.66,764,30,39
797,14.2780,stop,1106.96,216.45,457,30,23
797,14.2780,stop,936.17,228.54,453,26,30
797,14.2780,stop,342.63,438.24,286,21,23
797,14.2780,stop,397.02,451.39,509,33,31
797,14.2780,stop,1646.13,525.78,312,17,29
797,14.2780,stop,1627.14,575.86,434,26,29
797,14.2780,stop,1512.62,1043.83,532,26,29
798,14.2940,stop,482.90,71.07,407,31,21
798,14.2940,stop,1090.26,113.54,774,30,39
798,14.2940,stop,1108.81,217.67,455,30,22
798,14.2940,stop,935.03,231.16,445,24,31
798,14.2940,stop,342.64,438.13,280,21,23
798,14.2940,stop,396.88,451.13,508,33,30
798,14.2940,stop,1646.10,525.84,309,17,29
798,14.2940,stop,1626.94,575.84,428,26,29
798,14.2940,stop,1512.81,1043.77,527,27,29
799,14.3100,stop,482.97,70.98,410,31,21
799,14.3100,stop,1092.51,110.14,801,31,39
799,14.3100,stop,1112.20,218.60,480,30,28
799,14.3100,stop,933.16,233.93,478,26,31
799,14.3100,stop,342.58,437.93,287,21,23
799,14.3100,stop,396.95,451.21,503,32,30
799,14.3100,stop,1646.23,525.94,319,20,31
799,14.3100,stop,1627.11,575.99,443,26,29
799,14.3100,stop,1512.71,1043.85,535,26,29
800,14.3260,stop,483.05,71.07,411,31,21
800,14.3260,stop,1094.81,107.08,806,33,38
800,14.3260,stop,1115.15,220.45,494,30,28
800,14.3260,stop,931.14,236.06,485,26,31
800,14.3260,stop,342.85,437.92,287,21,22
800,14.3260,stop,397.04,451.29,507,32,30
800,14.3260,stop,1646.06,526.30,316,18,30
800,14.3260,stop,1627.01,575.93,442,26,29
800,14.3260,stop,1512.74,1043.70,530,26,29
801,14.3460,stop,482.87,70.99,405,31,21
801,14.3460,stop,1097.30,103.68,802,32,36
801,14.3460,stop,1118.62,222.48,515,30,28
801,14.3460,stop,929.56,238.69,480,27,31
801,14.3460,stop,342.71,437.88,285,21,23
801,14.3460,stop,397.00,451.30,498,32,30
801,14.3460,stop,1645.95,526.49,307,17,30
801,14.3460,stop,1627.11,575.91,447,26,29
801,14.3460,stop,1512.61,1043.88,535,27,29
802,14.3620,stop,482.70,70.90,406,31,21
802,14.3620,stop,1099.97,99.91,780,32,36
802,14.3620,stop,1120.75,225.61,535,31,25
802,14.3620,stop,927.35,241.08,496,26,31
802,14.3620,stop,342.56,438.05,290,21,23
802,14.3620,stop,396.93,451.28,510,32,30
802,14.3620,stop,1646.24,525.98,304,17,30
802,14.3620,stop,1627.20,575.77,445,26,29
802,14.3620,stop,1512.68,1043.89,535,26,29
803,14.3781,stop,483.01,70.99,406,31,21
803,14.3781,stop,1102.24,96.09,791,32,35
803,14.3781,stop,1123.35,227.88,578,32,25
803,14.3781,stop,925.10,243.63,504,27,31
803,14.3781,stop,342.44,438.11,284,21,24
803,14.3781,stop,396.88,451.32,500,33,30
803,14.3781,stop,1646.09,526.01,308,17,30
803,14.3781,stop,1627.12,575.83,433,25,29
803,14.3781,stop,1512.66,1043.68,538,26,29
804,14.3940,stop,483.10,71.17,408,31,21
804,14.3940,stop,1104.86,93.05,731,34,35
804,14.3940,stop,1126.16,230.08,631,33,27
804,14.3940,stop,922.78,246.37,533,28,30
804,14.3940,stop,342.78,438.02,282,21,23
804,14.3940,stop,396.77,451.28,507,33,30
804,14.3940,stop,1646.09,526.22,312,17,30
804,14.3940,stop,1627.07,575.85,440,25,29
804,14.3940,stop,1512.64,1043.97,532,26,29
805,14.4106,stop,482.85,70.85,412,31,21
805,14.4106,stop,1107.71,90.12,678,33,32
805,14.4106,stop,1129.01,232.46,668,34,28
805,14.4106,stop,920.35,249.17,563,28,31
805,14.4106,stop,342.64,438.13,288,21,24
805,14.4106,stop,397.04,451.35,509,33,29
805,14.4106,stop,1646.13,526.17,311,18,29
805,14.4106,stop,1626.99,575.99,445,25,29
805,14.4106,stop,1512.93,1043.68,531,26,29
806,14.4259,stop,482.99,70.98,417,31,21
806,14.4259,stop,1109.75,87.73,618,33,28
806,14.4259,stop,1131.96,234.86,704,35,31
806,14.4259,stop,917.78,252.08,609,29,31
806,14.4259,stop,342.71,437.89,273,21,25
806,14.4259,stop,396.85,451.09,500,32,30
806,14.4259,stop,1646.11,526.40,309,19,30
806,14.4259,stop,1626.97,575.82,438,26,29
806,14.4259,stop,1512.76,1043.77,532,26,29
807,14.4460,stop,482.99,71.01,410,31,21
807,14.4460,stop,1112.06,85.43,540,32,25
807,14.4460,stop,1135.21,237.59,714,33,32
807,14.4460,stop,915.23,254.69,633,29,31
807,14.4460,stop,342.69,438.06,281,21,23
807,14.4460,stop,396.95,451.27,504,32,30
807,14.4460,stop,1646.08,525.92,306,18,30
807,14.4460,stop,1626.99,575.92,440,25,29
807,14.4460,stop,1512.70,1043.80,529,26,29
808,14.4624,stop,483.04,70.94,408,31,21
808,14.4624,stop,1114.65,83.31,480,32,21
808,14.4624,stop,1138.10,240.11,723,33,33
808,14.4624,stop,913.69,257.72,721,35,33
808,14.4624,stop,342.58,438.14,280,21,23
808,14.4624,stop,396.88,451.20,494,32,30
808,14.4624,stop,1646.09,525.78,304,17,30
808,14.4624,stop,1627.19,575.92,443,25,29
808,14.4624,stop,1512.75,1043.74,531,28,29
809,14.4788,stop,482.89,70.92,410,31,21
809,14.4788,stop,1116.76,81.33,399,33,18
809,14.4788,stop,1140.86,242.83,729,32,33
809,14.4788,stop,911.12,260.31,772,34,34
809,14.4788,stop,342.53,438.13,286,21,23
809,14.4788,stop,397.04,451.35,502,33,30
809,14.4788,stop,1645.93,526.27,313,17,30
809,14.4788,stop,1627.09,575.88,444,26,29
809,14.4788,stop,1512.68,1043.61,537,27,29
810,14.4941,stop,482.83,70.98,408,31,21
810,14.4941,stop,1119.19,79.58,301,32,15
810,14.4941,stop,1143.64,245.60,738,32,34
810,14.4941,stop,908.43,263.15,780,34,34
810,14.4941,stop,342.74,437.88,276,21,23
810,14.4941,stop,396.83,451.18,498,33,30
810,14.4941,stop,1646.16,525.98,316,18,30
810,14.4941,stop,1627.05,575.94,433,25,29
810,14.4941,stop,1512.67,1043.80,530,26,29
811,14.5100,stop,483.00,71.08,407,31,21
811,14.5100,stop,1146.27,248.09,703,30,34
811,14.5100,stop,905.61,266.27,760,34,34
811,14.5100,stop,342.50,437.93,282,21,23
811,14.5100,stop,397.08,451.24,501,33,30
811,14.5100,stop,1646.11,526.51,313,17,30
811,14.5100,stop,1626.93,575.86,442,26,29
811,14.5100,stop,1512.69,1043.71,530,26,29
812,14.5752,stop,483.18,70.97,406,31,21
812,14.5752,stop,1148.94,250.68,693,29,35
812,14.5752,stop,903.78,269.16,726,33,35
812,14.5752,stop,342.46,438.22,291,21,24
812,14.5752,stop,396.93,451.28,506,33,29
812,14.5752,stop,1646.31,524.81,288,15,29
812,14.5752,stop,1627.07,575.87,437,25,29
812,14.5752,stop,1512.76,1043.79,536,27,29
813,14.6400,stop,482.84,71.00,402,31,21
813,14.6400,stop,1151.11,253.24,684,29,36
813,14.6400,stop,901.32,271.69,731,33,34
813,14.6400,stop,342.67,437.99,284,21,24
813,14.6400,stop,397.01,451.24,498,32,30
813,14.6400,stop,1646.03,526.19,313,17,30
813,14.6400,stop,1626.96,575.92,444,25,29
813,14.6400,stop,1512.74,1043.80,531,26,29
814,14.7048,stop,483.03,70.95,410,31,21
814,14.7048,stop,1153.07,255.56,696,29,35
814,14.7048,stop,898.88,274.16,737,32,35
814,14.7048,stop,342.48,437.95,287,21,22
814,14.7048,stop,396.92,451.28,502,33,29
814,14.7048,stop,1646.17,526.19,309,17,30
814,14.7048,stop,1627.02,576.04,450,26,29
814,14.7048,stop,1512.67,1043.79,535,26,29
815,14.7691,stop,482.88,71.01,409,31,21
815,14.7691,stop,1124.21,79.60,233,24,15
815,14.7691,stop,1154.92,257.68,707,30,35
815,14.7691,stop,896.67,276.35,728,32,35
815,14.7691,stop,342.61,438.05,290,21,23
815,14.7691,stop,396.97,451.26,503,32,29
815,14.7691,stop,1646.19,526.34,314,18,30
815,14.7691,stop,1626.99,575.75,440,26,29
815,14.7691,stop,1512.61,1043.82,530,26,29
816,14.7836,stop,483.11,70.90,402,31,21
816,14.7836,stop,1125.46,80.13,261,24,16
816,14.7836,stop,1156.73,259.75,695,29,35
816,14.7836,stop,894.51,278.70,720,31,35
816,14.7836,stop,342.50,438.07,281,21,24
816,14.7836,stop,396.87,451.21,502,32,29
816,14.7836,stop,1645.99,525.81,305,18,30
816,14.7836,stop,1627.04,575.88,447,25,29
816,14.7836,stop,1512.69,1043.90,534,26,29
817,14.7991,stop,482.85,71.00,399,31,21
817,14.7991,stop,1130.01,81.83,288,23,19
817,14.7991,stop,1162.67,267.61,712,30,35
817,14.7991,stop,887.31,287.26,623,28,34
817,14.7991,stop,342.51,437.94,284,21,23
817,14.7991,stop,396.97,451.19,508,32,30
817,14.7991,stop,1646.26,526.07,309,17,30
817,14.7991,stop,1626.96,575.96,435,26,29
817,14.7991,stop,1512.73,1043.71,534,27,29
818,14.8148,stop,482.94,70.91,403,31,21
818,14.8148,stop,1131.16,83.80,341,25,21
818,14.8148,stop,1167.18,273.53,726,31,35
818,14.8148,stop,883.24,294.01,559,25,33
818,14.8148,stop,342.39,437.97,286,21,23
818,14.8148,stop,397.06,450.48,537,33,31
818,14.8148,stop,1646.19,525.91,310,17,30
818,14.8148,stop,1627.09,575.83,439,25,29
818,14.8148,stop,1512.73,1043.82,529,26,29
819,14.8306,stop,482.91,70.98,408,31,21
819,14.8306,stop,1129.45,84.57,394,27,24
819,14.8306,stop,1169.19,278.41,715,31,35
819,14.8306,stop,881.81,301.08,689,30,35
819,14.8306,stop,342.63,437.94,283,21,23
819,14.8306,stop,396.91,451.24,505,32,29
819,14.8306,stop,1645.98,526.49,315,18,30
819,14.8306,stop,1627.12,575.97,439,25,29
819,14.8306,stop,1512.58,1043.82,530,26,29
820,14.8464,stop,482.99,70.97,417,31,21
820,14.8464,stop,1128.17,84.75,428,26,24
820,14.8464,stop,1170.30,278.77,732,32,35
820,14.8464,stop,881.99,302.28,709,31,35
820,14.8464,stop,342.56,438.02,279,21,23
820,14.8464,stop,397.00,451.30,492,33,29
820,14.8464,stop,1646.07,525.89,321,17,30
820,14.8464,stop,1626.95,575.84,437,25,29
820,14.8464,stop,1512.61,1043.75,533,26,29
821,14.8630,stop,482.83,71.07,410,31,21
821,14.8630,stop,1127.34,84.98,446,26,24
821,14.8630,stop,1170.15,279.85,708,32,35
821,14.8630,stop,882.43,303.24,716,32,35
821,14.8630,stop,342.81,438.10,286,21,23
821,14.8630,stop,396.84,451.27,505,33,30
821,14.8630,stop,1646.15,526.26,312,18,30
821,14.8630,stop,1627.12,575.98,445,25,29
821,14.8630,stop,1512.69,1043.80,538,26,29
822,14.8788,stop,482.95,71.04,401,31,21
822,14.8788,stop,1126.29,85.68,445,27,25
822,14.8788,stop,1170.55,280.41,705,32,35
822,14.8788,stop,883.13,304.22,734,31,35
822,14.8788,stop,342.67,438.15,289,21,23
822,14.8788,stop,396.86,451.34,501,33,29
822,14.8788,stop,1646.17,526.23,313,17,30
822,14.8788,stop,1626.99,575.91,449,26,29
822,14.8788,stop,1512.82,1043.77,533,25,29
823,14.8955,stop,482.81,70.92,406,31,21
823,14.8955,stop,1125.32,85.89,450,27,25
823,14.8955,stop,1170.90,280.67,709,32,36
823,14.8955,stop,883.97,305.42,751,33,35
823,14.8955,stop,342.67,437.98,282,21,23
823,14.8955,stop,396.91,451.35,508,32,30
823,14.8955,stop,1646.02,526.18,318,18,30
823,14.8955,stop,1627.12,575.87,443,26,29
823,14.8955,stop,1512.73,1043.77,526,27,29
824,14.9117,stop,482.87,70.93,408,31,21
824,14.9117,stop,1123.86,85.88,496,27,26
824,14.9117,stop,1171.29,280.91,704,33,36
824,14.9117,stop,884.71,306.36,765,34,35
824,14.9117,stop,342.74,438.03,280,21,23
824,14.9117,stop,397.10,451.35,501,33,30
824,14.9117,stop,1645.96,526.10,310,17,30
824,14.9117,stop,1626.96,576.04,444,26,29
824,14.9117,stop,1512.71,1043.86,531,26,29
825,14.9281,stop,482.94,70.96,405,31,21
825,14.9281,stop,1124.32,86.27,530,32,27
825,14.9281,stop,1171.73,280.82,708,33,36
825,14.9281,stop,884.99,307.01,825,34,36
825,14.9281,stop,342.65,438.15,284,21,22
825,14.9281,stop,396.80,451.17,501,33,29
825,14.9281,stop,1645.88,525.66,296,17,30
825,14.9281,stop,1627.03,575.89,438,26,29
825,14.9281,stop,1512.72,1043.86,532,26,29
826,14.9441,stop,482.91,71.02,413,31,21
826,14.9441,stop,1123.17,86.46,538,29,27
826,14.9441,stop,1171.78,280.53,722,32,36
826,14.9441,stop,886.59,308.22,804,34,35
826,14.9441,stop,342.93,437.69,272,21,22
826,14.9441,stop,396.90,451.29,506,33,31
826,14.9441,stop,1646.05,525.82,297,17,30
826,14.9441,stop,1627.19,575.98,443,25,29
826,14.9441,stop,1512.69,1043.72,535,26,29
827,14.9599,stop,482.87,71.03,402,31,21
827,14.9599,stop,1122.08,86.42,546,29,27
827,14.9599,stop,1171.67,280.29,740,32,35
827,14.9599,stop,887.46,309.09,799,35,35
827,14.9599,stop,342.72,438.01,283,20,23
827,14.9599,stop,396.94,451.31,502,33,30
827,14.9599,stop,1646.16,525.90,307,18,29
827,14.9599,stop,1627.07,575.92,448,26,29
827,14.9599,stop,1512.97,1043.46,518,26,29
828,14.9751,stop,482.90,71.01,412,31,21
828,14.9751,stop,1119.67,86.47,578,33,27
828,14.9751,stop,1172.21,279.65,730,33,36
828,14.9751,stop,887.77,309.35,854,35,36
828,14.9751,stop,342.66,437.78,278,21,23
828,14.9751,stop,396.88,451.20,504,33,30
828,14.9751,stop,1646.03,525.84,324,18,29
828,14.9751,stop,1627.03,575.80,438,26,29
828,14.9751,stop,1512.77,1043.63,544,26,29
829,14.9908,stop,483.12,71.02,408,31,21
829,14.9908,stop,1118.48,86.40,588,33,27
829,14.9908,stop,1171.99,279.07,748,33,36
829,14.9908,stop,888.44,309.60,810,35,35
829,14.9908,stop,342.76,437.75,280,21,22
829,14.9908,stop,396.96,451.23,513,32,30
829,14.9908,stop,1646.12,526.19,304,17,30
829,14.9908,stop,1627.05,575.93,438,26,29
829,14.9908,stop,1512.84,1043.85,532,26,29
830,15.0060,stop,482.88,70.92,409,31,21
830,15.0060,stop,1117.09,86.26,590,33,27
830,15.0060,stop,1172.65,277.77,789,33,35
830,15.0060,stop,889.45,309.88,792,35,35
830,15.0060,stop,342.64,438.12,284,21,23
830,15.0060,stop,397.07,451.28,506,32,30
830,15.0060,stop,1645.84,526.13,312,17,30
830,15.0060,stop,1626.98,575.86,434,26,29
830,15.0060,stop,1512.73,1043.86,530,26,29
831,15.0214,stop,483.24,70.95,409,31,21
831,15.0214,stop,1115.66,86.30,603,33,27
831,15.0214,stop,1172.20,277.33,754,33,35
831,15.0214,stop,890.41,310.22,785,35,36
831,15.0214,stop,342.67,437.91,291,21,23
831,15.0214,stop,397.20,451.32,502,32,30
831,15.0214,stop,1646.57,525.24,294,15,29
831,15.0214,stop,1627.16,575.81,438,25,29
831,15.0214,stop,1512.77,1043.74,534,26,29
832,15.0376,stop,482.90,70.98,409,31,21
832,15.0376,stop,1114.01,86.12,589,33,27
832,15.0376,stop,1172.17,276.51,762,33,35
832,15.0376,stop,891.36,310.21,785,35,35
832,15.0376,stop,342.47,438.00,286,21,23
832,15.0376,stop,397.02,451.23,501,33,30
832,15.0376,stop,1646.05,526.15,311,17,30
832,15.0376,stop,1627.01,575.82,434,25,29
832,15.0376,stop,1512.54,1043.67,537,26,29
833,15.0533,stop,482.74,71.05,404,31,21
833,15.0533,stop,1112.58,85.94,591,33,26
833,15.0533,stop,1172.25,275.76,759,33,34
833,15.0533,stop,892.27,310.37,766,33,35
833,15.0533,stop,342.51,438.06,291,21,24
833,15.0533,stop,396.87,451.26,506,32,30
833,15.0533,stop,1646.11,526.33,294,16,30
833,15.0533,stop,1627.06,576.12,448,26,29
833,15.0533,stop,1512.77,1043.82,531,27,29
834,15.0698,stop,482.95,71.00,413,31,21
834,15.0698,stop,1111.30,85.22,554,33,25
834,15.0698,stop,1172.28,274.94,751,33,35
834,15.0698,stop,893.01,310.26,767,34,35
834,15.0698,stop,342.49,438.08,285,21,23
834,15.0698,stop,397.01,451.36,506,33,29
834,15.0698,stop,1646.55,525.07,282,15,29
834,15.0698,stop,1626.95,575.89,433,25,29
834,15.0698,stop,1512.73,1043.75,524,26,29
835,15.0852,stop,483.11,71.05,418,31,21
835,15.0852,stop,1109.75,85.01,535,33,25
835,15.0852,stop,1172.21,274.00,747,33,34
835,15.0852,stop,893.83,310.04,743,33,35
835,15.0852,stop,342.60,438.08,286,21,24
835,15.0852,stop,396.91,451.36,505,33,30
835,15.0852,stop,1646.05,526.31,308,17,30
835,15.0852,stop,1627.09,575.92,435,25,29
835,15.0852,stop,1512.70,1043.74,527,26,29
836,15.1008,s200,483.08,70.96,408,31,21
836,15.1008,s200,1108.45,84.86,520,33,24
836,15.1008,s200,1172.19,272.83,742,33,33
836,15.1008,s200,894.47,309.70,739,33,35
836,15.1008,s200,342.43,438.24,287,21,24
836,15.1008,s200,397.03,451.42,496,32,30
836,15.1008,s200,1646.12,525.97,306,17,30
836,15.1008,s200,1627.01,575.87,437,26,29
836,15.1008,s200,1512.63,1043.81,538,26,29
837,15.1169,s200,482.92,71.00,406,31,21
837,15.1169,s200,1107.34,84.66,508,32,24
837,15.1169,s200,1172.06,272.07,733,33,33
837,15.1169,s200,894.95,309.45,731,32,36
837,15.1169,s200,342.67,438.13,279,21,23
837,15.1169,s200,396.92,451.27,509,33,30
837,15.1169,s200,1645.75,526.14,318,18,29
837,15.1169,s200,1627.08,575.72,439,26,29
837,15.1169,s200,1512.64,1043.82,526,26,29
838,15.1336,s200,483.03,70.97,411,31,21
838,15.1336,s200,1106.15,84.22,470,31,23
838,15.1336,s200,1171.86,271.12,722,34,33
838,15.1336,s200,895.24,308.80,714,32,35
838,15.1336,s200,342.64,438.28,290,21,25
838,15.1336,s200,396.83,451.25,507,33,29
838,15.1336,s200,1646.01,525.98,316,18,30
838,15.1336,s200,1626.97,576.03,436,26,29
838,15.1336,s200,1512.66,1043.79,528,26,29
839,15.1522,s200,483.13,70.98,403,31,21
839,15.1522,s200,1105.65,83.81,468,32,22
839,15.1522,s200,1171.40,270.39,712,33,32
839,15.1522,s200,895.48,308.04,709,32,35
839,15.1522,s200,342.66,437.86,277,21,23
839,15.1522,s200,397.14,451.39,494,32,30
839,15.1522,s200,1646.27,526.14,313,18,30
839,15.1522,s200,1627.09,575.87,445,26,29
839,15.1522,s200,1512.65,1043.73,531,26,29
840,15.1675,s200,482.93,70.94,403,31,21
840,15.1675,s200,1104.71,83.71,452,32,22
840,15.1675,s200,1170.99,269.54,700,34,32
840,15.1675,s200,895.57,307.23,708,31,35
840,15.1675,s200,342.54,437.97,279,21,23
840,15.1675,s200,396.90,451.41,499,32,29
840,15.1675,s200,1646.04,525.84,302,17,30
840,15.1675,s200,1626.89,575.96,430,26,29
840,15.1675,s200,1512.81,1043.73,527,26,29
841,15.1836,s200,483.23,71.07,405,31,21
841,15.1836,s200,1104.21,83.58,447,31,22
841,15.1836,s200,1170.62,268.76,691,34,31
841,15.1836,s200,895.70,306.28,685,30,34
841,15.1836,s200,342.56,438.06,290,21,23
841,15.1836,s200,396.92,451.25,508,33,30
841,15.1836,s200,1646.33,526.11,307,16,29
841,15.1836,s200,1627.06,576.03,438,25,29
841,15.1836,s200,1512.91,1043.65,520,26,29
842,15.1986,s200,482.98,71.01,419,31,21
842,15.1986,s200,1103.62,83.53,440,32,22
842,15.1986,s200,1170.14,268.07,682,34,31
842,15.1986,s200,895.47,305.64,691,30,35
842,15.1986,s200,342.50,438.13,284,21,25
842,15.1986,s200,397.09,451.39,497,33,29
842,15.1986,s200,1646.15,526.00,303,17,30
842,15.1986,s200,1626.99,576.05,443,27,29
842,15.1986,s200,1512.64,1043.82,531,26,29
843,15.2149,s200,482.99,70.93,394,31,21
843,15.2149,s200,1103.41,83.36,425,32,21
843,15.2149,s200,1169.70,267.52,672,34,30
843,15.2149,s200,895.48,304.50,694,30,35
843,15.2149,s200,342.62,437.98,285,21,23
843,15.2149,s200,396.87,451.23,500,33,30
843,15.2149,s200,1646.53,525.26,286,14,29
843,15.2149,s200,1627.04,575.89,435,25,29
843,15.2149,s200,1512.70,1043.85,530,26,29
844,15.2305,s200,482.84,70.93,405,31,21
844,15.2305,s200,1103.41,83.25,433,32,21
844,15.2305,s200,1169.07,266.86,666,33,29
844,15.2305,s200,895.15,303.71,687,31,34
844,15.2305,s200,342.39,438.11,287,21,24
844,15.2305,s200,396.93,451.23,498,33,30
844,15.2305,s200,1645.92,526.60,314,18,30
844,15.2305,s200,1627.01,575.84,428,26,29
844,15.2305,s200,1512.68,1043.84,529,27,29
845,15.2475,s200,482.98,71.09,411,31,21
845,15.2475,s200,1103.06,83.24,416,31,21
845,15.2475,s200,1168.71,266.56,656,34,30
845,15.2475,s200,895.58,303.18,725,32,34
845,15.2475,s200,342.60,438.10,294,21,23
845,15.2475,s200,396.93,451.18,502,32,29
845,15.2475,s200,1645.95,525.82,295,17,29
845,15.2475,s200,1626.95,575.85,436,26,29
845,15.2475,s200,1512.64,1043.81,540,26,29
846,15.2640,s200,482.98,71.01,417,31,21
846,15.2640,s200,1103.40,83.14,418,32,21
846,15.2640,s200,1168.12,266.61,646,35,30
846,15.2640,s200,895.29,302.00,719,32,34
846,15.2640,s200,342.54,438.09,284,21,22
846,15.2640,s200,396.85,451.31,504,33,29
846,15.2640,s200,1645.85,525.50,296,18,30
846,15.2640,s200,1627.06,576.12,442,25,29
846,15.2640,s200,1512.73,1043.71,523,26,29
847,15.2787,s200,483.07,71.04,416,31,21
847,15.2787,s200,1103.68,83.10,425,32,21
847,15.2787,s200,1167.63,266.66,656,34,29
847,15.2787,s200,893.76,300.60,651,31,34
847,15.2787,s200,342.74,438.02,285,21,23
847,15.2787,s200,396.91,451.25,493,33,30
847,15.2787,s200,1646.19,526.04,302,18,29
847,15.2787,s200,1627.03,575.91,442,25,29
847,15.2787,s200,1512.66,1043.81,525,26,29
848,15.2957,s200,483.02,70.97,412,31,21
848,15.2957,s200,1104.19,83.49,451,32,22
848,15.2957,s200,1167.13,266.90,654,35,29
848,15.2957,s200,893.97,299.77,702,33,33
848,15.2957,s200,342.60,438.27,282,21,23
848,15.2957,s200,397.01,451.24,507,33,30
848,15.2957,s200,1645.98,526.08,293,17,30
848,15.2957,s200,1626.99,576.01,421,26,29
848,15.2957,s200,1512.67,1043.68,532,26,29
849,15.3114,s200,482.80,70.98,407,31,21
849,15.3114,s200,1104.81,83.95,491,33,23
849,15.3114,s200,1166.56,267.24,668,34,30
849,15.3114,s200,893.52,298.82,699,33,33
849,15.3114,s200,342.70,437.94,285,21,24
849,15.3114,s200,396.89,451.27,503,33,29
849,15.3114,s200,1645.95,525.98,308,18,30
849,15.3114,s200,1627.01,575.84,432,26,29
849,15.3114,s200,1512.68,1043.70,527,26,29
850,15.3268,s200,483.11,70.99,412,31,21
850,15.3268,s200,1105.42,84.46,520,32,24
850,15.3268,s200,1166.31,267.84,670,35,30
850,15.3268,s200,892.76,298.05,695,33,32
850,15.3268,s200,342.72,437.75,283,21,22
850,15.3268,s200,396.89,451.28,507,32,30
850,15.3268,s200,1646.07,526.09,305,18,30
850,15.3268,s200,1627.07,575.93,436,25,29
850,15.3268,s200,1512.80,1043.71,532,26,29
851,15.3439,s200,482.93,71.00,411,31,21
851,15.3439,s200,1106.14,84.83,539,33,25
851,15.3439,s200,1165.87,268.63,663,35,31
851,15.3439,s200,892.14,296.73,694,34,32
851,15.3439,s200,342.75,437.98,275,21,23
851,15.3439,s200,396.93,451.27,500,32,29
851,15.3439,s200,1645.89,525.72,316,17,30
851,15.3439,s200,1626.97,575.84,433,26,29
851,15.3439,s200,1512.64,1043.84,524,26,29
852,15.3595,s200,483.11,71.03,399,31,21
852,15.3595,s200,1106.90,85.20,567,34,25
852,15.3595,s200,1165.61,269.26,674,34,31
852,15.3595,s200,891.25,295.69,684,34,31
852,15.3595,s200,342.76,438.17,289,21,23
852,15.3595,s200,396.95,451.22,506,32,30
852,15.3595,s200,1646.08,525.82,312,17,30
852,15.3595,s200,1627.14,575.99,437,26,29
852,15.3595,s200,1512.69,1043.62,536,26,29
853,15.3750,s200,483.00,70.92,404,31,21
853,15.3750,s200,1107.70,85.59,585,34,26
853,15.3750,s200,1165.32,269.88,686,34,32
853,15.3750,s200,891.16,295.59,626,35,30
853,15.3750,s200,342.59,438.22,287,21,25
853,15.3750,s200,396.83,451.21,501,32,29
853,15.3750,s200,1646.00,526.31,305,18,29
853,15.3750,s200,1627.08,575.97,431,25,29
853,15.3750,s200,1512.92,1043.68,529,26,29
854,15.3921,s200,482.86,71.02,403,31,21
854,15.3921,s200,1107.92,85.85,640,33,27
854,15.3921,s200,1165.18,270.57,691,35,33
854,15.3921,s200,890.29,294.88,624,34,30
854,15.3921,s200,342.61,438.06,280,21,24
854,15.3921,s200,396.96,451.26,501,32,30
854,15.3921,s200,1645.98,525.61,292,17,30
854,15.3921,s200,1627.07,575.82,436,25,29
854,15.3921,s200,1512.70,1043.70,530,26,29
855,15.4082,s200,482.87,70.97,404,31,21
855,15.4082,s200,1108.56,86.19,648,34,28
855,15.4082,s200,1164.91,271.18,695,35,33
855,15.4082,s200,889.56,294.18,600,35,29
855,15.4082,s200,342.51,437.92,281,21,23
855,15.4082,s200,396.87,451.32,494,32,29
855,15.4082,s200,1646.25,525.98,315,17,30
855,15.4082,s200,1627.09,575.75,434,25,29
855,15.4082,s200,1512.75,1043.81,529,26,29
856,15.4241,s200,483.09,71.01,410,31,21
856,15.4241,s200,1109.78,86.90,657,33,28
856,15.4241,s200,1164.80,271.81,703,35,33
856,15.4241,s200,888.97,293.51,598,34,29
856,15.4241,s200,342.54,438.05,285,21,23
856,15.4241,s200,396.85,451.20,502,32,30
856,15.4241,s200,1645.85,525.96,302,18,30
856,15.4241,s200,1626.95,575.93,437,25,29
856,15.4241,s200,1512.86,1043.61,522,26,29
857,15.4399,s200,482.94,71.00,413,31,21
857,15.4399,s200,1110.70,87.40,662,33,29
857,15.4399,s200,1164.78,272.52,707,35,33
857,15.4399,s200,888.37,292.69,600,34,28
857,15.4399,s200,342.45,438.00,290,21,24
857,15.4399,s200,397.02,451.31,501,32,30
857,15.4399,s200,1646.11,526.12,299,16,30
857,15.4399,s200,1626.88,575.79,430,26,29
857,15.4399,s200,1512.61,1043.86,530,26,29
858,15.4559,stop,483.02,71.03,414,31,21
858,15.4559,stop,1111.56,87.99,678,33,30
858,15.4559,stop,1164.79,273.47,726,35,34
858,15.4559,stop,887.83,292.21,577,34,29
858,15.4559,stop,342.64,438.04,281,21,23
858,15.4559,stop,397.00,451.32,504,33,30
858,15.4559,stop,1645.98,526.06,309,17,30
858,15.4559,stop,1626.95,575.86,432,26,29
858,15.4559,stop,1512.67,1043.73,540,26,29
859,15.4721,stop,482.90,71.03,398,31,21
859,15.4721,stop,1111.87,88.30,697,33,31
859,15.4721,stop,1164.77,274.23,737,35,34
859,15.4721,stop,887.45,291.65,585,34,28
859,15.4721,stop,342.91,437.77,269,21,23
859,15.4721,stop,396.88,451.18,508,33,29
859,15.4721,stop,1646.23,526.13,312,18,30
859,15.4721,stop,1626.83,575.85,443,28,29
859,15.4721,stop,1512.57,1044.00,532,26,29
860,15.4894,stop,482.91,71.07,401,31,21
860,15.4894,stop,1112.86,88.80,698,33,32
860,15.4894,stop,1164.93,274.94,753,35,34
860,15.4894,stop,887.33,291.38,580,34,28
860,15.4894,stop,342.62,437.96,280,21,23
860,15.4894,stop,396.95,451.33,502,33,29
860,15.4894,stop,1646.23,526.30,301,17,30
860,15.4894,stop,1627.06,575.81,438,25,29
860,15.4894,stop,1512.65,1043.78,530,26,29
861,15.5047,stop,483.01,71.00,409,31,21
861,15.5047,stop,1113.21,88.94,712,33,32
861,15.5047,stop,1164.92,275.66,768,34,35
861,15.5047,stop,886.99,291.20,562,34,29
861,15.5047,stop,342.62,437.97,280,21,23
861,15.5047,stop,396.82,451.26,502,33,30
861,15.5047,stop,1646.13,526.07,304,17,30
861,15.5047,stop,1627.05,575.88,441,26,29
861,15.5047,stop,1512.83,1043.79,527,26,29
862,15.5202,stop,482.88,71.00,406,31,21
862,15.5202,stop,1113.80,89.31,726,34,33
862,15.5202,stop,1165.27,276.00,764,34,35
862,15.5202,stop,886.89,291.14,571,34,29
862,15.5202,stop,342.56,437.93,284,21,22
862,15.5202,stop,396.71,451.06,513,33,30
862,15.5202,stop,1645.98,526.01,309,17,30
862,15.5202,stop,1627.02,575.72,441,26,29
862,15.5202,stop,1512.72,1043.96,529,26,29
863,15.5363,stop,482.94,70.99,405,31,21
863,15.5363,stop,1114.60,89.90,725,33,34
863,15.5363,stop,1165.45,276.39,776,35,35
863,15.5363,stop,887.03,291.23,572,34,29
863,15.5363,stop,342.61,438.06,281,21,23
863,15.5363,stop,396.99,451.37,493,32,29
863,15.5363,stop,1646.04,526.01,285,17,29
863,15.5363,stop,1627.05,576.03,439,25,29
863,15.5363,stop,1512.96,1043.59,522,26,29
864,15.5529,stop,483.08,71.06,412,31,21
864,15.5529,stop,1114.97,90.23,727,33,34
864,15.5529,stop,1166.28,276.14,820,35,36
864,15.5529,stop,887.37,291.42,581,34,28
864,15.5529,stop,342.79,438.20,282,21,23
864,15.5529,stop,396.96,451.23,501,32,30
864,15.5529,stop,1645.99,526.15,294,16,30
864,15.5529,stop,1627.01,575.88,431,25,29
864,15.5529,stop,1512.81,1043.88,530,26,29
865,15.5687,stop,482.88,70.98,401,31,21
865,15.5687,stop,1115.32,90.51,726,33,35
865,15.5687,stop,1166.29,277.16,788,34,35
865,15.5687,stop,887.64,291.86,592,33,29
865,15.5687,stop,342.58,437.75,279,21,23
865,15.5687,stop,396.94,451.33,507,33,29
865,15.5687,stop,1646.01,526.02,309,18,30
865,15.5687,stop,1627.03,575.90,439,25,29
865,15.5687,stop,1512.73,1043.92,530,27,29
866,15.5844,stop,483.06,71.02,409,31,21
866,15.5844,stop,1115.37,90.55,764,33,35
866,15.5844,stop,1166.89,277.61,798,34,35
866,15.5844,stop,888.18,292.28,608,34,29
866,15.5844,stop,342.77,438.00,275,21,23
866,15.5844,stop,396.95,451.21,501,32,30
866,15.5844,stop,1646.18,526.13,301,17,29
866,15.5844,stop,1627.02,575.88,436,25,29
866,15.5844,stop,1512.67,1043.81,539,26,29
867,15.6011,stop,483.04,71.05,413,31,21
867,15.6011,stop,1115.69,90.73,748,33,35
867,15.6011,stop,1167.53,277.65,817,34,34
867,15.6011,stop,888.75,292.91,627,34,30
867,15.6011,stop,342.64,438.12,280,21,23
867,15.6011,stop,396.99,451.27,500,32,30
867,15.6011,stop,1646.05,525.63,300,17,30
867,15.6011,stop,1626.96,575.95,431,26,29
867,15.6011,stop,1512.64,1043.69,535,26,29
868,15.6162,stop,482.80,70.97,407,31,21
868,15.6162,stop,1115.72,90.93,747,33,36
868,15.6162,stop,1167.63,278.74,797,35,33
868,15.6162,stop,889.40,293.66,654,34,30
868,15.6162,stop,342.57,438.06,282,21,23
868,15.6162,stop,397.00,451.25,501,33,30
868,15.6162,stop,1645.87,526.10,304,18,30
868,15.6162,stop,1626.93,576.00,435,26,29
868,15.6162,stop,1512.84,1043.89,532,26,29
869,15.6318,stop,483.05,71.02,409,31,21
869,15.6318,stop,1115.91,91.14,731,33,36
869,15.6318,stop,1168.12,278.97,801,34,30
869,15.6318,stop,889.47,293.90,718,33,31
869,15.6318,stop,342.49,438.07,283,21,23
869,15.6318,stop,397.11,451.33,506,32,29
869,15.6318,stop,1646.07,525.86,296,17,30
869,15.6318,stop,1627.02,576.01,431,26,29
869,15.6318,stop,1512.62,1043.74,526,26,29
870,15.6474,stop,482.98,71.02,411,31,21
870,15.6474,stop,1115.67,91.23,729,33,36
870,15.6474,stop,1169.21,279.08,805,37,32
870,15.6474,stop,890.05,294.52,712,32,31
870,15.6474,stop,342.61,438.03,280,21,23
870,15.6474,stop,396.84,451.19,505,33,30
870,15.6474,stop,1646.50,525.08,280,15,29
870,15.6474,stop,1626.91,575.94,436,26,29
870,15.6474,stop,1512.71,1043.75,529,26,29
871,15.6631,stop,482.86,71.02,408,31,21
871,15.6631,stop,1115.31,91.35,738,33,36
871,15.6631,stop,1169.73,278.63,810,35,34
871,15.6631,stop,890.87,295.02,740,32,31
871,15.6631,stop,342.76,437.99,278,21,22
871,15.6631,stop,397.00,451.27,497,32,29
871,15.6631,stop,1646.04,526.03,297,17,30
871,15.6631,stop,1627.01,575.88,434,25,29
871,15.6631,stop,1512.67,1043.80,532,26,29
872,15.6789,stop,482.88,71.02,403,31,21
872,15.6789,stop,1115.17,91.14,731,33,36
872,15.6789,stop,1170.27,278.26,802,34,34
872,15.6789,stop,891.70,295.61,748,33,31
872,15.6789,stop,342.51,438.14,285,21,24
872,15.6789,stop,396.87,451.18,504,33,30
872,15.6789,stop,1645.92,525.91,306,18,30
872,15.6789,stop,1626.95,576.04,433,25,29
872,15.6789,stop,1512.80,1043.63,520,26,29
873,15.6949,stop,483.13,71.01,411,31,21
873,15.6949,stop,1114.70,90.95,728,33,35
873,15.6949,stop,1171.10,278.29,757,34,35
873,15.6949,stop,892.64,296.27,749,33,32
873,15.6949,stop,342.74,438.09,277,21,23
873,15.6949,stop,396.90,451.23,497,33,30
873,15.6949,stop,1646.06,526.29,310,17,30
873,15.6949,stop,1626.95,575.79,438,26,28
873,15.6949,stop,1512.75,1043.81,530,26,29
874,15.7140,stop,483.06,71.06,400,31,21
874,15.7140,stop,1114.18,90.95,734,33,35
874,15.7140,stop,1171.12,277.46,768,33,35
874,15.7140,stop,892.68,297.38,720,34,33
874,15.7140,stop,342.73,438.00,284,21,23
874,15.7140,stop,396.98,451.34,502,32,29
874,15.7140,stop,1645.90,526.33,299,18,30
874,15.7140,stop,1626.97,575.78,429,25,29
874,15.7140,stop,1512.65,1043.80,526,26,29
875,15.7302,stop,482.89,70.99,404,31,21
875,15.7302,stop,1113.46,90.49,731,33,34
875,15.7302,stop,1171.24,276.61,745,33,35
875,15.7302,stop,893.26,297.97,716,34,33
875,15.7302,stop,342.77,437.86,275,21,23
875,15.7302,stop,397.01,451.26,501,33,29
875,15.7302,stop,1645.97,525.93,305,18,30
875,15.7302,stop,1627.01,575.98,430,26,29
875,15.7302,stop,1512.80,1043.73,530,26,29
876,15.7461,stop,483.04,71.08,405,31,21
876,15.7461,stop,1112.82,90.03,720,33,34
876,15.7461,stop,1171.75,276.22,784,32,36
876,15.7461,stop,893.94,298.56,730,34,34
876,15.7461,stop,342.62,438.03,281,21,23
876,15.7461,stop,397.07,451.26,490,32,30
876,15.7461,stop,1646.05,526.01,299,18,30
876,15.7461,stop,1626.94,576.01,436,26,29
876,15.7461,stop,1512.81,1043.80,537,26,29
877,15.7625,stop,483.04,71.05,404,31,21
877,15.7625,stop,1112.16,89.39,684,32,33
877,15.7625,stop,1172.00,276.34,778,33,36
877,15.7625,stop,894.38,299.26,743,33,34
877,15.7625,stop,342.58,438.08,283,21,23
877,15.7625,stop,396.90,451.34,500,33,29
877,15.7625,stop,1646.47,525.49,290,15,29
877,15.7625,stop,1626.90,576.00,431,26,29
877,15.7625,stop,1512.87,1043.52,517,26,29
878,15.7788,stop,483.08,71.09,408,31,21
878,15.7788,stop,1111.70,89.33,674,32,32
878,15.7788,stop,1171.67,276.84,750,33,35
878,15.7788,stop,894.78,299.53,744,33,32
878,15.7788,stop,342.57,437.97,277,21,23
878,15.7788,stop,396.87,451.22,495,33,29
878,15.7788,stop,1646.07,525.67,284,17,29
878,15.7788,stop,1626.99,575.99,434,25,29
878,15.7788,stop,1512.63,1043.64,531,26,29
879,15.7950,stop,483.04,71.01,417,31,21
879,15.7950,stop,1110.44,89.17,721,32,32
879,15.7950,stop,1171.99,276.65,744,32,35
879,15.7950,stop,895.28,300.19,756,32,30
879,15.7950,stop,342.64,438.08,281,21,23
879,15.7950,stop,396.96,451.31,500,32,30
879,15.7950,stop,1646.09,526.00,299,17,29
879,15.7950,stop,1626.99,575.81,432,26,29
879,15.7950,stop,1512.66,1043.79,523,26,29
880,15.8140,stop,482.86,70.93,404,31,21
880,15.8140,stop,1109.46,88.77,737,33,33
880,15.8140,stop,1172.50,276.58,735,33,35
880,15.8140,stop,895.72,300.70,757,34,32
880,15.8140,stop,342.65,438.31,286,21,24
880,15.8140,stop,396.85,451.19,496,32,30
880,15.8140,stop,1645.94,525.90,305,18,29
880,15.8140,stop,1627.09,575.98,440,26,29
880,15.8140,stop,1512.67,1043.70,525,26,29
881,15.8305,stop,483.04,70.95,408,31,21
881,15.8305,stop,1108.30,88.39,753,33,33
881,15.8305,stop,1172.93,276.46,702,31,35
881,15.8305,stop,896.10,301.07,765,33,34
881,15.8305,stop,342.75,438.06,278,21,22
881,15.8305,stop,396.87,451.29,497,33,30
881,15.8305,stop,1646.07,526.11,311,17,29
881,15.8305,stop,1627.00,575.87,440,25,29
881,15.8305,stop,1512.52,1043.74,536,26,29
882,15.8477,stop,482.92,71.01,416,31,21
882,15.8477,stop,1107.05,88.53,713,34,32
882,15.8477,stop,1173.14,276.34,657,30,35
882,15.8477,stop,896.38,301.89,774,33,35
882,15.8477,stop,342.70,438.11,280,21,23
882,15.8477,stop,396.97,451.25,494,32,30
882,15.8477,stop,1645.93,525.92,299,18,30
882,15.8477,stop,1627.07,575.87,437,25,29
882,15.8477,stop,1512.72,1043.81,526,26,29
883,15.8637,stop,482.97,71.07,396,31,21
883,15.8637,stop,1106.52,88.50,721,34,33
883,15.8637,stop,1173.88,276.10,692,31,34
883,15.8637,stop,896.64,302.33,779,34,35
883,15.8637,stop,342.67,438.21,285,21,24
883,15.8637,stop,396.98,451.24,495,32,30
883,15.8637,stop,1645.91,526.16,291,18,30
883,15.8637,stop,1626.88,575.93,427,26,29
883,15.8637,stop,1512.52,1043.82,524,26,29
884,15.8795,stop,482.97,71.05,413,31,21
884,15.8795,stop,1105.96,88.49,729,33,32
884,15.8795,stop,1174.23,275.27,605,30,33
884,15.8795,stop,896.84,302.08,746,35,35
884,15.8795,stop,342.62,438.05,279,20,23
884,15.8795,stop,396.84,451.17,498,32,30
884,15.8795,stop,1645.97,525.93,307,16,29
884,15.8795,stop,1627.00,575.69,434,25,29
884,15.8795,stop,1512.74,1043.81,524,26,29
885,15.8970,stop,482.93,70.97,406,31,21
885,15.8970,stop,1105.36,88.16,742,33,30
885,15.8970,stop,1173.23,275.48,565,28,33
885,15.8970,stop,897.59,302.68,762,35,36
885,15.8970,stop,342.67,437.91,280,21,23
885,15.8970,stop,396.92,451.27,499,33,29
885,15.8970,stop,1646.47,524.96,279,14,29
885,15.8970,stop,1626.89,575.92,424,25,29
885,15.8970,stop,1512.60,1043.73,533,26,29
886,15.9141,stop,482.72,70.96,406,31,21
886,15.9141,stop,1104.23,88.45,740,34,31
886,15.9141,stop,1172.87,274.98,549,28,33
886,15.9141,stop,898.03,303.03,754,34,36
886,15.9141,stop,342.81,438.03,276,21,24
886,15.9141,stop,397.03,451.34,501,32,30
886,15.9141,stop,1645.98,525.85,306,17,30
886,15.9141,stop,1626.96,575.88,433,26,29
886,15.9141,stop,1512.72,1043.77,532,26,29
887,15.9306,stop,483.27,71.11,408,31,21
887,15.9306,stop,1104.03,88.99,744,35,32
887,15.9306,stop,1172.50,274.66,517,27,32
887,15.9306,stop,897.73,302.88,763,34,35
887,15.9306,stop,342.55,438.08,282,21,23
887,15.9306,stop,396.99,451.22,498,32,30
887,15.9306,stop,1645.89,526.05,290,19,30
887,15.9306,stop,1626.92,575.93,428,25,30
887,15.9306,stop,1512.79,1043.85,530,27,29
888,15.9464,stop,482.95,71.08,397,31,21
888,15.9464,stop,1103.75,89.00,718,33,32
888,15.9464,stop,1171.70,273.95,510,27,31
888,15.9464,stop,898.22,303.19,738,33,34
888,15.9464,stop,342.75,438.01,277,21,24
888,15.9464,stop,396.91,451.23,498,32,29
888,15.9464,stop,1646.60,525.12,276,14,29
888,15.9464,stop,1627.15,575.90,435,26,29
888,15.9464,stop,1512.69,1043.83,533,26,29
889,15.9626,stop,483.04,71.08,396,31,21
889,15.9626,stop,1103.59,88.82,667,34,31
889,15.9626,stop,1170.90,273.15,477,25,30
889,15.9626,stop,898.80,303.08,704,33,34
889,15.9626,stop,342.45,437.96,278,21,23
889,15.9626,stop,396.85,451.23,500,32,30
889,15.9626,stop,1645.91,526.32,299,17,29
889,15.9626,stop,1626.95,575.79,432,26,29
889,15.9626,stop,1512.72,1043.78,529,26,29
890,15.9782,stop,482.86,70.98,399,31,21
890,15.9782,stop,1103.09,88.44,623,33,30
890,15.9782,stop,1170.33,272.02,481,26,31
890,15.9782,stop,900.05,303.24,660,32,34
890,15.9782,stop,342.77,438.00,278,21,23
890,15.9782,stop,397.08,451.35,504,33,29
890,15.9782,stop,1646.01,525.94,299,16,29
890,15.9782,stop,1627.02,575.90,430,25,29
890,15.9782,stop,1512.70,1043.81,531,27,29
891,15.9942,stop,482.90,70.94,402,31,21
891,15.9942,stop,1101.65,88.07,527,30,29
891,15.9942,stop,1169.28,271.05,483,26,32
891,15.9942,stop,900.82,303.37,636,30,33
891,15.9942,stop,342.25,438.07,287,21,24
891,15.9942,stop,397.13,450.42,528,33,31
891,15.9942,stop,1646.04,526.01,284,17,30
891,15.9942,stop,1626.98,575.88,428,25,29
891,15.9942,stop,1512.82,1043.89,525,28,29
892,16.0140,stop,482.91,71.05,405,31,21
892,16.0140,stop,1101.03,88.49,492,28,28
892,16.0140,stop,1168.16,270.19,488,26,31
892,16.0140,stop,901.93,303.10,608,28,33
892,16.0140,stop,342.54,438.23,282,21,24
892,16.0140,stop,396.91,451.34,501,33,29
892,16.0140,stop,1646.14,525.97,296,17,31
892,16.0140,stop,1627.00,575.77,432,27,29
892,16.0140,stop,1512.72,1043.90,533,26,29
893,16.0300,stop,482.87,70.91,396,31,21
893,16.0300,stop,1100.50,88.62,478,28,28
893,16.0300,stop,1166.86,268.91,498,25,33
893,16.0300,stop,902.87,302.67,597,27,32
893,16.0300,stop,342.61,437.97,278,21,23
893,16.0300,stop,396.91,451.25,507,33,30
893,16.0300,stop,1646.06,526.05,295,18,30
893,16.0300,stop,1627.12,575.92,438,27,29
893,16.0300,stop,1512.65,1043.82,531,26,29
894,16.0461,stop,482.95,71.13,403,31,21
894,16.0461,stop,1099.98,88.74,458,28,26
894,16.0461,stop,1165.51,268.06,485,26,33
894,16.0461,stop,903.54,301.96,585,27,31
894,16.0461,stop,342.58,437.90,285,21,24
894,16.0461,stop,397.03,451.19,503,32,30
894,16.0461,stop,1646.22,525.93,286,17,29
894,16.0461,stop,1627.02,575.85,430,26,29
894,16.0461,stop,1512.69,1043.90,528,26,29
895,16.0621,stop,483.11,70.96,411,31,21
895,16.0621,stop,1099.34,89.00,431,27,26
895,16.0621,stop,1163.43,267.91,540,25,35
895,16.0621,stop,904.68,301.05,577,27,31
895,16.0621,stop,342.75,437.83,280,21,23
895,16.0621,stop,396.88,451.33,498,33,29
895,16.0621,stop,1645.92,526.26,297,18,30
895,16.0621,stop,1626.98,576.07,430,26,29
895,16.0621,stop,1512.59,1043.72,530,26,29
896,16.0780,stop,483.06,71.06,406,31,21
896,16.0780,stop,1098.83,89.66,424,27,26
896,16.0780,stop,1161.45,266.22,545,25,32
896,16.0780,stop,905.92,300.12,585,27,31
896,16.0780,stop,342.76,437.95,279,21,23
896,16.0780,stop,397.02,451.30,504,33,29
896,16.0780,stop,1646.11,525.87,305,18,30
896,16.0780,stop,1626.94,575.58,433,26,28
896,16.0780,stop,1512.65,1043.73,528,26,29
897,16.0944,stop,483.08,71.00,395,31,21
897,16.0944,stop,1098.32,90.04,386,23,26
897,16.0944,stop,1159.34,265.15,563,25,35
897,16.0944,stop,906.98,298.59,605,27,32
897,16.0944,stop,342.76,437.84,279,21,23
897,16.0944,stop,396.97,451.34,501,33,30
897,16.0944,stop,1645.96,525.82,294,17,30
897,16.0944,stop,1626.93,576.05,427,26,29
897,16.0944,stop,1512.75,1043.86,531,26,29
898,16.1140,stop,483.14,71.06,396,31,21
898,16.1140,stop,1097.94,90.13,335,21,23
898,16.1140,stop,1157.18,263.79,548,25,35
898,16.1140,stop,908.26,297.15,624,29,32
898,16.1140,stop,342.79,438.06,276,21,23
898,16.1140,stop,396.85,451.20,499,32,29
898,16.1140,stop,1646.55,525.57,290,14,30
898,16.1140,stop,1626.98,575.84,438,25,29
898,16.1140,stop,1512.67,1043.79,532,26,29
899,16.1325,stop,483.05,70.96,406,31,21
899,16.1325,stop,1096.98,90.52,301,22,22
899,16.1325,stop,1154.78,262.45,553,25,34
899,16.1325,stop,909.51,295.60,644,30,32
899,16.1325,stop,342.63,438.13,286,21,23
899,16.1325,stop,396.91,451.25,493,32,30
899,16.1325,stop,1646.19,525.83,309,17,31
899,16.1325,stop,1627.04,575.89,425,26,29
899,16.1325,stop,1512.70,1043.85,525,26,29
900,16.1494,stop,483.02,70.94,402,31,21
900,16.1494,stop,1096.15,91.30,267,22,19
900,16.1494,stop,1152.30,261.57,558,25,34
900,16.1494,stop,909.67,293.60,689,33,32
900,16.1494,stop,342.50,437.96,280,21,24
900,16.1494,stop,396.99,451.24,487,33,29
900,16.1494,stop,1646.68,525.35,290,14,30
900,16.1494,stop,1626.72,575.93,437,28,29
900,16.1494,stop,1512.65,1043.77,533,26,29
901,16.1660,stop,482.75,71.07,400,31,21
901,16.1660,stop,1094.84,92.07,243,22,20
901,16.1660,stop,1149.61,260.08,557,25,34
901,16.1660,stop,911.73,291.98,656,32,33
901,16.1660,stop,342.61,437.91,286,21,23
901,16.1660,stop,396.90,451.22,500,33,30
901,16.1660,stop,1645.98,525.56,290,17,29
901,16.1660,stop,1627.07,575.84,436,26,29
901,16.1660,stop,1512.65,1043.78,535,26,29
902,16.1814,stop,482.80,70.96,404,31,21
902,16.1814,stop,1093.79,93.03,254,22,20
902,16.1814,stop,1146.53,258.63,558,25,34
902,16.1814,stop,913.43,289.32,674,30,33
902,16.1814,stop,342.63,438.18,280,21,24
902,16.1814,stop,396.96,451.22,497,33,29
902,16.1814,stop,1646.45,525.28,279,14,29
902,16.1814,stop,1626.94,575.78,432,26,29
902,16.1814,stop,1513.02,1043.69,511,27,29
903,16.1980,stop,483.02,70.93,400,31,21
903,16.1980,stop,1091.72,93.59,290,24,20
903,16.1980,stop,1143.23,256.48,557,25,33
903,16.1980,stop,914.87,286.82,669,30,34
903,16.1980,stop,342.78,437.98,271,21,23
903,16.1980,stop,397.03,451.29,494,32,30
903,16.1980,stop,1646.03,526.29,307,18,30
903,16.1980,stop,1627.03,575.88,432,25,29
903,16.1980,stop,1512.73,1043.72,519,26,29
904,16.2141,stop,482.83,71.04,394,31,21
904,16.2141,stop,1090.62,95.56,291,23,20
904,16.2141,stop,1139.92,254.59,555,26,34
904,16.2141,stop,915.15,284.13,670,33,33
904,16.2141,stop,342.75,437.80,274,20,22
904,16.2141,stop,396.85,451.28,502,33,30
904,16.2141,stop,1645.99,525.96,302,17,29
904,16.2141,stop,1626.98,575.86,431,25,29
904,16.2141,stop,1512.68,1043.80,529,26,29
905,16.2300,stop,482.93,70.93,399,31,21
905,16.2300,stop,1090.44,98.10,251,21,19
905,16.2300,stop,1136.65,253.16,574,26,35
905,16.2300,stop,916.24,281.58,704,33,35
905,16.2300,stop,342.72,437.91,278,21,23
905,16.2300,stop,396.98,451.32,492,33,30
905,16.2300,stop,1646.27,524.08,255,14,26
905,16.2300,stop,1627.02,575.80,425,25,29
905,16.2300,stop,1512.91,1043.55,516,26,29
906,16.2460,stop,483.10,71.04,405,31,21
906,16.2460,stop,1089.28,100.51,265,21,19
906,16.2460,stop,1132.89,251.22,580,27,34
906,16.2460,stop,917.24,278.55,752,34,35
906,16.2460,stop,342.94,437.81,275,21,23
906,16.2460,stop,396.98,451.25,500,33,30
906,16.2460,stop,1646.32,526.01,306,17,29
906,16.2460,stop,1627.03,575.86,430,25,29
906,16.2460,stop,1512.60,1043.64,524,26,29
907,16.2626,stop,482.85,71.02,402,31,21
907,16.2626,stop,1088.46,102.67,273,21,19
907,16.2626,stop,1129.10,249.06,586,26,34
907,16.2626,stop,919.29,275.82,762,33,36
907,16.2626,stop,342.80,438.03,283,21,23
907,16.2626,stop,396.83,451.09,500,32,30
907,16.2626,stop,1646.03,526.43,304,17,31
907,16.2626,stop,1626.97,575.98,426,26,29
907,16.2626,stop,1512.61,1043.72,532,26,29
908,16.2781,stop,483.17,71.00,405,31,21
908,16.2781,stop,1087.35,105.50,301,23,19
908,16.2781,stop,1125.53,246.71,607,27,34
908,16.2781,stop,920.79,272.70,830,34,36
908,16.2781,stop,342.55,438.06,286,21,24
908,16.2781,stop,396.86,451.15,501,33,30
908,16.2781,stop,1646.07,526.08,300,17,30
908,16.2781,stop,1627.06,575.91,432,26,29
908,16.2781,stop,1512.81,1043.72,519,26,29
909,16.2979,stop,482.95,71.10,399,31,21
909,16.2979,stop,1087.31,108.27,371,28,22
909,16.2979,stop,1121.22,244.91,579,27,34
909,16.2979,stop,921.87,269.49,844,34,36
909,16.2979,stop,342.79,437.74,273,21,23
909,16.2979,stop,396.96,451.24,500,33,29
909,16.2979,stop,1646.06,526.02,296,18,30
909,16.2979,stop,1626.94,575.86,427,25,29
909,16.2979,stop,1512.73,1043.84,523,26,29
910,16.3140,stop,482.73,71.00,403,31,21
910,16.3140,stop,1084.78,111.29,360,23,22
910,16.3140,stop,1116.25,242.73,637,28,34
910,16.3140,stop,923.78,267.12,796,34,36
910,16.3140,stop,342.65,437.85,285,21,23
910,16.3140,stop,396.83,451.20,499,32,30
910,16.3140,stop,1646.16,526.22,302,17,29
910,16.3140,stop,1626.98,575.77,423,26,29
910,16.3140,stop,1512.85,1043.76,523,26,29
911,16.3301,stop,482.90,70.97,400,31,21
911,16.3301,stop,1084.23,114.92,445,30,25
911,16.3301,stop,1112.53,239.71,722,30,35
911,16.3301,stop,925.28,263.48,746,34,35
911,16.3301,stop,342.78,437.93,267,21,23
911,16.3301,stop,397.00,451.26,498,32,30
911,16.3301,stop,1646.42,525.18,266,14,29
911,16.3301,stop,1626.95,575.90,436,26,29
911,16.3301,stop,1512.75,1043.76,523,27,29
912,16.3461,stop,483.00,70.98,396,31,21
912,16.3461,stop,1081.48,118.61,467,27,28
912,16.3461,stop,1107.99,237.01,756,30,35
912,16.3461,stop,926.16,259.59,757,33,34
912,16.3461,stop,342.59,438.10,278,21,23
912,16.3461,stop,397.02,451.29,495,32,30
912,16.3461,stop,1645.96,526.42,291,17,30
912,16.3461,stop,1626.87,575.81,426,25,29
912,16.3461,stop,1512.69,1043.95,523,26,29
913,16.3621,stop,482.99,71.03,406,31,21
913,16.3621,stop,1080.78,121.15,614,34,30
913,16.3621,stop,1103.31,234.65,792,31,36
913,16.3621,stop,926.23,256.38,688,31,33
913,16.3621,stop,342.67,437.93,271,21,23
913,16.3621,stop,396.95,451.29,496,32,29
913,16.3621,stop,1646.05,525.87,298,17,30
913,16.3621,stop,1627.09,575.86,435,26,29
913,16.3621,stop,1512.65,1043.71,525,26,29
914,16.3781,stop,482.75,70.93,398,31,21
914,16.3781,stop,1080.09,124.86,640,33,32
914,16.3781,stop,1098.19,231.80,821,32,36
914,16.3781,stop,927.98,253.45,635,31,32
914,16.3781,stop,342.77,438.13,283,21,23
914,16.3781,stop,397.13,451.24,498,32,30
914,16.3781,stop,1646.33,525.62,288,17,29
914,16.3781,stop,1627.05,575.73,426,25,28
914,16.3781,stop,1512.86,1043.80,527,26,29
915,16.3980,stop,482.64,70.96,405,31,21
915,16.3980,stop,1078.49,127.57,745,33,34
915,16.3980,stop,1093.13,229.19,870,34,36
915,16.3980,stop,930.38,250.18,646,33,31
915,16.3980,stop,342.55,438.03,278,21,23
915,16.3980,stop,396.94,451.29,493,32,30
915,16.3980,stop,1646.44,525.04,284,13,29
915,16.3980,stop,1626.92,575.79,430,25,29
915,16.3980,stop,1512.80,1043.87,522,26,29
916,16.4141,stop,482.68,71.10,398,31,21
916,16.4141,stop,1078.11,131.41,744,34,36
916,16.4141,stop,1088.01,226.71,902,36,36
916,16.4141,stop,931.67,247.17,620,33,30
916,16.4141,stop,342.67,437.99,278,21,23
916,16.4141,stop,396.74,451.15,500,33,30
916,16.4141,stop,1645.88,526.25,309,18,30
916,16.4141,stop,1626.64,575.97,442,28,29
916,16.4141,stop,1512.70,1043.86,520,26,29
917,16.4303,stop,482.97,71.11,400,31,21
917,16.4303,stop,1077.01,134.90,764,34,36
917,16.4303,stop,1082.87,223.87,917,35,36
917,16.4303,stop,931.76,244.09,554,32,28
917,16.4303,stop,342.62,438.15,284,21,23
917,16.4303,stop,396.95,451.21,492,33,30
917,16.4303,stop,1645.97,525.99,290,17,30
917,16.4303,stop,1627.04,575.69,440,26,29
917,16.4303,stop,1512.60,1043.82,525,26,29
918,16.4461,stop,483.19,71.01,402,31,21
918,16.4461,stop,1076.06,138.36,782,34,37
918,16.4461,stop,1077.48,220.56,874,35,36
918,16.4461,stop,932.98,241.21,523,31,28
918,16.4461,stop,342.78,437.95,277,21,22
918,16.4461,stop,397.00,451.32,496,32,30
918,16.4461,stop,1645.87,526.04,281,18,30
918,16.4461,stop,1627.01,575.95,429,25,29
918,16.4461,stop,1512.78,1043.83,526,26,29
919,16.4621,stop,483.28,71.03,405,31,21
919,16.4621,stop,1075.27,141.68,807,34,37
919,16.4621,stop,1072.23,217.73,824,33,36
919,16.4621,stop,934.26,238.24,507,30,28
919,16.4621,stop,342.68,437.78,268,21,22
919,16.4621,stop,396.95,451.17,497,33,30
919,16.4621,stop,1645.93,525.86,279,17,29
919,16.4621,stop,1627.01,575.92,433,26,29
919,16.4621,stop,1512.62,1043.82,521,26,29
920,16.4784,stop,482.91,71.07,396,31,21
920,16.4784,stop,1073.92,144.52,865,35,36
920,16.4784,stop,1067.90,214.19,736,33,36
920,16.4784,stop,935.20,235.47,492,30,27
920,16.4784,stop,342.72,438.04,280,21,23
920,16.4784,stop,396.89,451.20,498,32,30
920,16.4784,stop,1646.37,525.54,281,14,30
920,16.4784,stop,1627.00,575.87,431,26,29
920,16.4784,stop,1512.71,1043.70,517,26,29
921,16.4981,stop,482.92,71.06,409,31,21
921,16.4981,stop,1073.13,147.24,858,34,37
921,16.4981,stop,1063.38,211.48,688,32,38
921,16.4981,stop,936.40,232.79,477,30,27
921,16.4981,stop,342.63,437.88,270,21,23
921,16.4981,stop,396.88,451.25,489,32,29
921,16.4981,stop,1646.46,524.94,270,15,30
921,16.4981,stop,1627.00,575.78,433,26,29
921,16.4981,stop,1512.74,1043.94,523,26,29
922,16.5152,stop,482.90,71.03,412,31,21
922,16.5152,stop,1072.01,149.80,871,33,37
922,16.5152,stop,1059.10,208.44,662,31,38
922,16.5152,stop,938.41,230.26,496,33,26
922,16.5152,stop,342.70,438.03,276,21,23
922,16.5152,stop,397.00,451.22,499,32,30
922,16.5152,stop,1646.07,525.52,294,17,30
922,16.5152,stop,1626.91,575.95,429,26,29
922,16.5152,stop,1512.74,1043.71,520,26,29
923,16.5301,stop,482.98,70.94,402,31,21
923,16.5301,stop,1070.33,152.20,821,33,38
923,16.5301,stop,1054.89,205.25,651,31,38
923,16.5301,stop,939.53,227.93,492,33,26
923,16.5301,stop,342.70,437.86,272,21,22
923,16.5301,stop,397.07,451.39,487,33,30
923,16.5301,stop,1646.20,525.93,296,17,30
923,16.5301,stop,1626.95,575.85,427,26,28
923,16.5301,stop,1512.72,1043.87,516,26,29
924,16.5467,stop,482.97,71.09,404,31,21
924,16.5467,stop,1069.36,154.81,817,32,38
924,16.5467,stop,1050.95,202.19,587,29,34
924,16.5467,stop,940.61,225.60,484,33,25
924,16.5467,stop,342.78,438.12,283,21,23
924,16.5467,stop,397.02,451.14,498,32,30
924,16.5467,stop,1645.96,526.10,286,18,30
924,16.5467,stop,1626.88,575.88,430,26,29
924,16.5467,stop,1512.77,1043.92,532,26,29
925,16.5628,stop,483.06,71.04,401,31,21
925,16.5628,stop,1068.50,157.19,790,34,36
925,16.5628,stop,1046.96,199.85,536,28,32
925,16.5628,stop,941.40,223.47,474,33,25
925,16.5628,stop,342.52,438.26,282,21,25
925,16.5628,stop,397.12,451.33,504,32,30
925,16.5628,stop,1646.36,525.10,262,15,29
925,16.5628,stop,1626.99,575.93,425,25,29
925,16.5628,stop,1512.68,1043.70,525,26,29
926,16.5781,stop,483.00,71.05,397,31,21
926,16.5781,stop,1067.75,159.42,777,33,36
926,16.5781,stop,1043.22,197.12,510,27,30
926,16.5781,stop,942.32,221.59,466,32,25
926,16.5781,stop,342.95,437.98,270,21,23
926,16.5781,stop,396.99,451.34,501,33,29
926,16.5781,stop,1646.22,524.94,274,14,29
926,16.5781,stop,1627.01,575.91,432,26,29
926,16.5781,stop,1512.69,1043.78,525,26,29
927,16.5980,stop,482.88,70.98,394,31,21
927,16.5980,stop,1066.97,161.87,765,33,35
927,16.5980,stop,1039.75,194.36,481,28,31
927,16.5980,stop,943.18,220.00,457,32,26
927,16.5980,stop,342.71,438.04,279,21,22
927,16.5980,stop,396.81,451.18,492,32,30
927,16.5980,stop,1645.90,526.20,297,17,30
927,16.5980,stop,1626.93,576.11,427,26,29
927,16.5980,stop,1512.67,1043.86,526,26,29
928,16.6141,stop,482.71,71.09,406,31,21
928,16.6141,stop,1065.72,164.63,814,35,40
928,16.6141,stop,1037.07,192.08,482,26,35
928,16.6141,stop,943.92,218.14,459,33,25
928,16.6141,stop,342.68,438.03,275,21,23
928,16.6141,stop,397.12,451.23,498,32,29
928,16.6141,stop,1646.08,525.82,299,17,30
928,16.6141,stop,1627.08,575.73,430,26,29
928,16.6141,stop,1512.75,1043.76,529,25,29
929,16.6301,stop,483.00,71.01,404,31,21
929,16.6301,stop,1064.78,166.47,837,36,39
929,16.6301,stop,1033.77,189.40,507,28,35
929,16.6301,stop,945.01,216.76,462,33,25
929,16.6301,stop,342.80,437.75,271,21,22
929,16.6301,stop,397.01,451.29,491,33,30
929,16.6301,stop,1645.79,526.04,282,18,30
929,16.6301,stop,1627.14,575.98,431,25,29
929,16.6301,stop,1512.69,1043.69,526,26,29
930,16.6461,stop,482.96,71.04,400,31,21
930,16.6461,stop,1064.43,167.63,827,37,37
930,16.6461,stop,1030.83,186.63,500,28,31
930,16.6461,stop,946.07,215.64,468,33,25
930,16.6461,stop,342.72,437.74,266,20,23
930,16.6461,stop,397.04,451.36,497,32,29
930,16.6461,stop,1646.39,524.87,284,15,29
930,16.6461,stop,1626.98,575.95,427,26,29
930,16.6461,stop,1512.68,1043.87,525,26,29
931,16.6621,stop,482.90,70.99,401,31,21
931,16.6621,stop,1065.02,167.01,783,34,36
931,16.6621,stop,1028.29,185.14,527,30,35
931,16.6621,stop,947.07,214.48,459,33,25
931,16.6621,stop,342.84,438.06,284,21,23
931,16.6621,stop,396.98,451.26,502,32,30
931,16.6621,stop,1645.99,526.34,304,18,30
931,16.6621,stop,1626.86,575.78,429,26,29
931,16.6621,stop,1512.65,1043.78,519,26,29
932,16.6789,stop,482.97,70.94,394,31,21
932,16.6789,stop,1064.78,167.44,790,34,36
932,16.6789,stop,1025.50,182.41,510,29,31
932,16.6789,stop,947.75,213.71,460,32,25
932,16.6789,stop,342.96,437.87,269,21,23
932,16.6789,stop,396.96,451.34,492,32,29
932,16.6789,stop,1646.38,524.95,271,16,29
932,16.6789,stop,1626.83,575.88,432,25,29
932,16.6789,stop,1512.71,1043.70,525,26,29
933,16.6980,stop,482.68,70.97,403,31,21
933,16.6980,stop,1064.61,168.04,798,34,36
933,16.6980,stop,1023.13,180.11,512,29,32
933,16.6980,stop,948.84,213.16,476,32,26
933,16.6980,stop,342.74,437.95,270,21,23
933,16.6980,stop,396.88,451.28,493,33,30
933,16.6980,stop,1645.98,526.60,302,18,30
933,16.6980,stop,1627.00,575.96,436,25,29
933,16.6980,stop,1512.82,1043.85,512,26,29
934,16.7141,stop,483.04,71.03,402,31,21
934,16.7141,stop,1064.29,168.49,811,35,36
934,16.7141,stop,1021.26,177.87,504,28,32
934,16.7141,stop,949.38,212.82,493,33,26
934,16.7141,stop,342.92,437.86,272,21,23
934,16.7141,stop,396.88,451.28,494,33,29
934,16.7141,stop,1646.45,524.16,261,15,26
934,16.7141,stop,1627.06,575.78,431,26,29
934,16.7141,stop,1512.78,1043.83,519,26,29
935,16.7322,stop,482.90,71.07,402,31,21
935,16.7322,stop,1063.91,168.69,796,34,36
935,16.7322,stop,1019.84,176.14,506,26,35
935,16.7322,stop,949.86,212.37,519,33,26
935,16.7322,stop,342.70,437.81,272,21,23
935,16.7322,stop,396.87,451.15,501,32,30
935,16.7322,stop,1645.90,526.34,289,17,30
935,16.7322,stop,1627.14,575.82,424,25,29
935,16.7322,stop,1512.72,1043.84,521,26,29
936,16.7479,stop,482.78,70.94,395,31,21
936,16.7479,stop,1063.64,169.07,806,34,36
936,16.7479,stop,1018.28,174.15,504,26,35
936,16.7479,stop,950.51,211.97,528,32,27
936,16.7479,stop,342.70,437.78,272,21,23
936,16.7479,stop,397.08,451.30,494,33,30
936,16.7479,stop,1645.96,526.10,313,18,30
936,16.7479,stop,1627.06,576.02,431,25,29
936,16.7479,stop,1512.76,1043.81,520,25,29
937,16.7638,stop,483.01,71.04,397,30,21
937,16.7638,stop,1063.29,169.24,798,35,36
937,16.7638,stop,1017.04,171.86,522,26,36
937,16.7638,stop,951.66,211.90,518,30,28
937,16.7638,stop,342.88,437.99,268,21,22
937,16.7638,stop,396.96,451.32,500,32,30
937,16.7638,stop,1646.31,524.03,252,14,26
937,16.7638,stop,1626.88,575.90,420,26,29
937,16.7638,stop,1512.67,1043.72,524,27,29
938,16.7800,stop,483.21,71.10,403,31,21
938,16.7800,stop,1014.99,170.10,612,29,35
938,16.7800,stop,1063.33,169.62,841,34,36
938,16.7800,stop,952.10,211.65,535,31,28
938,16.7800,stop,342.63,437.98,281,21,23
938,16.7800,stop,397.02,451.28,494,32,29
938,16.7800,stop,1646.19,525.79,287,17,29
938,16.7800,stop,1627.07,576.02,433,26,29
938,16.7800,stop,1512.71,1043.72,521,26,29
939,16.7980,stop,483.12,70.89,395,31,21
939,16.7980,stop,1014.27,168.02,624,30,35
939,16.7980,stop,1062.58,169.17,826,34,36
939,16.7980,stop,952.66,211.52,530,30,28
939,16.7980,stop,342.69,438.03,273,21,23
939,16.7980,stop,396.96,451.25,492,32,29
939,16.7980,stop,1646.55,524.67,263,15,29
939,16.7980,stop,1626.98,575.91,427,25,29
939,16.7980,stop,1512.70,1043.73,523,26,29
940,16.8141,stop,483.13,70.98,402,31,21
940,16.8141,stop,1013.36,165.90,649,30,35
940,16.8141,stop,1062.21,169.15,824,35,36
940,16.8141,stop,953.03,211.67,556,33,29
940,16.8141,stop,342.96,437.90,270,21,23
940,16.8141,stop,397.02,451.19,507,33,30
940,16.8141,stop,1645.88,525.95,284,18,29
940,16.8141,stop,1626.85,575.92,425,26,29
940,16.8141,stop,1512.64,1043.76,530,26,29
941,16.8301,stop,483.00,70.99,395,31,21
941,16.8301,stop,1013.11,163.66,672,31,35
941,16.8301,stop,1062.24,169.33,836,34,36
941,16.8301,stop,953.16,211.64,564,32,29
941,16.8301,stop,342.59,437.95,277,21,23
941,16.8301,stop,397.03,451.30,488,32,30
941,16.8301,stop,1646.55,524.99,273,14,29
941,16.8301,stop,1627.09,575.86,434,25,29
941,16.8301,stop,1512.73,1043.75,523,26,29
942,16.8462,stop,483.25,71.08,398,31,21
942,16.8462,stop,1013.98,161.07,585,31,34
942,16.8462,stop,1062.22,169.11,825,34,37
942,16.8462,stop,953.35,211.94,567,32,30
942,16.8462,stop,342.61,437.94,275,21,22
942,16.8462,stop,396.89,451.25,504,32,30
942,16.8462,stop,1646.37,524.82,271,16,29
942,16.8462,stop,1627.03,575.84,435,25,29
942,16.8462,stop,1512.61,1043.65,529,26,29
943,16.8621,stop,482.96,71.01,394,31,21
943,16.8621,stop,1013.52,159.87,631,32,34
943,16.8621,stop,1061.91,168.67,824,34,37
943,16.8621,stop,953.26,211.55,620,33,30
943,16.8621,stop,342.70,437.92,269,21,23
943,16.8621,stop,397.00,451.34,493,33,29
943,16.8621,stop,1646.51,525.03,262,14,30
943,16.8621,stop,1626.98,576.00,426,26,29
943,16.8621,stop,1512.81,1043.55,517,26,29
944,16.8821,stop,482.86,71.13,403,31,21
944,16.8821,stop,1013.85,158.36,623,32,30
944,16.8821,stop,1061.66,168.62,813,35,36
944,16.8821,stop,953.40,211.73,614,33,31
944,16.8821,stop,342.76,437.85,275,21,24
944,16.8821,stop,397.07,451.22,491,32,30
944,16.8821,stop,1646.12,525.70,284,17,29
944,16.8821,stop,1626.86,575.98,420,26,29
944,16.8821,stop,1512.71,1043.76,527,26,29
945,16.8994,stop,482.89,71.04,396,31,21
945,16.8994,stop,1014.33,156.35,639,33,31
945,16.8994,stop,1061.26,168.27,811,34,36
945,16.8994,stop,953.99,212.04,614,30,31
945,16.8994,stop,342.70,437.95,272,21,23
945,16.8994,stop,396.93,451.29,492,32,29
945,16.8994,stop,1646.35,525.18,274,15,30
945,16.8994,stop,1627.02,575.97,423,26,29
945,16.8994,stop,1512.62,1044.00,513,25,29
946,16.9155,stop,482.91,70.94,396,31,21
946,16.9155,stop,1015.10,154.24,630,33,31
946,16.9155,stop,1061.03,168.02,800,34,36
946,16.9155,stop,953.86,212.32,621,32,30
946,16.9155,stop,342.92,437.77,271,21,23
946,16.9155,stop,396.91,451.26,500,33,30
946,16.9155,stop,1646.02,525.86,279,17,29
946,16.9155,stop,1626.95,575.91,427,25,29
946,16.9155,stop,1512.75,1043.85,510,26,29
947,16.9311,stop,483.03,70.88,399,31,21
947,16.9311,stop,1016.03,152.56,630,33,31
947,16.9311,stop,1060.81,167.73,788,34,35
947,16.9311,stop,953.90,212.41,616,32,31
947,16.9311,stop,342.71,437.90,269,21,22
947,16.9311,stop,397.10,451.35,489,32,29
947,16.9311,stop,1646.56,525.03,263,14,29
947,16.9311,stop,1626.95,575.89,427,26,29
947,16.9311,stop,1512.82,1043.77,517,26,29
948,16.9475,stop,482.96,70.99,401,31,21
948,16.9475,stop,1016.74,150.46,626,32,33
948,16.9475,stop,1060.37,167.51,787,35,35
948,16.9475,stop,954.25,212.78,629,33,31
948,16.9475,stop,342.63,438.20,280,21,24
948,16.9475,stop,397.03,451.28,497,33,30
948,16.9475,stop,1646.64,525.14,266,14,29
948,16.9475,stop,1626.85,575.90,420,25,29
948,16.9475,stop,1512.91,1043.55,516,26,29
949,16.9639,s200,482.93,70.99,398,31,21
949,16.9639,s200,1018.33,148.79,658,32,33
949,16.9639,s200,1060.65,167.62,753,35,36
949,16.9639,s200,954.15,212.99,634,32,31
949,16.9639,s200,342.77,437.98,274,21,23
949,16.9639,s200,396.93,451.22,493,32,30
949,16.9639,s200,1646.00,525.95,279,17,30
949,16.9639,s200,1626.81,575.99,428,25,29
949,16.9639,s200,1512.66,1043.85,521,26,29
950,16.9821,s200,482.79,71.03,406,31,21
950,16.9821,s200,1018.59,148.18,595,33,30
950,16.9821,s200,1060.58,167.54,749,34,36
950,16.9821,s200,954.69,213.81,614,33,32
950,16.9821,s200,342.77,438.02,278,20,23
950,16.9821,s200,396.91,451.23,496,32,30
950,16.9821,s200,1646.46,525.20,276,14,30
950,16.9821,s200,1626.93,575.86,426,26,29
950,16.9821,s200,1512.73,1043.83,525,27,29
951,16.9981,s200,482.88,70.87,396,31,21
951,16.9981,s200,1019.79,147.44,570,33,29
951,16.9981,s200,1060.46,167.36,750,34,35
951,16.9981,s200,954.16,213.69,638,33,31
951,16.9981,s200,342.69,437.95,275,21,23
951,16.9981,s200,397.04,451.28,497,33,30
951,16.9981,s200,1646.46,524.77,268,14,29
951,16.9981,s200,1626.87,575.84,424,25,29
951,16.9981,s200,1512.79,1043.79,521,26,29
952,17.0141,s200,482.89,71.04,395,31,21
952,17.0141,s200,1020.30,146.18,551,33,28
952,17.0141,s200,1060.35,167.26,747,34,35
952,17.0141,s200,954.04,213.96,650,32,32
952,17.0141,s200,342.71,437.98,277,21,22
952,17.0141,s200,397.13,451.35,490,32,30
952,17.0141,s200,1645.91,525.82,274,17,30
952,17.0141,s200,1626.93,575.82,422,25,28
952,17.0141,s200,1512.68,1043.87,522,26,29
953,17.0301,s200,482.66,71.06,397,31,21
953,17.0301,s200,1021.05,145.32,539,34,30
953,17.0301,s200,1059.63,166.94,784,34,35
953,17.0301,s200,953.92,214.29,659,30,32
953,17.0301,s200,342.85,437.82,268,21,23
953,17.0301,s200,396.94,451.40,497,32,30
953,17.0301,s200,1645.96,525.98,280,17,29
953,17.0301,s200,1627.02,575.85,422,25,28
953,17.0301,s200,1512.72,1043.78,523,26,29
954,17.0461,s200,482.96,70.94,397,31,21
954,17.0461,s200,1022.40,144.17,562,32,29
954,17.0461,s200,1060.19,167.33,748,34,35
954,17.0461,s200,953.78,214.87,662,31,33
954,17.0461,s200,342.74,438.01,281,21,22
954,17.0461,s200,396.96,451.19,489,32,29
954,17.0461,s200,1646.49,525.02,270,15,30
954,17.0461,s200,1626.99,575.65,422,25,29
954,17.0461,s200,1512.97,1043.73,506,26,29
955,17.0621,s200,482.97,71.03,392,31,21
955,17.0621,s200,1023.11,143.87,551,32,28
955,17.0621,s200,1059.48,166.92,775,33,35
955,17.0621,s200,953.19,215.42,687,33,32
955,17.0621,s200,342.70,437.94,277,21,23
955,17.0621,s200,397.11,451.29,489,32,29
955,17.0621,s200,1646.41,525.32,272,14,30
955,17.0621,s200,1626.92,575.78,422,25,29
955,17.0621,s200,1512.83,1043.85,523,27,29
956,17.0820,s200,482.82,71.00,404,31,21
956,17.0820,s200,1023.62,143.91,554,31,28
956,17.0820,s200,1059.37,167.08,782,34,36
956,17.0820,s200,953.07,215.91,703,33,33
956,17.0820,s200,342.66,438.12,272,21,24
956,17.0820,s200,396.99,451.39,494,32,29
956,17.0820,s200,1645.82,525.68,283,17,29
956,17.0820,s200,1626.94,575.76,423,26,29
956,17.0820,s200,1512.64,1043.89,523,26,29
957,17.0981,s200,483.08,71.04,407,31,21
957,17.0981,s200,1023.87,144.25,576,32,29
957,17.0981,s200,1059.41,167.30,779,34,35
957,17.0981,s200,952.60,216.74,719,33,33
957,17.0981,s200,342.71,437.86,266,21,22
957,17.0981,s200,397.01,451.26,493,32,29
957,17.0981,s200,1646.37,525.23,273,15,29
957,17.0981,s200,1626.93,575.82,417,25,29
957,17.0981,s200,1512.71,1043.77,525,26,29
958,17.1142,s200,483.20,70.98,400,31,21
958,17.1142,s200,1024.25,144.91,578,32,30
958,17.1142,s200,1059.44,167.43,786,34,35
958,17.1142,s200,952.82,217.80,706,33,34
958,17.1142,s200,342.91,437.81,265,20,22
958,17.1142,s200,397.04,451.23,491,33,30
958,17.1142,s200,1646.37,525.27,277,14,30
958,17.1142,s200,1626.94,575.97,425,25,29
958,17.1142,s200,1512.75,1043.75,523,26,29
959,17.1316,s200,482.86,70.96,395,31,21
959,17.1316,s200,1024.32,146.00,590,32,32
959,17.1316,s200,1059.52,167.65,788,34,35
959,17.1316,s200,951.89,218.15,745,34,35
959,17.1316,s200,342.91,437.82,269,21,23
959,17.1316,s200,396.95,451.25,494,32,30
959,17.1316,s200,1646.33,524.98,266,15,29
959,17.1316,s200,1626.98,575.72,422,25,29
959,17.1316,s200,1512.73,1043.93,528,26,29
960,17.1484,s200,483.16,71.04,394,31,21
960,17.1484,s200,1024.18,146.77,612,33,31
960,17.1484,s200,1059.55,167.78,790,35,36
960,17.1484,s200,951.43,218.57,752,33,35
960,17.1484,s200,342.75,437.83,275,21,23
960,17.1484,s200,397.09,451.42,489,32,29
960,17.1484,s200,1646.07,525.89,288,17,29
960,17.1484,s200,1626.88,575.75,425,26,28
960,17.1484,s200,1512.76,1043.75,515,26,29
961,17.1647,s200,482.90,70.95,399,31,21
961,17.1647,s200,1024.12,148.05,635,32,31
961,17.1647,s200,1059.73,168.14,795,34,36
961,17.1647,s200,951.14,219.17,752,33,35
961,17.1647,s200,342.86,437.88,271,21,23
961,17.1647,s200,396.86,451.14,499,33,30
961,17.1647,s200,1646.06,525.82,293,17,29
961,17.1647,s200,1626.76,575.89,425,26,29
961,17.1647,s200,1513.05,1043.73,510,26,29
962,17.1820,s200,482.92,71.04,396,31,21
962,17.1820,s200,1023.30,149.91,614,32,32
962,17.1820,s200,1059.99,168.39,793,34,35
962,17.1820,s200,950.58,219.48,761,34,35
962,17.1820,s200,342.72,438.06,280,21,22
962,17.1820,s200,397.16,451.33,500,32,29
962,17.1820,s200,1646.01,525.93,284,15,30
962,17.1820,s200,1626.92,576.03,429,26,29
962,17.1820,s200,1512.74,1043.80,528,26,29
963,17.1981,s200,483.16,71.10,405,31,21
963,17.1981,s200,1022.89,151.24,643,32,33
963,17.1981,s200,1060.39,168.28,804,36,35
963,17.1981,s200,950.01,220.13,773,34,35
963,17.1981,s200,342.86,437.93,273,21,22
963,17.1981,s200,396.87,451.21,493,32,30
963,17.1981,s200,1646.36,524.17,236,14,27
963,17.1981,s200,1626.94,575.85,427,26,29
963,17.1981,s200,1512.66,1043.82,520,26,29
964,17.2141,s200,482.94,71.04,396,31,21
964,17.2141,s200,1022.48,152.82,659,32,34
964,17.2141,s200,1060.74,168.51,806,35,36
964,17.2141,s200,950.21,220.96,750,34,35
964,17.2141,s200,342.79,438.01,273,20,23
964,17.2141,s200,397.07,451.26,491,32,30
964,17.2141,s200,1646.07,526.00,284,17,30
964,17.2141,s200,1626.84,575.90,424,25,29
964,17.2141,s200,1512.87,1043.74,515,26,29
965,17.2301,s200,482.81,71.00,407,31,21
965,17.2301,s200,1021.87,154.23,700,32,34
965,17.2301,s200,1060.78,168.29,809,35,36
965,17.2301,s200,949.65,221.51,752,34,36
965,17.2301,s200,342.76,437.84,275,21,22
965,17.2301,s200,396.98,451.36,504,32,31
965,17.2301,s200,1645.94,525.79,284,18,30
965,17.2301,s200,1626.88,575.91,414,25,29
965,17.2301,s200,1512.66,1043.88,524,26,29
966,17.2461,s200,482.96,70.98,391,31,21
966,17.2461,s200,1021.21,156.00,734,32,35
966,17.2461,s200,1061.24,168.27,815,36,36
966,17.2461,s200,949.23,222.08,767,34,36
966,17.2461,s200,342.71,437.97,273,21,23
966,17.2461,s200,396.95,451.32,495,32,30
966,17.2461,s200,1646.05,525.78,271,17,30
966,17.2461,s200,1627.10,575.91,427,26,29
966,17.2461,s200,1512.52,1043.88,518,26,29
967,17.2621,s200,482.98,71.08,398,31,21
967,17.2621,s200,1020.51,157.73,761,33,35
967,17.2621,s200,1061.64,168.07,801,36,35
967,17.2621,s200,948.67,222.74,788,33,36
967,17.2621,s200,342.66,438.03,277,21,23
967,17.2621,s200,396.99,451.22,496,32,29
967,17.2621,s200,1646.41,524.02,244,14,26
967,17.2621,s200,1627.05,575.74,428,25,28
967,17.2621,s200,1512.85,1043.81,519,26,29
968,17.2820,s200,482.89,71.10,395,31,21
968,17.2820,s200,1020.01,159.59,777,34,35
968,17.2820,s200,1061.87,167.77,794,35,35
968,17.2820,s200,948.33,223.21,783,34,36
968,17.2820,s200,342.69,437.89,277,21,24
968,17.2820,s200,396.91,451.26,499,33,29
968,17.2820,s200,1646.41,525.01,258,14,29
968,17.2820,s200,1626.93,575.90,419,25,28
968,17.2820,s200,1512.66,1043.70,517,26,29
969,17.2982,s200,483.05,71.09,398,31,21
969,17.2982,s200,1019.32,161.62,787,33,35
969,17.2982,s200,1062.24,167.71,791,35,35
969,17.2982,s200,947.82,223.68,784,33,36
969,17.2982,s200,342.74,437.97,273,21,23
969,17.2982,s200,396.97,451.19,501,32,30
969,17.2982,s200,1646.54,525.41,279,15,29
969,17.2982,s200,1626.97,575.85,430,27,29
969,17.2982,s200,1512.64,1043.79,522,26,29
970,17.3146,stop,483.01,70.98,403,31,21
970,17.3146,stop,1018.44,163.41,804,34,36
970,17.3146,stop,1062.51,167.61,792,35,35
970,17.3146,stop,947.52,223.99,783,33,36
970,17.3146,stop,342.73,437.91,274,20,23
970,17.3146,stop,397.04,451.24,488,33,30
970,17.3146,stop,1646.08,525.84,293,17,30
970,17.3146,stop,1626.81,575.94,418,25,29
970,17.3146,stop,1512.76,1043.62,528,26,29
971,17.3301,stop,483.05,70.98,389,31,21
971,17.3301,stop,1018.09,164.38,825,34,37
971,17.3301,stop,1062.81,167.63,777,35,35
971,17.3301,stop,946.99,224.39,776,34,36
971,17.3301,stop,342.66,438.14,279,21,24
971,17.3301,stop,396.97,451.37,495,33,29
971,17.3301,stop,1646.43,525.01,255,14,29
971,17.3301,stop,1626.95,575.79,422,26,29
971,17.3301,stop,1512.76,1043.78,525,26,29
972,17.3461,stop,483.02,70.98,402,31,21
972,17.3461,stop,1017.50,165.91,849,34,37
972,17.3461,stop,1062.95,167.56,779,34,35
972,17.3461,stop,946.64,224.48,770,33,36
972,17.3461,stop,342.76,437.96,275,21,23
972,17.3461,stop,397.01,451.21,494,33,30
972,17.3461,stop,1646.41,524.57,278,15,29
972,17.3461,stop,1626.96,575.81,427,25,29
972,17.3461,stop,1512.58,1043.84,514,26,29
973,17.3622,stop,483.07,71.04,404,31,21
973,17.3622,stop,1017.13,167.00,840,35,37
973,17.3622,stop,1063.16,167.63,769,34,35
973,17.3622,stop,946.40,224.71,774,34,36
973,17.3622,stop,342.73,438.18,279,21,24
973,17.3622,stop,396.93,451.23,496,32,30
973,17.3622,stop,1646.10,525.76,278,17,29
973,17.3622,stop,1627.04,575.86,428,26,29
973,17.3622,stop,1512.67,1043.91,523,26,29
974,17.3821,stop,482.96,71.00,400,31,21
974,17.3821,stop,1016.63,168.01,831,34,37
974,17.3821,stop,1063.33,167.63,765,34,35
974,17.3821,stop,946.11,224.68,760,34,36
974,17.3821,stop,342.72,438.01,274,21,23
974,17.3821,stop,396.90,451.27,492,32,29
974,17.3821,stop,1646.04,526.06,282,17,30
974,17.3821,stop,1627.00,575.87,416,25,28
974,17.3821,stop,1512.69,1043.73,515,26,29
975,17.3984,stop,482.94,71.04,399,31,21
975,17.3984,stop,1063.54,167.83,765,34,35
975,17.3984,stop,1016.23,168.96,835,34,36
975,17.3984,stop,945.95,224.68,770,34,36
975,17.3984,stop,342.85,438.02,266,21,23
975,17.3984,stop,396.94,451.16,497,32,30
975,17.3984,stop,1646.10,525.48,274,17,29
975,17.3984,stop,1627.03,575.74,422,25,28
975,17.3984,stop,1512.80,1043.74,531,26,29
976,17.4160,stop,483.02,70.97,397,31,21
976,17.4160,stop,1063.47,167.98,769,34,35
976,17.4160,stop,1016.06,169.77,832,34,36
976,17.4160,stop,945.78,224.48,762,33,36
976,17.4160,stop,342.84,437.95,271,20,23
976,17.4160,stop,397.00,451.28,493,32,30
976,17.4160,stop,1646.08,525.86,280,18,30
976,17.4160,stop,1626.86,575.72,421,26,28
976,17.4160,stop,1512.57,1043.82,522,26,29
977,17.4322,stop,483.27,71.06,402,31,21
977,17.4322,stop,1063.47,168.17,776,34,35
977,17.4322,stop,1015.79,170.69,837,33,37
977,17.4322,stop,945.50,224.19,752,33,36
977,17.4322,stop,342.79,437.87,277,21,23
977,17.4322,stop,396.99,451.19,504,33,29
977,17.4322,stop,1645.99,526.01,282,17,30
977,17.4322,stop,1626.94,575.82,424,25,29
977,17.4322,stop,1512.83,1043.87,516,26,29
978,17.4474,stop,483.16,71.07,399,31,21
978,17.4474,stop,1063.29,168.05,789,34,35
978,17.4474,stop,1015.36,171.33,832,32,37
978,17.4474,stop,945.71,224.06,771,33,35
978,17.4474,stop,342.61,438.04,276,21,23
978,17.4474,stop,397.09,451.21,490,32,30
978,17.4474,stop,1646.51,525.44,271,14,30
978,17.4474,stop,1626.83,576.18,420,25,29
978,17.4474,stop,1512.78,1043.75,524,25,29
979,17.4645,stop,483.15,71.01,404,31,21
979,17.4645,stop,1063.19,168.06,777,34,36
979,17.4645,stop,1015.38,171.83,839,32,38
979,17.4645,stop,945.79,223.69,770,33,36
979,17.4645,stop,342.67,438.05,275,21,23
979,17.4645,stop,396.88,451.24,496,32,29
979,17.4645,stop,1646.45,525.21,271,14,30
979,17.4645,stop,1627.00,576.11,424,25,29
979,17.4645,stop,1512.68,1043.81,527,26,29
980,17.4821,stop,483.17,71.08,402,31,21
980,17.4821,stop,1062.44,167.22,734,33,35
980,17.4821,stop,1015.58,172.04,840,32,38
980,17.4821,stop,945.77,223.17,768,33,35
980,17.4821,stop,342.85,437.95,269,21,22
980,17.4821,stop,396.93,451.28,496,32,30
980,17.4821,stop,1645.82,526.03,281,18,30
980,17.4821,stop,1626.84,575.94,427,26,29
980,17.4821,stop,1512.83,1043.77,530,26,29
981,17.4981,stop,482.92,70.98,393,31,21
981,17.4981,stop,1062.84,167.68,774,33,35
981,17.4981,stop,1015.36,172.58,853,34,38
981,17.4981,stop,945.86,222.82,761,33,36
981,17.4981,stop,342.82,438.02,270,21,23
981,17.4981,stop,397.03,451.35,493,33,29
981,17.4981,stop,1646.21,525.77,284,17,30
981,17.4981,stop,1626.83,575.91,422,26,29
981,17.4981,stop,1512.74,1043.75,521,26,29
982,17.5154,stop,482.92,71.03,391,31,21
982,17.5154,stop,1014.91,173.05,890,34,39
982,17.5154,stop,1062.64,168.21,737,33,30
982,17.5154,stop,945.97,222.20,763,33,35
982,17.5154,stop,342.66,437.68,263,21,22
982,17.5154,stop,396.97,451.41,488,33,29
982,17.5154,stop,1646.15,525.93,290,18,30
982,17.5154,stop,1626.72,575.98,419,24,29
982,17.5154,stop,1512.78,1043.86,521,26,29
983,17.5314,stop,483.33,70.98,399,31,21
983,17.5314,stop,1062.34,168.03,729,34,31
983,17.5314,stop,1015.04,173.30,887,35,37
983,17.5314,stop,946.35,221.90,763,34,35
983,17.5314,stop,342.66,438.02,279,21,22
983,17.5314,stop,396.94,451.32,498,32,29
983,17.5314,stop,1646.26,525.80,279,17,30
983,17.5314,stop,1626.93,575.84,423,26,29
983,17.5314,stop,1512.70,1043.97,517,26,29
984,17.5475,stop,482.77,70.94,398,31,21
984,17.5475,stop,1062.06,167.99,743,35,33
984,17.5475,stop,1015.33,173.62,861,35,37
984,17.5475,stop,946.48,221.56,756,34,36
984,17.5475,stop,342.66,437.97,275,21,23
984,17.5475,stop,396.94,451.29,500,32,30
984,17.5475,stop,1645.99,526.17,278,16,30
984,17.5475,stop,1627.08,575.74,423,25,29
984,17.5475,stop,1512.72,1043.69,519,26,29
985,17.5629,stop,483.00,70.92,394,31,21
985,17.5629,stop,1061.90,167.89,754,34,35
985,17.5629,stop,1015.75,173.77,833,34,37
985,17.5629,stop,946.69,221.35,761,33,35
985,17.5629,stop,342.66,437.88,273,21,23
985,17.5629,stop,397.18,451.31,488,33,29
985,17.5629,stop,1645.98,525.64,292,17,30
985,17.5629,stop,1626.75,575.69,411,26,28
985,17.5629,stop,1512.67,1043.93,523,26,29
986,17.5821,stop,483.04,71.09,400,31,21
986,17.5821,stop,1061.83,167.45,761,34,35
986,17.5821,stop,1016.04,173.48,813,34,36
986,17.5821,stop,946.86,221.16,766,34,35
986,17.5821,stop,342.59,437.90,270,21,22
986,17.5821,stop,397.06,451.30,498,33,29
986,17.5821,stop,1645.98,526.17,280,17,30
986,17.5821,stop,1626.98,575.96,423,25,29
986,17.5821,stop,1512.60,1043.94,517,26,29
987,17.5981,stop,483.07,71.06,409,31,21
987,17.5981,stop,1061.99,166.89,798,35,34
987,17.5981,stop,1016.09,172.66,785,34,36
987,17.5981,stop,947.20,221.13,762,34,35
987,17.5981,stop,342.77,437.96,270,21,23
987,17.5981,stop,396.92,451.33,489,32,29
987,17.5981,stop,1645.98,525.60,279,17,29
987,17.5981,stop,1627.05,575.75,419,26,29
987,17.5981,stop,1512.70,1043.79,524,26,29
988,17.6141,stop,483.05,71.02,404,31,21
988,17.6141,stop,1061.27,167.30,751,35,36
988,17.6141,stop,1016.45,172.80,825,34,36
988,17.6141,stop,947.33,221.35,775,34,36
988,17.6141,stop,342.44,437.92,275,21,22
988,17.6141,stop,397.05,451.36,497,32,29
988,17.6141,stop,1646.01,525.94,283,17,30
988,17.6141,stop,1626.87,575.78,411,26,29
988,17.6141,stop,1512.76,1043.77,522,26,29
989,17.6302,stop,482.88,70.85,395,31,21
989,17.6302,stop,1061.98,166.63,792,35,37
989,17.6302,stop,1016.64,172.37,827,35,35
989,17.6302,stop,947.26,221.68,762,34,36
989,17.6302,stop,342.62,437.68,268,21,23
989,17.6302,stop,396.95,451.22,491,33,29
989,17.6302,stop,1646.53,525.07,266,14,29
989,17.6302,stop,1626.82,575.91,424,26,29
989,17.6302,stop,1512.76,1043.73,515,26,29
990,17.6461,stop,483.04,70.96,402,31,21
990,17.6461,stop,1061.89,166.96,816,36,37
990,17.6461,stop,1016.71,171.55,816,35,36
990,17.6461,stop,947.09,222.07,775,34,36
990,17.6461,stop,342.65,437.88,279,21,22
990,17.6461,stop,396.91,451.21,488,32,29
990,17.6461,stop,1646.05,525.85,278,17,29
990,17.6461,stop,1627.06,576.01,425,26,29
990,17.6461,stop,1512.68,1043.82,518,26,29
991,17.6661,stop,482.92,71.09,394,31,21
991,17.6661,stop,1061.41,167.50,817,36,38
991,17.6661,stop,1016.90,170.95,817,35,35
991,17.6661,stop,947.04,221.88,825,34,35
991,17.6661,stop,342.81,437.84,269,21,23
991,17.6661,stop,396.98,451.33,504,33,29
991,17.6661,stop,1646.52,524.81,264,14,29
991,17.6661,stop,1626.90,575.90,426,26,29
991,17.6661,stop,1512.99,1043.72,508,26,29
992,17.6821,stop,482.81,70.97,396,31,21
992,17.6821,stop,1061.27,167.63,821,35,37
992,17.6821,stop,1016.61,170.57,835,35,35
992,17.6821,stop,947.18,222.65,785,34,33
992,17.6821,stop,342.86,437.94,272,21,23
992,17.6821,stop,396.98,451.25,491,32,30
992,17.6821,stop,1646.08,525.98,291,18,30
992,17.6821,stop,1627.01,575.83,427,25,29
992,17.6821,stop,1512.76,1043.69,510,26,29
993,17.6981,stop,483.01,70.85,401,31,21
993,17.6981,stop,1061.13,167.77,831,34,37
993,17.6981,stop,1016.61,169.87,839,35,35
993,17.6981,stop,946.62,222.61,846,33,34
993,17.6981,stop,342.56,438.18,285,21,23
993,17.6981,stop,396.92,451.31,493,32,29
993,17.6981,stop,1646.48,524.79,274,15,30
993,17.6981,stop,1626.85,575.85,421,25,28
993,17.6981,stop,1512.79,1043.78,523,26,29
994,17.7151,stop,482.95,71.02,398,31,21
994,17.7151,stop,1016.70,169.08,821,35,35
994,17.7151,stop,1060.82,168.11,842,34,37
994,17.7151,stop,946.19,222.83,850,33,34
994,17.7151,stop,342.85,437.80,272,21,23
994,17.7151,stop,397.12,451.34,490,32,29
994,17.7151,stop,1646.44,524.89,271,14,29
994,17.7151,stop,1626.97,575.80,431,25,29
994,17.7151,stop,1512.72,1043.82,524,26,29
995,17.7301,stop,483.17,70.98,402,31,21
995,17.7301,stop,1016.69,167.62,761,33,34
995,17.7301,stop,1061.07,168.60,811,34,37
995,17.7301,stop,946.02,223.08,834,34,36
995,17.7301,stop,342.71,437.96,279,21,22
995,17.7301,stop,397.08,451.38,484,32,29
995,17.7301,stop,1646.35,525.42,279,15,30
995,17.7301,stop,1626.91,575.92,423,26,29
995,17.7301,stop,1512.70,1043.60,522,26,29
996,17.7462,stop,482.96,71.01,394,31,21
996,17.7462,stop,1061.02,168.37,790,33,36
996,17.7462,stop,1017.13,167.03,651,30,31
996,17.7462,stop,945.81,223.22,815,34,37
996,17.7462,stop,342.73,437.76,270,21,23
996,17.7462,stop,397.07,451.32,493,32,29
996,17.7462,stop,1645.91,525.91,282,17,30
996,17.7462,stop,1626.78,575.98,419,24,29
996,17.7462,stop,1512.91,1043.61,515,25,29
997,17.7660,stop,483.00,71.08,389,31,21
997,17.7660,stop,1017.74,165.80,575,31,31
997,17.7660,stop,1060.68,167.88,772,33,35
997,17.7660,stop,945.65,222.95,785,32,36
997,17.7660,stop,342.69,437.97,275,21,23
997,17.7660,stop,396.99,451.27,491,33,29
997,17.7660,stop,1646.28,525.26,262,14,29
997,17.7660,stop,1626.91,575.98,417,26,28
997,17.7660,stop,1512.73,1043.82,513,26,29
998,17.7821,stop,483.17,71.04,393,31,21
998,17.7821,stop,1018.54,164.40,526,29,30
998,17.7821,stop,1060.87,167.38,721,33,35
998,17.7821,stop,945.74,222.37,797,33,34
998,17.7821,stop,342.88,438.05,272,21,23
998,17.7821,stop,397.05,451.33,486,32,29
998,17.7821,stop,1646.21,525.46,280,16,29
998,17.7821,stop,1626.91,575.94,422,25,29
998,17.7821,stop,1512.74,1043.62,518,26,29
999,17.7981,stop,483.20,71.05,403,31,21
999,17.7981,stop,1017.99,162.78,446,26,28
999,17.7981,stop,1061.23,167.07,660,31,34
999,17.7981,stop,945.62,221.64,774,32,33
999,17.7981,stop,342.87,437.79,269,20,22
999,17.7981,stop,396.88,451.12,496,32,30
999,17.7981,stop,1646.49,525.31,273,14,30
999,17.7981,stop,1626.84,575.90,425,25,29
999,17.7981,stop,1512.55,1043.64,522,26,29
1000,17.8142,stop,482.99,71.11,394,31,21
1000,17.8142,stop,1017.83,160.69,369,25,27
1000,17.8142,stop,1061.71,166.10,640,30,34
1000,17.8142,stop,945.72,221.00,758,32,32
1000,17.8142,stop,342.61,438.09,276,21,23
1000,17.8142,stop,397.04,451.32,493,33,30
1000,17.8142,stop,1646.36,524.66,259,13,29
1000,17.8142,stop,1626.95,576.08,421,26,29
1000,17.8142,stop,1512.85,1043.80,520,25,29
1001,17.8301,stop,483.01,71.01,397,31,21
1001,17.8301,stop,1017.89,158.99,298,23,22
1001,17.8301,stop,1062.83,164.88,628,29,33
1001,17.8301,stop,945.87,220.45,724,33,32
1001,17.8301,stop,342.72,438.07,275,21,23
1001,17.8301,stop,396.92,451.24,496,33,30
1001,17.8301,stop,1646.46,524.98,263,14,29
1001,17.8301,stop,1626.99,575.86,421,25,29
1001,17.8301,stop,1512.77,1043.98,524,26,29
1002,17.8462,stop,483.04,70.96,402,31,21
1002,17.8462,stop,1017.49,158.21,268,21,21
1002,17.8462,stop,1063.83,163.75,644,29,33
1002,17.8462,stop,945.93,220.17,684,32,31
1002,17.8462,stop,342.80,437.91,271,21,23
1002,17.8462,stop,396.86,451.16,491,32,30
1002,17.8462,stop,1646.45,525.27,274,15,29
1002,17.8462,stop,1626.97,575.93,420,25,29
1002,17.8462,stop,1512.75,1043.71,524,26,29
1003,17.8660,stop,483.06,71.07,390,31,21
1003,17.8660,stop,1019.57,157.06,276,24,22
1003,17.8660,stop,1065.20,162.24,633,29,34
1003,17.8660,stop,945.97,219.97,641,33,30
1003,17.8660,stop,342.74,437.84,269,21,22
1003,17.8660,stop,396.94,451.30,487,33,29
1003,17.8660,stop,1645.95,525.96,283,17,30
1003,17.8660,stop,1626.84,575.87,425,26,29
1003,17.8660,stop,1512.83,1043.71,528,26,29
1004,17.8821,stop,482.93,70.99,401,31,21
1004,17.8821,stop,1066.39,160.80,631,28,33
1004,17.8821,stop,1019.98,155.74,246,21,22
1004,17.8821,stop,945.83,220.78,519,28,28
1004,17.8821,stop,342.84,437.89,271,21,22
1004,17.8821,stop,396.94,451.23,493,32,30
1004,17.8821,stop,1646.46,524.18,245,15,26
1004,17.8821,stop,1626.93,576.02,417,26,28
1004,17.8821,stop,1513.08,1043.68,513,25,29
1005,17.8982,stop,482.97,71.05,399,31,21
1005,17.8982,stop,1067.66,159.30,633,28,34
1005,17.8982,stop,1022.23,154.77,261,24,20
1005,17.8982,stop,945.37,220.62,519,29,28
1005,17.8982,stop,342.63,438.12,269,21,23
1005,17.8982,stop,397.07,451.34,496,33,29
1005,17.8982,stop,1646.42,525.18,274,15,29
1005,17.8982,stop,1627.05,575.78,419,25,29
1005,17.8982,stop,1512.78,1043.68,515,26,29
1006,17.9144,stop,483.00,71.03,401,31,21
1006,17.9144,stop,1069.27,157.73,630,28,34
1006,17.9144,stop,1024.22,153.97,259,24,21
1006,17.9144,stop,946.07,221.43,465,28,27
1006,17.9144,stop,342.74,437.99,279,20,23
1006,17.9144,stop,397.02,451.41,482,33,29
1006,17.9144,stop,1646.06,525.92,289,18,30
1006,17.9144,stop,1626.82,576.05,422,25,29
1006,17.9144,stop,1512.70,1043.89,522,26,29
1007,17.9301,stop,483.13,71.14,401,31,21
1007,17.9301,stop,1070.97,155.89,658,30,35
1007,17.9301,stop,1026.27,153.37,274,24,22
1007,17.9301,stop,946.21,221.83,434,27,26
1007,17.9301,stop,342.89,437.91,270,21,22
1007,17.9301,stop,397.03,451.31,496,32,29
1007,17.9301,stop,1646.56,525.06,266,14,29
1007,17.9301,stop,1626.91,576.05,421,26,29
1007,17.9301,stop,1512.67,1044.00,516,26,29
1008,17.9462,stop,482.99,71.03,396,31,21
1008,17.9462,stop,1072.89,153.92,674,29,35
1008,17.9462,stop,1028.85,152.49,287,25,22
1008,17.9462,stop,946.35,222.35,427,27,26
1008,17.9462,stop,342.18,437.37,253,20,22
1008,17.9462,stop,397.20,451.40,490,32,30
1008,17.9462,stop,1646.56,525.04,264,15,29
1008,17.9462,stop,1626.98,575.92,433,26,29
1008,17.9462,stop,1513.05,1043.44,507,26,29
1009,17.9661,stop,483.14,71.09,396,31,21
1009,17.9661,stop,1075.01,151.84,686,29,35
1009,17.9661,stop,1032.32,152.14,313,31,22
1009,17.9661,stop,946.51,223.04,406,27,25
1009,17.9661,stop,342.72,437.97,272,21,23
1009,17.9661,stop,397.03,451.21,494,32,29
1009,17.9661,stop,1646.31,525.03,258,14,29
1009,17.9661,stop,1626.95,575.96,424,26,29
1009,17.9661,stop,1512.64,1043.82,524,26,29
1010,17.9821,stop,482.97,71.00,390,31,21
1010,17.9821,stop,1077.01,149.62,712,30,36
1010,17.9821,stop,1034.71,151.10,302,24,21
1010,17.9821,stop,946.63,223.94,401,27,26
1010,17.9821,stop,342.92,437.77,266,20,23
1010,17.9821,stop,397.08,451.36,492,32,29
1010,17.9821,stop,1646.41,525.16,277,15,29
1010,17.9821,stop,1626.95,575.82,420,25,29
1010,17.9821,stop,1512.72,1043.76,521,26,29
1011,17.9982,stop,483.01,71.06,391,31,21
1011,17.9982,stop,1079.24,147.30,724,31,36
1011,17.9982,stop,1037.42,150.68,301,26,21
1011,17.9982,stop,946.61,224.57,408,27,26
1011,17.9982,stop,342.84,438.01,272,21,23
1011,17.9982,stop,396.97,451.32,497,33,29
1011,17.9982,stop,1646.34,524.93,268,15,29
1011,17.9982,stop,1627.00,575.93,423,25,29
1011,17.9982,stop,1512.75,1043.88,524,26,29
1012,18.0141,stop,483.13,71.00,402,31,21
1012,18.0141,stop,1081.66,144.86,731,30,36
1012,18.0141,stop,1040.64,150.37,293,26,20
1012,18.0141,stop,946.53,225.90,392,26,25
1012,18.0141,stop,342.95,437.72,271,21,23
1012,18.0141,stop,397.26,450.65,527,32,31
1012,18.0141,stop,1645.78,525.71,287,18,29
1012,18.0141,stop,1626.93,575.75,428,26,29
1012,18.0141,stop,1512.70,1043.84,521,26,29
1013,18.0302,stop,482.79,71.01,402,31,21
1013,18.0302,stop,1084.06,142.17,732,30,35
1013,18.0302,stop,1044.54,150.36,313,26,20
1013,18.0302,stop,946.47,227.19,397,26,26
1013,18.0302,stop,342.98,437.84,266,21,23
1013,18.0302,stop,396.94,451.24,490,33,29
1013,18.0302,stop,1645.97,525.70,284,17,29
1013,18.0302,stop,1627.07,575.62,416,25,28
1013,18.0302,stop,1512.60,1043.88,521,26,29
1014,18.0461,stop,483.09,71.01,392,31,21
1014,18.0461,stop,1086.54,139.63,735,31,36
1014,18.0461,stop,1047.55,150.72,307,26,20
1014,18.0461,stop,946.13,228.67,397,26,27
1014,18.0461,stop,342.52,437.99,276,21,23
1014,18.0461,stop,396.96,451.26,496,33,30
1014,18.0461,stop,1645.81,525.89,269,17,30
1014,18.0461,stop,1626.93,575.90,424,25,29
1014,18.0461,stop,1512.73,1043.77,517,26,29
1015,18.0661,stop,482.85,71.03,399,31,21
1015,18.0661,stop,1089.01,136.82,756,30,36
1015,18.0661,stop,1051.52,150.91,330,32,20
1015,18.0661,stop,945.66,230.11,401,25,26
1015,18.0661,stop,342.73,437.92,273,21,22
1015,18.0661,stop,396.92,451.25,499,33,30
1015,18.0661,stop,1645.84,525.53,287,18,29
1015,18.0661,stop,1626.94,575.93,421,26,28
1015,18.0661,stop,1512.83,1043.70,506,26,29
1016,18.0825,stop,482.96,70.91,405,31,21
1016,18.0825,stop,1091.86,134.01,766,32,36
1016,18.0825,stop,1054.95,151.88,401,37,19
1016,18.0825,stop,944.89,230.79,418,22,30
1016,18.0825,stop,343.00,437.85,269,20,23
1016,18.0825,stop,397.06,451.40,495,32,29
1016,18.0825,stop,1646.56,525.08,263,14,29
1016,18.0825,stop,1626.95,575.73,427,25,29
1016,18.0825,stop,1512.67,1043.84,516,26,29
1017,18.0981,stop,482.80,71.05,407,31,21
1017,18.0981,stop,1094.97,130.88,808,33,37
1017,18.0981,stop,1058.38,153.01,442,36,20
1017,18.0981,stop,944.88,233.39,386,24,26
1017,18.0981,stop,342.73,437.99,273,21,23
1017,18.0981,stop,397.00,451.28,499,32,29
1017,18.0981,stop,1645.90,525.99,282,17,29
1017,18.0981,stop,1626.95,575.86,435,26,29
1017,18.0981,stop,1512.63,1043.69,514,26,29
1018,18.1141,stop,482.79,70.97,396,31,21
1018,18.1141,stop,1097.75,127.34,835,34,37
1018,18.1141,stop,1060.85,155.07,422,31,20
1018,18.1141,stop,943.72,234.86,408,26,27
1018,18.1141,stop,342.71,437.91,276,21,23
1018,18.1141,stop,396.97,451.41,492,33,29
1018,18.1141,stop,1646.23,524.80,255,15,29
1018,18.1141,stop,1626.98,575.84,422,25,29
1018,18.1141,stop,1512.60,1043.73,522,25,29
1019,18.1337,stop,482.95,70.97,401,31,21
1019,18.1337,stop,1100.88,124.19,849,34,38
1019,18.1337,stop,1065.96,155.80,481,32,25
1019,18.1337,stop,943.09,236.76,408,26,26
1019,18.1337,stop,342.67,437.75,274,21,22
1019,18.1337,stop,396.90,451.14,496,33,30
1019,18.1337,stop,1646.21,526.20,285,18,29
1019,18.1337,stop,1626.96,575.74,423,26,29
1019,18.1337,stop,1512.68,1043.67,517,26,29
1020,18.1497,stop,482.97,71.02,392,31,21
1020,18.1497,stop,1103.66,120.71,861,34,40
1020,18.1497,stop,1068.95,158.78,460,34,22
1020,18.1497,stop,941.48,237.87,438,26,30
1020,18.1497,stop,342.65,437.97,283,21,23
1020,18.1497,stop,396.77,451.27,501,33,29
1020,18.1497,stop,1646.13,525.75,290,17,29
1020,18.1497,stop,1627.10,575.76,414,25,28
1020,18.1497,stop,1512.69,1043.77,519,26,29
1021,18.1662,stop,482.80,70.94,397,31,21
1021,18.1662,stop,1106.04,116.58,869,34,40
1021,18.1662,stop,1073.67,160.13,526,32,26
1021,18.1662,stop,940.17,239.60,437,25,30
1021,18.1662,stop,342.81,437.81,264,21,22
1021,18.1662,stop,397.07,451.30,491,33,30
1021,18.1662,stop,1645.70,525.85,285,18,29
1021,18.1662,stop,1627.07,575.76,433,25,29
1021,18.1662,stop,1512.83,1043.50,515,26,29
1022,18.1822,stop,482.85,70.95,396,31,21
1022,18.1822,stop,1108.95,112.94,835,34,38
1022,18.1822,stop,1076.66,162.86,504,32,24
1022,18.1822,stop,938.82,241.94,440,26,30
1022,18.1822,stop,342.62,438.11,279,21,24
1022,18.1822,stop,397.07,451.58,492,32,30
1022,18.1822,stop,1646.42,525.08,277,14,29
1022,18.1822,stop,1626.96,575.81,416,25,28
1022,18.1822,stop,1512.60,1043.65,529,26,29
1023,18.1982,stop,483.12,70.98,397,31,21
1023,18.1982,stop,1111.14,109.29,737,32,34
1023,18.1982,stop,1081.28,164.62,593,33,28
1023,18.1982,stop,937.63,244.58,419,26,28
1023,18.1982,stop,342.52,437.92,271,21,22
1023,18.1982,stop,396.90,451.25,502,33,30
1023,18.1982,stop,1646.34,524.06,248,14,27
1023,18.1982,stop,1627.00,576.18,425,26,29
1023,18.1982,stop,1512.81,1043.66,523,26,29
1024,18.2141,stop,482.80,71.00,405,31,21
1024,18.2141,stop,1114.35,105.94,680,31,33
1024,18.2141,stop,1084.66,168.07,568,32,27
1024,18.2141,stop,935.24,245.94,459,26,31
1024,18.2141,stop,342.65,437.96,280,21,23
1024,18.2141,stop,396.92,451.17,501,33,30
1024,18.2141,stop,1645.96,526.11,292,18,30
1024,18.2141,stop,1626.90,575.91,419,26,29
1024,18.2141,stop,1512.83,1043.76,519,26,29
1025,18.2307,stop,482.90,71.08,397,31,21
1025,18.2307,stop,1118.19,103.58,635,32,32
1025,18.2307,stop,1088.53,169.86,615,31,30
1025,18.2307,stop,933.28,248.00,465,26,29
1025,18.2307,stop,342.61,437.92,277,21,23
1025,18.2307,stop,397.08,451.26,503,32,30
1025,18.2307,stop,1645.76,525.88,303,18,30
1025,18.2307,stop,1626.91,575.81,424,26,28
1025,18.2307,stop,1512.65,1043.91,517,26,29
1026,18.2461,stop,482.78,70.97,400,31,21
1026,18.2461,stop,1120.89,99.15,619,31,32
1026,18.2461,stop,1091.80,172.70,601,29,30
1026,18.2461,stop,931.63,250.42,482,27,30
1026,18.2461,stop,342.76,437.80,278,21,23
1026,18.2461,stop,397.06,451.37,486,32,29
1026,18.2461,stop,1645.69,525.98,290,17,30
1026,18.2461,stop,1626.95,575.86,418,26,29
1026,18.2461,stop,1512.82,1043.70,519,26,29
1027,18.2661,stop,482.97,70.93,401,31,21
1027,18.2661,stop,1122.70,95.56,558,25,32
1027,18.2661,stop,1094.63,176.16,564,28,30
1027,18.2661,stop,929.65,252.91,536,28,30
1027,18.2661,stop,342.62,437.83,276,21,23
1027,18.2661,stop,397.07,451.34,494,32,30
1027,18.2661,stop,1646.32,525.02,253,15,29
1027,18.2661,stop,1626.93,575.94,430,26,29
1027,18.2661,stop,1512.78,1043.65,515,26,29
1028,18.2821,stop,483.00,71.13,401,31,21
1028,18.2821,stop,1125.97,93.51,461,24,29
1028,18.2821,stop,1097.86,179.23,564,27,32
1028,18.2821,stop,928.02,256.06,548,29,30
1028,18.2821,stop,342.94,437.93,266,21,23
1028,18.2821,stop,396.94,451.28,497,32,30
1028,18.2821,stop,1645.81,525.90,285,18,29
1028,18.2821,stop,1626.80,575.99,419,26,29
1028,18.2821,stop,1512.69,1043.89,521,26,29
1029,18.2991,stop,482.92,70.99,391,31,21
1029,18.2991,stop,1128.87,90.24,440,24,28
1029,18.2991,stop,1100.64,182.14,553,26,32
1029,18.2991,stop,925.45,258.23,612,30,31
1029,18.2991,stop,342.76,437.91,273,21,22
1029,18.2991,stop,397.10,451.39,486,33,29
1029,18.2991,stop,1645.95,525.80,271,16,30
1029,18.2991,stop,1627.03,575.82,422,25,28
1029,18.2991,stop,1512.78,1043.74,518,26,29
1030,18.3150,stop,482.97,70.90,400,31,21
1030,18.3150,stop,1130.63,86.97,440,26,27
1030,18.3150,stop,1103.37,185.23,545,25,34
1030,18.3150,stop,924.56,261.45,677,34,33
1030,18.3150,stop,342.72,437.60,268,20,23
1030,18.3150,stop,397.04,451.28,495,33,29
1030,18.3150,stop,1645.77,526.07,287,17,29
1030,18.3150,stop,1626.87,575.97,418,25,29
1030,18.3150,stop,1512.77,1043.83,529,25,29
1031,18.3315,stop,482.77,70.93,396,31,21
1031,18.3315,stop,1132.90,84.78,364,23,24
1031,18.3315,stop,1105.76,188.30,545,26,35
1031,18.3315,stop,921.83,263.11,758,35,34
1031,18.3315,stop,342.73,438.00,278,21,23
1031,18.3315,stop,396.94,451.32,498,32,29
1031,18.3315,stop,1645.74,525.90,293,18,30
1031,18.3315,stop,1627.07,575.76,434,26,29
1031,18.3315,stop,1512.70,1043.98,516,27,29
1032,18.3501,stop,482.99,71.07,394,31,21
1032,18.3501,stop,1134.71,82.57,313,25,21
1032,18.3501,stop,1107.58,191.04,549,24,35
1032,18.3501,stop,919.70,265.41,759,33,34
1032,18.3501,stop,342.72,437.91,275,21,22
1032,18.3501,stop,396.87,451.18,494,32,30
1032,18.3501,stop,1646.21,525.74,293,17,30
1032,18.3501,stop,1626.94,575.83,426,26,29
1032,18.3501,stop,1513.02,1043.48,515,26,29
1033,18.3662,stop,483.13,71.01,393,31,21
1033,18.3662,stop,1136.67,81.31,237,22,17
1033,18.3662,stop,1109.49,193.92,561,24,35
1033,18.3662,stop,917.61,268.09,743,32,34
1033,18.3662,stop,342.72,438.01,271,21,23
1033,18.3662,stop,396.92,451.22,493,33,29
1033,18.3662,stop,1646.20,525.90,282,16,30
1033,18.3662,stop,1627.01,575.68,425,25,29
1033,18.3662,stop,1512.67,1043.86,528,28,29
1034,18.3822,stop,482.69,71.08,397,31,21
1034,18.3822,stop,1111.16,197.03,547,24,33
1034,18.3822,stop,915.55,270.78,725,32,34
1034,18.3822,stop,342.87,437.80,272,21,22
1034,18.3822,stop,396.89,451.37,490,32,29
1034,18.3822,stop,1645.94,525.71,286,17,30
1034,18.3822,stop,1626.94,575.91,422,26,29
1034,18.3822,stop,1512.91,1043.83,516,26,29
1035,18.4469,stop,482.90,71.00,405,31,21
1035,18.4469,stop,1112.62,199.85,550,24,34
1035,18.4469,stop,913.68,273.00,698,31,35
1035,18.4469,stop,342.73,437.75,265,21,22
1035,18.4469,stop,396.99,451.30,490,32,29
1035,18.4469,stop,1646.00,525.96,296,17,30
1035,18.4469,stop,1627.00,575.67,427,26,29
1035,18.4469,stop,1513.01,1043.75,499,25,29
1036,18.5185,stop,483.03,71.09,404,31,21
1036,18.5185,stop,1113.85,202.35,565,24,35
1036,18.5185,stop,911.58,275.17,695,31,35
1036,18.5185,stop,342.63,437.88,283,21,23
1036,18.5185,stop,396.97,451.24,496,32,30
1036,18.5185,stop,1646.14,525.65,263,18,29
1036,18.5185,stop,1627.02,575.99,434,25,29
1036,18.5185,stop,1512.71,1043.93,519,27,29
1037,18.5826,stop,482.71,71.04,400,31,21
1037,18.5826,stop,1114.73,205.22,572,25,35
1037,18.5826,stop,909.73,277.15,692,31,34
1037,18.5826,stop,342.88,437.85,263,21,23
1037,18.5826,stop,397.08,451.31,500,32,31
1037,18.5826,stop,1646.52,525.04,274,14,29
1037,18.5826,stop,1627.06,575.80,427,25,29
1037,18.5826,stop,1512.72,1043.89,518,26,29
1038,18.6456,stop,483.09,71.08,408,31,21
1038,18.6456,stop,1115.42,207.72,583,25,34
1038,18.6456,stop,907.65,279.22,684,30,34
1038,18.6456,stop,342.60,437.99,274,21,22
1038,18.6456,stop,397.05,451.39,490,32,29
1038,18.6456,stop,1645.76,525.95,280,17,30
1038,18.6456,stop,1626.95,575.95,422,25,29
1038,18.6456,stop,1512.58,1043.88,512,26,29
1039,18.7083,stop,482.97,71.06,394,31,21
1039,18.7083,stop,1115.83,210.29,594,25,34
1039,18.7083,stop,905.90,281.17,686,30,34
1039,18.7083,stop,342.80,438.14,272,20,23
1039,18.7083,stop,396.91,451.18,491,33,30
1039,18.7083,stop,1646.05,526.01,286,18,30
1039,18.7083,stop,1627.14,575.68,423,25,29
1039,18.7083,stop,1512.94,1043.89,521,26,29
1040,18.7720,stop,483.12,70.94,396,31,21
1040,18.7720,stop,1139.08,81.35,284,25,18
1040,18.7720,stop,1116.58,219.91,750,31,35
1040,18.7720,stop,899.03,289.30,620,29,34
1040,18.7720,stop,342.76,438.09,278,21,24
1040,18.7720,stop,396.84,451.30,494,33,29
1040,18.7720,stop,1646.57,525.03,263,14,29
1040,18.7720,stop,1626.99,575.87,429,26,29
1040,18.7720,stop,1512.60,1043.76,529,26,29
1041,18.7866,stop,483.03,70.99,393,31,21
1041,18.7866,stop,1137.93,84.38,418,31,22
1041,18.7866,stop,1114.73,225.84,748,33,34
1041,18.7866,stop,896.27,294.13,633,30,34
1041,18.7866,stop,342.64,438.01,275,21,23
1041,18.7866,stop,396.98,451.20,500,32,29
1041,18.7866,stop,1646.42,525.12,266,15,30
1041,18.7866,stop,1626.86,575.95,423,25,29
1041,18.7866,stop,1512.72,1043.72,512,26,29
1042,18.8021,s255,483.08,71.10,408,31,21
1042,18.8021,s255,1135.60,85.62,539,33,26
1042,18.8021,s255,1112.92,228.06,677,33,34
1042,18.8021,s255,896.39,297.00,668,31,34
1042,18.8021,s255,342.72,437.68,270,21,23
1042,18.8021,s255,396.87,451.18,495,33,30
1042,18.8021,s255,1646.22,525.58,296,17,30
1042,18.8021,s255,1626.99,576.04,424,26,29
1042,18.8021,s255,1512.81,1043.75,522,26,29
1043,18.8185,s255,482.81,71.13,392,31,21
1043,18.8185,s255,1131.41,87.32,607,33,29
1043,18.8185,s255,1112.28,228.92,718,33,35
1043,18.8185,s255,897.96,299.73,741,33,34
1043,18.8185,s255,342.67,438.17,276,21,24
1043,18.8185,s255,396.97,451.33,488,33,29
1043,18.8185,s255,1645.92,525.56,279,17,29
1043,18.8185,s255,1627.05,575.91,426,25,29
1043,18.8185,s255,1512.79,1043.80,524,26,29
1044,18.8337,s255,483.19,71.13,399,31,21
1044,18.8337,s255,1126.14,87.25,661,33,30
1044,18.8337,s255,1111.84,227.28,772,33,36
1044,18.8337,s255,901.49,300.83,798,34,36
1044,18.8337,s255,343.07,437.82,268,20,23
1044,18.8337,s255,397.01,451.22,496,32,30
1044,18.8337,s255,1645.94,525.98,296,18,29
1044,18.8337,s255,1626.86,575.92,429,26,29
1044,18.8337,s255,1512.91,1043.52,513,28,29
1045,18.8490,s255,482.87,71.09,397,31,21
1045,18.8490,s255,1125.49,87.55,635,33,30
1045,18.8490,s255,1111.98,226.73,765,33,36
1045,18.8490,s255,902.28,300.90,788,34,35
1045,18.8490,s255,342.55,438.06,278,21,23
1045,18.8490,s255,397.04,451.37,492,32,30
1045,18.8490,s255,1645.86,525.52,284,18,31
1045,18.8490,s255,1627.02,575.72,425,25,29
1045,18.8490,s255,1512.81,1043.83,525,26,29
1046,18.8646,s255,482.98,70.99,396,31,21
1046,18.8646,s255,1124.72,87.51,629,33,30
1046,18.8646,s255,1112.06,225.84,777,34,36
1046,18.8646,s255,903.09,300.58,797,34,35
1046,18.8646,s255,342.61,437.88,282,21,23
1046,18.8646,s255,397.02,451.36,493,32,30
1046,18.8646,s255,1646.53,524.89,278,15,29
1046,18.8646,s255,1627.02,575.88,421,25,28
1046,18.8646,s255,1512.90,1043.87,530,26,29
1047,18.8800,s255,482.88,70.97,403,31,21
1047,18.8800,s255,1123.77,87.44,614,33,30
1047,18.8800,s255,1112.40,225.03,779,33,36
1047,18.8800,s255,903.59,299.92,764,35,36
1047,18.8800,s255,342.62,437.99,271,21,22
1047,18.8800,s255,396.90,451.19,491,32,30
1047,18.8800,s255,1646.07,525.85,286,18,29
1047,18.8800,s255,1627.12,575.88,422,25,29
1047,18.8800,s255,1512.75,1043.89,523,25,29
1048,18.8972,s255,483.10,70.95,404,31,21
1048,18.8972,s255,1122.91,87.72,629,30,31
1048,18.8972,s255,1112.31,224.69,818,34,37
1048,18.8972,s255,904.66,299.44,749,35,35
1048,18.8972,s255,342.61,437.95,272,21,23
1048,18.8972,s255,397.09,451.41,498,32,29
1048,18.8972,s255,1646.43,525.03,265,14,29
1048,18.8972,s255,1626.99,575.93,432,25,29
1048,18.8972,s255,1512.65,1043.78,515,26,29
1049,18.9163,s255,482.78,70.97,400,31,21
1049,18.9163,s255,1122.08,87.83,630,31,31
1049,18.9163,s255,1112.41,223.49,812,33,36
1049,18.9163,s255,905.72,298.63,732,34,35
1049,18.9163,s255,342.57,438.12,281,21,23
1049,18.9163,s255,397.00,451.26,501,33,30
1049,18.9163,s255,1645.89,525.82,284,17,29
1049,18.9163,s255,1626.91,575.93,424,26,29
1049,18.9163,s255,1512.69,1043.66,528,27,29
1050,18.9326,s255,482.86,70.85,401,31,21
1050,18.9326,s255,1121.27,87.51,626,29,31
1050,18.9326,s255,1112.80,222.35,815,33,36
1050,18.9326,s255,907.09,298.09,752,35,34
1050,18.9326,s255,342.56,437.97,281,21,23
1050,18.9326,s255,397.09,451.26,497,33,30
1050,18.9326,s255,1646.44,524.97,272,14,29
1050,18.9326,s255,1627.03,575.98,434,26,29
1050,18.9326,s255,1512.83,1043.86,517,25,29
1051,18.9485,s255,483.11,70.93,392,31,21
1051,18.9485,s255,1120.51,87.79,646,33,31
1051,18.9485,s255,1113.42,221.08,777,33,35
1051,18.9485,s255,907.86,297.34,740,33,35
1051,18.9485,s255,342.82,438.04,283,21,23
1051,18.9485,s255,397.06,451.23,493,32,29
1051,18.9485,s255,1646.12,525.72,290,18,29
1051,18.9485,s255,1626.97,575.98,425,26,29
1051,18.9485,s255,1512.59,1043.77,517,26,29
1052,18.9635,s255,482.75,70.95,397,31,21
1052,18.9635,s255,1120.02,87.72,630,32,31
1052,18.9635,s255,1114.19,219.74,783,34,35
1052,18.9635,s255,908.84,296.66,725,33,35
1052,18.9635,s255,342.68,437.78,272,21,22
1052,18.9635,s255,396.85,451.13,495,33,30
1052,18.9635,s255,1645.83,525.96,284,18,30
1052,18.9635,s255,1626.99,575.80,433,25,29
1052,18.9635,s255,1512.74,1043.84,516,26,29
1053,18.9801,s255,482.87,71.06,408,31,21
1053,18.9801,s255,1119.53,87.50,629,33,31
1053,18.9801,s255,1114.89,218.33,772,34,34
1053,18.9801,s255,909.67,295.95,719,33,34
1053,18.9801,s255,342.71,437.98,275,21,22
1053,18.9801,s255,397.05,451.34,490,33,29
1053,18.9801,s255,1646.16,526.04,299,17,30
1053,18.9801,s255,1626.98,575.89,423,25,30
1053,18.9801,s255,1512.82,1043.77,514,26,29
1054,18.9956,s255,482.84,71.02,407,31,21
1054,18.9956,s255,1119.25,87.67,639,33,31
1054,18.9956,s255,1114.89,217.56,714,34,33
1054,18.9956,s255,910.37,295.24,695,32,34
1054,18.9956,s255,342.81,437.90,271,21,23
1054,18.9956,s255,396.98,451.32,496,33,30
1054,18.9956,s255,1646.32,525.16,265,15,31
1054,18.9956,s255,1626.94,575.78,423,26,29
1054,18.9956,s255,1512.83,1043.78,527,26,29
1055,19.0109,s255,483.10,71.00,406,31,21
1055,19.0109,s255,1118.90,87.58,631,33,31
1055,19.0109,s255,1115.79,216.18,712,34,33
1055,19.0109,s255,911.16,294.38,687,33,33
1055,19.0109,s255,342.81,437.93,269,21,23
1055,19.0109,s255,396.96,451.31,493,32,30
1055,19.0109,s255,1646.29,525.13,287,18,30
1055,19.0109,s255,1627.11,575.74,423,26,28
1055,19.0109,s255,1512.82,1043.77,515,26,29
1056,19.0266,s255,482.80,70.97,393,31,21
1056,19.0266,s255,1118.72,87.45,619,32,30
1056,19.0266,s255,1116.65,214.71,674,34,31
1056,19.0266,s255,911.46,293.18,665,32,33
1056,19.0266,s255,342.57,438.03,274,21,23
1056,19.0266,s255,396.97,451.24,499,32,30
1056,19.0266,s255,1645.93,525.60,296,18,30
1056,19.0266,s255,1626.99,575.92,427,25,29
1056,19.0266,s255,1512.70,1043.78,525,26,29
1057,19.0426,s255,482.78,70.98,395,31,21
1057,19.0426,s255,1118.56,87.26,614,34,30
1057,19.0426,s255,1117.39,213.36,655,33,30
1057,19.0426,s255,911.10,292.10,611,32,33
1057,19.0426,s255,342.73,437.76,271,21,22
1057,19.0426,s255,396.93,451.28,502,32,30
1057,19.0426,s255,1646.50,524.88,267,14,29
1057,19.0426,s255,1626.97,575.94,429,25,29
1057,19.0426,s255,1512.69,1043.78,522,26,29
1058,19.0579,s255,482.94,71.04,403,31,21
1058,19.0579,s255,1118.70,87.07,609,33,30
1058,19.0579,s255,1118.23,212.39,624,33,28
1058,19.0579,s255,911.45,291.00,612,30,33
1058,19.0579,s255,342.93,437.89,274,21,23
1058,19.0579,s255,396.94,451.16,501,32,30
1058,19.0579,s255,1646.41,525.26,268,15,29
1058,19.0579,s255,1626.97,575.93,429,26,29
1058,19.0579,s255,1512.66,1043.71,526,26,29
1059,19.0734,s255,482.83,71.03,404,31,21
1059,19.0734,s255,1118.89,87.04,609,33,29
1059,19.0734,s255,1119.05,211.17,593,33,27
1059,19.0734,s255,911.51,290.17,591,30,33
1059,19.0734,s255,342.68,437.90,274,21,24
1059,19.0734,s255,397.09,451.23,491,32,30
1059,19.0734,s255,1646.69,525.10,276,14,30
1059,19.0734,s255,1626.96,575.78,421,25,29
1059,19.0734,s255,1512.66,1043.84,518,26,29
1060,19.0891,s255,482.82,71.03,398,31,21
1060,19.0891,s255,1119.13,86.89,605,33,29
1060,19.0891,s255,1119.66,210.14,578,33,27
1060,19.0891,s255,911.93,289.23,592,29,32
1060,19.0891,s255,342.82,437.89,275,21,23
1060,19.0891,s255,397.02,451.26,496,32,30
1060,19.0891,s255,1645.94,526.25,296,18,30
1060,19.0891,s255,1626.99,575.81,423,25,29
1060,19.0891,s255,1512.65,1043.87,518,26,29
1061,19.1043,stop,483.03,70.91,404,31,21
1061,19.1043,stop,1119.34,86.63,587,33,28
1061,19.1043,stop,1120.15,209.38,548,32,26
1061,19.1043,stop,911.74,288.40,578,29,32
1061,19.1043,stop,342.64,438.03,275,21,24
1061,19.1043,stop,396.94,451.28,495,32,30
1061,19.1043,stop,1646.42,525.17,271,14,29
1061,19.1043,stop,1626.83,575.96,431,25,29
1061,19.1043,stop,1513.11,1043.53,513,26,29
1062,19.1200,stop,482.86,71.06,397,31,21
1062,19.1200,stop,1119.61,86.64,592,33,29
1062,19.1200,stop,1120.82,208.73,549,33,26
1062,19.1200,stop,911.48,287.24,559,28,32
1062,19.1200,stop,342.61,437.70,275,21,23
1062,19.1200,stop,396.88,451.22,504,33,30
1062,19.1200,stop,1646.48,525.16,282,14,29
1062,19.1200,stop,1627.04,575.70,425,25,29
1062,19.1200,stop,1512.64,1043.79,525,26,29
1063,19.1388,stop,483.06,71.08,400,31,21
1063,19.1388,stop,1120.36,86.77,600,33,28
1063,19.1388,stop,1121.18,207.96,538,32,25
1063,19.1388,stop,911.38,286.30,555,30,31
1063,19.1388,stop,342.64,437.79,276,21,23
1063,19.1388,stop,397.06,451.44,490,33,29
1063,19.1388,stop,1646.02,525.94,300,18,30
1063,19.1388,stop,1627.01,575.77,427,25,29
1063,19.1388,stop,1513.02,1043.68,513,25,29
1064,19.1548,stop,482.98,71.11,401,31,21
1064,19.1548,stop,1120.72,86.72,607,34,29
1064,19.1548,stop,1121.76,207.42,505,33,25
1064,19.1548,stop,911.16,285.67,555,29,31
1064,19.1548,stop,342.52,438.13,288,21,24
1064,19.1548,stop,396.96,451.19,494,32,29
1064,19.1548,stop,1646.47,524.85,271,15,29
1064,19.1548,stop,1626.92,575.91,433,26,29
1064,19.1548,stop,1512.87,1043.65,515,26,29
1065,19.1717,stop,482.91,71.04,397,31,21
1065,19.1717,stop,1121.40,87.20,631,33,29
1065,19.1717,stop,1122.03,206.79,493,33,24
1065,19.1717,stop,910.89,284.72,569,30,31
1065,19.1717,stop,342.71,438.09,281,21,23
1065,19.1717,stop,397.07,451.34,489,33,29
1065,19.1717,stop,1646.46,525.22,280,14,29
1065,19.1717,stop,1627.11,575.82,419,25,29
1065,19.1717,stop,1512.56,1043.85,518,26,29
1066,19.1870,stop,482.82,70.98,399,31,21
1066,19.1870,stop,1122.14,87.44,648,34,29
1066,19.1870,stop,1122.18,206.50,501,32,24
1066,19.1870,stop,910.50,284.12,565,30,32
1066,19.1870,stop,342.60,437.98,281,21,22
1066,19.1870,stop,397.00,451.33,494,32,29
1066,19.1870,stop,1645.95,526.13,291,17,30
1066,19.1870,stop,1627.02,576.07,423,25,30
1066,19.1870,stop,1512.86,1043.70,519,26,29
1067,19.2019,stop,483.05,70.99,406,31,21
1067,19.2019,stop,1122.34,87.64,634,33,30
1067,19.2019,stop,1122.25,206.58,498,32,24
1067,19.2019,stop,910.06,283.37,555,29,31
1067,19.2019,stop,342.64,438.07,273,21,23
1067,19.2019,stop,397.02,451.30,496,32,30
1067,19.2019,stop,1646.34,524.10,261,15,26
1067,19.2019,stop,1626.95,575.95,421,26,29
1067,19.2019,stop,1512.78,1043.80,523,26,29
1068,19.2177,stop,483.05,71.00,401,31,21
1068,19.2177,stop,1122.62,87.22,667,34,30
1068,19.2177,stop,1122.08,206.79,501,33,25
1068,19.2177,stop,909.42,282.61,544,30,31
1068,19.2177,stop,342.77,437.76,272,21,23
1068,19.2177,stop,396.97,451.18,495,32,30
1068,19.2177,stop,1646.09,526.15,280,18,29
1068,19.2177,stop,1626.93,575.68,425,25,29
1068,19.2177,stop,1512.68,1043.86,524,26,29
1069,19.2340,stop,482.92,70.93,393,31,21
1069,19.2340,stop,1123.31,87.23,693,34,30
1069,19.2340,stop,1121.76,207.30,525,33,25
1069,19.2340,stop,908.95,281.98,535,29,30
1069,19.2340,stop,342.73,438.11,276,21,23
1069,19.2340,stop,397.11,451.35,498,32,29
1069,19.2340,stop,1646.00,525.95,301,18,30
1069,19.2340,stop,1626.94,575.89,431,26,29
1069,19.2340,stop,1512.83,1043.88,517,26,29
1070,19.2489,stop,483.10,71.05,405,31,21
1070,19.2489,stop,1124.44,87.71,656,34,30
1070,19.2489,stop,1121.49,207.79,537,32,25
1070,19.2489,stop,909.05,282.29,502,30,28
1070,19.2489,stop,342.66,437.91,289,21,23
1070,19.2489,stop,396.78,451.20,496,33,30
1070,19.2489,stop,1646.53,525.16,285,14,29
1070,19.2489,stop,1626.97,575.82,431,26,29
1070,19.2489,stop,1512.61,1043.76,528,26,29
1071,19.2645,stop,482.89,70.96,405,31,21
1071,19.2645,stop,1124.67,87.20,663,34,30
1071,19.2645,stop,1121.00,208.45,559,32,26
1071,19.2645,stop,908.46,281.71,492,30,28
1071,19.2645,stop,342.78,438.18,284,21,24
1071,19.2645,stop,396.98,451.38,497,32,29
1071,19.2645,stop,1646.01,525.86,293,17,29
1071,19.2645,stop,1626.97,575.99,428,26,29
1071,19.2645,stop,1512.68,1043.66,523,26,29
1072,19.2805,stop,483.13,71.00,395,31,21
1072,19.2805,stop,1125.95,87.24,609,35,30
1072,19.2805,stop,1120.46,209.23,586,33,27
1072,19.2805,stop,909.03,281.74,557,34,28
1072,19.2805,stop,342.60,437.88,281,21,22
1072,19.2805,stop,397.00,451.25,494,32,30
1072,19.2805,stop,1646.04,525.87,307,17,30
1072,19.2805,stop,1626.85,575.96,425,25,29
1072,19.2805,stop,1512.69,1043.79,526,26,29
1073,19.2960,stop,482.97,71.04,404,31,21
1073,19.2960,stop,1126.58,87.29,603,34,29
1073,19.2960,stop,1119.99,209.99,612,33,29
1073,19.2960,stop,908.73,281.64,581,34,28
1073,19.2960,stop,342.50,438.24,280,21,24
1073,19.2960,stop,396.83,451.25,502,33,29
1073,19.2960,stop,1646.53,525.22,280,14,29
1073,19.2960,stop,1627.01,575.85,430,25,29
1073,19.2960,stop,1512.68,1043.83,520,25,29
1074,19.3132,stop,482.88,70.90,404,31,21
1074,19.3132,stop,1127.38,87.07,584,34,29
1074,19.3132,stop,1119.49,210.81,634,33,29
1074,19.3132,stop,908.32,281.29,583,34,29
1074,19.3132,stop,342.69,437.87,282,21,24
1074,19.3132,stop,396.90,451.30,497,33,29
1074,19.3132,stop,1646.27,525.69,300,16,30
1074,19.3132,stop,1627.01,575.97,433,26,29
1074,19.3132,stop,1512.77,1043.76,524,26,29
1075,19.3289,stop,482.87,70.98,406,31,21
1075,19.3289,stop,1127.79,86.80,573,33,28
1075,19.3289,stop,1119.01,211.94,661,33,31
1075,19.3289,stop,908.25,281.41,584,34,28
1075,19.3289,stop,342.64,437.83,284,21,23
1075,19.3289,stop,396.84,451.22,490,32,30
1075,19.3289,stop,1646.14,526.30,300,17,30
1075,19.3289,stop,1627.09,575.63,426,25,29
1075,19.3289,stop,1512.53,1043.73,528,26,29
1076,19.3444,stop,482.91,71.07,395,31,21
1076,19.3444,stop,1128.57,86.78,562,33,28
1076,19.3444,stop,1118.24,212.77,679,33,31
1076,19.3444,stop,908.22,281.37,590,34,29
1076,19.3444,stop,342.66,437.85,279,21,23
1076,19.3444,stop,397.05,451.35,497,32,30
1076,19.3444,stop,1646.44,525.01,271,15,29
1076,19.3444,stop,1627.13,575.72,425,25,29
1076,19.3444,stop,1512.89,1043.82,515,25,29
1077,19.3599,stop,482.93,70.98,398,31,21
1077,19.3599,stop,1129.01,86.61,553,33,28
1077,19.3599,stop,1117.46,214.04,702,35,31
1077,19.3599,stop,908.23,281.52,591,34,29
1077,19.3599,stop,342.58,438.04,282,21,22
1077,19.3599,stop,396.93,451.20,499,32,30
1077,19.3599,stop,1645.98,525.78,296,18,30
1077,19.3599,stop,1627.04,575.82,428,26,28
1077,19.3599,stop,1512.59,1043.84,533,26,29
1078,19.3760,stop,482.92,70.89,390,31,21
1078,19.3760,stop,1129.29,86.63,545,33,28
1078,19.3760,stop,1116.51,215.09,718,34,31
1078,19.3760,stop,907.86,281.34,644,34,30
1078,19.3760,stop,342.52,437.95,278,21,24
1078,19.3760,stop,396.92,451.24,500,33,30
1078,19.3760,stop,1645.72,525.84,292,18,30
1078,19.3760,stop,1626.94,575.94,434,25,29
1078,19.3760,stop,1512.59,1043.87,521,26,29
1079,19.3923,stop,483.07,70.97,406,31,21
1079,19.3923,stop,1129.50,86.71,547,33,28
1079,19.3923,stop,1115.66,216.39,749,36,31
1079,19.3923,stop,908.25,281.87,672,34,31
1079,19.3923,stop,342.81,438.08,277,21,23
1079,19.3923,stop,396.97,451.28,497,33,29
1079,19.3923,stop,1645.92,526.19,303,18,30
1079,19.3923,stop,1627.11,575.87,428,25,29
1079,19.3923,stop,1512.61,1043.66,527,26,29
1080,19.4082,stop,482.85,70.95,395,31,21
1080,19.4082,stop,1129.82,86.73,542,33,28
1080,19.4082,stop,1114.64,217.40,768,35,31
1080,19.4082,stop,908.73,282.17,678,33,31
1080,19.4082,stop,342.58,438.04,278,21,24
1080,19.4082,stop,396.85,451.25,500,33,30
1080,19.4082,stop,1646.22,525.95,292,17,29
1080,19.4082,stop,1626.96,575.80,436,27,29
1080,19.4082,stop,1512.51,1043.76,526,26,29
1081,19.4244,stop,483.05,71.06,396,31,21
1081,19.4244,stop,1130.07,87.13,542,32,28
1081,19.4244,stop,1113.80,218.53,771,34,29
1081,19.4244,stop,909.26,282.70,701,33,31
1081,19.4244,stop,342.94,437.91,279,21,23
1081,19.4244,stop,396.87,451.20,505,33,30
1081,19.4244,stop,1646.55,525.32,279,15,30
1081,19.4244,stop,1627.11,576.01,420,25,29
1081,19.4244,stop,1512.73,1043.76,527,26,29
1082,19.4414,stop,482.84,71.05,419,31,21
1082,19.4414,stop,1130.10,86.86,569,31,29
1082,19.4414,stop,1113.31,219.61,776,34,32
1082,19.4414,stop,909.67,283.48,724,32,32
1082,19.4414,stop,342.64,438.24,279,21,24
1082,19.4414,stop,396.99,451.26,490,32,30
1082,19.4414,stop,1646.18,526.26,305,18,30
1082,19.4414,stop,1627.06,575.86,428,25,29
1082,19.4414,stop,1512.63,1043.85,533,26,29
1083,19.4567,stop,482.80,70.92,399,31,21
1083,19.4567,stop,1129.69,87.12,599,33,29
1083,19.4567,stop,1112.88,219.89,818,34,34
1083,19.4567,stop,909.69,284.29,698,30,32
1083,19.4567,stop,342.53,437.97,273,21,22
1083,19.4567,stop,396.90,451.20,493,33,29
1083,19.4567,stop,1646.59,524.07,256,14,26
1083,19.4567,stop,1626.94,575.90,431,26,29
1083,19.4567,stop,1512.66,1043.95,529,26,29
1084,19.4721,stop,482.89,71.06,398,31,21
1084,19.4721,stop,1129.64,87.32,631,32,29
1084,19.4721,stop,1112.33,221.39,773,34,34
1084,19.4721,stop,909.96,285.18,697,31,33
1084,19.4721,stop,342.50,438.07,284,21,24
1084,19.4721,stop,396.89,451.27,498,33,30
1084,19.4721,stop,1645.95,525.98,292,16,30
1084,19.4721,stop,1627.13,576.04,432,25,29
1084,19.4721,stop,1512.76,1043.76,526,26,29
1085,19.4882,stop,483.04,71.07,408,31,21
1085,19.4882,stop,1129.48,87.14,618,32,29
1085,19.4882,stop,1111.66,222.44,776,34,36
1085,19.4882,stop,910.32,285.22,715,32,33
1085,19.4882,stop,342.54,437.84,281,21,23
1085,19.4882,stop,397.01,451.27,494,32,29
1085,19.4882,stop,1646.13,526.14,302,17,29
1085,19.4882,stop,1627.10,575.88,447,25,29
1085,19.4882,stop,1512.63,1043.71,530,26,29
1086,19.5037,stop,482.88,70.90,403,31,21
1086,19.5037,stop,1129.38,87.00,619,32,30
1086,19.5037,stop,1111.00,223.24,752,31,37
1086,19.5037,stop,910.39,285.58,732,33,34
1086,19.5037,stop,342.92,437.89,272,21,23
1086,19.5037,stop,397.04,451.30,493,33,29
1086,19.5037,stop,1646.39,525.12,282,14,30
1086,19.5037,stop,1626.89,575.92,431,25,29
1086,19.5037,stop,1512.84,1043.65,532,26,29
1087,19.5194,stop,482.98,71.07,400,31,21
1087,19.5194,stop,1128.50,86.87,564,30,29
1087,19.5194,stop,1110.27,223.58,770,28,38
1087,19.5194,stop,910.64,286.20,746,34,33
1087,19.5194,stop,342.49,438.13,287,21,24
1087,19.5194,stop,396.92,451.25,491,32,30
1087,19.5194,stop,1646.00,525.68,292,18,29
1087,19.5194,stop,1626.95,575.89,438,25,29
1087,19.5194,stop,1512.76,1043.77,524,26,29
1088,19.5365,stop,483.01,70.94,404,31,21
1088,19.5365,stop,1128.22,87.01,602,32,29
1088,19.5365,stop,1109.17,224.04,782,29,38
1088,19.5365,stop,910.96,286.53,728,34,34
1088,19.5365,stop,342.74,437.97,282,21,23
1088,19.5365,stop,396.89,451.23,499,33,30
1088,19.5365,stop,1646.07,526.01,295,17,30
1088,19.5365,stop,1627.01,575.88,425,26,29
1088,19.5365,stop,1512.58,1043.78,527,26,29
1089,19.5524,stop,483.20,71.08,403,31,21
1089,19.5524,stop,1127.60,86.83,643,33,30
1089,19.5524,stop,1108.48,225.00,766,31,37
1089,19.5524,stop,911.01,286.55,703,33,34
1089,19.5524,stop,342.67,438.08,282,21,23
1089,19.5524,stop,396.95,451.28,499,32,29
1089,19.5524,stop,1646.34,525.35,279,15,30
1089,19.5524,stop,1627.07,575.83,431,25,29
1089,19.5524,stop,1512.74,1043.86,522,26,29
1090,19.5682,stop,483.04,71.04,405,31,21
1090,19.5682,stop,1127.11,86.34,671,33,29
1090,19.5682,stop,1107.48,226.36,785,34,36
1090,19.5682,stop,910.87,286.67,733,33,34
1090,19.5682,stop,342.86,437.80,280,21,23
1090,19.5682,stop,396.97,451.32,504,33,29
1090,19.5682,stop,1646.02,525.88,286,17,29
1090,19.5682,stop,1626.87,575.86,422,27,29
1090,19.5682,stop,1512.74,1043.88,521,26,29
1091,19.5839,stop,482.97,71.07,410,31,21
1091,19.5839,stop,1126.43,86.05,713,34,29
1091,19.5839,stop,1107.07,227.26,805,33,36
1091,19.5839,stop,911.17,286.97,746,34,33
1091,19.5839,stop,342.69,437.96,280,21,24
1091,19.5839,stop,396.98,451.35,497,33,29
1091,19.5839,stop,1646.60,524.83,280,15,30
1091,19.5839,stop,1626.94,575.95,438,25,29
1091,19.5839,stop,1512.94,1043.79,517,26,29
1092,19.5996,stop,482.86,71.00,400,31,21
1092,19.5996,stop,1125.57,85.78,730,35,27
1092,19.5996,stop,1107.05,228.40,816,34,36
1092,19.5996,stop,911.24,287.03,749,32,30
1092,19.5996,stop,342.74,438.17,278,20,23
1092,19.5996,stop,396.90,451.31,500,33,29
1092,19.5996,stop,1645.79,525.95,286,18,30
1092,19.5996,stop,1627.12,575.85,430,25,29
1092,19.5996,stop,1512.71,1043.69,530,26,29
1093,19.6154,stop,482.94,71.02,408,31,21
1093,19.6154,stop,1125.45,86.11,695,35,27
1093,19.6154,stop,1107.04,229.17,834,34,36
1093,19.6154,stop,911.11,286.85,753,33,32
1093,19.6154,stop,342.58,438.17,278,21,23
1093,19.6154,stop,397.11,451.38,506,32,29
1093,19.6154,stop,1645.97,525.83,303,18,30
1093,19.6154,stop,1626.94,576.07,427,25,29
1093,19.6154,stop,1512.80,1043.77,527,26,29
1094,19.6342,stop,482.90,70.90,403,31,21
1094,19.6342,stop,1125.61,86.40,648,33,28
1094,19.6342,stop,1107.48,229.46,820,34,36
1094,19.6342,stop,910.88,286.81,740,34,34
1094,19.6342,stop,342.54,437.77,280,21,23
1094,19.6342,stop,397.29,451.35,495,32,30
1094,19.6342,stop,1646.14,526.00,299,17,30
1094,19.6342,stop,1627.00,575.97,425,26,29
1094,19.6342,stop,1512.71,1043.73,532,26,29
1095,19.6512,stop,482.95,70.97,408,31,21
1095,19.6512,stop,1125.36,86.39,612,33,28
1095,19.6512,stop,1107.52,229.84,817,34,35
1095,19.6512,stop,911.09,286.62,755,34,35
1095,19.6512,stop,342.61,438.00,280,21,23
1095,19.6512,stop,396.98,451.27,497,33,30
1095,19.6512,stop,1645.89,526.29,300,18,30
1095,19.6512,stop,1626.89,575.76,429,26,29
1095,19.6512,stop,1512.74,1043.84,531,26,29
1096,19.6671,stop,483.00,71.01,405,31,21
1096,19.6671,stop,1125.26,86.35,582,33,28
1096,19.6671,stop,1107.92,230.42,810,34,36
1096,19.6671,stop,910.70,286.32,744,34,35
1096,19.6671,stop,342.63,437.82,277,21,23
1096,19.6671,stop,396.95,451.29,507,33,30
1096,19.6671,stop,1645.87,526.17,301,17,30
1096,19.6671,stop,1627.22,575.96,436,25,29
1096,19.6671,stop,1512.64,1043.99,522,26,29
1097,19.6826,stop,483.05,71.04,416,31,21
1097,19.6826,stop,1125.55,86.21,545,33,27
1097,19.6826,stop,1108.27,230.74,776,33,36
1097,19.6826,stop,910.45,286.30,747,34,35
1097,19.6826,stop,342.77,437.82,271,21,22
1097,19.6826,stop,396.87,451.25,500,32,30
1097,19.6826,stop,1646.10,525.89,291,17,29
1097,19.6826,stop,1627.01,575.96,433,26,29
1097,19.6826,stop,1512.82,1043.86,523,26,29
1098,19.6984,stop,483.17,71.06,411,31,21
1098,19.6984,stop,1124.54,85.73,476,30,26
1098,19.6984,stop,1108.40,230.56,758,34,34
1098,19.6984,stop,910.15,285.99,736,34,35
1098,19.6984,stop,342.47,438.02,281,21,23
1098,19.6984,stop,396.88,451.31,502,33,29
1098,19.6984,stop,1646.43,525.00,277,15,29
1098,19.6984,stop,1627.08,575.85,441,26,29
1098,19.6984,stop,1512.76,1043.80,535,26,29
1099,19.7164,stop,482.92,70.99,398,31,21
1099,19.7164,stop,1124.55,85.46,443,28,25
1099,19.7164,stop,1108.66,230.53,746,34,35
1099,19.7164,stop,910.03,285.78,722,33,36
1099,19.7164,stop,342.66,438.06,279,21,23
1099,19.7164,stop,397.00,451.34,500,32,29
1099,19.7164,stop,1646.03,526.01,301,18,29
1099,19.7164,stop,1626.94,575.90,433,25,29
1099,19.7164,stop,1512.78,1043.85,525,26,29
1100,19.7342,stop,482.93,71.01,401,31,21
1100,19.7342,stop,1124.38,84.96,416,28,24
1100,19.7342,stop,1108.71,230.02,722,34,34
1100,19.7342,stop,910.03,285.53,699,32,36
1100,19.7342,stop,342.57,437.98,278,21,23
1100,19.7342,stop,396.91,451.22,500,32,30
1100,19.7342,stop,1646.06,525.81,280,17,29
1100,19.7342,stop,1627.06,575.71,438,26,28
1100,19.7342,stop,1512.63,1043.72,527,26,29
1101,19.7502,stop,483.07,70.94,410,31,21
1101,19.7502,stop,1124.13,84.58,414,27,24
1101,19.7502,stop,1108.88,229.32,714,33,34
1101,19.7502,stop,909.97,285.19,697,32,35
1101,19.7502,stop,342.64,438.08,283,21,23
1101,19.7502,stop,396.84,451.25,503,33,30
1101,19.7502,stop,1646.09,525.97,293,18,30
1101,19.7502,stop,1627.05,575.85,424,25,29
1101,19.7502,stop,1512.62,1043.72,531,26,29
1102,19.7664,stop,482.99,71.00,407,31,21
1102,19.7664,stop,1124.49,84.73,361,23,23
1102,19.7664,stop,1109.25,228.30,706,33,33
1102,19.7664,stop,910.04,284.90,700,32,35
1102,19.7664,stop,342.64,437.89,274,21,22
1102,19.7664,stop,396.79,451.15,513,33,30
1102,19.7664,stop,1645.99,526.15,315,17,29
1102,19.7664,stop,1627.02,576.05,434,26,29
1102,19.7664,stop,1512.66,1043.84,536,26,29
1103,19.7822,stop,482.82,70.94,401,31,21
1103,19.7822,stop,1123.43,84.14,370,24,23
1103,19.7822,stop,1109.19,226.99,696,32,33
1103,19.7822,stop,910.22,284.43,686,31,35
1103,19.7822,stop,342.57,438.11,281,21,24
1103,19.7822,stop,397.02,451.35,504,33,29
1103,19.7822,stop,1645.94,525.77,289,17,29
1103,19.7822,stop,1627.01,575.98,425,25,29
1103,19.7822,stop,1512.85,1043.70,527,26,29
1104,19.7982,stop,483.08,71.06,409,31,21
1104,19.7982,stop,1122.76,84.08,323,23,22
1104,19.7982,stop,1109.28,225.65,679,32,33
1104,19.7982,stop,910.65,284.32,681,31,35
1104,19.7982,stop,342.53,437.94,278,21,23
1104,19.7982,stop,396.72,451.28,504,33,30
1104,19.7982,stop,1645.94,525.65,299,18,30
1104,19.7982,stop,1626.98,575.91,426,26,29
1104,19.7982,stop,1512.74,1043.80,529,26,29
1105,19.8181,stop,483.12,71.03,400,31,21
1105,19.8181,stop,1122.67,84.60,249,21,20
1105,19.8181,stop,1109.50,224.26,670,32,33
1105,19.8181,stop,911.09,283.92,679,30,34
1105,19.8181,stop,342.62,438.02,277,21,22
1105,19.8181,stop,396.85,451.32,501,33,29
1105,19.8181,stop,1646.50,524.19,262,14,27
1105,19.8181,stop,1626.95,575.91,437,26,29
1105,19.8181,stop,1512.65,1043.78,532,26,29
1106,19.8342,stop,482.83,71.05,395,31,21
1106,19.8342,stop,1121.56,84.24,209,19,18
1106,19.8342,stop,1109.02,223.37,702,31,34
1106,19.8342,stop,911.68,283.40,683,29,35
1106,19.8342,stop,342.69,438.05,282,21,24
1106,19.8342,stop,396.80,451.20,497,33,29
1106,19.8342,stop,1646.13,525.84,313,18,30
1106,19.8342,stop,1627.04,575.73,438,26,29
1106,19.8342,stop,1512.71,1043.80,525,26,29
1107,19.8502,stop,483.18,70.95,407,31,21
1107,19.8502,stop,1120.58,86.08,221,19,20
1107,19.8502,stop,1108.85,221.13,705,31,34
1107,19.8502,stop,912.25,282.75,657,28,34
1107,19.8502,stop,342.71,437.99,276,21,23
1107,19.8502,stop,397.04,451.37,495,32,30
1107,19.8502,stop,1646.13,526.19,303,18,30
1107,19.8502,stop,1627.11,576.07,435,25,29
1107,19.8502,stop,1512.73,1043.92,530,26,29
1108,19.8662,stop,482.82,71.00,403,31,21
1108,19.8662,stop,1120.39,86.40,207,20,18
1108,19.8662,stop,1108.61,218.84,756,32,35
1108,19.8662,stop,913.16,281.78,667,29,34
1108,19.8662,stop,342.50,437.99,290,21,23
1108,19.8662,stop,396.96,451.34,499,32,30
1108,19.8662,stop,1646.07,526.16,300,18,30
1108,19.8662,stop,1627.07,575.90,435,25,29
1108,19.8662,stop,1512.70,1043.87,534,27,29
1109,19.8823,stop,482.90,70.92,402,31,21
1109,19.8823,stop,1117.98,88.25,217,19,20
1109,19.8823,stop,1108.19,216.90,763,31,36
1109,19.8823,stop,913.91,280.78,663,29,34
1109,19.8823,stop,342.70,438.01,278,21,23
1109,19.8823,stop,397.01,450.46,537,33,31
1109,19.8823,stop,1645.99,526.03,304,18,30
1109,19.8823,stop,1627.14,575.86,437,25,29
1109,19.8823,stop,1512.75,1043.61,526,26,29
1110,19.8992,stop,482.78,70.94,400,31,21
1110,19.8992,stop,1117.35,88.63,201,20,17
1110,19.8992,stop,1106.98,215.08,714,31,35
1110,19.8992,stop,914.91,279.43,668,28,34
1110,19.8992,stop,342.59,438.15,289,21,24
1110,19.8992,stop,396.86,451.23,497,33,30
1110,19.8992,stop,1646.08,526.49,308,17,30
1110,19.8992,stop,1627.07,575.89,437,25,29
1110,19.8992,stop,1512.60,1043.72,528,26,29
1111,19.9181,stop,482.88,71.06,402,31,21
1111,19.9181,stop,1116.64,90.92,211,20,16
1111,19.9181,stop,1106.47,212.56,719,31,35
1111,19.9181,stop,915.87,278.56,660,29,34
1111,19.9181,stop,342.67,437.84,275,21,23
1111,19.9181,stop,396.94,451.24,504,32,30
1111,19.9181,stop,1646.44,525.18,268,15,29
1111,19.9181,stop,1627.02,575.76,436,26,29
1111,19.9181,stop,1512.54,1043.81,527,26,29
1112,19.9343,stop,482.95,71.01,404,31,21
1112,19.9343,stop,1115.40,92.38,222,21,21
1112,19.9343,stop,1105.77,210.01,714,31,34
1112,19.9343,stop,917.10,276.79,658,28,34
1112,19.9343,stop,342.67,438.14,288,21,24
1112,19.9343,stop,396.87,451.35,493,33,30
1112,19.9343,stop,1646.39,525.93,299,18,30
1112,19.9343,stop,1627.07,576.07,434,26,29
1112,19.9343,stop,1512.79,1043.69,531,26,29
1113,19.9515,stop,482.82,71.00,400,31,21
1113,19.9515,stop,1114.29,93.84,273,20,20
1113,19.9515,stop,1104.96,207.21,705,31,34
1113,19.9515,stop,918.14,275.28,676,29,35
1113,19.9515,stop,342.62,438.12,276,21,24
1113,19.9515,stop,396.99,451.19,502,33,30
1113,19.9515,stop,1645.97,525.97,294,18,30
1113,19.9515,stop,1626.93,575.78,437,26,29
1113,19.9515,stop,1512.62,1043.89,532,26,29
1114,19.9669,stop,482.83,70.95,409,31,21
1114,19.9669,stop,1112.80,96.48,311,21,21
1114,19.9669,stop,1104.10,204.63,682,32,32
1114,19.9669,stop,919.43,273.62,666,28,34
1114,19.9669,stop,342.82,438.03,281,21,23
1114,19.9669,stop,397.06,451.31,498,32,29
1114,19.9669,stop,1646.02,526.18,298,18,29
1114,19.9669,stop,1627.04,575.85,433,25,29
1114,19.9669,stop,1512.83,1043.81,533,26,29
1115,19.9823,stop,482.86,71.00,403,31,21
1115,19.9823,stop,1111.36,99.69,328,22,22
1115,19.9823,stop,1103.01,201.97,664,32,32
1115,19.9823,stop,921.02,272.06,677,30,33
1115,19.9823,stop,342.53,437.74,269,21,22
1115,19.9823,stop,397.04,451.26,494,33,30
1115,19.9823,stop,1646.08,526.04,307,18,30
1115,19.9823,stop,1626.79,575.95,441,28,29
1115,19.9823,stop,1512.78,1043.74,526,26,29
1116,19.9982,stop,483.02,70.96,407,31,21
1116,19.9982,stop,1110.10,102.86,360,23,23
1116,19.9982,stop,1102.04,199.48,652,32,32
1116,19.9982,stop,922.66,270.08,689,29,34
1116,19.9982,stop,342.56,438.10,292,21,22
1116,19.9982,stop,396.93,451.24,502,33,30
1116,19.9982,stop,1646.34,525.73,301,16,30
1116,19.9982,stop,1626.94,575.97,439,26,29
1116,19.9982,stop,1512.50,1043.72,535,26,29
1117,20.0182,stop,482.88,71.03,407,31,21
1117,20.0182,stop,1108.76,105.64,411,25,25
1117,20.0182,stop,1100.89,197.47,634,33,31
1117,20.0182,stop,923.93,267.83,702,32,34
1117,20.0182,stop,342.73,438.10,282,21,23
1117,20.0182,stop,396.81,451.15,497,33,30
1117,20.0182,stop,1645.92,526.04,296,18,31
1117,20.0182,stop,1627.08,575.75,439,26,29
1117,20.0182,stop,1512.75,1043.72,520,26,29
1118,20.0343,stop,482.74,70.99,401,31,21
1118,20.0343,stop,1107.10,109.18,465,27,27
1118,20.0343,stop,1099.70,195.51,612,33,30
1118,20.0343,stop,924.96,265.21,780,33,35
1118,20.0343,stop,342.60,438.18,287,21,23
1118,20.0343,stop,396.87,451.22,497,33,30
1118,20.0343,stop,1645.84,526.04,299,18,30
1118,20.0343,stop,1627.09,575.97,438,25,30
1118,20.0343,stop,1512.69,1043.77,535,26,29
1119,20.0502,stop,483.01,70.90,414,31,21
1119,20.0502,stop,1106.89,112.26,570,33,30
1119,20.0502,stop,1098.42,193.63,584,32,29
1119,20.0502,stop,927.17,262.61,780,34,35
1119,20.0502,stop,342.73,438.07,286,21,24
1119,20.0502,stop,397.04,451.40,499,32,29
1119,20.0502,stop,1646.02,526.15,312,18,30
1119,20.0502,stop,1627.01,576.11,435,26,29
1119,20.0502,stop,1512.55,1043.77,531,26,29
1120,20.0662,stop,482.76,70.98,400,31,21
1120,20.0662,stop,1105.65,115.12,641,33,31
1120,20.0662,stop,1097.06,191.91,562,33,28
1120,20.0662,stop,928.36,259.46,846,34,37
1120,20.0662,stop,342.59,437.84,283,21,23
1120,20.0662,stop,396.86,451.24,503,33,29
1120,20.0662,stop,1646.02,525.71,297,18,29
1120,20.0662,stop,1627.09,575.95,442,26,29
1120,20.0662,stop,1512.65,1043.70,525,26,29
1121,20.0822,stop,482.85,70.93,404,31,21
1121,20.0822,stop,1103.84,117.71,731,34,33
1121,20.0822,stop,1095.83,190.28,541,33,28
1121,20.0822,stop,930.25,256.60,870,34,36
1121,20.0822,stop,342.76,437.63,278,21,23
1121,20.0822,stop,396.92,451.21,499,32,30
1121,20.0822,stop,1646.01,526.32,313,18,30
1121,20.0822,stop,1626.87,575.97,434,26,29
1121,20.0822,stop,1512.88,1043.83,524,28,29
1122,20.0984,stop,482.77,71.12,407,31,21
1122,20.0984,stop,1102.67,120.47,761,35,35
1122,20.0984,stop,1094.47,188.88,542,32,28
1122,20.0984,stop,931.86,253.53,871,34,36
1122,20.0984,stop,342.64,438.07,287,21,23
1122,20.0984,stop,396.98,451.31,495,33,30
1122,20.0984,stop,1645.96,526.62,314,18,30
1122,20.0984,stop,1627.07,575.78,436,25,29
1122,20.0984,stop,1512.74,1043.91,535,26,29
1123,20.1182,stop,482.97,71.10,414,31,21
1123,20.1182,stop,1102.04,123.75,759,34,37
1123,20.1182,stop,1092.97,187.50,516,32,27
1123,20.1182,stop,933.44,250.46,868,34,36
1123,20.1182,stop,342.76,437.96,278,21,23
1123,20.1182,stop,396.98,451.19,505,32,30
1123,20.1182,stop,1646.40,525.83,317,18,29
1123,20.1182,stop,1627.02,575.82,435,26,29
1123,20.1182,stop,1512.68,1043.79,526,26,29
1124,20.1359,stop,482.97,71.05,406,31,21
1124,20.1359,stop,1100.96,126.87,755,34,36
1124,20.1359,stop,1091.43,186.43,526,33,27
1124,20.1359,stop,935.29,246.78,834,35,35
1124,20.1359,stop,342.67,437.99,280,21,23
1124,20.1359,stop,396.89,451.34,500,33,29
1124,20.1359,stop,1645.96,525.96,299,17,30
1124,20.1359,stop,1627.01,575.91,435,26,29
1124,20.1359,stop,1512.76,1043.68,520,26,29
1125,20.1529,stop,483.01,70.99,402,31,21
1125,20.1529,stop,1099.76,130.15,777,34,37
1125,20.1529,stop,1090.33,185.82,531,32,27
1125,20.1529,stop,937.55,243.77,757,35,34
1125,20.1529,stop,342.81,437.98,283,21,23
1125,20.1529,stop,397.12,451.34,503,32,30
1125,20.1529,stop,1646.33,524.90,278,16,29
1125,20.1529,stop,1627.13,575.87,433,25,29
1125,20.1529,stop,1512.71,1043.77,530,26,29
1126,20.1692,stop,482.94,70.98,405,31,21
1126,20.1692,stop,1098.75,133.09,805,34,36
1126,20.1692,stop,1089.40,185.01,569,33,27
1126,20.1692,stop,938.73,240.36,767,34,32
1126,20.1692,stop,342.59,437.89,282,21,23
1126,20.1692,stop,396.85,451.13,501,33,30
1126,20.1692,stop,1646.39,525.90,305,17,30
1126,20.1692,stop,1627.11,575.82,444,25,29
1126,20.1692,stop,1512.87,1043.85,525,26,29
1127,20.1842,stop,483.21,71.06,408,31,21
1127,20.1842,stop,1097.67,135.83,819,34,36
1127,20.1842,stop,1088.20,184.43,567,33,28
1127,20.1842,stop,940.60,236.99,704,34,31
1127,20.1842,stop,342.56,438.21,282,21,25
1127,20.1842,stop,396.81,451.31,511,33,30
1127,20.1842,stop,1646.03,525.85,302,18,29
1127,20.1842,stop,1627.00,576.09,438,26,29
1127,20.1842,stop,1512.66,1043.80,526,26,29
1128,20.1994,stop,483.10,70.96,417,31,21
1128,20.1994,stop,1096.85,138.32,839,34,38
1128,20.1994,stop,1086.82,184.11,588,34,31
1128,20.1994,stop,942.02,234.03,671,33,30
1128,20.1994,stop,342.80,438.22,288,20,24
1128,20.1994,stop,396.93,451.22,506,33,30
1128,20.1994,stop,1646.11,525.94,290,17,29
1128,20.1994,stop,1627.03,575.82,441,26,29
1128,20.1994,stop,1512.53,1043.96,528,26,29
1129,20.2182,stop,482.76,70.97,406,31,21
1129,20.2182,stop,1096.01,140.27,838,34,38
1129,20.2182,stop,1085.55,183.06,611,33,33
1129,20.2182,stop,943.95,231.47,600,33,29
1129,20.2182,stop,342.61,437.99,290,21,23
1129,20.2182,stop,396.90,451.13,503,32,30
1129,20.2182,stop,1646.17,525.72,304,17,30
1129,20.2182,stop,1627.04,575.86,433,25,29
1129,20.2182,stop,1512.71,1043.76,525,26,29
1130,20.2346,stop,482.98,71.12,403,31,21
1130,20.2346,stop,1094.70,142.33,852,34,37
1130,20.2346,stop,1084.23,182.89,613,32,33
1130,20.2346,stop,945.29,228.43,580,32,29
1130,20.2346,stop,342.65,437.96,282,21,23
1130,20.2346,stop,397.03,451.23,507,32,30
1130,20.2346,stop,1646.09,526.20,307,18,29
1130,20.2346,stop,1626.97,575.92,434,25,29
1130,20.2346,stop,1512.81,1043.91,531,26,29
1131,20.2503,stop,482.99,71.09,413,31,21
1131,20.2503,stop,1093.63,144.39,846,34,37
1131,20.2503,stop,1082.94,182.57,638,33,34
1131,20.2503,stop,946.66,225.81,556,31,28
1131,20.2503,stop,342.64,438.03,284,21,23
1131,20.2503,stop,397.04,451.24,505,33,29
1131,20.2503,stop,1646.14,526.05,307,17,29
1131,20.2503,stop,1627.13,575.80,447,26,29
1131,20.2503,stop,1512.66,1043.67,524,26,29
1132,20.2662,stop,482.93,71.01,404,31,21
1132,20.2662,stop,1087.78,162.25,1456,45,70
1132,20.2662,stop,946.86,222.91,483,31,27
1132,20.2662,stop,342.42,438.19,283,21,25
1132,20.2662,stop,396.87,451.20,504,32,30
1132,20.2662,stop,1646.18,526.07,299,17,30
1132,20.2662,stop,1626.97,575.89,430,25,29
1132,20.2662,stop,1512.51,1043.59,531,26,29
1133,20.3311,stop,482.85,71.01,399,31,21
1133,20.3311,stop,1086.65,163.85,1484,45,69
1133,20.3311,stop,947.80,220.13,464,28,26
1133,20.3311,stop,342.54,438.13,291,21,23
1133,20.3311,stop,396.93,451.38,503,33,29
1133,20.3311,stop,1646.50,524.96,285,14,30
1133,20.3311,stop,1627.02,575.94,432,25,29
1133,20.3311,stop,1512.76,1043.71,533,26,29
1134,20.3945,stop,482.91,70.99,412,31,21
1134,20.3945,stop,1085.20,165.48,1473,45,69
1134,20.3945,stop,949.87,217.76,483,32,26
1134,20.3945,stop,342.43,438.25,286,21,24
1134,20.3945,stop,397.03,451.32,494,32,30
1134,20.3945,stop,1645.80,526.10,303,18,30
1134,20.3945,stop,1626.97,575.94,440,26,29
1134,20.3945,stop,1512.61,1043.75,529,26,29
1135,20.4589,stop,482.79,71.04,401,31,21
1135,20.4589,stop,1084.12,166.58,1503,46,69
1135,20.4589,stop,951.14,215.62,480,32,26
1135,20.4589,stop,342.62,438.08,279,21,23
1135,20.4589,stop,396.93,451.24,496,33,30
1135,20.4589,stop,1646.03,526.29,315,17,30
1135,20.4589,stop,1626.98,575.97,434,26,29
1135,20.4589,stop,1512.87,1043.85,524,25,29
1136,20.5227,stop,482.78,70.99,414,31,21
1136,20.5227,stop,1083.13,167.99,1542,47,70
1136,20.5227,stop,952.32,213.58,467,32,25
1136,20.5227,stop,342.47,437.92,287,21,23
1136,20.5227,stop,397.03,451.36,497,32,30
1136,20.5227,stop,1646.11,526.30,309,18,29
1136,20.5227,stop,1627.10,575.92,440,26,29
1136,20.5227,stop,1512.56,1043.62,531,26,29
1137,20.5866,stop,483.14,71.00,407,31,21
1137,20.5866,stop,1082.39,168.70,1550,48,71
1137,20.5866,stop,952.97,211.73,462,32,25
1137,20.5866,stop,342.56,438.05,284,21,23
1137,20.5866,stop,396.88,451.28,512,33,29
1137,20.5866,stop,1646.01,526.20,306,18,30
1137,20.5866,stop,1627.01,576.14,443,26,30
1137,20.5866,stop,1512.72,1043.84,523,26,29
1138,20.6503,s255,482.82,71.00,410,31,21
1138,20.6503,s255,1079.38,171.32,1510,49,75
1138,20.6503,s255,956.12,205.33,456,32,26
1138,20.6503,s255,342.56,438.17,283,21,24
1138,20.6503,s255,396.79,451.31,492,32,29
1138,20.6503,s255,1646.55,525.26,277,15,29
1138,20.6503,s255,1627.07,575.79,442,26,29
1138,20.6503,s255,1512.74,1043.67,537,26,29
1139,20.7141,s255,483.17,70.99,408,31,21
1139,20.7141,s255,1086.63,151.87,781,33,37
1139,20.7141,s255,1069.78,192.15,734,30,39
1139,20.7141,s255,958.83,201.25,471,33,25
1139,20.7141,s255,342.48,437.82,284,21,23
1139,20.7141,s255,396.92,451.20,507,33,29
1139,20.7141,s255,1646.07,526.15,301,17,30
1139,20.7141,s255,1627.06,575.76,437,26,29
1139,20.7141,s255,1512.79,1043.77,536,26,29
1140,20.7288,s255,483.19,71.09,405,31,21
1140,20.7288,s255,1084.75,149.18,724,33,35
1140,20.7288,s255,1071.08,194.11,747,31,39
1140,20.7288,s255,960.32,199.97,514,33,27
1140,20.7288,s255,342.74,437.98,289,21,23
1140,20.7288,s255,396.90,451.35,494,33,29
1140,20.7288,s255,1646.10,526.00,301,17,30
1140,20.7288,s255,1627.10,575.93,437,25,29
1140,20.7288,s255,1512.74,1043.92,533,26,29
1141,20.7452,s255,483.04,71.00,406,31,21
1141,20.7452,s255,1083.84,146.14,704,33,36
1141,20.7452,s255,1074.88,194.70,773,33,39
1141,20.7452,s255,961.15,200.40,604,34,29
1141,20.7452,s255,342.57,438.10,285,21,23
1141,20.7452,s255,396.89,451.30,494,33,30
1141,20.7452,s255,1646.08,525.62,301,16,30
1141,20.7452,s255,1626.99,576.17,437,26,30
1141,20.7452,s255,1512.77,1043.74,536,26,29
1142,20.7603,s255,482.68,70.95,406,31,21
1142,20.7603,s255,1084.03,143.73,671,33,33
1142,20.7603,s255,1079.68,194.29,837,34,39
1142,20.7603,s255,961.01,201.63,707,34,32
1142,20.7603,s255,342.67,438.09,290,21,23
1142,20.7603,s255,396.86,451.34,506,33,30
1142,20.7603,s255,1646.10,526.03,307,17,30
1142,20.7603,s255,1626.97,575.84,440,25,29
1142,20.7603,s255,1512.72,1043.87,538,26,29
1143,20.7772,s255,482.90,70.99,406,31,21
1143,20.7772,s255,1084.15,143.22,647,34,32
1143,20.7772,s255,1083.63,193.30,815,34,37
1143,20.7772,s255,961.03,203.57,737,33,34
1143,20.7772,s255,342.64,437.81,278,21,22
1143,20.7772,s255,396.88,451.27,501,33,29
1143,20.7772,s255,1645.96,525.74,296,17,29
1143,20.7772,s255,1626.99,576.04,434,26,29
1143,20.7772,s255,1512.73,1043.75,534,26,29
1144,20.7924,s255,482.73,71.02,405,31,21
1144,20.7924,s255,1084.15,142.66,624,33,33
1144,20.7924,s255,1084.60,192.76,775,33,37
1144,20.7924,s255,961.02,204.14,737,33,33
1144,20.7924,s255,342.70,437.88,284,21,22
1144,20.7924,s255,397.22,450.66,535,32,31
1144,20.7924,s255,1646.02,526.46,314,18,30
1144,20.7924,s255,1627.01,575.94,437,26,29
1144,20.7924,s255,1512.79,1043.77,532,27,29
1145,20.8080,s255,482.79,71.02,405,31,21
1145,20.8080,s255,1083.99,143.10,611,30,32
1145,20.8080,s255,1086.19,192.02,778,33,37
1145,20.8080,s255,961.31,204.85,720,34,34
1145,20.8080,s255,342.53,437.96,286,21,23
1145,20.8080,s255,396.82,451.35,507,33,30
1145,20.8080,s255,1646.38,525.59,287,14,30
1145,20.8080,s255,1627.22,575.89,444,25,29
1145,20.8080,s255,1512.80,1043.72,537,26,29
1146,20.8246,s255,483.02,71.07,408,31,21
1146,20.8246,s255,1084.03,142.49,653,32,33
1146,20.8246,s255,1087.01,191.45,740,31,37
1146,20.8246,s255,960.82,204.93,741,34,34
1146,20.8246,s255,342.54,437.95,284,21,23
1146,20.8246,s255,397.07,451.30,496,32,30
1146,20.8246,s255,1646.04,526.12,305,17,29
1146,20.8246,s255,1627.11,576.00,442,25,29
1146,20.8246,s255,1512.60,1043.93,543,26,29
1147,20.8399,s255,482.91,70.94,408,31,21
1147,20.8399,s255,1085.85,143.10,665,33,32
1147,20.8399,s255,1088.14,190.44,727,31,37
1147,20.8399,s255,961.01,205.75,729,34,34
1147,20.8399,s255,342.38,438.12,286,21,24
1147,20.8399,s255,397.06,451.40,498,33,30
1147,20.8399,s255,1646.14,525.93,305,18,29
1147,20.8399,s255,1627.08,575.86,441,26,29
1147,20.8399,s255,1512.66,1043.86,534,26,29
1148,20.8562,s255,482.92,70.97,406,31,21
1148,20.8562,s255,1086.41,143.39,654,32,33
1148,20.8562,s255,1088.96,189.58,711,31,36
1148,20.8562,s255,960.75,206.13,731,34,35
1148,20.8562,s255,342.79,438.07,279,21,23
1148,20.8562,s255,396.86,451.19,501,33,30
1148,20.8562,s255,1646.14,526.02,313,18,30
1148,20.8562,s255,1627.14,575.97,442,25,29
1148,20.8562,s255,1512.63,1043.80,533,26,29
1149,20.8717,s255,482.89,70.95,403,31,21
1149,20.8717,s255,1086.49,143.07,698,31,32
1149,20.8717,s255,1089.67,188.72,689,30,36
1149,20.8717,s255,960.49,206.66,718,33,34
1149,20.8717,s255,342.63,437.88,283,21,24
1149,20.8717,s255,396.86,451.25,503,33,30
1149,20.8717,s255,1646.20,525.86,301,17,30
1149,20.8717,s255,1626.92,575.99,444,26,29
1149,20.8717,s255,1512.76,1043.70,534,26,29
1150,20.8881,s255,483.00,71.03,411,31,21
1150,20.8881,s255,1087.83,143.74,678,33,32
1150,20.8881,s255,1090.35,188.12,664,30,36
1150,20.8881,s255,960.38,207.15,735,33,35
1150,20.8881,s255,342.61,438.01,288,21,23
1150,20.8881,s255,397.05,451.23,508,33,30
1150,20.8881,s255,1646.11,525.99,313,17,30
1150,20.8881,s255,1626.72,575.97,453,28,29
1150,20.8881,s255,1512.74,1043.73,532,26,29
1151,20.9046,s255,483.21,71.01,409,31,21
1151,20.9046,s255,1087.03,143.60,684,32,33
1151,20.9046,s255,1090.73,187.26,648,30,36
1151,20.9046,s255,960.06,207.59,735,34,35
1151,20.9046,s255,342.44,438.12,286,21,24
1151,20.9046,s255,396.85,451.39,500,33,29
1151,20.9046,s255,1645.93,526.30,298,17,30
1151,20.9046,s255,1626.97,575.96,438,26,29
1151,20.9046,s255,1512.68,1043.92,531,27,29
1152,20.9212,stop,482.93,71.01,409,31,21
1152,20.9212,stop,1088.26,144.37,727,33,33
1152,20.9212,stop,1090.93,186.47,644,29,37
1152,20.9212,stop,959.86,208.14,749,34,35
1152,20.9212,stop,342.49,437.91,282,21,23
1152,20.9212,stop,396.97,451.26,502,33,30
1152,20.9212,stop,1645.97,526.36,327,18,29
1152,20.9212,stop,1627.02,575.89,442,26,29
1152,20.9212,stop,1512.80,1043.82,530,27,29
1153,20.9369,stop,482.97,71.01,417,31,21
1153,20.9369,stop,1089.01,144.97,730,33,34
1153,20.9369,stop,1091.05,185.84,627,29,37
1153,20.9369,stop,959.44,208.49,747,34,35
1153,20.9369,stop,342.57,437.95,283,21,23
1153,20.9369,stop,396.89,451.32,510,33,30
1153,20.9369,stop,1645.96,526.14,309,17,30
1153,20.9369,stop,1627.04,575.83,430,25,29
1153,20.9369,stop,1512.70,1043.81,534,26,29
1154,20.9527,stop,482.97,70.98,410,31,21
1154,20.9527,stop,1089.83,145.56,740,33,34
1154,20.9527,stop,1091.02,185.21,631,29,36
1154,20.9527,stop,959.29,208.94,755,34,36
1154,20.9527,stop,342.80,437.91,284,21,23
1154,20.9527,stop,396.96,451.30,501,33,30
1154,20.9527,stop,1646.20,526.18,313,18,30
1154,20.9527,stop,1626.94,575.92,438,26,29
1154,20.9527,stop,1512.66,1043.60,537,27,29
1155,20.9682,stop,482.91,71.03,401,31,21
1155,20.9682,stop,1090.00,145.47,733,33,33
1155,20.9682,stop,1091.02,185.03,634,29,37
1155,20.9682,stop,959.03,209.25,758,34,36
1155,20.9682,stop,342.65,437.98,289,21,22
1155,20.9682,stop,396.93,451.22,499,33,30
1155,20.9682,stop,1645.98,526.24,305,17,30
1155,20.9682,stop,1626.89,575.95,445,28,29
1155,20.9682,stop,1512.70,1043.66,531,26,29
1156,20.9846,stop,482.69,70.91,407,31,21
1156,20.9846,stop,1090.63,145.34,719,34,34
1156,20.9846,stop,1090.66,185.05,650,30,37
1156,20.9846,stop,958.35,209.19,742,33,36
1156,20.9846,stop,342.59,437.89,290,21,23
1156,20.9846,stop,396.87,451.24,505,33,30
1156,20.9846,stop,1646.48,525.22,288,15,29
1156,20.9846,stop,1626.99,575.93,437,26,29
1156,20.9846,stop,1512.72,1043.70,526,26,29
1157,21.0000,stop,483.10,71.02,406,31,21
1157,21.0000,stop,1091.15,144.94,701,33,33
1157,21.0000,stop,1090.28,185.12,641,29,37
1157,21.0000,stop,958.22,209.25,759,34,35
1157,21.0000,stop,342.82,437.99,290,20,23
1157,21.0000,stop,396.82,451.20,500,33,30
1157,21.0000,stop,1645.93,526.00,321,18,31
1157,21.0000,stop,1627.03,575.91,443,26,29
1157,21.0000,stop,1512.61,1043.76,536,26,29
1158,21.0156,stop,482.96,70.93,414,31,21
1158,21.0156,stop,1091.46,144.58,703,32,33
1158,21.0156,stop,1089.84,185.40,643,30,37
1158,21.0156,stop,958.03,209.07,749,34,35
1158,21.0156,stop,342.69,438.15,286,21,24
1158,21.0156,stop,397.10,451.34,496,32,29
1158,21.0156,stop,1645.91,526.03,305,18,30
1158,21.0156,stop,1626.93,575.68,442,26,29
1158,21.0156,stop,1512.71,1043.87,538,27,29
1159,21.0313,stop,482.92,71.01,416,31,21
1159,21.0313,stop,1091.50,144.50,694,33,33
1159,21.0313,stop,1089.30,185.61,655,30,36
1159,21.0313,stop,957.78,208.53,750,34,35
1159,21.0313,stop,342.55,438.02,288,21,23
1159,21.0313,stop,396.78,451.31,508,33,30
1159,21.0313,stop,1646.52,525.40,288,14,30
1159,21.0313,stop,1627.01,576.00,438,25,29
1159,21.0313,stop,1512.72,1043.70,537,26,29
1160,21.0470,stop,483.06,71.08,403,31,21
1160,21.0470,stop,1091.88,144.25,688,32,33
1160,21.0470,stop,1088.49,186.26,656,31,33
1160,21.0470,stop,957.71,208.26,749,33,35
1160,21.0470,stop,342.70,438.23,288,21,24
1160,21.0470,stop,397.12,451.39,498,32,29
1160,21.0470,stop,1646.01,526.27,315,18,30
1160,21.0470,stop,1626.90,575.80,436,26,29
1160,21.0470,stop,1512.82,1043.95,532,26,29
1161,21.0641,stop,482.88,70.86,399,31,21
1161,21.0641,stop,1092.25,143.88,700,33,34
1161,21.0641,stop,1087.47,186.35,679,32,34
1161,21.0641,stop,957.40,207.69,746,33,34
1161,21.0641,stop,342.72,437.98,283,21,23
1161,21.0641,stop,396.96,450.40,537,33,31
1161,21.0641,stop,1645.92,525.92,304,18,29
1161,21.0641,stop,1626.88,575.83,438,26,29
1161,21.0641,stop,1512.57,1043.71,533,26,29
1162,21.0798,stop,482.93,71.02,406,31,21
1162,21.0798,stop,1092.66,144.72,676,32,32
1162,21.0798,stop,1086.38,186.39,686,32,34
1162,21.0798,stop,957.23,207.29,741,33,35
1162,21.0798,stop,342.57,438.05,284,21,23
1162,21.0798,stop,396.85,451.10,503,33,30
1162,21.0798,stop,1646.09,525.91,303,17,30
1162,21.0798,stop,1627.04,575.98,444,26,29
1162,21.0798,stop,1512.68,1043.75,531,26,29
1163,21.0954,stop,483.10,71.02,404,31,21
1163,21.0954,stop,1092.94,144.23,711,32,34
1163,21.0954,stop,1085.16,186.39,705,32,34
1163,21.0954,stop,957.15,207.08,735,34,35
1163,21.0954,stop,342.80,438.12,294,21,24
1163,21.0954,stop,396.85,451.16,509,33,30
1163,21.0954,stop,1646.05,526.47,309,18,30
1163,21.0954,stop,1627.01,575.88,438,25,29
1163,21.0954,stop,1512.72,1043.82,535,26,29
1164,21.1111,stop,482.73,70.99,405,31,21
1164,21.1111,stop,1093.06,145.07,706,33,30
1164,21.1111,stop,1084.13,186.37,714,33,34
1164,21.1111,stop,957.08,206.77,728,34,34
1164,21.1111,stop,342.57,437.94,289,21,23
1164,21.1111,stop,396.96,451.33,500,32,30
1164,21.1111,stop,1645.99,526.62,314,18,30
1164,21.1111,stop,1626.99,575.85,444,26,29
1164,21.1111,stop,1512.60,1043.74,536,26,29
1165,21.1266,stop,482.72,70.97,404,31,21
1165,21.1266,stop,1092.83,145.09,713,35,29
1165,21.1266,stop,1082.85,186.36,721,34,33
1165,21.1266,stop,956.87,206.60,735,34,34
1165,21.1266,stop,342.53,438.14,285,21,24
1165,21.1266,stop,396.94,451.19,500,33,31
1165,21.1266,stop,1646.25,525.98,308,18,29
1165,21.1266,stop,1626.99,575.77,442,26,29
1165,21.1266,stop,1512.67,1043.77,524,26,29
1166,21.1437,stop,482.97,71.08,399,31,21
1166,21.1437,stop,1093.04,145.11,714,34,32
1166,21.1437,stop,1081.57,186.23,721,34,33
1166,21.1437,stop,956.53,206.32,735,33,35
1166,21.1437,stop,342.69,438.08,289,21,23
1166,21.1437,stop,397.01,451.35,497,33,30
1166,21.1437,stop,1645.82,525.80,294,18,30
1166,21.1437,stop,1627.12,575.91,434,26,29
1166,21.1437,stop,1512.63,1043.82,538,26,29
1167,21.1608,stop,482.93,70.98,398,31,21
1167,21.1608,stop,1093.65,145.38,697,33,33
1167,21.1608,stop,1080.40,186.05,717,34,33
1167,21.1608,stop,956.43,206.09,727,33,35
1167,21.1608,stop,342.51,437.97,286,21,23
1167,21.1608,stop,396.86,451.24,503,33,30
1167,21.1608,stop,1646.09,526.26,317,17,30
1167,21.1608,stop,1627.06,576.05,445,26,29
1167,21.1608,stop,1512.85,1043.73,529,28,29
1168,21.1774,stop,483.06,71.04,412,31,21
1168,21.1774,stop,1093.83,146.13,686,32,35
1168,21.1774,stop,1079.31,185.79,732,34,34
1168,21.1774,stop,956.17,205.43,714,31,35
1168,21.1774,stop,342.56,438.08,276,21,24
1168,21.1774,stop,397.05,451.28,506,32,30
1168,21.1774,stop,1646.14,526.20,309,19,30
1168,21.1774,stop,1627.01,575.95,437,26,29
1168,21.1774,stop,1512.58,1043.75,541,26,29
1169,21.1926,stop,483.20,71.07,411,31,21
1169,21.1926,stop,1094.15,145.77,744,33,37
1169,21.1926,stop,1078.09,185.84,720,34,34
1169,21.1926,stop,956.34,204.75,721,32,34
1169,21.1926,stop,342.59,438.18,284,21,23
1169,21.1926,stop,397.06,451.43,500,32,29
1169,21.1926,stop,1646.09,526.14,302,17,30
1169,21.1926,stop,1626.98,575.88,442,25,29
1169,21.1926,stop,1512.77,1043.75,533,26,29
1170,21.2084,stop,482.92,70.98,402,31,21
1170,21.2084,stop,1094.40,145.80,727,32,36
1170,21.2084,stop,1077.38,185.15,769,34,34
1170,21.2084,stop,956.22,204.02,708,31,30
1170,21.2084,stop,342.70,437.94,283,21,23
1170,21.2084,stop,397.07,451.29,500,32,30
1170,21.2084,stop,1646.10,526.12,299,17,30
1170,21.2084,stop,1627.07,575.95,438,26,29
1170,21.2084,stop,1512.72,1043.70,538,26,29
1171,21.2235,stop,483.12,70.96,412,31,21
1171,21.2235,stop,1094.59,147.07,655,28,36
1171,21.2235,stop,1076.06,185.43,759,34,34
1171,21.2235,stop,956.13,203.26,720,32,33
1171,21.2235,stop,342.38,438.09,293,21,23
1171,21.2235,stop,396.97,451.34,504,33,29
1171,21.2235,stop,1646.59,525.41,279,14,29
1171,21.2235,stop,1626.99,575.96,447,26,29
1171,21.2235,stop,1512.57,1043.77,534,26,29
1172,21.2396,stop,482.87,70.97,407,31,21
1172,21.2396,stop,1095.06,147.75,722,33,36
1172,21.2396,stop,1075.27,185.57,771,33,35
1172,21.2396,stop,956.19,201.41,743,33,34
1172,21.2396,stop,342.52,438.11,283,21,23
1172,21.2396,stop,396.97,451.21,506,32,30
1172,21.2396,stop,1646.10,526.33,316,17,30
1172,21.2396,stop,1627.00,575.71,446,26,29
1172,21.2396,stop,1512.81,1043.73,539,26,29
1173,21.2548,stop,482.87,70.96,407,31,21
1173,21.2548,stop,1093.47,147.82,750,32,36
1173,21.2548,stop,1074.41,185.70,807,33,37
1173,21.2548,stop,955.94,200.87,753,34,35
1173,21.2548,stop,342.46,438.04,292,21,24
1173,21.2548,stop,396.91,451.30,505,33,29
1173,21.2548,stop,1646.11,526.10,317,18,31
1173,21.2548,stop,1627.15,575.80,446,26,29
1173,21.2548,stop,1512.80,1043.84,528,26,29
1174,21.2701,stop,482.94,70.97,401,31,21
1174,21.2701,stop,1093.62,148.72,794,33,35
1174,21.2701,stop,1073.67,185.87,812,33,38
1174,21.2701,stop,955.59,200.63,752,34,33
1174,21.2701,stop,342.56,438.16,290,21,24
1174,21.2701,stop,396.96,451.31,500,32,30
1174,21.2701,stop,1645.98,526.18,318,19,30
1174,21.2701,stop,1627.10,575.89,441,26,29
1174,21.2701,stop,1512.68,1043.81,534,26,29
1175,21.2856,stop,482.74,71.04,401,31,21
1175,21.2856,stop,1093.31,149.16,831,34,36
1175,21.2856,stop,1073.40,185.68,765,28,38
1175,21.2856,stop,955.05,199.51,725,33,33
1175,21.2856,stop,342.45,438.14,298,21,23
1175,21.2856,stop,396.84,451.31,499,33,30
1175,21.2856,stop,1646.08,526.16,312,17,30
1175,21.2856,stop,1626.90,576.02,435,26,29
1175,21.2856,stop,1512.73,1043.83,533,26,29
1176,21.3013,stop,482.85,71.01,398,31,21
1176,21.3013,stop,1082.82,167.05,1591,51,73
1176,21.3013,stop,955.03,198.71,702,32,31
1176,21.3013,stop,342.60,437.81,282,21,23
1176,21.3013,stop,396.84,451.26,497,33,30
1176,21.3013,stop,1646.23,526.06,314,17,30
1176,21.3013,stop,1626.91,575.94,439,26,29
1176,21.3013,stop,1512.73,1043.69,540,26,29
1177,21.3166,stop,482.81,71.03,409,31,21
1177,21.3166,stop,1092.82,150.18,817,34,36
1177,21.3166,stop,1072.09,185.78,770,27,38
1177,21.3166,stop,954.93,197.99,678,32,31
1177,21.3166,stop,342.49,437.84,281,21,23
1177,21.3166,stop,396.95,451.37,505,33,31
1177,21.3166,stop,1645.75,526.06,313,18,29
1177,21.3166,stop,1626.94,575.94,443,26,29
1177,21.3166,stop,1512.68,1043.81,522,25,29
1178,21.3336,stop,483.04,71.03,419,31,21
1178,21.3336,stop,1092.33,150.35,830,34,37
1178,21.3336,stop,1071.62,185.94,767,27,39
1178,21.3336,stop,954.97,197.23,646,33,30
1178,21.3336,stop,342.88,437.96,285,21,23
1178,21.3336,stop,396.69,451.14,503,33,30
1178,21.3336,stop,1645.98,526.13,304,17,30
1178,21.3336,stop,1627.09,575.87,453,26,29
1178,21.3336,stop,1512.62,1043.81,531,26,29
1179,21.3485,stop,483.04,71.04,400,31,21
1179,21.3485,stop,1092.41,150.70,786,34,35
1179,21.3485,stop,1071.26,185.93,776,28,38
1179,21.3485,stop,955.59,196.79,564,33,29
1179,21.3485,stop,342.56,437.94,286,21,24
1179,21.3485,stop,396.91,451.27,500,32,30
1179,21.3485,stop,1646.15,526.13,315,19,30
1179,21.3485,stop,1626.88,575.89,438,27,29
1179,21.3485,stop,1512.70,1043.74,535,26,29
1180,21.3649,stop,483.23,71.15,409,31,21
1180,21.3649,stop,1092.20,150.64,742,34,35
1180,21.3649,stop,1071.12,185.84,778,29,37
1180,21.3649,stop,955.76,196.28,504,33,27
1180,21.3649,stop,342.42,437.95,295,21,23
1180,21.3649,stop,397.04,451.33,505,32,30
1180,21.3649,stop,1646.09,526.34,312,18,30
1180,21.3649,stop,1626.99,575.88,439,26,29
1180,21.3649,stop,1512.63,1043.72,534,26,29
1181,21.3805,stop,482.92,70.96,413,31,21
1181,21.3805,stop,1091.66,150.21,673,33,34
1181,21.3805,stop,1071.23,185.61,791,29,37
1181,21.3805,stop,954.31,196.27,413,26,26
1181,21.3805,stop,342.66,438.15,292,21,23
1181,21.3805,stop,397.06,451.31,506,32,29
1181,21.3805,stop,1646.03,525.92,305,17,29
1181,21.3805,stop,1627.07,575.89,438,26,29
1181,21.3805,stop,1512.83,1043.75,532,26,29
1182,21.3964,stop,483.12,71.09,402,31,21
1182,21.3964,stop,1092.80,150.73,630,29,33
1182,21.3964,stop,1071.42,185.61,798,31,38
1182,21.3964,stop,954.55,195.64,381,26,26
1182,21.3964,stop,342.49,438.21,288,21,23
1182,21.3964,stop,396.94,451.25,496,32,30
1182,21.3964,stop,1646.11,525.97,304,18,30
1182,21.3964,stop,1627.11,575.82,443,25,29
1182,21.3964,stop,1512.78,1043.80,522,27,29
1183,21.4115,stop,483.01,71.07,410,31,21
1183,21.4115,stop,1091.39,149.78,593,32,32
1183,21.4115,stop,1071.62,185.68,784,31,38
1183,21.4115,stop,955.03,195.53,366,25,25
1183,21.4115,stop,342.51,438.01,291,21,23
1183,21.4115,stop,396.93,451.16,498,32,30
1183,21.4115,stop,1645.76,526.03,292,18,30
1183,21.4115,stop,1627.06,575.76,440,25,29
1183,21.4115,stop,1512.62,1043.86,536,26,29
1184,21.4267,stop,483.02,71.07,408,31,21
1184,21.4267,stop,1091.42,149.47,564,33,31
1184,21.4267,stop,1071.96,185.80,791,32,38
1184,21.4267,stop,955.29,195.62,351,25,23
1184,21.4267,stop,342.64,438.02,292,21,23
1184,21.4267,stop,396.92,451.23,507,32,30
1184,21.4267,stop,1646.04,526.34,308,18,30
1184,21.4267,stop,1627.06,575.95,443,26,29
1184,21.4267,stop,1512.63,1043.68,532,26,29
1185,21.4432,stop,482.92,71.00,418,31,21
1185,21.4432,stop,1091.90,148.62,592,32,32
1185,21.4432,stop,1072.33,185.78,788,33,37
1185,21.4432,stop,955.95,195.96,338,25,23
1185,21.4432,stop,342.53,438.02,292,21,23
1185,21.4432,stop,396.86,451.26,507,33,29
1185,21.4432,stop,1645.99,525.83,311,18,30
1185,21.4432,stop,1627.14,575.87,437,25,29
1185,21.4432,stop,1512.68,1043.84,525,26,29
1186,21.4584,stop,482.97,71.07,415,31,21
1186,21.4584,stop,1093.61,148.64,579,27,32
1186,21.4584,stop,1073.03,185.71,773,33,37
1186,21.4584,stop,956.44,196.45,335,25,23
1186,21.4584,stop,342.63,437.99,282,21,23
1186,21.4584,stop,397.11,451.37,504,33,30
1186,21.4584,stop,1646.20,525.87,298,17,29
1186,21.4584,stop,1626.94,575.95,434,25,29
1186,21.4584,stop,1512.67,1043.76,531,26,29
1187,21.4749,stop,483.00,71.00,412,31,21
1187,21.4749,stop,1093.85,147.82,576,27,32
1187,21.4749,stop,1073.68,185.61,778,34,37
1187,21.4749,stop,956.78,197.10,325,25,22
1187,21.4749,stop,342.36,438.02,290,21,25
1187,21.4749,stop,396.74,451.12,497,33,29
1187,21.4749,stop,1646.10,526.18,306,17,30
1187,21.4749,stop,1627.06,575.92,443,25,29
1187,21.4749,stop,1512.69,1043.79,532,26,29
1188,21.4897,stop,482.91,70.96,400,31,21
1188,21.4897,stop,1094.50,146.48,602,28,33
1188,21.4897,stop,1074.44,185.47,789,34,37
1188,21.4897,stop,957.63,197.83,330,23,23
1188,21.4897,stop,342.62,438.22,286,21,22
1188,21.4897,stop,396.83,451.24,511,33,30
1188,21.4897,stop,1646.06,525.77,311,17,29
1188,21.4897,stop,1627.14,575.84,441,25,29
1188,21.4897,stop,1512.71,1043.79,538,26,29
1189,21.5050,stop,482.88,71.02,404,31,21
1189,21.5050,stop,1094.84,144.76,575,28,34
1189,21.5050,stop,1075.01,185.43,800,34,37
1189,21.5050,stop,958.10,199.13,338,23,24
1189,21.5050,stop,342.63,438.07,284,21,23
1189,21.5050,stop,397.01,451.13,499,33,30
1189,21.5050,stop,1646.03,526.03,301,17,29
1189,21.5050,stop,1626.98,575.85,428,26,29
1189,21.5050,stop,1512.58,1043.78,547,27,29
1190,21.5207,stop,482.84,70.98,407,31,21
1190,21.5207,stop,1095.57,143.44,574,28,34
1190,21.5207,stop,1075.18,184.81,831,35,36
1190,21.5207,stop,958.61,200.46,332,23,24
1190,21.5207,stop,342.62,438.14,290,21,23
1190,21.5207,stop,396.94,451.35,496,32,30
1190,21.5207,stop,1646.23,526.24,302,17,30
1190,21.5207,stop,1627.12,576.00,445,26,29
1190,21.5207,stop,1512.76,1043.80,533,26,29
1191,21.5369,stop,482.79,70.99,408,31,21
1191,21.5369,stop,1096.71,142.01,613,27,34
1191,21.5369,stop,1076.28,185.53,775,34,36
1191,21.5369,stop,958.44,201.19,355,23,26
1191,21.5369,stop,342.61,438.15,288,21,23
1191,21.5369,stop,396.91,451.35,505,33,30
1191,21.5369,stop,1645.99,526.29,308,18,30
1191,21.5369,stop,1627.15,575.77,441,25,29
1191,21.5369,stop,1512.77,1043.76,533,26,29
1192,21.5532,stop,483.02,71.04,409,31,21
1192,21.5532,stop,1097.80,140.17,661,29,35
1192,21.5532,stop,1076.95,185.51,801,36,35
1192,21.5532,stop,958.57,202.70,362,22,27
1192,21.5532,stop,342.68,438.08,281,21,23
1192,21.5532,stop,397.02,451.37,503,32,30
1192,21.5532,stop,1646.22,526.17,307,18,30
1192,21.5532,stop,1627.00,575.98,434,25,29
1192,21.5532,stop,1512.57,1043.67,533,26,29
1193,21.5680,stop,483.11,70.93,408,31,21
1193,21.5680,stop,1097.97,137.73,735,32,35
1193,21.5680,stop,1077.46,186.45,771,35,29
1193,21.5680,stop,958.67,204.63,368,22,29
1193,21.5680,stop,342.69,438.11,288,21,23
1193,21.5680,stop,396.95,451.25,498,32,30
1193,21.5680,stop,1646.22,526.17,303,17,30
1193,21.5680,stop,1626.83,575.93,430,26,29
1193,21.5680,stop,1512.69,1043.90,522,26,29
1194,21.5863,stop,482.80,70.95,409,31,21
1194,21.5863,stop,1099.24,135.57,741,32,35
1194,21.5863,stop,1077.85,186.78,755,33,31
1194,21.5863,stop,958.60,206.46,380,22,29
1194,21.5863,stop,342.60,437.92,284,21,22
1194,21.5863,stop,396.84,451.17,502,32,30
1194,21.5863,stop,1646.10,525.99,308,18,29
1194,21.5863,stop,1626.89,575.89,438,26,28
1194,21.5863,stop,1512.70,1043.75,532,26,29
1195,21.6023,stop,483.05,70.99,405,31,21
1195,21.6023,stop,1101.39,134.04,718,31,36
1195,21.6023,stop,1078.29,186.83,761,34,32
1195,21.6023,stop,958.38,208.62,376,22,29
1195,21.6023,stop,342.89,437.95,284,21,23
1195,21.6023,stop,396.96,451.13,503,33,30
1195,21.6023,stop,1646.10,525.63,302,17,29
1195,21.6023,stop,1626.92,575.82,442,25,29
1195,21.6023,stop,1512.57,1043.70,533,26,29
1196,21.6183,stop,482.96,71.00,406,31,21
1196,21.6183,stop,1102.86,131.83,731,30,36
1196,21.6183,stop,1078.54,186.94,762,34,33
1196,21.6183,stop,958.45,212.20,374,22,26
1196,21.6183,stop,342.71,437.75,270,21,23
1196,21.6183,stop,396.97,451.24,501,32,29
1196,21.6183,stop,1646.60,525.30,295,15,31
1196,21.6183,stop,1627.05,575.79,440,26,29
1196,21.6183,stop,1512.62,1043.79,528,26,29
1197,21.6343,stop,482.85,70.98,410,31,21
1197,21.6343,stop,1104.66,129.01,767,31,37
1197,21.6343,stop,1079.23,186.99,737,34,33
1197,21.6343,stop,958.05,214.79,380,21,25
1197,21.6343,stop,342.56,438.00,284,21,23
1197,21.6343,stop,396.93,451.28,509,33,29
1197,21.6343,stop,1646.08,526.19,311,18,30
1197,21.6343,stop,1627.00,576.07,435,26,29
1197,21.6343,stop,1512.86,1043.69,522,25,29
1198,21.6503,stop,482.77,70.85,410,31,21
1198,21.6503,stop,1106.28,126.71,771,31,36
1198,21.6503,stop,1079.43,186.83,722,34,33
1198,21.6503,stop,956.87,217.18,386,24,26
1198,21.6503,stop,342.53,438.18,291,21,24
1198,21.6503,stop,397.21,450.57,541,32,32
1198,21.6503,stop,1645.92,526.15,310,18,30
1198,21.6503,stop,1626.92,575.94,435,26,29
1198,21.6503,stop,1512.71,1043.79,541,26,29
1199,21.6663,stop,482.88,71.03,411,31,21
1199,21.6663,stop,1108.06,124.14,785,32,37
1199,21.6663,stop,1079.86,186.82,672,34,31
1199,21.6663,stop,955.64,218.84,436,25,31
1199,21.6663,stop,342.66,437.95,278,21,23
1199,21.6663,stop,397.06,451.31,500,32,29
1199,21.6663,stop,1645.90,525.93,307,17,29
1199,21.6663,stop,1626.92,576.09,428,26,29
1199,21.6663,stop,1512.69,1043.66,529,26,29
1200,21.6862,stop,482.87,71.01,413,31,21
1200,21.6862,stop,1110.04,121.30,783,33,36
1200,21.6862,stop,1080.33,186.65,640,34,30
1200,21.6862,stop,954.66,221.21,448,25,31
1200,21.6862,stop,342.63,437.97,287,21,23
1200,21.6862,stop,396.88,451.23,499,33,29
1200,21.6862,stop,1646.04,525.95,305,18,30
1200,21.6862,stop,1627.05,575.86,434,25,29
1200,21.6862,stop,1512.66,1043.82,533,27,29
1201,21.7025,stop,483.02,70.96,408,31,21
1201,21.7025,stop,1112.10,118.61,769,33,35
1201,21.7025,stop,1080.77,186.61,584,33,28
1201,21.7025,stop,953.62,223.71,455,26,32
1201,21.7025,stop,342.66,437.85,275,21,22
1201,21.7025,stop,396.79,451.17,501,33,30
1201,21.7025,stop,1646.13,526.23,321,18,30
1201,21.7025,stop,1627.06,575.94,434,26,29
1201,21.7025,stop,1512.86,1043.71,535,26,29
1202,21.7183,stop,482.95,70.90,404,31,21
1202,21.7183,stop,1114.60,115.77,773,34,35
1202,21.7183,stop,1081.60,186.41,551,32,27
1202,21.7183,stop,952.66,226.57,422,25,30
1202,21.7183,stop,342.61,438.23,286,21,24
1202,21.7183,stop,396.95,451.21,497,32,30
1202,21.7183,stop,1645.87,526.31,306,18,30
1202,21.7183,stop,1627.07,575.94,442,25,29
1202,21.7183,stop,1512.56,1043.86,530,26,29
1203,21.7343,stop,482.71,71.10,401,31,21
1203,21.7343,stop,1116.78,113.01,757,35,34
1203,21.7343,stop,1082.21,186.14,532,33,26
1203,21.7343,stop,951.28,229.56,418,24,31
1203,21.7343,stop,342.56,437.86,284,21,23
1203,21.7343,stop,396.92,451.18,503,32,30
1203,21.7343,stop,1646.13,526.24,308,19,29
1203,21.7343,stop,1627.10,575.91,430,25,29
1203,21.7343,stop,1512.60,1043.81,537,26,29
1204,21.7503,stop,482.97,70.96,405,31,21
1204,21.7503,stop,1118.95,110.28,753,35,35
1204,21.7503,stop,1083.23,186.08,513,32,25
1204,21.7503,stop,949.66,232.07,428,25,32
1204,21.7503,stop,342.65,438.18,284,21,24
1204,21.7503,stop,396.96,451.30,498,32,29
1204,21.7503,stop,1646.09,526.08,310,18,30
1204,21.7503,stop,1626.97,575.91,432,25,29
1204,21.7503,stop,1512.62,1043.77,524,26,29
1205,21.7663,stop,483.01,70.96,406,31,21
1205,21.7663,stop,1121.39,107.66,708,34,33
1205,21.7663,stop,1084.19,186.20,518,31,25
1205,21.7663,stop,947.76,234.87,444,25,32
1205,21.7663,stop,342.61,437.81,279,21,23
1205,21.7663,stop,396.84,451.26,510,33,30
1205,21.7663,stop,1646.08,525.92,309,18,30
1205,21.7663,stop,1627.02,575.95,434,25,29
1205,21.7663,stop,1512.65,1043.85,535,26,29
1206,21.7862,stop,482.80,70.97,399,31,21
1206,21.7862,stop,1123.63,105.40,654,34,33
1206,21.7862,stop,1085.05,186.46,518,32,26
1206,21.7862,stop,945.54,237.50,439,25,30
1206,21.7862,stop,342.70,438.03,282,21,23
1206,21.7862,stop,396.85,451.15,514,33,30
1206,21.7862,stop,1646.04,525.99,303,18,30
1206,21.7862,stop,1627.09,575.97,436,26,29
1206,21.7862,stop,1512.64,1043.74,528,26,29
1207,21.8024,stop,483.09,71.04,417,31,21
1207,21.8024,stop,1126.00,103.18,627,33,32
1207,21.8024,stop,1086.07,186.72,520,32,26
1207,21.8024,stop,943.80,240.29,420,25,30
1207,21.8024,stop,342.62,437.85,280,21,23
1207,21.8024,stop,397.00,451.31,504,32,29
1207,21.8024,stop,1646.32,525.45,291,15,30
1207,21.8024,stop,1626.75,575.97,447,28,29
1207,21.8024,stop,1512.81,1043.76,524,26,29
1208,21.8189,stop,483.22,71.03,406,31,21
1208,21.8189,stop,1128.48,100.98,586,32,30
1208,21.8189,stop,1086.98,187.22,537,32,26
1208,21.8189,stop,941.43,244.32,462,25,32
1208,21.8189,stop,342.72,438.02,294,21,23
1208,21.8189,stop,396.77,451.22,508,32,30
1208,21.8189,stop,1646.14,526.12,315,17,30
1208,21.8189,stop,1627.06,575.81,436,26,29
1208,21.8189,stop,1512.80,1043.73,530,26,29
1209,21.8343,stop,482.85,71.01,405,31,21
1209,21.8343,stop,1130.55,99.42,572,33,29
1209,21.8343,stop,1087.81,187.62,556,31,26
1209,21.8343,stop,939.08,247.18,447,26,31
1209,21.8343,stop,342.49,437.99,286,21,23
1209,21.8343,stop,396.96,451.40,501,33,30
1209,21.8343,stop,1646.03,526.11,312,17,30
1209,21.8343,stop,1626.64,575.93,442,28,29
1209,21.8343,stop,1512.58,1043.80,533,26,29
1210,21.8508,stop,483.02,71.07,402,31,21
1210,21.8508,stop,1132.89,97.15,550,31,29
1210,21.8508,stop,1088.58,188.37,593,31,28
1210,21.8508,stop,936.35,250.14,479,26,31
1210,21.8508,stop,342.66,438.06,287,21,22
1210,21.8508,stop,397.03,451.32,496,33,29
1210,21.8508,stop,1646.14,526.18,311,17,30
1210,21.8508,stop,1627.02,575.97,437,26,29
1210,21.8508,stop,1512.65,1043.85,530,26,29
1211,21.8665,stop,482.97,71.11,415,31,21
1211,21.8665,stop,1134.79,94.90,530,32,28
1211,21.8665,stop,1089.41,189.37,603,31,28
1211,21.8665,stop,933.43,253.60,513,27,32
1211,21.8665,stop,342.54,437.93,287,21,23
1211,21.8665,stop,396.99,451.33,499,32,29
1211,21.8665,stop,1646.52,525.06,290,15,30
1211,21.8665,stop,1627.13,575.98,441,26,29
1211,21.8665,stop,1512.62,1043.91,537,26,29
1212,21.8862,stop,483.03,71.00,405,31,21
1212,21.8862,stop,1136.06,92.72,494,29,28
1212,21.8862,stop,1090.56,189.96,643,31,30
1212,21.8862,stop,930.22,256.48,560,27,32
1212,21.8862,stop,342.56,438.06,281,21,24
1212,21.8862,stop,397.11,451.35,498,32,29
1212,21.8862,stop,1646.55,524.08,269,15,27
1212,21.8862,stop,1627.06,576.03,435,25,29
1212,21.8862,stop,1512.74,1043.73,540,26,29
1213,21.9027,stop,483.12,71.06,400,31,21
1213,21.9027,stop,1137.92,90.69,478,28,28
1213,21.9027,stop,1090.47,191.40,602,30,30
1213,21.9027,stop,927.51,259.86,594,29,31
1213,21.9027,stop,342.58,438.23,290,21,24
1213,21.9027,stop,396.94,451.15,504,33,30
1213,21.9027,stop,1646.23,525.92,302,17,29
1213,21.9027,stop,1626.88,575.95,452,28,29
1213,21.9027,stop,1512.69,1043.84,535,26,29
1214,21.9200,stop,482.81,70.98,404,31,21
1214,21.9200,stop,1140.04,88.60,457,28,28
1214,21.9200,stop,1090.86,192.36,620,32,30
1214,21.9200,stop,924.27,263.31,620,30,31
1214,21.9200,stop,342.64,438.10,288,21,22
1214,21.9200,stop,396.89,451.28,501,33,29
1214,21.9200,stop,1646.23,525.92,306,17,29
1214,21.9200,stop,1627.00,575.98,434,26,29
1214,21.9200,stop,1512.84,1043.77,532,26,29
1215,21.9355,stop,482.94,70.94,405,31,21
1215,21.9355,stop,1142.16,86.90,421,25,27
1215,21.9355,stop,1091.16,193.31,632,32,30
1215,21.9355,stop,921.10,266.75,656,32,32
1215,21.9355,stop,342.64,437.98,283,21,23
1215,21.9355,stop,396.84,451.18,505,33,30
1215,21.9355,stop,1646.15,525.97,310,17,30
1215,21.9355,stop,1626.97,575.88,437,25,30
1215,21.9355,stop,1512.72,1043.76,527,26,29
1216,21.9516,stop,483.18,71.04,409,31,21
1216,21.9516,stop,1143.42,85.78,403,24,25
1216,21.9516,stop,1091.57,194.65,634,33,30
1216,21.9516,stop,919.05,270.26,754,34,33
1216,21.9516,stop,342.63,438.08,280,21,22
1216,21.9516,stop,396.93,451.27,495,33,30
1216,21.9516,stop,1646.18,526.04,310,17,30
1216,21.9516,stop,1627.12,575.72,435,25,28
1216,21.9516,stop,1512.59,1043.91,525,26,29
1217,21.9703,stop,483.18,71.08,401,31,21
1217,21.9703,stop,1144.44,84.70,378,24,23
1217,21.9703,stop,1091.90,195.98,642,32,31
1217,21.9703,stop,915.81,273.50,782,35,34
1217,21.9703,stop,342.68,438.04,287,21,24
1217,21.9703,stop,396.93,451.34,494,33,30
1217,21.9703,stop,1645.85,526.04,302,18,30
1217,21.9703,stop,1626.87,576.01,430,26,29
1217,21.9703,stop,1512.68,1043.75,530,26,29
1218,21.9864,stop,482.89,70.93,403,31,21
1218,21.9864,stop,1145.35,83.62,353,26,22
1218,21.9864,stop,1092.16,197.22,650,32,31
1218,21.9864,stop,912.34,277.01,767,34,35
1218,21.9864,stop,342.69,438.05,284,21,23
1218,21.9864,stop,396.96,451.21,499,32,30
1218,21.9864,stop,1646.09,526.21,307,18,30
1218,21.9864,stop,1627.06,575.88,433,25,29
1218,21.9864,stop,1512.70,1043.63,523,26,29
1219,22.0024,stop,482.88,71.00,402,31,21
1219,22.0024,stop,1146.41,82.58,319,27,20
1219,22.0024,stop,1092.06,198.46,655,33,32
1219,22.0024,stop,909.12,280.37,763,34,34
1219,22.0024,stop,342.76,437.98,286,21,23
1219,22.0024,stop,397.03,451.25,492,32,29
1219,22.0024,stop,1646.09,526.02,306,17,30
1219,22.0024,stop,1627.05,575.85,439,26,29
1219,22.0024,stop,1512.75,1043.83,536,26,29
1220,22.0184,stop,482.81,70.99,404,31,21
1220,22.0184,stop,1147.99,82.01,273,25,18
1220,22.0184,stop,1092.25,199.72,651,32,32
1220,22.0184,stop,906.85,283.81,734,34,34
1220,22.0184,stop,342.47,437.93,281,21,24
1220,22.0184,stop,396.96,451.31,504,32,29
1220,22.0184,stop,1645.97,526.28,310,18,30
1220,22.0184,stop,1626.66,575.99,442,27,29
1220,22.0184,stop,1512.80,1043.79,531,26,29
1221,22.0344,stop,482.93,70.92,399,31,21
1221,22.0344,stop,1148.49,81.53,242,23,17
1221,22.0344,stop,1092.53,200.83,693,32,33
1221,22.0344,stop,903.82,286.78,753,33,35
1221,22.0344,stop,342.38,438.01,281,21,22
1221,22.0344,stop,396.98,451.29,496,33,30
1221,22.0344,stop,1646.11,525.97,295,17,29
1221,22.0344,stop,1627.08,575.89,436,26,29
1221,22.0344,stop,1512.69,1043.70,521,27,29
1222,22.0503,stop,482.73,70.87,407,31,21
1222,22.0503,stop,1149.05,80.97,221,22,16
1222,22.0503,stop,1092.20,202.51,681,32,32
1222,22.0503,stop,900.71,290.10,734,32,35
1222,22.0503,stop,342.66,438.20,294,21,23
1222,22.0503,stop,396.98,451.30,498,33,30
1222,22.0503,stop,1646.62,525.24,289,14,29
1222,22.0503,stop,1627.00,576.02,434,26,29
1222,22.0503,stop,1512.85,1043.81,532,26,29
1223,22.0704,stop,482.86,70.96,414,31,21
1223,22.0704,stop,1149.35,80.62,205,21,15
1223,22.0704,stop,1092.16,203.86,697,32,32
1223,22.0704,stop,897.88,293.05,711,31,35
1223,22.0704,stop,342.60,437.85,272,21,22
1223,22.0704,stop,397.07,451.27,494,32,29
1223,22.0704,stop,1646.07,525.85,293,16,30
1223,22.0704,stop,1627.16,575.85,446,26,29
1223,22.0704,stop,1512.70,1043.73,534,26,29
1224,22.0868,stop,483.06,71.10,407,31,21
1224,22.0868,stop,1091.77,205.11,701,33,33
1224,22.0868,stop,895.26,295.88,692,30,35
1224,22.0868,stop,342.40,437.88,278,21,23
1224,22.0868,stop,397.02,451.24,503,32,30
1224,22.0868,stop,1645.99,526.01,294,17,29
1224,22.0868,stop,1627.05,575.70,438,25,28
1224,22.0868,stop,1512.99,1043.64,519,26,29
1225,22.1028,stop,482.79,71.00,404,31,21
1225,22.1028,stop,1091.35,206.43,713,33,33
1225,22.1028,stop,892.61,298.60,643,29,35
1225,22.1028,stop,342.67,438.00,277,21,23
1225,22.1028,stop,396.78,451.32,499,32,30
1225,22.1028,stop,1645.79,526.03,303,18,30
1225,22.1028,stop,1626.93,575.88,434,25,29
1225,22.1028,stop,1512.75,1043.99,538,28,29
1226,22.1183,stop,482.87,70.87,415,31,21
1226,22.1183,stop,1091.45,207.83,716,33,34
1226,22.1183,stop,890.24,300.87,598,27,33
1226,22.1183,stop,342.64,438.15,286,21,23
1226,22.1183,stop,396.82,451.22,509,33,30
1226,22.1183,stop,1646.00,526.30,304,18,30
1226,22.1183,stop,1627.16,575.89,441,26,29
1226,22.1183,stop,1512.84,1043.64,525,26,29
1227,22.1364,stop,482.96,71.02,411,31,21
1227,22.1364,stop,1091.03,209.16,742,33,35
1227,22.1364,stop,887.88,303.49,601,28,33
1227,22.1364,stop,342.57,437.93,274,21,22
1227,22.1364,stop,396.96,451.23,494,33,30
1227,22.1364,stop,1646.59,525.18,281,14,29
1227,22.1364,stop,1626.98,575.90,437,26,29
1227,22.1364,stop,1512.71,1043.76,525,26,29
1228,22.1525,stop,482.77,71.02,404,31,21
1228,22.1525,stop,1091.03,210.58,741,34,35
1228,22.1525,stop,885.82,306.35,592,28,34
1228,22.1525,stop,342.58,438.07,284,21,23
1228,22.1525,stop,397.00,451.34,499,32,29
1228,22.1525,stop,1646.04,526.02,303,18,29
1228,22.1525,stop,1626.98,575.97,434,26,29
1228,22.1525,stop,1512.66,1043.75,526,26,29
1229,22.1702,stop,482.79,70.97,404,31,21
1229,22.1702,stop,1091.12,211.15,763,34,34
1229,22.1702,stop,884.19,308.86,594,27,34
1229,22.1702,stop,342.48,438.00,279,21,22
1229,22.1702,stop,396.96,451.33,490,32,30
1229,22.1702,stop,1645.91,526.07,299,18,30
1229,22.1702,stop,1627.00,575.78,433,26,29
1229,22.1702,stop,1512.85,1043.67,526,26,29
1230,22.1863,stop,483.12,70.98,408,31,21
1230,22.1863,stop,1090.75,212.38,780,33,36
1230,22.1863,stop,882.43,311.17,583,27,34
1230,22.1863,stop,342.82,438.11,276,21,23
1230,22.1863,stop,396.96,451.16,500,32,30
1230,22.1863,stop,1646.17,525.74,298,17,29
1230,22.1863,stop,1626.94,576.04,432,25,29
1230,22.1863,stop,1512.68,1043.93,530,26,29
1231,22.2024,stop,482.67,70.97,406,31,21
1231,22.2024,stop,1090.46,213.70,794,33,34
1231,22.2024,stop,880.90,313.67,578,26,34
1231,22.2024,stop,342.41,438.45,287,23,24
1231,22.2024,stop,397.02,451.34,494,32,29
1231,22.2024,stop,1646.02,526.06,301,18,29
1231,22.2024,stop,1626.90,575.76,431,26,29
1231,22.2024,stop,1512.57,1043.73,532,27,29
1232,22.2184,stop,482.95,70.97,404,31,21
1232,22.2184,stop,1090.07,214.52,795,34,35
1232,22.2184,stop,879.66,315.89,578,27,34
1232,22.2184,stop,342.59,438.05,283,21,23
1232,22.2184,stop,396.98,451.32,507,33,29
1232,22.2184,stop,1645.95,525.86,292,18,29
1232,22.2184,stop,1626.95,575.89,436,26,29
1232,22.2184,stop,1512.69,1043.74,532,26,29
1233,22.2343,stop,483.02,71.04,408,31,21
1233,22.2343,stop,1090.16,215.48,783,34,35
1233,22.2343,stop,878.80,318.20,587,27,34
1233,22.2343,stop,342.67,438.00,282,21,23
1233,22.2343,stop,397.10,451.37,504,32,29
1233,22.2343,stop,1646.16,525.51,306,17,29
1233,22.2343,stop,1626.97,575.95,435,27,29
1233,22.2343,stop,1512.81,1043.75,528,26,29
1234,22.2503,stop,482.75,70.97,405,31,21
1234,22.2503,stop,1146.36,79.59,202,22,12
1234,22.2503,stop,1089.91,215.97,785,33,35
1234,22.2503,stop,877.93,320.47,611,27,34
1234,22.2503,stop,342.82,438.23,289,21,23
1234,22.2503,stop,396.86,451.30,501,33,30
1234,22.2503,stop,1646.12,526.07,307,17,30
1234,22.2503,stop,1626.97,575.82,436,26,29
1234,22.2503,stop,1512.58,1043.83,529,26,29
1235,22.2703,stop,483.03,71.04,404,31,21
1235,22.2703,stop,1147.05,79.69,249,30,13
1235,22.2703,stop,1089.58,216.60,787,34,36
1235,22.2703,stop,877.54,322.29,624,27,34
1235,22.2703,stop,342.67,438.10,281,21,24
1235,22.2703,stop,396.78,451.05,508,33,30
1235,22.2703,stop,1646.13,526.25,299,18,30
1235,22.2703,stop,1627.12,575.87,438,26,29
1235,22.2703,stop,1512.73,1043.76,535,26,29
1236,22.2863,stop,482.87,70.96,401,31,21
1236,22.2863,stop,1145.79,80.04,275,32,14
1236,22.2863,stop,1089.54,217.05,774,33,35
1236,22.2863,stop,877.15,324.13,627,27,34
1236,22.2863,stop,342.67,437.83,273,21,22
1236,22.2863,stop,397.16,451.41,490,32,30
1236,22.2863,stop,1645.96,526.27,299,18,30
1236,22.2863,stop,1626.97,576.00,430,26,29
1236,22.2863,stop,1512.62,1043.71,525,26,29
1237,22.3024,stop,482.86,70.93,408,31,21
1237,22.3024,stop,1145.11,80.44,304,33,15
1237,22.3024,stop,1089.36,217.47,790,33,36
1237,22.3024,stop,876.98,325.96,644,29,35
1237,22.3024,stop,342.71,437.85,280,21,23
1237,22.3024,stop,396.96,451.14,503,33,30
1237,22.3024,stop,1646.33,525.64,302,17,29
1237,22.3024,stop,1627.06,575.91,432,26,29
1237,22.3024,stop,1512.55,1043.73,537,26,29
1238,22.3184,stop,483.18,71.07,404,31,21
1238,22.3184,stop,1144.01,80.89,325,33,15
1238,22.3184,stop,1089.61,218.08,779,34,35
1238,22.3184,stop,876.65,327.78,660,30,34
1238,22.3184,stop,342.52,438.13,287,21,24
1238,22.3184,stop,397.10,451.30,499,32,30
1238,22.3184,stop,1645.75,526.41,301,18,30
1238,22.3184,stop,1626.98,575.76,434,26,29
1238,22.3184,stop,1512.67,1043.74,535,27,29
1239,22.3344,stop,483.10,71.01,411,31,21
1239,22.3344,stop,1143.37,81.03,354,34,17
1239,22.3344,stop,1089.66,218.31,783,33,35
1239,22.3344,stop,877.01,329.33,686,30,34
1239,22.3344,stop,342.59,437.89,273,21,23
1239,22.3344,stop,396.96,451.29,502,33,30
1239,22.3344,stop,1645.91,526.16,304,18,30
1239,22.3344,stop,1627.01,575.93,439,26,29
1239,22.3344,stop,1512.77,1043.78,536,27,29
1240,22.3503,stop,482.89,70.92,392,31,21
1240,22.3503,stop,1142.29,81.32,368,34,18
1240,22.3503,stop,1089.95,218.60,776,33,36
1240,22.3503,stop,877.12,330.97,695,31,34
1240,22.3503,stop,342.60,438.14,280,20,24
1240,22.3503,stop,396.87,451.19,501,32,30
1240,22.3503,stop,1646.09,526.19,307,18,30
1240,22.3503,stop,1626.98,575.90,439,25,29
1240,22.3503,stop,1512.80,1043.79,523,26,29
1241,22.3703,stop,483.14,70.96,404,31,21
1241,22.3703,stop,1141.69,81.64,394,33,18
1241,22.3703,stop,1090.29,218.91,779,34,35
1241,22.3703,stop,877.65,332.34,707,32,34
1241,22.3703,stop,342.64,438.02,280,21,23
1241,22.3703,stop,396.98,451.17,503,32,29
1241,22.3703,stop,1646.16,525.96,300,16,30
1241,22.3703,stop,1627.01,575.85,433,25,29
1241,22.3703,stop,1512.73,1043.83,529,26,29
1242,22.3869,stop,483.20,71.05,404,31,21
1242,22.3869,stop,1140.77,81.72,395,34,19
1242,22.3869,stop,1090.58,218.90,793,34,35
1242,22.3869,stop,878.17,333.76,719,33,34
1242,22.3869,stop,342.57,438.09,279,21,23
1242,22.3869,stop,396.89,451.19,511,32,30
1242,22.3869,stop,1646.53,524.90,277,14,29
1242,22.3869,stop,1627.09,576.05,436,25,29
1242,22.3869,stop,1512.73,1043.72,531,26,29
1243,22.4025,stop,482.91,70.98,399,31,21
1243,22.4025,stop,1140.16,81.95,407,35,19
1243,22.4025,stop,1091.01,218.53,787,32,36
1243,22.4025,stop,878.87,334.84,720,33,34
1243,22.4025,stop,342.62,438.03,282,21,23
1243,22.4025,stop,397.00,451.27,502,32,30
1243,22.4025,stop,1645.99,525.49,297,18,30
1243,22.4025,stop,1626.90,575.98,436,25,29
1243,22.4025,stop,1512.83,1043.86,528,27,29
1244,22.4183,stop,482.92,71.04,395,31,21
1244,22.4183,stop,1139.56,82.10,414,34,19
1244,22.4183,stop,1091.62,218.21,794,34,35
1244,22.4183,stop,879.23,335.38,803,33,35
1244,22.4183,stop,342.61,438.02,286,21,23
1244,22.4183,stop,396.97,451.20,501,33,30
1244,22.4183,stop,1645.95,526.46,317,18,30
1244,22.4183,stop,1626.98,575.82,427,25,29
1244,22.4183,stop,1512.79,1043.82,527,26,29
1245,22.4344,stop,483.19,71.08,402,31,21
1245,22.4344,stop,1139.05,82.33,426,34,20
1245,22.4344,stop,1092.12,217.77,793,33,35
1245,22.4344,stop,880.20,336.50,800,34,35
1245,22.4344,stop,342.71,437.88,285,21,23
1245,22.4344,stop,396.90,451.21,504,33,30
1245,22.4344,stop,1645.97,526.16,316,18,30
1245,22.4344,stop,1626.98,575.83,434,25,29
1245,22.4344,stop,1512.78,1043.69,533,26,29
1246,22.4504,stop,483.18,71.09,406,31,21
1246,22.4504,stop,1138.48,82.58,416,33,19
1246,22.4504,stop,1092.60,217.63,815,34,36
1246,22.4504,stop,881.00,337.20,801,35,36
1246,22.4504,stop,342.63,438.20,282,21,23
1246,22.4504,stop,397.01,451.32,500,32,29
1246,22.4504,stop,1646.03,525.63,285,17,29
1246,22.4504,stop,1626.93,575.94,432,25,29
1246,22.4504,stop,1512.60,1043.76,523,26,29
1247,22.4703,stop,483.02,71.00,409,31,21
1247,22.4703,stop,1136.49,83.18,390,27,20
1247,22.4703,stop,1093.01,217.53,779,34,36
1247,22.4703,stop,881.37,337.65,768,34,35
1247,22.4703,stop,342.75,438.03,275,21,22
1247,22.4703,stop,396.98,451.22,499,33,30
1247,22.4703,stop,1646.12,526.05,301,16,30
1247,22.4703,stop,1627.08,575.88,440,25,29
1247,22.4703,stop,1512.84,1043.71,529,26,29
1248,22.4870,stop,482.99,70.99,402,31,21
1248,22.4870,stop,1137.78,82.93,434,34,20
1248,22.4870,stop,1093.90,217.31,766,34,35
1248,22.4870,stop,882.15,337.96,754,34,34
1248,22.4870,stop,342.74,437.98,280,21,23
1248,22.4870,stop,397.02,451.23,497,32,29
1248,22.4870,stop,1646.08,526.00,305,17,30
1248,22.4870,stop,1626.97,575.85,428,25,29
1248,22.4870,stop,1512.81,1043.84,531,26,29
1249,22.5024,stop,482.64,71.02,407,31,21
1249,22.5024,stop,1136.05,83.61,402,27,20
1249,22.5024,stop,1095.02,216.47,792,33,35
1249,22.5024,stop,883.04,338.53,759,34,35
1249,22.5024,stop,342.60,438.07,288,21,25
1249,22.5024,stop,397.05,451.29,497,32,29
1249,22.5024,stop,1646.01,525.85,299,16,30
1249,22.5024,stop,1627.11,575.94,438,26,29
1249,22.5024,stop,1512.76,1043.75,528,26,29
1250,22.5187,stop,482.67,70.95,405,31,21
1250,22.5187,stop,1137.37,83.53,450,34,21
1250,22.5187,stop,1095.05,216.34,751,33,35
1250,22.5187,stop,884.06,338.82,747,34,35
1250,22.5187,stop,342.60,437.89,279,21,23
1250,22.5187,stop,397.04,451.24,494,32,30
1250,22.5187,stop,1646.00,525.72,307,18,30
1250,22.5187,stop,1627.04,575.79,436,26,29
1250,22.5187,stop,1512.74,1043.89,529,26,29
1251,22.5343,stop,482.99,71.09,396,31,21
1251,22.5343,stop,1137.42,83.65,465,34,21
1251,22.5343,stop,1095.94,215.85,750,33,34
1251,22.5343,stop,884.93,338.98,742,34,34
1251,22.5343,stop,342.65,438.06,278,21,23
1251,22.5343,stop,396.95,451.20,499,33,30
1251,22.5343,stop,1645.96,525.80,297,17,29
1251,22.5343,stop,1627.01,575.89,435,26,29
1251,22.5343,stop,1512.74,1043.74,524,26,29
1252,22.5503,stop,482.97,70.98,406,31,21
1252,22.5503,stop,1137.26,83.77,460,33,21
1252,22.5503,stop,1096.73,215.14,736,33,35
1252,22.5503,stop,885.74,338.87,734,33,34
1252,22.5503,stop,342.51,438.32,281,21,24
1252,22.5503,stop,396.91,451.28,497,32,29
1252,22.5503,stop,1646.13,526.06,308,17,29
1252,22.5503,stop,1626.92,575.81,427,26,29
1252,22.5503,stop,1512.67,1043.69,536,26,29
1253,22.5702,stop,482.80,70.95,401,31,21
1253,22.5702,stop,1137.42,83.80,456,33,21
1253,22.5702,stop,1097.39,214.32,732,34,34
1253,22.5702,stop,886.66,338.90,736,33,34
1253,22.5702,stop,342.80,438.04,274,20,23
1253,22.5702,stop,396.96,451.30,494,32,29
1253,22.5702,stop,1646.42,525.00,265,13,29
1253,22.5702,stop,1627.14,575.81,443,25,29
1253,22.5702,stop,1512.58,1043.69,520,26,29
1254,22.5864,stop,482.94,70.98,412,31,21
1254,22.5864,stop,1137.37,83.75,458,33,21
1254,22.5864,stop,1098.10,213.46,721,33,34
1254,22.5864,stop,887.08,338.67,723,33,35
1254,22.5864,stop,342.76,438.15,288,21,24
1254,22.5864,stop,396.96,451.36,505,33,29
1254,22.5864,stop,1645.91,526.09,291,17,30
1254,22.5864,stop,1626.91,576.00,427,26,29
1254,22.5864,stop,1512.74,1043.69,528,26,29
1255,22.6027,stop,482.95,71.10,403,31,21
1255,22.6027,stop,1137.58,83.69,458,34,21
1255,22.6027,stop,1098.67,212.64,712,34,34
1255,22.6027,stop,887.78,338.46,722,33,34
1255,22.6027,stop,342.82,437.72,271,21,23
1255,22.6027,stop,396.90,451.24,501,32,30
1255,22.6027,stop,1646.50,525.03,276,15,29
1255,22.6027,stop,1626.92,575.87,429,26,29
1255,22.6027,stop,1512.56,1043.81,531,26,29
1256,22.6184,stop,482.85,71.00,404,31,21
1256,22.6184,stop,1137.73,83.59,455,34,21
1256,22.6184,stop,1099.29,211.78,688,33,33
1256,22.6184,stop,888.23,338.20,719,32,34
1256,22.6184,stop,342.52,437.93,275,21,24
1256,22.6184,stop,397.01,451.37,487,32,29
1256,22.6184,stop,1646.06,526.21,303,18,29
1256,22.6184,stop,1626.86,575.90,428,26,29
1256,22.6184,stop,1512.64,1043.79,528,26,29
1257,22.6344,stop,482.88,70.99,401,31,21
1257,22.6344,stop,1136.28,83.71,405,27,20
1257,22.6344,stop,1099.63,211.05,666,32,32
1257,22.6344,stop,888.78,337.57,710,33,35
1257,22.6344,stop,342.84,438.15,277,21,23
1257,22.6344,stop,396.97,451.30,505,33,29
1257,22.6344,stop,1646.25,524.76,271,15,29
1257,22.6344,stop,1626.94,575.89,438,25,29
1257,22.6344,stop,1512.69,1043.82,531,26,29
1258,22.6508,stop,483.12,71.06,398,31,21
1258,22.6508,stop,1138.13,83.23,441,34,20
1258,22.6508,stop,1100.00,210.62,666,32,31
1258,22.6508,stop,888.97,337.07,710,32,35
1258,22.6508,stop,342.45,438.10,276,21,24
1258,22.6508,stop,397.08,451.26,506,33,29
1258,22.6508,stop,1645.92,526.24,299,17,30
1258,22.6508,stop,1626.99,575.93,434,26,29
1258,22.6508,stop,1512.73,1043.72,527,26,29
1259,22.6702,stop,482.86,70.94,398,31,21
1259,22.6702,stop,1138.56,83.12,442,34,20
1259,22.6702,stop,1100.47,210.05,662,33,31
1259,22.6702,stop,889.20,335.96,699,32,34
1259,22.6702,stop,342.49,437.92,278,21,23
1259,22.6702,stop,396.84,451.34,502,33,30
1259,22.6702,stop,1645.95,525.76,302,18,29
1259,22.6702,stop,1627.02,575.68,431,26,29
1259,22.6702,stop,1512.69,1043.81,531,26,29
1260,22.6863,stop,482.99,71.05,409,31,21
1260,22.6863,stop,1138.87,82.82,430,34,20
1260,22.6863,stop,1100.73,209.55,650,32,30
1260,22.6863,stop,889.45,335.13,712,33,35
1260,22.6863,stop,342.57,438.04,281,21,22
1260,22.6863,stop,396.98,451.25,506,33,29
1260,22.6863,stop,1645.90,525.99,289,18,29
1260,22.6863,stop,1627.04,575.82,439,26,29
1260,22.6863,stop,1512.78,1043.94,525,26,29
1261,22.7024,stop,482.87,71.01,404,31,21
1261,22.7024,stop,1137.76,83.15,396,28,19
1261,22.7024,stop,1100.76,208.94,644,32,31
1261,22.7024,stop,889.45,334.04,708,33,34
1261,22.7024,stop,342.59,437.96,276,21,23
1261,22.7024,stop,397.00,451.37,488,32,29
1261,22.7024,stop,1646.12,525.86,295,17,30
1261,22.7024,stop,1626.98,575.84,434,25,29
1261,22.7024,stop,1512.72,1043.85,531,26,29
1262,22.7183,stop,483.06,70.95,400,31,21
1262,22.7183,stop,1139.62,82.90,442,34,20
1262,22.7183,stop,1100.96,208.77,632,32,30
1262,22.7183,stop,889.37,333.03,705,33,34
1262,22.7183,stop,342.67,438.02,281,21,23
1262,22.7183,stop,396.93,451.27,490,33,30
1262,22.7183,stop,1646.60,525.48,280,14,29
1262,22.7183,stop,1626.94,575.88,433,25,29
1262,22.7183,stop,1512.74,1043.76,526,26,29
1263,22.7347,stop,483.00,70.96,404,31,21
1263,22.7347,stop,1140.27,82.91,445,34,20
1263,22.7347,stop,1100.96,208.22,620,32,29
1263,22.7347,stop,889.38,331.63,710,33,34
1263,22.7347,stop,342.54,437.85,278,21,23
1263,22.7347,stop,397.21,451.34,499,32,29
1263,22.7347,stop,1646.04,525.63,306,18,30
1263,22.7347,stop,1626.90,575.92,442,26,29
1263,22.7347,stop,1512.74,1043.77,532,26,29
1264,22.7542,stop,483.11,71.01,403,31,21
1264,22.7542,stop,1140.79,82.85,445,34,20
1264,22.7542,stop,1100.80,207.80,611,32,29
1264,22.7542,stop,889.61,330.94,707,32,34
1264,22.7542,stop,342.77,438.05,277,21,22
1264,22.7542,stop,396.85,451.28,505,33,29
1264,22.7542,stop,1645.99,525.41,286,17,29
1264,22.7542,stop,1627.01,575.93,431,26,29
1264,22.7542,stop,1512.68,1043.81,519,26,29
1265,22.7704,stop,482.91,71.01,408,31,21
1265,22.7704,stop,1141.24,82.88,453,34,20
1265,22.7704,stop,1100.73,207.59,606,32,28
1265,22.7704,stop,889.22,329.41,694,33,34
1265,22.7704,stop,342.73,437.85,274,21,23
1265,22.7704,stop,397.01,451.40,493,32,29
1265,22.7704,stop,1645.90,525.85,292,18,29
1265,22.7704,stop,1626.93,575.95,428,25,29
1265,22.7704,stop,1512.72,1043.72,522,26,29
1266,22.7874,stop,482.75,71.02,401,31,21
1266,22.7874,stop,1141.71,82.92,457,34,20
1266,22.7874,stop,1100.34,207.38,612,33,28
1266,22.7874,stop,888.91,327.72,700,33,34
1266,22.7874,stop,342.66,437.93,278,21,23
1266,22.7874,stop,396.90,451.33,493,32,29
1266,22.7874,stop,1645.93,526.31,300,18,30
1266,22.7874,stop,1626.90,575.96,427,27,29
1266,22.7874,stop,1512.74,1043.94,522,26,29
1267,22.8025,stop,483.16,71.09,401,31,21
1267,22.8025,stop,1142.30,83.08,452,33,21
1267,22.8025,stop,1100.02,207.59,617,32,28
1267,22.8025,stop,888.35,326.29,690,32,34
1267,22.8025,stop,342.64,437.85,262,21,24
1267,22.8025,stop,396.80,451.14,502,33,30
1267,22.8025,stop,1645.80,525.66,289,17,30
1267,22.8025,stop,1627.11,575.90,435,26,29
1267,22.8025,stop,1512.75,1043.87,532,28,29
1268,22.8184,stop,483.19,71.06,403,31,21
1268,22.8184,stop,1142.75,83.25,468,34,21
1268,22.8184,stop,1099.54,207.94,624,33,29
1268,22.8184,stop,887.86,324.67,693,33,33
1268,22.8184,stop,342.76,438.08,285,21,23
1268,22.8184,stop,397.10,451.28,493,32,29
1268,22.8184,stop,1646.05,525.96,292,17,30
1268,22.8184,stop,1626.72,575.71,437,28,29
1268,22.8184,stop,1512.84,1043.91,532,27,29
1269,22.8344,stop,482.76,70.93,397,31,21
1269,22.8344,stop,1143.16,83.43,470,34,21
1269,22.8344,stop,1098.93,208.22,641,33,30
1269,22.8344,stop,887.42,323.09,664,32,32
1269,22.8344,stop,342.61,437.98,274,21,22
1269,22.8344,stop,396.87,451.22,492,33,29
1269,22.8344,stop,1645.94,526.12,289,17,30
1269,22.8344,stop,1626.94,575.86,425,25,29
1269,22.8344,stop,1512.81,1043.86,522,26,29
1270,22.8542,stop,483.07,71.01,405,31,21
1270,22.8542,stop,1143.32,83.37,468,33,21
1270,22.8542,stop,1098.42,208.68,660,33,31
1270,22.8542,stop,886.84,321.84,665,33,32
1270,22.8542,stop,342.63,437.88,282,21,23
1270,22.8542,stop,397.16,451.31,495,32,29
1270,22.8542,stop,1646.60,525.26,275,15,29
1270,22.8542,stop,1627.09,575.80,432,25,29
1270,22.8542,stop,1512.77,1043.73,523,26,29
1271,22.8703,stop,482.92,70.93,401,31,21
1271,22.8703,stop,1143.50,83.31,470,33,21
1271,22.8703,stop,1097.80,209.15,668,32,31
1271,22.8703,stop,886.44,320.63,659,33,31
1271,22.8703,stop,342.55,437.97,286,21,23
1271,22.8703,stop,396.83,451.17,495,33,30
1271,22.8703,stop,1646.11,525.94,288,18,30
1271,22.8703,stop,1627.05,575.87,425,25,29
1271,22.8703,stop,1512.82,1043.84,523,26,29
1272,22.8864,stop,482.73,70.94,408,31,21
1272,22.8864,stop,1143.84,83.21,457,34,21
1272,22.8864,stop,1097.31,209.47,681,33,32
1272,22.8864,stop,885.64,319.31,677,33,31
1272,22.8864,stop,342.65,437.95,281,21,22
1272,22.8864,stop,396.83,451.18,509,33,30
1272,22.8864,stop,1646.06,525.80,300,17,30
1272,22.8864,stop,1626.97,575.79,425,26,29
1272,22.8864,stop,1512.73,1043.87,527,26,29
1273,22.9035,stop,482.91,70.94,401,31,21
1273,22.9035,stop,1143.97,83.40,436,33,20
1273,22.9035,stop,1096.53,209.68,688,34,32
1273,22.9035,stop,885.11,318.25,661,32,31
1273,22.9035,stop,342.60,438.07,282,21,24
1273,22.9035,stop,396.93,451.20,496,32,30
1273,22.9035,stop,1646.26,525.69,291,17,29
1273,22.9035,stop,1627.00,575.84,433,25,29
1273,22.9035,stop,1512.68,1043.70,525,26,29
1274,22.9219,stop,482.92,70.97,400,31,21
1274,22.9219,stop,1143.36,83.57,394,27,20
1274,22.9219,stop,1096.02,210.11,709,34,33
1274,22.9219,stop,883.75,317.51,632,28,30
1274,22.9219,stop,342.67,438.07,282,21,22
1274,22.9219,stop,396.93,451.22,496,33,30
1274,22.9219,stop,1646.35,525.45,283,14,29
1274,22.9219,stop,1626.99,575.88,432,25,29
1274,22.9219,stop,1512.66,1043.87,521,26,29
1275,22.9371,stop,482.93,71.00,404,31,21
1275,22.9371,stop,1144.50,83.69,365,27,19
1275,22.9371,stop,1095.47,210.18,708,34,32
1275,22.9371,stop,884.26,316.44,677,32,30
1275,22.9371,stop,342.76,437.99,272,21,23
1275,22.9371,stop,397.00,451.25,487,32,29
1275,22.9371,stop,1646.44,525.01,276,14,30
1275,22.9371,stop,1626.86,575.81,423,26,29
1275,22.9371,stop,1512.76,1043.78,520,25,29
1276,22.9544,stop,482.93,71.03,402,31,21
1276,22.9544,stop,1145.50,83.71,358,26,19
1276,22.9544,stop,1094.60,210.42,744,35,31
1276,22.9544,stop,883.79,315.18,679,32,29
1276,22.9544,stop,342.67,437.94,279,20,22
1276,22.9544,stop,397.01,451.34,494,32,30
1276,22.9544,stop,1646.18,525.78,290,17,29
1276,22.9544,stop,1626.90,575.83,431,26,29
1276,22.9544,stop,1512.70,1043.93,517,26,29
1277,22.9704,stop,482.89,70.99,401,31,21
1277,22.9704,stop,1146.03,83.71,348,25,19
1277,22.9704,stop,1093.85,210.62,743,34,29
1277,22.9704,stop,882.71,314.41,617,32,29
1277,22.9704,stop,343.09,437.83,270,21,23
1277,22.9704,stop,396.90,451.21,499,33,29
1277,22.9704,stop,1645.89,526.04,284,18,30
1277,22.9704,stop,1627.08,575.67,422,26,28
1277,22.9704,stop,1512.85,1043.80,523,26,29
1278,22.9864,stop,482.69,70.91,402,31,21
1278,22.9864,stop,1147.12,82.76,395,31,19
1278,22.9864,stop,1093.31,210.59,744,35,28
1278,22.9864,stop,882.27,313.59,597,30,30
1278,22.9864,stop,342.41,437.85,284,21,22
1278,22.9864,stop,397.12,451.33,491,32,29
1278,22.9864,stop,1646.62,525.32,280,15,29
1278,22.9864,stop,1627.04,575.91,434,26,29
1278,22.9864,stop,1512.85,1043.85,523,26,29
1279,23.0024,stop,482.94,70.97,393,31,21
1279,23.0024,stop,1147.36,81.83,383,33,19
1279,23.0024,stop,1092.82,210.19,750,34,32
1279,23.0024,stop,882.19,312.90,618,34,30
1279,23.0024,stop,342.50,437.79,274,21,22
1279,23.0024,stop,397.06,451.32,493,32,30
1279,23.0024,stop,1646.10,525.87,289,18,29
1279,23.0024,stop,1626.95,575.87,430,26,29
1279,23.0024,stop,1512.67,1043.80,529,26,29
1280,23.0184,stop,483.02,71.08,397,31,21
1280,23.0184,stop,1146.94,81.20,369,34,19
1280,23.0184,stop,1091.85,209.43,803,35,34
1280,23.0184,stop,881.98,312.16,636,33,30
1280,23.0184,stop,342.63,438.13,285,21,23
1280,23.0184,stop,397.02,451.23,493,32,30
1280,23.0184,stop,1645.99,526.27,288,17,29
1280,23.0184,stop,1627.06,575.79,428,25,29
1280,23.0184,stop,1512.82,1043.81,526,26,29
1281,23.0344,stop,482.85,70.95,397,31,21
1281,23.0344,stop,1146.26,80.99,379,34,18
1281,23.0344,stop,1090.66,209.68,783,35,34
1281,23.0344,stop,881.75,311.43,637,34,30
1281,23.0344,stop,342.66,438.16,285,21,23
1281,23.0344,stop,396.83,451.23,506,33,30
1281,23.0344,stop,1646.43,525.01,276,15,29
1281,23.0344,stop,1626.96,575.94,428,26,29
1281,23.0344,stop,1512.72,1043.89,523,26,29
1282,23.0543,stop,483.04,71.01,396,31,21
1282,23.0543,stop,1145.66,80.79,380,34,16
1282,23.0543,stop,1090.13,210.19,744,33,35
1282,23.0543,stop,881.09,310.55,631,33,30
1282,23.0543,stop,342.73,437.89,272,20,22
1282,23.0543,stop,396.96,451.29,488,33,29
1282,23.0543,stop,1646.01,526.11,300,18,30
1282,23.0543,stop,1626.93,575.83,430,26,29
1282,23.0543,stop,1512.72,1043.69,523,27,29
1283,23.0705,stop,482.73,71.04,398,31,21
1283,23.0705,stop,1145.45,80.83,364,33,16
1283,23.0705,stop,1089.32,209.81,723,30,35
1283,23.0705,stop,880.59,309.84,631,34,29
1283,23.0705,stop,342.62,438.05,280,21,22
1283,23.0705,stop,396.89,451.28,497,32,29
1283,23.0705,stop,1645.95,526.21,303,18,29
1283,23.0705,stop,1626.90,575.99,422,26,29
1283,23.0705,stop,1512.79,1043.82,527,26,29
1284,23.0867,stop,482.83,71.00,406,31,21
1284,23.0867,stop,1144.97,80.99,354,35,17
1284,23.0867,stop,1088.16,209.24,743,28,36
1284,23.0867,stop,880.08,309.30,633,34,28
1284,23.0867,stop,342.93,437.84,271,21,22
1284,23.0867,stop,396.87,451.18,503,32,30
1284,23.0867,stop,1645.81,526.20,290,18,30
1284,23.0867,stop,1626.93,575.81,424,25,29
1284,23.0867,stop,1512.62,1043.74,532,26,29
1285,23.1026,stop,482.73,70.96,398,31,21
1285,23.1026,stop,1144.70,80.95,329,33,17
1285,23.1026,stop,1086.47,209.42,765,32,36
1285,23.1026,stop,879.72,309.18,617,34,27
1285,23.1026,stop,342.67,437.99,274,21,22
1285,23.1026,stop,396.95,451.34,497,33,29
1285,23.1026,stop,1645.89,525.94,291,17,30
1285,23.1026,stop,1626.84,575.98,423,25,29
1285,23.1026,stop,1512.68,1043.86,519,26,29
1286,23.1185,stop,483.04,70.97,403,31,21
1286,23.1185,stop,1142.20,81.17,289,30,17
1286,23.1185,stop,1085.58,209.69,787,33,36
1286,23.1185,stop,879.29,308.88,606,33,27
1286,23.1185,stop,342.58,438.25,278,21,24
1286,23.1185,stop,396.90,451.22,494,32,30
1286,23.1185,stop,1646.14,525.85,293,18,30
1286,23.1185,stop,1626.98,575.98,427,25,29
1286,23.1185,stop,1512.80,1043.81,523,27,29
1287,23.1346,stop,482.99,71.03,404,31,21
1287,23.1346,stop,1142.72,81.55,288,26,17
1287,23.1346,stop,1084.68,210.03,774,34,35
1287,23.1346,stop,878.75,308.85,593,33,27
1287,23.1346,stop,342.71,438.14,282,21,23
1287,23.1346,stop,396.88,451.30,492,33,29
1287,23.1346,stop,1646.18,526.00,284,17,30
1287,23.1346,stop,1626.82,575.76,421,25,29
1287,23.1346,stop,1512.78,1043.98,527,26,29
1288,23.1543,stop,482.80,70.99,399,31,21
1288,23.1543,stop,1143.36,81.26,281,26,16
1288,23.1543,stop,1084.09,210.31,780,33,35
1288,23.1543,stop,878.13,309.13,601,33,26
1288,23.1543,stop,342.77,437.90,269,21,23
1288,23.1543,stop,397.08,451.46,496,33,29
1288,23.1543,stop,1646.50,525.01,273,14,30
1288,23.1543,stop,1626.81,575.85,416,26,29
1288,23.1543,stop,1512.89,1043.69,525,27,29
1289,23.1711,stop,482.99,71.05,396,31,21
1289,23.1711,stop,1144.14,81.24,273,24,16
1289,23.1711,stop,1083.53,210.61,792,34,34
1289,23.1711,stop,877.58,309.50,610,33,26
1289,23.1711,stop,342.53,437.85,273,21,22
1289,23.1711,stop,396.93,451.27,497,32,30
1289,23.1711,stop,1646.08,526.37,301,17,30
1289,23.1711,stop,1626.99,575.91,425,25,29
1289,23.1711,stop,1512.64,1043.89,518,26,29
1290,23.1864,stop,482.69,71.04,394,31,21
1290,23.1864,stop,1144.27,80.91,262,25,15
1290,23.1864,stop,1083.09,211.01,800,34,36
1290,23.1864,stop,877.05,310.09,629,33,26
1290,23.1864,stop,342.72,438.02,283,21,24
1290,23.1864,stop,397.19,451.42,490,32,30
1290,23.1864,stop,1646.03,525.90,282,17,29
1290,23.1864,stop,1627.00,575.77,432,26,29
1290,23.1864,stop,1512.73,1043.66,528,26,29
1291,23.2032,stop,483.16,71.00,401,31,21
1291,23.2032,stop,1144.34,80.76,247,24,15
1291,23.2032,stop,1082.66,211.30,795,34,36
1291,23.2032,stop,876.58,310.79,644,33,26
1291,23.2032,stop,342.61,438.00,272,21,23
1291,23.2032,stop,396.98,451.37,490,32,29
1291,23.2032,stop,1645.90,526.19,283,16,30
1291,23.2032,stop,1626.94,575.82,426,25,29
1291,23.2032,stop,1512.68,1043.68,515,26,29
1292,23.2187,stop,482.91,70.94,399,31,21
1292,23.2187,stop,1144.44,80.46,236,23,14
1292,23.2187,stop,1082.57,211.58,808,34,36
1292,23.2187,stop,876.14,311.58,652,33,26
1292,23.2187,stop,342.63,438.06,275,21,22
1292,23.2187,stop,396.96,451.37,498,32,30
1292,23.2187,stop,1645.89,525.73,298,17,29
1292,23.2187,stop,1626.97,575.95,434,26,29
1292,23.2187,stop,1512.80,1043.82,516,26,29
1293,23.2345,stop,483.05,71.00,407,31,21
1293,23.2345,stop,1144.75,80.16,215,22,13
1293,23.2345,stop,1082.60,211.82,808,33,35
1293,23.2345,stop,875.75,312.56,681,32,27
1293,23.2345,stop,342.57,437.99,276,21,23
1293,23.2345,stop,397.02,451.14,498,32,30
1293,23.2345,stop,1646.60,525.16,276,15,29
1293,23.2345,stop,1626.92,575.92,424,25,29
1293,23.2345,stop,1512.69,1043.83,522,26,29
1294,23.2542,stop,483.22,71.03,400,31,21
1294,23.2542,stop,1144.65,79.77,208,23,12
1294,23.2542,stop,1082.69,211.98,800,34,35
1294,23.2542,stop,875.35,313.28,675,32,28
1294,23.2542,stop,342.72,437.97,274,21,23
1294,23.2542,stop,396.88,451.31,499,33,30
1294,23.2542,stop,1646.23,524.20,255,15,26
1294,23.2542,stop,1626.95,576.00,429,25,29
1294,23.2542,stop,1512.60,1043.80,526,26,29
1295,23.2704,stop,482.84,70.98,402,31,21
1295,23.2704,stop,1082.89,212.53,814,34,36
1295,23.2704,stop,874.93,313.39,695,33,33
1295,23.2704,stop,342.50,437.94,282,21,22
1295,23.2704,stop,396.96,451.21,495,32,30
1295,23.2704,stop,1645.99,525.75,281,18,29
1295,23.2704,stop,1627.05,575.73,427,25,29
1295,23.2704,stop,1512.78,1043.83,517,26,29
1296,23.2868,stop,483.09,71.03,402,31,21
1296,23.2868,stop,1083.25,212.86,810,34,35
1296,23.2868,stop,874.65,314.38,716,33,33
1296,23.2868,stop,342.51,437.95,270,21,23
1296,23.2868,stop,397.13,451.46,487,32,29
1296,23.2868,stop,1645.94,525.73,282,18,30
1296,23.2868,stop,1626.88,575.93,430,26,29
1296,23.2868,stop,1512.75,1044.00,527,27,29
1297,23.3024,stop,482.79,71.15,405,31,21
1297,23.3024,stop,1083.68,213.14,824,34,35
1297,23.3024,stop,874.57,315.30,741,34,34
1297,23.3024,stop,342.77,438.03,277,21,23
1297,23.3024,stop,397.11,451.42,495,32,29
1297,23.3024,stop,1646.09,526.13,293,16,30
1297,23.3024,stop,1626.96,575.96,422,26,29
1297,23.3024,stop,1512.79,1043.71,526,25,29
1298,23.3184,stop,482.91,70.98,401,31,21
1298,23.3184,stop,1084.29,213.25,817,34,36
1298,23.3184,stop,874.62,317.22,712,34,34
1298,23.3184,stop,342.72,438.06,286,21,23
1298,23.3184,stop,397.05,451.43,496,32,29
1298,23.3184,stop,1646.48,525.15,273,15,30
1298,23.3184,stop,1626.98,575.87,431,26,29
1298,23.3184,stop,1512.80,1043.92,520,26,29
1299,23.3344,stop,483.05,70.98,403,31,21
1299,23.3344,stop,1084.89,213.29,821,34,35
1299,23.3344,stop,874.60,318.35,704,33,35
1299,23.3344,stop,342.65,437.89,286,21,23
1299,23.3344,stop,396.95,451.32,491,32,30
1299,23.3344,stop,1646.51,525.25,265,14,30
1299,23.3344,stop,1627.04,575.92,420,26,29
1299,23.3344,stop,1512.63,1043.75,528,26,29
1300,23.3543,stop,482.93,70.99,402,31,21
1300,23.3543,stop,1085.44,213.27,835,35,35
1300,23.3543,stop,874.70,318.98,694,34,33
1300,23.3543,stop,342.72,437.99,276,21,23
1300,23.3543,stop,397.01,451.34,491,32,30
1300,23.3543,stop,1645.98,525.70,281,17,29
1300,23.3543,stop,1627.01,575.83,426,25,29
1300,23.3543,stop,1512.84,1043.81,508,25,29
1301,23.3710,stop,483.01,71.08,405,31,21
1301,23.3710,stop,1086.12,213.21,827,34,36
1301,23.3710,stop,874.77,319.96,707,34,33
1301,23.3710,stop,342.80,438.07,275,21,23
1301,23.3710,stop,396.95,451.26,491,33,29
1301,23.3710,stop,1646.47,525.28,275,14,30
1301,23.3710,stop,1627.03,576.04,424,25,29
1301,23.3710,stop,1512.73,1043.86,527,27,29
1302,23.3870,stop,483.01,71.03,396,31,21
1302,23.3870,stop,1086.76,212.82,822,34,36
1302,23.3870,stop,874.93,320.98,709,34,34
1302,23.3870,stop,342.62,438.10,273,21,24
1302,23.3870,stop,396.77,451.26,489,33,30
1302,23.3870,stop,1646.31,525.56,265,14,30
1302,23.3870,stop,1626.83,575.90,432,26,29
1302,23.3870,stop,1512.67,1043.84,517,26,29
1303,23.4034,stop,482.92,71.08,402,31,21
1303,23.4034,stop,1087.43,212.35,800,33,36
1303,23.4034,stop,875.07,322.20,720,34,33
1303,23.4034,stop,342.62,437.91,275,21,22
1303,23.4034,stop,397.19,451.37,501,32,29
1303,23.4034,stop,1646.18,525.81,285,17,29
1303,23.4034,stop,1626.94,575.84,422,26,29
1303,23.4034,stop,1512.62,1043.81,528,26,29
1304,23.4195,stop,483.03,71.02,392,31,21
1304,23.4195,stop,1088.05,212.04,796,34,35
1304,23.4195,stop,875.18,323.24,748,34,34
1304,23.4195,stop,342.71,438.00,273,21,22
1304,23.4195,stop,397.04,451.27,499,32,30
1304,23.4195,stop,1645.95,526.04,287,18,30
1304,23.4195,stop,1627.06,575.86,428,25,29
1304,23.4195,stop,1512.66,1043.71,518,26,29
