t,phase,meas_x,meas_y,meas_th_deg,ekf_x,ekf_y,ekf_th_deg,cmd_speed,cmd_heading
3.596,cruise,117.36,90.46,285.9,117.36,90.46,-74.1,50,138.7778987621061
3.622,cruise,117.36,90.46,269.8,117.36,90.46,-86.7,50,138.7778987621061
3.647,cruise,117.37,90.46,281.5,117.37,90.46,-80.4,50,138.7778987621061
3.674,cruise,117.36,90.46,278.0,117.36,90.46,-81.6,50,138.7778987621061
3.699,cruise,117.35,90.47,268.3,117.35,90.47,-89.3,50,138.7778987621061
3.725,cruise,117.37,90.46,286.8,117.37,90.46,-77.0,50,138.7778987621061
3.750,cruise,117.37,90.46,287.1,117.37,90.46,-73.8,50,138.7778987621061
3.776,cruise,117.35,90.47,288.2,117.35,90.47,-72.2,50,138.7778987621061
3.801,cruise,117.37,90.48,288.6,117.37,90.48,-71.6,50,138.7778987621061
3.827,cruise,117.37,90.48,279.5,117.37,90.48,-78.5,50,138.7778987621061
3.852,cruise,117.37,90.48,288.7,117.37,90.48,-72.9,50,138.7778987621061
3.878,cruise,117.36,90.48,288.0,117.36,90.48,-72.2,50,138.7778987621061
3.904,cruise,117.38,90.46,280.0,117.38,90.46,-78.2,50,138.7778987621061
3.929,cruise,117.36,90.47,271.5,117.36,90.47,-86.1,50,138.7778987621061
3.955,cruise,117.36,90.46,280.2,117.36,90.46,-81.3,50,138.7778987621061
3.981,cruise,117.35,90.45,287.1,117.35,90.45,-74.8,50,138.7778987621061
4.006,cruise,117.36,90.47,289.0,117.36,90.47,-71.9,50,138.7778987621061
4.031,cruise,117.36,90.47,288.2,117.36,90.47,-71.8,50,138.7778987621061
4.058,cruise,117.36,90.46,286.0,117.36,90.46,-74.6,50,138.7778987621061
4.084,cruise,117.33,90.54,275.6,117.33,90.53,-83.2,50,138.7778987621061
4.111,cruise,117.33,90.55,265.0,117.33,90.55,-93.5,50,138.7778987621061
4.137,cruise,117.26,90.55,252.0,117.26,90.55,-105.8,50,138.7778987621061
4.162,cruise,117.26,90.58,237.1,117.26,90.58,-120.0,50,138.7778987621061
4.192,cruise,117.33,90.61,205.4,117.33,90.61,-148.3,50,138.7778987621061
4.218,cruise,117.34,90.60,186.7,117.34,90.60,-168.7,50,138.7778987621061
4.243,cruise,117.32,90.65,166.1,117.32,90.65,170.8,50,138.7778987621061
4.269,cruise,117.37,90.59,152.9,117.37,90.59,155.9,50,138.7778987621061
4.295,cruise,117.45,90.57,149.8,117.45,90.57,150.1,50,138.7778987621061
4.321,cruise,117.51,90.63,143.3,117.51,90.63,143.8,50,138.7778987621061
4.346,cruise,117.53,90.66,142.9,117.53,90.66,142.0,50,138.7778987621061
4.372,cruise,117.54,90.66,141.7,117.54,90.66,140.7,50,138.7778987621061
4.397,cruise,117.45,90.62,140.7,117.45,90.62,139.6,50,138.7778987621061
4.423,cruise,117.43,90.63,140.2,117.43,90.63,139.0,50,138.7778987621061
4.448,cruise,117.27,90.60,142.4,117.27,90.60,140.5,50,138.7778987621061
4.474,cruise,117.22,90.58,137.5,117.22,90.58,137.1,50,138.7778987621061
4.499,cruise,117.02,90.53,139.7,117.02,90.53,138.0,50,138.7778987621061
4.525,cruise,116.92,90.50,139.9,116.92,90.50,138.4,50,138.7778987621061
4.552,cruise,116.66,90.47,141.0,116.65,90.47,139.3,50,138.7778987621061
4.578,cruise,116.54,90.49,142.2,116.54,90.49,140.5,50,138.7778987621061
4.604,cruise,116.26,90.52,141.4,116.26,90.53,140.1,50,138.7778987621061
4.630,cruise,116.16,90.53,143.3,116.16,90.53,141.5,50,138.7778987621061
4.656,cruise,115.86,90.65,143.8,115.86,90.65,142.2,50,138.7778987621061
4.682,cruise,115.71,90.76,144.7,115.71,90.76,143.1,50,138.7778987621061
4.707,cruise,115.36,90.89,144.4,115.36,90.89,143.0,50,138.7778987621061
4.733,cruise,115.04,90.97,140.5,115.04,90.97,140.0,50,138.7778987621061
4.758,cruise,114.84,90.90,143.7,114.84,90.90,141.8,50,138.7778987621061
4.783,cruise,114.47,90.71,146.8,114.46,90.71,144.6,50,138.7778987621061
4.809,cruise,114.28,90.59,143.9,114.28,90.59,143.2,50,138.7778987621061
4.834,cruise,113.91,90.43,145.3,113.91,90.43,144.8,50,138.7778987621061
4.860,cruise,113.68,90.37,146.7,113.68,90.37,146.3,50,138.7778987621061
4.886,cruise,113.41,90.32,145.9,113.41,90.32,146.0,50,138.7778987621061
4.911,cruise,113.25,90.34,142.6,113.25,90.34,143.4,50,138.7778987621061
4.937,cruise,112.90,90.53,142.1,112.90,90.53,142.4,50,138.7778987621061
4.963,cruise,112.68,90.65,151.0,112.68,90.65,149.0,50,138.7778987621061
4.988,cruise,112.36,90.65,147.5,112.36,90.66,147.8,50,138.7778987621061
5.014,cruise,112.06,90.52,146.0,112.06,90.53,146.4,50,138.7778987621061
5.039,cruise,111.94,90.49,148.2,111.94,90.49,147.8,50,138.7778987621061
5.065,cruise,111.86,90.44,143.9,111.86,90.44,144.8,50,138.7778987621061
5.091,cruise,111.66,90.46,144.5,111.66,90.46,144.6,50,138.7778987621061
5.120,cruise,111.55,90.56,146.8,111.55,90.56,146.3,50,138.7778987621061
5.145,cruise,111.54,90.57,145.0,111.54,90.57,145.3,50,138.7778987621061
5.171,cruise,111.51,90.63,143.2,111.51,90.63,143.7,50,138.7778987621061
5.197,cruise,111.50,90.65,144.7,111.50,90.65,144.5,50,138.7778987621061
5.224,cruise,111.53,90.55,145.4,111.53,90.56,145.2,50,138.7778987621061
5.249,cruise,111.54,90.53,145.5,111.54,90.53,145.4,50,138.7778987621061
5.275,cruise,111.54,90.51,144.1,111.54,90.51,144.4,50,138.7778987621061
5.301,cruise,111.58,90.58,144.1,111.58,90.58,144.2,50,138.7778987621061
5.326,cruise,111.58,90.64,146.2,111.58,90.64,145.7,50,138.7778987621061
5.352,cruise,111.55,90.70,145.1,111.55,90.70,145.2,50,138.7778987621061
5.377,cruise,111.54,90.70,147.3,111.53,90.70,146.8,50,138.7778987621061
5.403,cruise,111.52,90.66,146.6,111.52,90.66,146.6,50,138.7778987621061
5.428,cruise,111.48,90.62,146.5,111.48,90.62,146.6,50,138.7778987621061
5.454,cruise,111.45,90.57,146.8,111.45,90.57,146.8,50,138.7778987621061
5.480,cruise,111.43,90.56,147.4,111.43,90.56,147.3,50,138.7778987621061
5.505,cruise,111.32,90.59,146.1,111.32,90.59,146.4,50,138.7778987621061
5.531,cruise,111.33,90.61,145.3,111.32,90.61,145.5,50,138.7778987621061
5.556,cruise,111.25,90.64,146.4,111.25,90.64,146.2,50,138.7778987621061
5.582,cruise,111.18,90.61,146.8,111.18,90.61,146.7,50,138.7778987621061
5.608,cruise,111.05,90.63,148.9,111.05,90.63,148.4,50,138.7778987621061
5.633,cruise,111.02,90.60,146.5,111.02,90.60,146.9,50,138.7778987621061
5.660,cruise,110.86,90.57,147.5,110.86,90.57,147.4,50,138.7778987621061
5.685,cruise,110.64,90.51,149.8,110.64,90.51,149.2,50,138.7778987621061
5.711,cruise,110.61,90.55,148.6,110.61,90.55,148.7,50,138.7778987621061
5.737,cruise,110.43,90.59,146.5,110.43,90.59,147.0,50,138.7778987621061
5.762,cruise,110.35,90.55,145.1,110.35,90.55,145.6,50,138.7778987621061
5.788,cruise,110.22,90.60,147.7,110.22,90.60,147.2,50,138.7778987621061
5.814,cruise,110.14,90.59,148.0,110.14,90.60,147.8,50,138.7778987621061
5.839,cruise,109.95,90.60,145.4,109.95,90.60,146.0,50,138.7778987621061
5.866,cruise,109.83,90.58,145.2,109.83,90.58,145.4,50,138.7778987621061
5.891,cruise,109.63,90.63,145.7,109.63,90.63,145.7,50,138.7778987621061
5.917,cruise,109.39,90.61,148.6,109.39,90.61,147.9,50,138.7778987621061
5.942,cruise,109.28,90.60,145.5,109.28,90.60,146.1,50,138.7778987621061
5.968,cruise,109.06,90.59,146.4,109.06,90.59,146.4,50,138.7778987621061
5.994,cruise,108.97,90.53,148.5,108.97,90.53,148.0,50,138.7778987621061
6.019,cruise,108.65,90.55,148.7,108.65,90.56,148.6,50,138.7778987621061
6.046,cruise,108.45,90.59,149.4,108.44,90.59,149.2,50,138.7778987621061
6.071,cruise,108.13,90.68,148.0,108.13,90.68,148.3,50,138.7778987621061
6.099,cruise,108.01,90.70,151.5,108.01,90.70,150.8,50,138.7778987621061
6.126,cruise,107.69,90.70,149.6,107.68,90.70,149.9,50,138.7778987621061
6.151,cruise,107.60,90.75,146.1,107.60,90.75,147.0,50,138.7778987621061
6.177,cruise,107.26,90.64,146.8,107.26,90.64,146.8,50,138.7778987621061
6.204,cruise,106.92,90.60,148.0,106.92,90.60,147.8,50,138.7778987621061
6.230,cruise,106.73,90.58,147.3,106.73,90.58,147.4,50,138.7778987621061
6.256,cruise,106.40,90.61,148.0,106.40,90.61,147.9,50,138.7778987621061
6.281,cruise,106.24,90.71,147.2,106.24,90.71,147.3,50,138.7778987621061
6.307,cruise,105.91,90.63,146.3,105.91,90.63,146.5,50,138.7778987621061
6.332,cruise,105.77,90.62,141.4,105.77,90.62,142.6,50,138.7778987621061
6.358,cruise,105.48,90.54,145.8,105.47,90.55,145.1,50,138.7778987621061
6.383,cruise,105.21,90.45,144.7,105.21,90.45,144.8,50,138.7778987621061
6.409,cruise,105.03,90.46,142.9,105.03,90.46,143.4,50,138.7778987621061
6.435,cruise,104.79,90.49,156.2,104.79,90.49,153.3,50,138.7778987621061
6.460,cruise,104.67,90.43,159.6,104.67,90.43,158.2,50,138.7778987621061
6.486,cruise,104.53,90.37,144.7,104.53,90.37,147.8,50,138.7778987621061
6.512,cruise,104.42,90.32,149.5,104.42,90.33,149.1,50,138.7778987621061
6.537,cruise,104.24,90.30,146.7,104.24,90.30,147.3,50,138.7778987621061
6.564,cruise,104.22,90.36,147.7,104.22,90.36,147.6,50,138.7778987621061
6.589,cruise,104.05,90.46,149.3,104.04,90.46,148.9,50,138.7778987621061
6.615,cruise,103.99,90.49,147.8,103.99,90.49,148.1,50,138.7778987621061
6.641,cruise,103.95,90.50,145.2,103.95,90.50,145.8,50,138.7778987621061
6.666,cruise,103.85,90.47,144.9,103.85,90.47,145.1,50,138.7778987621061
6.691,cruise,103.82,90.44,145.0,103.82,90.44,145.0,50,138.7778987621061
6.716,cruise,103.73,90.40,144.4,103.72,90.40,144.6,50,138.7778987621061
6.742,cruise,103.65,90.42,144.8,103.65,90.43,144.7,50,138.7778987621061
6.768,cruise,103.54,90.44,147.7,103.54,90.44,147.0,50,138.7778987621061
6.794,cruise,103.49,90.49,145.5,103.49,90.50,145.8,50,138.7778987621061
6.820,cruise,103.34,90.55,147.5,103.34,90.55,147.1,50,138.7778987621061
6.846,cruise,103.31,90.57,148.4,103.31,90.57,148.1,50,138.7778987621061
6.871,cruise,103.12,90.52,149.6,103.12,90.52,149.3,50,138.7778987621061
6.897,cruise,102.99,90.48,148.3,102.99,90.49,148.6,50,138.7778987621061
6.923,cruise,102.74,90.44,148.1,102.74,90.44,148.2,50,138.7778987621061
6.949,cruise,102.62,90.42,149.5,102.61,90.43,149.2,50,138.7778987621061
6.975,cruise,102.39,90.40,149.7,102.39,90.40,149.6,50,138.7778987621061
7.000,cruise,102.17,90.35,149.4,102.16,90.35,149.4,50,138.7778987621061
7.026,cruise,101.96,90.29,158.0,101.96,90.29,156.0,50,138.7778987621061
7.051,cruise,101.58,90.32,152.4,101.58,90.32,153.2,50,138.7778987621061
7.077,cruise,101.43,90.30,155.0,101.43,90.30,154.6,50,138.7778987621061
7.103,cruise,101.05,90.31,152.5,101.05,90.31,153.0,50,138.7778987621061
7.130,cruise,100.91,90.32,149.4,100.90,90.32,150.2,50,138.7778987621061
7.155,cruise,100.59,90.29,152.6,100.59,90.29,152.0,50,138.7778987621061
7.181,cruise,100.40,90.26,156.1,100.40,90.26,155.1,50,138.7778987621061
7.206,cruise,100.03,90.23,150.6,100.03,90.23,151.7,50,138.7778987621061
7.233,cruise,99.93,90.19,146.3,99.93,90.19,147.5,50,138.7778987621061
7.258,cruise,99.64,90.16,149.9,99.64,90.16,149.3,50,138.7778987621061
7.284,cruise,99.40,90.14,147.7,99.40,90.14,148.1,50,138.7778987621061
7.310,cruise,99.30,90.17,148.7,99.30,90.17,148.6,50,138.7778987621061
7.335,cruise,99.09,90.25,146.2,99.09,90.25,146.8,50,138.7778987621061
7.361,cruise,98.98,90.27,145.1,98.98,90.27,145.5,50,138.7778987621061
7.386,cruise,98.81,90.33,145.1,98.81,90.33,145.2,50,138.7778987621061
7.412,cruise,98.71,90.37,151.0,98.71,90.37,149.6,50,138.7778987621061
7.438,cruise,98.52,90.39,144.4,98.51,90.39,145.6,50,138.7778987621061
7.464,cruise,98.38,90.39,150.9,98.38,90.39,149.7,50,138.7778987621061
7.490,cruise,98.23,90.31,147.4,98.23,90.31,147.9,50,138.7778987621061
7.516,cruise,98.10,90.25,149.5,98.09,90.25,149.2,50,138.7778987621061
7.541,cruise,97.94,90.24,146.2,97.94,90.24,146.9,50,138.7778987621061
7.567,cruise,97.76,90.20,148.4,97.76,90.20,148.1,50,138.7778987621061
7.593,cruise,97.61,90.27,145.4,97.61,90.28,146.0,50,138.7778987621061
7.619,cruise,97.44,90.33,146.2,97.43,90.33,146.2,50,138.7778987621061
7.644,cruise,97.31,90.27,146.8,97.31,90.27,146.6,50,138.7778987621061
7.670,cruise,97.20,90.23,148.4,97.20,90.23,148.0,50,138.7778987621061
7.695,cruise,97.07,90.16,146.2,97.07,90.16,146.6,50,138.7778987621061
7.721,cruise,96.70,90.16,149.2,96.70,90.16,148.6,50,138.7778987621061
7.746,cruise,96.57,90.12,152.9,96.57,90.12,151.9,50,138.7778987621061
7.772,cruise,96.35,90.19,150.4,96.35,90.19,150.8,50,138.7778987621061
7.798,cruise,96.16,90.22,150.0,96.16,90.22,150.2,50,138.7778987621061
7.824,cruise,95.93,90.23,150.0,95.93,90.23,150.0,50,138.7778987621061
7.849,cruise,95.77,90.25,150.9,95.77,90.25,150.7,50,138.7778987621061
7.875,cruise,95.49,90.23,146.5,95.49,90.23,147.4,50,138.7778987621061
7.900,cruise,95.37,90.14,147.6,95.36,90.14,147.5,50,138.7778987621061
7.926,cruise,95.05,90.13,146.1,95.05,90.13,146.5,50,138.7778987621061
7.952,cruise,94.77,90.08,145.0,94.77,90.08,145.3,50,138.7778987621061
7.978,cruise,94.56,90.14,144.9,94.55,90.14,145.0,50,138.7778987621061
8.003,cruise,94.35,90.15,145.7,94.35,90.15,145.6,50,138.7778987621061
8.030,cruise,94.28,90.16,144.8,94.28,90.16,145.0,50,138.7778987621061
8.055,cruise,94.06,90.17,146.5,94.06,90.17,146.2,50,138.7778987621061
8.081,cruise,94.01,90.15,146.3,94.01,90.15,146.3,50,138.7778987621061
8.107,cruise,93.89,90.11,144.0,93.88,90.11,144.6,50,138.7778987621061
8.133,cruise,93.86,90.11,147.1,93.86,90.11,146.5,50,138.7778987621061
8.159,cruise,93.74,90.11,147.6,93.74,90.11,147.3,50,138.7778987621061
8.185,cruise,93.70,90.13,144.1,93.70,90.13,144.8,50,138.7778987621061
8.210,cruise,93.63,90.17,144.2,93.63,90.17,144.3,50,138.7778987621061
8.236,cruise,93.54,90.17,144.8,93.54,90.17,144.7,50,138.7778987621061
8.262,cruise,93.54,90.17,145.2,93.54,90.17,145.1,50,138.7778987621061
8.287,cruise,93.44,90.12,148.4,93.44,90.12,147.6,50,138.7778987621061
8.313,cruise,93.39,90.11,148.3,93.39,90.12,148.1,50,138.7778987621061
8.338,cruise,93.28,90.15,149.0,93.28,90.15,148.8,50,138.7778987621061
8.364,cruise,93.23,90.13,145.7,93.23,90.13,146.4,50,138.7778987621061
8.390,cruise,93.16,90.10,148.9,93.16,90.10,148.3,50,138.7778987621061
8.415,cruise,93.12,90.05,150.0,93.12,90.05,149.6,50,138.7778987621061
8.441,cruise,93.03,90.11,145.8,93.02,90.11,146.7,50,138.7778987621061
8.466,cruise,92.94,90.11,146.7,92.94,90.11,146.7,50,138.7778987621061
8.492,cruise,92.81,90.12,147.8,92.81,90.12,147.5,50,138.7778987621061
8.517,cruise,92.69,90.12,149.5,92.69,90.12,149.0,50,138.7778987621061
8.543,cruise,92.61,90.12,146.4,92.60,90.12,147.0,50,138.7778987621061
8.569,cruise,92.48,90.13,150.1,92.48,90.13,149.4,50,138.7778987621061
8.594,cruise,92.28,90.11,149.4,92.28,90.11,149.4,50,138.7778987621061
8.619,cruise,92.14,90.23,147.2,92.14,90.23,147.7,50,138.7778987621061
8.645,cruise,92.09,90.31,149.2,92.09,90.31,148.9,50,138.7778987621061
8.670,cruise,92.07,90.34,149.4,92.07,90.34,149.3,50,138.7778987621061
8.695,cruise,92.07,90.39,150.5,92.07,90.39,150.2,50,138.7778987621061
8.721,cruise,92.07,90.38,151.1,92.07,90.38,150.9,50,138.7778987621061
8.746,cruise,92.08,90.36,151.1,92.08,90.36,151.1,50,138.7778987621061
8.772,cruise,92.05,90.26,150.7,92.05,90.26,150.8,50,138.7778987621061
8.798,cruise,92.09,90.25,151.5,92.09,90.25,151.3,50,138.7778987621061
8.824,cruise,92.13,90.24,150.3,92.13,90.24,150.5,50,138.7778987621061
8.850,cruise,92.17,90.27,151.6,92.17,90.27,151.3,50,138.7778987621061
8.875,cruise,92.21,90.30,149.2,92.21,90.30,149.7,50,138.7778987621061
8.900,cruise,92.23,90.30,150.0,92.23,90.30,149.9,50,138.7778987621061
8.926,cruise,92.26,90.24,148.0,92.25,90.24,148.4,50,138.7778987621061
8.951,cruise,92.27,90.23,149.6,92.26,90.23,149.3,50,138.7778987621061
8.977,cruise,92.27,90.23,153.8,92.27,90.23,152.7,50,138.7778987621061
9.003,cruise,92.29,90.20,155.4,92.29,90.20,154.8,50,138.7778987621061
9.029,cruise,92.30,90.20,151.4,92.30,90.20,152.2,50,138.7778987621061
9.054,cruise,92.29,90.22,153.2,92.29,90.22,152.9,50,138.7778987621061
9.080,cruise,92.27,90.23,154.9,92.27,90.23,154.5,50,138.7778987621061
9.107,cruise,92.24,90.24,155.8,92.24,90.24,155.5,50,138.7778987621061
9.134,cruise,92.28,90.24,154.2,92.28,90.24,154.5,50,138.7778987621061
9.161,cruise,92.28,90.28,150.5,92.28,90.28,151.4,50,138.7778987621061
9.187,cruise,92.29,90.26,153.0,92.29,90.26,152.6,50,138.7778987621061
9.213,cruise,92.25,90.25,150.1,92.25,90.25,150.7,50,138.7778987621061
9.238,cruise,92.21,90.28,148.6,92.21,90.28,149.1,50,138.7778987621061
9.263,cruise,92.23,90.32,144.7,92.23,90.32,145.7,50,138.7778987621061
9.289,cruise,92.15,90.33,149.6,92.15,90.33,148.7,50,138.7778987621061
9.314,cruise,92.17,90.36,150.1,92.17,90.36,149.8,50,138.7778987621061
9.340,cruise,92.16,90.35,146.8,92.16,90.36,147.5,50,138.7778987621061
9.366,cruise,92.14,90.35,152.7,92.14,90.35,151.5,50,138.7778987621061
9.392,cruise,92.06,90.38,150.7,92.06,90.38,150.9,50,138.7778987621061
9.418,cruise,91.98,90.42,150.5,91.98,90.42,150.6,50,138.7778987621061
9.443,cruise,91.90,90.47,145.9,91.89,90.48,147.0,50,138.7778987621061
9.469,cruise,91.85,90.52,147.9,91.85,90.52,147.7,50,138.7778987621061
9.495,cruise,91.66,90.58,147.2,91.65,90.58,147.3,50,138.7778987621061
9.520,cruise,91.34,90.62,146.6,91.34,90.62,146.7,50,138.7778987621061
9.546,cruise,91.07,90.64,149.5,91.06,90.64,148.9,50,138.7778987621061
9.572,cruise,90.47,90.62,150.1,90.47,90.62,149.8,50,138.7778987621061
9.598,cruise,90.14,90.64,151.1,90.14,90.64,150.8,50,138.7778987621061
9.623,cruise,89.43,90.69,152.6,89.43,90.69,152.2,50,138.7778987621061
9.649,cruise,89.02,90.73,152.4,89.02,90.73,152.3,50,138.7778987621061
9.674,cruise,88.24,90.96,149.4,88.24,90.96,150.1,50,138.7778987621061
9.700,cruise,87.88,91.09,150.9,87.88,91.10,150.7,50,138.7778987621061
9.726,cruise,87.02,91.27,148.7,87.02,91.27,149.2,50,138.7778987621061
9.752,cruise,86.62,91.29,151.4,86.62,91.29,150.9,50,138.7778987621061
9.777,cruise,85.80,91.22,148.7,85.80,91.22,149.2,50,138.7778987621061
9.804,cruise,84.88,91.15,145.9,84.88,91.15,146.7,50,138.7778987621061
9.830,cruise,84.46,91.11,148.7,84.46,91.11,148.3,50,138.7778987621061
9.856,cruise,83.68,91.15,150.3,83.68,91.16,149.8,50,138.7778987621061
9.881,cruise,83.30,91.17,143.5,83.30,91.17,145.0,50,138.7778987621061
9.907,cruise,82.65,91.16,144.3,82.65,91.16,144.4,50,138.7778987621061
9.933,cruise,82.35,91.19,145.0,82.35,91.19,144.8,50,138.7778987621061
9.959,cruise,81.79,91.17,146.8,81.79,91.17,146.4,50,138.7778987621061
9.984,cruise,81.51,91.13,146.6,81.51,91.13,146.6,50,138.7778987621061
10.010,cruise,81.05,91.05,149.2,81.05,91.05,148.6,50,138.7778987621061
10.035,cruise,80.84,90.97,148.4,80.84,90.97,148.4,50,138.7778987621061
10.061,cruise,80.51,90.97,144.1,80.51,90.97,145.1,50,138.7778987621061
10.086,cruise,80.21,91.01,145.0,80.21,91.01,145.1,50,138.7778987621061
10.114,cruise,80.13,90.99,145.1,80.13,90.99,145.1,50,138.7778987621061
10.140,cruise,79.92,91.03,144.2,79.92,91.03,144.4,50,138.7778987621061
10.165,cruise,79.84,91.02,145.0,79.84,91.02,144.8,50,138.7778987621061
10.192,cruise,79.62,91.00,145.9,79.61,91.00,145.7,50,138.7778987621061
10.217,cruise,79.54,90.97,148.3,79.54,90.97,147.7,50,138.7778987621061
10.243,cruise,79.32,90.97,151.2,79.32,90.97,150.4,50,138.7778987621061
10.269,cruise,79.20,90.96,153.4,79.20,90.96,152.7,50,138.7778987621061
10.294,cruise,78.99,90.96,146.9,78.99,90.96,148.2,50,138.7778987621061
10.320,cruise,78.72,90.90,151.1,78.72,90.90,150.4,50,138.7778987621061
10.346,cruise,78.59,90.90,151.0,78.59,90.90,150.8,50,138.7778987621061
10.373,cruise,78.41,90.88,151.3,78.41,90.88,151.2,50,138.7778987621061
10.398,cruise,78.25,90.88,151.5,78.25,90.88,151.4,50,138.7778987621061
10.424,cruise,78.00,90.88,151.5,78.00,90.89,151.5,50,138.7778987621061
10.449,cruise,77.83,90.90,152.9,77.83,90.90,152.5,50,138.7778987621061
10.475,cruise,77.56,90.89,151.0,77.56,90.89,151.4,50,138.7778987621061
10.500,cruise,77.48,90.85,152.3,77.48,90.85,152.1,50,138.7778987621061
10.526,cruise,77.19,90.89,150.0,77.19,90.90,150.5,50,138.7778987621061
10.551,cruise,77.09,90.86,149.1,77.09,90.86,149.4,50,138.7778987621061
10.578,cruise,76.79,90.92,148.8,76.79,90.92,148.9,50,138.7778987621061
10.603,cruise,76.54,90.96,151.3,76.54,90.96,150.7,50,138.7778987621061
10.628,cruise,76.37,90.96,151.8,76.37,90.96,151.6,50,138.7778987621061
10.654,cruise,76.06,90.98,145.7,76.06,90.98,147.0,50,138.7778987621061
10.680,cruise,75.94,90.96,149.1,75.94,90.96,148.7,50,138.7778987621061
10.706,cruise,75.61,90.96,146.6,75.61,90.96,147.1,50,138.7778987621061
10.731,cruise,75.49,90.93,148.7,75.49,90.93,148.3,50,138.7778987621061
10.757,cruise,75.14,90.91,150.8,75.14,90.92,150.2,50,138.7778987621061
10.783,cruise,75.05,90.91,151.8,75.05,90.91,151.5,50,138.7778987621061
10.808,cruise,74.69,90.86,152.7,74.69,90.86,152.4,50,152.00695979712097
10.833,cruise,74.54,90.85,153.8,74.54,90.85,153.5,50,152.00695979712097
10.859,cruise,74.20,90.86,151.0,74.20,90.86,151.5,50,152.00695979712097
10.885,cruise,74.02,90.86,153.4,74.02,90.86,153.0,50,152.00695979712097
10.910,cruise,73.66,90.92,153.7,73.66,90.92,153.5,50,152.00695979712097
10.937,cruise,73.51,90.96,151.0,73.51,90.96,151.5,50,152.00695979712097
10.962,cruise,73.19,91.03,157.4,73.19,91.03,156.0,50,152.00695979712097
10.989,cruise,72.88,91.05,155.7,72.88,91.05,155.7,50,152.00695979712097
11.014,cruise,72.72,91.04,154.1,72.72,91.04,154.5,50,152.00695979712097
11.040,cruise,72.35,91.00,153.6,72.35,91.00,153.8,50,152.00695979712097
11.065,cruise,72.25,90.94,153.5,72.25,90.94,153.6,50,152.00695979712097
11.090,cruise,71.99,90.88,155.1,71.98,90.88,154.8,50,152.00695979712097
11.118,cruise,71.82,90.89,155.3,71.82,90.89,155.2,50,152.00695979712097
11.144,cruise,71.46,90.89,150.3,71.46,90.89,151.4,50,152.00695979712097
11.169,cruise,71.28,90.93,149.2,71.28,90.93,149.7,50,152.00695979712097
11.196,cruise,70.96,90.99,149.5,70.96,90.99,149.5,50,152.00695979712097
11.221,cruise,70.80,91.01,148.3,70.80,91.01,148.6,50,152.00695979712097
11.247,cruise,70.47,90.99,144.1,70.47,90.99,145.1,50,152.00695979712097
11.273,cruise,70.15,90.92,148.5,70.15,90.92,147.7,50,152.00695979712097
11.298,cruise,70.02,90.87,147.8,70.02,90.88,147.8,50,152.00695979712097
11.324,cruise,69.69,90.91,147.1,69.69,90.92,147.3,50,152.00695979712097
11.349,cruise,69.45,90.95,148.6,69.45,90.95,148.3,50,152.00695979712097
11.375,cruise,69.12,90.99,145.1,69.12,90.99,145.8,50,152.00695979712097
11.400,cruise,68.90,91.03,147.3,68.90,91.03,146.9,50,152.00695979712097
11.426,cruise,68.56,90.97,149.5,68.56,90.97,148.9,50,152.00695979712097
11.451,cruise,68.40,90.91,147.8,68.40,90.91,148.1,50,152.00695979712097
11.477,cruise,67.99,90.91,149.3,67.99,90.91,149.1,50,152.00695979712097
11.502,cruise,67.83,90.93,147.5,67.83,90.93,147.9,50,152.00695979712097
11.528,cruise,67.40,90.97,149.4,67.40,90.97,149.0,50,152.00695979712097
11.553,cruise,67.04,90.97,148.1,67.04,90.97,148.3,50,152.00695979712097
11.579,cruise,66.82,90.98,143.5,66.82,90.98,144.6,50,152.00695979712097
11.604,cruise,66.63,90.98,143.8,66.63,90.98,144.0,50,152.00695979712097
11.629,cruise,66.26,90.93,142.1,66.26,90.93,142.5,50,152.00695979712097
11.655,cruise,65.88,90.93,145.5,65.88,90.93,144.8,50,152.00695979712097
11.680,cruise,65.68,90.94,146.0,65.68,90.94,145.7,50,152.00695979712097
11.706,cruise,65.31,90.88,146.5,65.31,90.88,146.3,50,152.00695979712097
11.732,cruise,65.09,90.84,145.4,65.09,90.84,144.5,50,152.00695979712097
11.758,cruise,64.78,90.76,148.8,64.78,90.76,146.8,50,152.00695979712097
11.783,cruise,64.58,90.78,149.4,64.58,90.78,147.9,50,152.00695979712097
11.809,cruise,64.21,90.81,145.5,64.21,90.81,146.0,50,152.00695979712097
11.834,cruise,63.96,90.86,146.3,63.96,90.86,146.3,50,152.00695979712097
11.859,cruise,63.59,90.82,151.0,63.59,90.82,149.9,50,152.00695979712097
11.885,cruise,63.40,90.76,153.3,63.40,90.76,152.5,50,152.00695979712097
11.911,cruise,62.97,90.72,150.8,62.97,90.72,151.2,50,152.00695979712097
11.937,cruise,62.84,90.74,153.0,62.84,90.74,152.6,50,152.00695979712097
11.963,cruise,62.52,90.82,150.9,62.52,90.82,151.3,50,152.00695979712097
11.989,cruise,62.28,90.84,154.7,62.28,90.84,153.9,50,152.00695979712097
12.014,cruise,61.94,90.83,150.5,61.94,90.83,151.3,50,152.00695979712097
12.040,cruise,61.63,90.73,147.6,61.62,90.73,148.5,50,152.00695979712097
12.065,cruise,61.47,90.67,146.5,61.47,90.67,147.0,50,152.00695979712097
12.091,cruise,61.18,90.64,146.2,61.18,90.64,146.3,50,152.00695979712097
12.118,cruise,61.02,90.67,148.4,61.02,90.67,148.0,50,152.00695979712097
12.144,cruise,60.74,90.78,146.6,60.74,90.78,146.9,50,152.00695979712097
12.170,cruise,60.64,90.79,146.8,60.64,90.80,146.8,50,152.00695979712097
12.198,cruise,60.39,90.85,138.6,60.39,90.85,140.4,50,152.00695979712097
12.224,cruise,60.21,90.86,144.1,60.21,90.86,143.3,50,152.00695979712097
12.250,cruise,60.02,90.88,143.8,60.02,90.88,143.7,50,152.00695979712097
12.276,cruise,59.83,90.88,144.8,59.83,90.89,144.5,50,152.00695979712097
12.301,cruise,59.71,90.94,144.4,59.71,90.94,144.5,50,152.00695979712097
12.327,cruise,59.49,90.93,142.9,59.49,90.93,143.3,50,152.00695979712097
12.353,cruise,59.41,90.94,143.3,59.41,90.94,143.3,50,152.00695979712097
12.378,cruise,59.26,90.90,144.7,59.26,90.90,144.3,50,152.00695979712097
12.404,cruise,59.17,90.87,144.3,59.17,90.87,144.3,50,152.00695979712097
12.430,cruise,59.09,90.86,144.2,59.09,90.86,144.3,50,152.00695979712097
12.455,cruise,58.98,90.78,143.7,58.97,90.78,143.8,50,152.00695979712097
12.481,cruise,58.94,90.74,144.9,58.94,90.74,144.7,50,152.00695979712097
12.507,cruise,58.87,90.74,145.3,58.86,90.74,145.2,50,152.00695979712097
12.533,cruise,58.80,90.74,146.0,58.80,90.74,145.8,50,152.00695979712097
12.558,cruise,58.82,90.78,144.5,58.82,90.78,144.8,50,152.00695979712097
12.583,cruise,58.83,90.78,144.0,58.83,90.78,144.2,50,152.00695979712097
12.609,cruise,58.85,90.77,145.0,58.85,90.77,144.8,50,152.00695979712097
12.634,cruise,58.88,90.72,143.2,58.88,90.73,143.6,50,152.00695979712097
12.660,cruise,58.93,90.72,142.8,58.93,90.72,143.0,50,152.00695979712097
12.685,cruise,58.93,90.74,145.3,58.93,90.74,144.7,50,152.00695979712097
12.711,cruise,58.99,90.78,144.9,58.99,90.78,144.8,50,152.00695979712097
12.736,cruise,59.04,90.82,144.7,59.04,90.82,144.7,50,152.00695979712097
12.762,cruise,59.11,90.85,143.0,59.11,90.85,143.4,50,152.00695979712097
12.788,cruise,59.12,90.88,143.9,59.12,90.88,143.8,50,152.00695979712097
12.813,cruise,59.19,90.85,143.7,59.19,90.85,143.7,50,152.00695979712097
12.840,cruise,59.24,90.87,143.2,59.24,90.87,143.3,50,152.00695979712097
12.865,cruise,59.28,90.86,143.4,59.28,90.86,143.4,50,152.00695979712097
12.891,cruise,59.39,90.87,143.8,59.39,90.87,143.7,50,152.00695979712097
12.916,cruise,59.48,90.83,143.9,59.48,90.83,143.8,50,152.00695979712097
12.942,cruise,59.50,90.81,146.0,59.50,90.81,145.5,50,152.00695979712097
12.968,cruise,59.50,90.82,146.4,59.50,90.82,146.2,50,152.00695979712097
12.993,cruise,59.53,90.82,146.5,59.53,90.82,146.4,50,152.00695979712097
13.018,cruise,59.51,90.82,147.6,59.50,90.82,147.4,50,152.00695979712097
13.044,cruise,59.48,90.81,146.5,59.48,90.81,146.7,50,152.00695979712097
13.070,cruise,59.46,90.81,146.6,59.46,90.81,146.6,50,152.00695979712097
13.095,cruise,59.42,90.82,147.5,59.42,90.82,147.3,50,152.00695979712097
13.121,cruise,59.40,90.81,145.9,59.40,90.81,146.2,50,152.00695979712097
13.147,cruise,59.36,90.80,145.7,59.36,90.80,145.8,50,152.00695979712097
13.173,cruise,59.29,90.81,147.1,59.29,90.81,146.8,50,152.00695979712097
13.201,cruise,59.22,90.79,147.3,59.22,90.79,147.2,50,152.00695979712097
13.227,cruise,59.18,90.78,146.5,59.18,90.78,146.7,50,152.00695979712097
13.252,cruise,59.15,90.82,149.0,59.15,90.82,148.5,50,152.00695979712097
13.279,cruise,59.10,90.80,146.7,59.10,90.81,147.1,50,152.00695979712097
13.304,cruise,59.11,90.81,146.6,59.10,90.81,146.7,50,152.00695979712097
13.330,cruise,59.10,90.79,145.1,59.10,90.79,145.5,50,152.00695979712097
13.356,cruise,59.10,90.80,147.5,59.10,90.80,147.1,50,152.00695979712097
13.381,cruise,59.07,90.79,147.6,59.07,90.79,147.5,50,152.00695979712097
13.407,cruise,59.10,90.81,147.3,59.10,90.81,147.3,50,152.00695979712097
13.433,cruise,59.09,90.79,148.0,59.09,90.79,147.8,50,152.00695979712097
13.458,cruise,59.10,90.81,146.1,59.10,90.81,146.5,50,152.00695979712097
13.484,cruise,59.10,90.79,145.6,59.10,90.79,145.8,50,152.00695979712097
13.509,cruise,59.10,90.80,148.2,59.10,90.80,147.6,50,152.00695979712097
13.535,cruise,59.11,90.79,146.0,59.11,90.79,146.4,50,152.00695979712097
13.561,cruise,59.17,90.78,147.2,59.16,90.78,147.0,50,152.00695979712097
13.586,cruise,59.14,90.79,148.8,59.14,90.79,148.4,50,152.00695979712097
13.612,cruise,59.21,90.78,148.1,59.21,90.78,148.2,50,152.00695979712097
13.638,cruise,59.20,90.78,148.3,59.20,90.78,148.3,50,152.00695979712097
13.664,cruise,59.22,90.79,147.0,59.22,90.79,147.3,50,152.00695979712097
13.689,cruise,59.26,90.81,149.2,59.26,90.81,148.7,50,152.00695979712097
13.715,cruise,59.26,90.80,147.6,59.25,90.80,147.8,50,152.00695979712097
13.740,cruise,59.26,90.79,147.1,59.26,90.79,147.3,50,152.00695979712097
13.766,cruise,59.27,90.80,148.1,59.27,90.80,147.9,50,152.00695979712097
13.793,cruise,59.28,90.83,146.8,59.27,90.83,147.0,50,152.00695979712097
13.818,cruise,59.26,90.77,147.4,59.26,90.77,147.3,50,152.00695979712097
13.844,cruise,59.27,90.80,146.4,59.27,90.80,146.6,50,152.00695979712097
13.870,cruise,59.27,90.79,147.3,59.27,90.79,147.2,50,152.00695979712097
13.896,cruise,59.25,90.79,146.5,59.25,90.79,146.7,50,152.00695979712097
13.922,cruise,59.23,90.78,147.6,59.23,90.78,147.4,50,152.00695979712097
13.947,cruise,59.25,90.79,146.7,59.25,90.79,146.9,50,152.00695979712097
13.974,cruise,59.20,90.80,146.7,59.20,90.80,146.8,50,152.00695979712097
14.000,cruise,59.21,90.79,147.1,59.21,90.79,147.0,50,152.00695979712097
14.025,cruise,59.21,90.78,147.8,59.21,90.78,147.6,50,152.00695979712097
14.051,cruise,59.22,90.78,146.9,59.22,90.78,147.1,50,152.00695979712097
14.076,cruise,59.24,90.79,146.4,59.23,90.79,146.5,50,152.00695979712097
14.102,cruise,59.24,90.79,148.3,59.24,90.79,147.9,50,152.00695979712097
14.129,cruise,59.23,90.81,146.1,59.23,90.81,146.5,50,152.00695979712097
14.154,cruise,59.25,90.79,146.5,59.25,90.79,146.5,50,152.00695979712097
14.180,cruise,59.24,90.80,145.3,59.24,90.80,145.5,50,152.00695979712097
14.207,cruise,59.26,90.80,148.2,59.26,90.80,147.6,50,152.00695979712097
14.233,cruise,59.20,90.82,147.4,59.20,90.83,147.5,50,152.00695979712097
14.259,cruise,59.22,90.79,149.0,59.22,90.79,148.6,50,152.00695979712097
14.284,cruise,59.24,90.80,146.3,59.24,90.80,146.8,50,152.00695979712097
14.310,cruise,59.23,90.81,146.6,59.23,90.81,146.7,50,152.00695979712097
14.336,cruise,59.23,90.79,147.0,59.23,90.79,146.9,50,152.00695979712097
14.361,cruise,59.22,90.80,147.5,59.22,90.80,147.4,50,152.00695979712097
14.387,cruise,59.24,90.79,147.5,59.24,90.80,147.5,50,152.00695979712097
14.412,cruise,59.23,90.79,146.9,59.23,90.79,147.1,50,152.00695979712097
14.438,cruise,59.21,90.80,146.5,59.21,90.80,146.7,50,152.00695979712097
14.463,cruise,59.21,90.80,147.8,59.21,90.80,147.5,50,152.00695979712097
14.489,cruise,59.25,90.81,147.2,59.25,90.81,147.3,50,152.00695979712097
14.515,cruise,59.21,90.79,147.2,59.21,90.79,147.2,50,152.00695979712097
14.541,cruise,59.24,90.81,147.0,59.24,90.81,147.1,50,152.00695979712097
14.566,cruise,59.23,90.79,147.7,59.23,90.80,147.5,50,152.00695979712097
14.592,cruise,59.25,90.79,146.2,59.25,90.80,146.5,50,152.00695979712097
14.619,cruise,59.22,90.80,145.4,59.22,90.80,145.7,50,152.00695979712097
14.644,cruise,59.21,90.79,147.8,59.21,90.79,147.3,50,152.00695979712097
14.670,cruise,59.22,90.78,146.5,59.22,90.78,146.7,50,152.00695979712097
14.695,cruise,59.23,90.80,148.2,59.23,90.80,147.9,50,152.00695979712097
14.721,cruise,59.25,90.80,148.6,59.24,90.80,148.4,50,152.00695979712097
14.747,cruise,59.23,90.81,147.4,59.23,90.81,147.7,50,152.00695979712097
14.772,cruise,59.24,90.79,147.7,59.24,90.79,147.7,50,152.00695979712097
14.798,cruise,59.23,90.81,145.0,59.23,90.81,145.7,50,152.00695979712097
14.824,cruise,59.25,90.80,147.0,59.25,90.80,146.7,50,152.00695979712097
14.849,cruise,59.25,90.79,146.7,59.25,90.79,146.7,50,152.00695979712097
14.875,cruise,59.25,90.80,145.3,59.25,90.80,145.6,50,152.00695979712097
14.901,cruise,59.23,90.79,147.7,59.23,90.79,147.2,50,152.00695979712097
14.927,cruise,59.24,90.80,147.0,59.24,90.80,147.1,50,152.00695979712097
14.952,cruise,59.22,90.78,146.8,59.22,90.78,146.8,50,152.00695979712097
14.978,cruise,59.24,90.78,147.1,59.24,90.78,147.0,50,152.00695979712097
15.004,cruise,59.22,90.80,145.1,59.22,90.80,145.6,50,152.00695979712097
15.030,cruise,59.25,90.80,147.3,59.25,90.80,146.9,50,152.00695979712097
15.055,cruise,59.24,90.81,146.9,59.24,90.81,146.9,50,152.00695979712097
15.081,cruise,59.21,90.80,146.7,59.21,90.80,146.8,50,152.00695979712097
15.107,cruise,59.23,90.79,147.3,59.23,90.80,147.2,50,152.00695979712097
15.133,cruise,59.24,90.81,147.3,59.24,90.81,147.3,50,152.00695979712097
15.159,cruise,59.24,90.79,146.8,59.23,90.79,146.9,50,152.00695979712097
15.185,cruise,59.24,90.80,145.3,59.24,90.80,145.7,50,152.00695979712097
15.210,cruise,59.24,90.80,148.6,59.24,90.80,147.9,50,152.00695979712097
15.236,cruise,59.24,90.81,147.8,59.24,90.81,147.8,50,152.00695979712097
15.261,cruise,59.24,90.80,146.8,59.24,90.80,147.0,50,152.00695979712097
15.287,cruise,59.24,90.81,147.8,59.24,90.81,147.6,50,152.00695979712097
15.312,cruise,59.23,90.79,146.6,59.23,90.79,146.9,50,152.00695979712097
15.338,cruise,59.24,90.80,147.9,59.23,90.80,147.6,50,152.00695979712097
15.363,cruise,59.26,90.80,146.4,59.26,90.80,146.7,50,152.00695979712097
15.389,cruise,59.24,90.81,146.5,59.24,90.81,146.5,50,152.00695979712097
15.415,cruise,59.24,90.81,146.3,59.24,90.81,146.4,50,152.00695979712097
15.440,cruise,59.23,90.82,147.0,59.23,90.82,146.9,50,152.00695979712097
15.466,cruise,59.23,90.80,148.3,59.23,90.80,147.9,50,152.00695979712097
15.492,cruise,59.22,90.80,145.1,59.22,90.80,145.8,50,152.00695979712097
15.520,cruise,59.22,90.81,147.2,59.22,90.81,146.9,50,152.00695979712097
15.545,cruise,59.24,90.81,147.2,59.24,90.81,147.2,50,152.00695979712097
15.571,cruise,59.24,90.79,147.0,59.24,90.79,147.0,50,152.00695979712097
15.596,cruise,59.23,90.81,146.9,59.23,90.81,146.9,50,152.00695979712097
15.622,cruise,59.22,90.82,146.5,59.21,90.82,146.6,50,152.00695979712097
15.648,cruise,59.26,90.81,146.9,59.26,90.81,146.8,50,152.00695979712097
15.674,cruise,59.22,90.80,146.2,59.22,90.80,146.3,50,152.00695979712097
15.699,cruise,59.24,90.80,146.6,59.24,90.80,146.5,50,152.00695979712097
15.725,cruise,59.25,90.80,147.0,59.25,90.80,146.9,50,152.00695979712097
15.751,cruise,59.26,90.79,148.1,59.26,90.80,147.9,50,152.00695979712097
15.776,cruise,59.24,90.82,147.8,59.24,90.82,147.8,50,152.00695979712097
15.802,cruise,59.25,90.83,147.2,59.25,90.83,147.4,50,152.00695979712097
15.827,cruise,59.22,90.82,146.9,59.21,90.82,147.0,50,152.00695979712097
15.853,cruise,59.23,90.81,147.0,59.23,90.81,147.0,50,152.00695979712097
15.879,cruise,59.23,90.80,147.1,59.23,90.80,147.1,50,152.00695979712097
15.904,cruise,59.27,90.81,147.8,59.27,90.81,147.7,50,152.00695979712097
15.930,cruise,59.21,90.83,146.5,59.21,90.84,146.8,50,152.00695979712097
15.956,cruise,59.23,90.81,147.5,59.23,90.81,147.3,50,152.00695979712097
15.981,cruise,59.24,90.82,148.0,59.24,90.82,147.8,50,152.00695979712097
16.007,cruise,59.23,90.81,148.2,59.23,90.81,148.1,50,152.00695979712097
16.033,cruise,59.23,90.79,147.0,59.23,90.79,147.3,50,152.00695979712097
16.058,cruise,59.22,90.79,146.4,59.22,90.79,146.6,50,152.00695979712097
16.085,cruise,59.24,90.79,146.0,59.23,90.80,146.1,50,152.00695979712097
16.112,cruise,59.25,90.81,146.8,59.25,90.81,146.7,50,152.00695979712097
16.139,cruise,59.23,90.81,146.3,59.23,90.81,146.4,50,152.00695979712097
16.164,cruise,59.23,90.79,146.9,59.23,90.79,146.8,50,152.00695979712097
16.192,cruise,59.24,90.80,147.3,59.24,90.81,147.2,50,152.00695979712097
16.221,cruise,59.26,90.81,146.0,59.25,90.81,146.2,50,152.00695979712097
16.250,cruise,59.21,90.82,147.0,59.21,90.82,146.8,50,152.00695979712097
16.276,cruise,59.24,90.81,147.0,59.23,90.81,146.9,50,152.00695979712097
16.301,cruise,59.24,90.83,147.6,59.24,90.83,147.4,50,152.00695979712097
16.327,cruise,59.24,90.80,146.5,59.24,90.80,146.7,50,152.00695979712097
16.353,cruise,59.26,90.81,146.7,59.26,90.81,146.7,50,152.00695979712097
16.378,cruise,59.24,90.81,147.4,59.24,90.81,147.2,50,152.00695979712097
16.404,cruise,59.24,90.81,146.0,59.23,90.81,146.3,50,152.00695979712097
16.429,cruise,59.24,90.81,144.7,59.24,90.82,145.1,50,152.00695979712097
16.455,cruise,59.23,90.81,145.9,59.22,90.81,145.7,50,152.00695979712097
16.481,cruise,59.23,90.80,149.1,59.23,90.80,148.3,50,152.00695979712097
16.506,cruise,59.22,90.80,146.7,59.22,90.80,147.1,50,152.00695979712097
16.533,cruise,59.22,90.80,147.5,59.22,90.80,147.4,50,152.00695979712097
16.558,cruise,59.25,90.80,147.1,59.25,90.80,147.2,50,152.00695979712097
16.584,cruise,59.24,90.79,147.4,59.24,90.79,147.4,50,152.00695979712097
16.609,cruise,59.26,90.80,148.0,59.26,90.80,147.8,50,152.00695979712097
16.635,cruise,59.24,90.81,145.8,59.24,90.81,146.3,50,152.00695979712097
16.661,cruise,59.24,90.81,147.1,59.24,90.82,146.9,50,152.00695979712097
16.686,cruise,59.24,90.81,145.2,59.24,90.81,145.6,50,152.00695979712097
16.712,cruise,59.22,90.81,146.2,59.22,90.81,146.0,50,152.00695979712097
16.738,cruise,59.24,90.80,147.5,59.24,90.80,147.2,50,152.00695979712097
16.764,cruise,59.22,90.82,146.9,59.22,90.82,147.0,50,152.00695979712097
16.790,cruise,59.24,90.79,147.0,59.24,90.80,147.0,50,152.00695979712097
16.816,cruise,59.24,90.81,146.0,59.24,90.82,146.2,50,152.00695979712097
16.841,cruise,59.23,90.80,145.9,59.23,90.80,146.0,50,152.00695979712097
16.867,cruise,59.24,90.80,145.5,59.24,90.80,145.6,50,152.00695979712097
16.892,cruise,59.22,90.80,146.0,59.22,90.80,145.9,50,152.00695979712097
16.918,cruise,59.23,90.82,146.5,59.23,90.82,146.4,50,152.00695979712097
16.944,cruise,59.26,90.79,146.8,59.26,90.80,146.7,50,152.00695979712097
16.970,cruise,59.24,90.80,146.5,59.24,90.80,146.6,50,152.00695979712097
16.995,cruise,59.24,90.79,146.9,59.24,90.79,146.8,50,152.00695979712097
17.021,cruise,59.25,90.81,146.8,59.25,90.81,146.8,50,152.00695979712097
17.047,cruise,59.24,90.80,146.8,59.24,90.80,146.8,50,152.00695979712097
17.072,cruise,59.23,90.80,147.2,59.22,90.80,147.1,50,152.00695979712097
17.099,cruise,59.23,90.81,145.5,59.23,90.81,145.9,50,152.00695979712097
17.124,cruise,59.23,90.82,148.0,59.23,90.82,147.5,50,152.00695979712097
17.150,cruise,59.24,90.81,147.0,59.24,90.81,147.1,50,152.00695979712097
17.175,cruise,59.23,90.81,148.0,59.23,90.81,147.8,50,152.00695979712097
17.202,cruise,59.24,90.82,147.0,59.24,90.82,147.2,50,152.00695979712097
17.228,cruise,59.24,90.82,147.7,59.24,90.82,147.6,50,152.00695979712097
17.254,cruise,59.24,90.81,147.1,59.23,90.81,147.2,50,152.00695979712097
17.279,cruise,59.24,90.81,146.4,59.24,90.81,146.6,50,152.00695979712097
17.305,cruise,59.22,90.80,146.3,59.22,90.80,146.3,50,152.00695979712097
17.331,cruise,59.24,90.82,147.6,59.24,90.82,147.3,50,152.00695979712097
17.357,cruise,59.24,90.80,146.2,59.24,90.80,146.4,50,152.00695979712097
17.383,cruise,59.22,90.80,146.6,59.22,90.80,146.6,50,152.00695979712097
17.408,cruise,59.26,90.81,147.7,59.26,90.81,147.4,50,152.00695979712097
17.433,cruise,59.26,90.82,147.7,59.26,90.82,147.6,50,152.00695979712097
17.459,cruise,59.23,90.80,146.5,59.23,90.80,146.8,50,152.00695979712097
17.485,cruise,59.24,90.79,147.5,59.23,90.80,147.4,50,152.00695979712097
17.511,cruise,59.24,90.79,147.0,59.24,90.79,147.1,50,152.00695979712097
17.537,cruise,59.23,90.79,147.3,59.23,90.79,147.3,50,152.00695979712097
17.562,cruise,59.26,90.81,147.3,59.26,90.81,147.3,50,152.00695979712097
17.588,cruise,59.24,90.80,146.4,59.23,90.80,146.6,50,152.00695979712097
17.614,cruise,59.24,90.80,146.9,59.23,90.80,146.8,50,152.00695979712097
17.640,cruise,59.27,90.80,145.3,59.27,90.80,145.7,50,152.00695979712097
17.665,cruise,59.24,90.80,147.3,59.24,90.80,147.0,50,152.00695979712097
17.691,cruise,59.23,90.82,147.5,59.22,90.82,147.4,50,152.00695979712097
17.717,cruise,59.23,90.80,146.1,59.23,90.80,146.4,50,152.00695979712097
17.743,cruise,59.27,90.80,145.0,59.27,90.80,145.3,50,152.00695979712097
17.768,cruise,59.27,90.83,147.4,59.27,90.83,146.9,50,152.00695979712097
17.794,cruise,59.24,90.82,145.6,59.24,90.82,145.9,50,152.00695979712097
17.820,cruise,59.26,90.80,146.2,59.26,90.80,146.1,50,152.00695979712097
17.845,cruise,59.23,90.80,147.2,59.22,90.80,146.9,50,152.00695979712097
17.872,cruise,59.25,90.79,147.7,59.25,90.79,147.5,50,152.00695979712097
17.897,cruise,59.22,90.83,147.4,59.22,90.83,147.5,50,152.00695979712097
17.923,cruise,59.24,90.79,146.7,59.24,90.79,146.9,50,152.00695979712097
17.949,cruise,59.25,90.80,146.5,59.25,90.80,146.6,50,152.00695979712097
17.974,cruise,59.23,90.80,147.5,59.23,90.80,147.3,50,152.00695979712097
18.000,cruise,59.23,90.81,146.5,59.23,90.81,146.7,50,152.00695979712097
18.026,cruise,59.26,90.80,145.5,59.26,90.81,145.8,50,152.00695979712097
18.051,cruise,59.26,90.80,147.1,59.26,90.81,146.8,50,152.00695979712097
18.077,cruise,59.25,90.81,147.6,59.25,90.81,147.4,50,152.00695979712097
18.103,cruise,59.25,90.80,145.1,59.25,90.80,145.6,50,152.00695979712097
18.129,cruise,59.25,90.81,147.5,59.25,90.81,147.1,50,152.00695979712097
18.155,cruise,59.24,90.80,145.2,59.24,90.81,145.6,50,152.00695979712097
18.180,cruise,59.25,90.81,145.7,59.25,90.81,145.7,50,152.00695979712097
18.206,cruise,59.27,90.81,147.2,59.27,90.81,146.9,50,152.00695979712097
18.232,cruise,59.25,90.81,145.8,59.25,90.81,146.1,50,152.00695979712097
18.258,cruise,59.26,90.82,147.9,59.26,90.82,147.5,50,152.00695979712097
18.284,cruise,59.24,90.82,146.7,59.23,90.82,146.9,50,152.00695979712097
18.309,cruise,59.26,90.80,147.3,59.25,90.80,147.2,50,152.00695979712097
18.335,cruise,59.26,90.81,147.8,59.26,90.81,147.7,50,152.00695979712097
18.361,cruise,59.26,90.81,144.6,59.26,90.81,145.3,50,152.00695979712097
18.386,cruise,59.20,90.84,146.9,59.20,90.84,146.5,50,152.00695979712097
18.413,cruise,59.25,90.81,146.5,59.25,90.81,146.5,50,152.00695979712097
18.439,cruise,59.26,90.80,146.5,59.26,90.80,146.5,50,152.00695979712097
18.465,cruise,59.25,90.80,146.4,59.25,90.80,146.4,50,152.00695979712097
18.491,cruise,59.23,90.80,145.5,59.23,90.80,145.7,50,152.00695979712097
18.517,cruise,59.26,90.79,144.9,59.26,90.79,145.1,50,152.00695979712097
18.542,cruise,59.26,90.79,146.1,59.25,90.79,145.9,50,152.00695979712097
18.568,cruise,59.26,90.82,146.4,59.26,90.82,146.3,50,152.00695979712097
18.593,cruise,59.24,90.79,146.5,59.24,90.80,146.5,50,152.00695979712097
18.619,cruise,59.25,90.80,147.9,59.25,90.80,147.5,50,152.00695979712097
18.645,cruise,59.25,90.80,145.1,59.24,90.80,145.7,50,152.00695979712097
18.670,cruise,59.27,90.81,145.0,59.27,90.81,145.1,50,152.00695979712097
18.696,cruise,59.23,90.80,148.1,59.23,90.80,147.4,50,152.00695979712097
18.722,cruise,59.25,90.80,146.0,59.25,90.80,146.3,50,152.00695979712097
18.747,cruise,59.25,90.80,148.1,59.25,90.80,147.7,50,152.00695979712097
18.773,cruise,59.25,90.80,146.6,59.25,90.80,146.8,50,152.00695979712097
18.799,cruise,59.23,90.81,147.4,59.23,90.81,147.3,50,152.00695979712097
18.824,cruise,59.26,90.80,147.4,59.26,90.80,147.4,50,152.00695979712097
18.850,cruise,59.26,90.81,148.2,59.26,90.81,148.0,50,152.00695979712097
18.877,cruise,59.24,90.81,146.2,59.24,90.81,146.6,50,152.00695979712097
18.902,cruise,59.25,90.81,147.5,59.25,90.81,147.3,50,152.00695979712097
18.928,cruise,59.25,90.82,146.1,59.25,90.82,146.4,50,152.00695979712097
18.954,cruise,59.26,90.81,146.9,59.26,90.81,146.8,50,152.00695979712097
18.979,cruise,59.27,90.80,145.2,59.27,90.80,145.5,50,152.00695979712097
19.006,cruise,59.23,90.80,148.1,59.23,90.80,147.5,50,152.00695979712097
19.031,cruise,59.22,90.84,144.9,59.22,90.84,145.5,50,152.00695979712097
19.057,cruise,59.25,90.80,146.9,59.25,90.80,146.6,50,152.00695979712097
19.083,cruise,59.27,90.79,147.5,59.27,90.80,147.3,50,152.00695979712097
19.108,cruise,59.26,90.80,146.5,59.26,90.80,146.7,50,152.00695979712097
19.134,cruise,59.26,90.79,145.7,59.26,90.79,145.9,50,152.00695979712097
19.160,cruise,59.24,90.80,146.9,59.24,90.80,146.7,50,152.00695979712097
19.185,cruise,59.23,90.81,146.7,59.23,90.81,146.7,50,152.00695979712097
19.211,cruise,59.25,90.81,146.8,59.25,90.81,146.8,50,152.00695979712097
19.237,cruise,59.26,90.80,147.1,59.26,90.80,147.0,50,152.00695979712097
19.263,cruise,59.26,90.80,146.4,59.26,90.80,146.6,50,152.00695979712097
19.288,cruise,59.25,90.81,146.8,59.25,90.81,146.7,50,152.00695979712097
19.314,cruise,59.24,90.81,143.3,59.24,90.81,144.1,50,152.00695979712097
19.339,cruise,59.24,90.80,146.0,59.24,90.81,145.6,50,152.00695979712097
19.365,cruise,59.25,90.80,147.5,59.25,90.81,147.1,50,152.00695979712097
19.391,cruise,59.25,90.81,145.6,59.25,90.81,145.9,50,152.00695979712097
19.416,cruise,59.26,90.81,144.0,59.25,90.81,144.4,50,152.00695979712097
19.442,cruise,59.26,90.80,145.9,59.26,90.80,145.6,50,152.00695979712097
19.468,cruise,59.24,90.81,145.1,59.24,90.81,145.2,50,152.00695979712097
19.493,cruise,59.26,90.79,146.8,59.25,90.80,146.5,50,152.00695979712097
19.519,cruise,59.25,90.81,147.2,59.24,90.81,147.0,50,152.00695979712097
19.545,cruise,59.23,90.79,145.3,59.22,90.80,145.7,50,152.00695979712097
19.570,cruise,59.27,90.81,146.5,59.27,90.81,146.3,50,152.00695979712097
19.596,cruise,59.23,90.81,147.0,59.23,90.81,146.8,50,152.00695979712097
19.621,cruise,59.24,90.81,147.0,59.24,90.81,147.0,50,152.00695979712097
19.647,cruise,59.24,90.79,146.3,59.24,90.80,146.5,50,152.00695979712097
19.674,cruise,59.25,90.82,146.1,59.25,90.82,146.2,50,152.00695979712097
19.699,cruise,59.26,90.80,147.8,59.26,90.80,147.4,50,152.00695979712097
19.725,cruise,59.25,90.81,146.3,59.25,90.81,146.5,50,152.00695979712097
19.751,cruise,59.26,90.80,147.0,59.26,90.80,146.9,50,152.00695979712097
19.777,cruise,59.24,90.81,146.6,59.24,90.82,146.7,50,152.00695979712097
19.802,cruise,59.27,90.82,146.8,59.26,90.82,146.8,50,152.00695979712097
19.828,cruise,59.24,90.81,145.2,59.24,90.81,145.5,50,152.00695979712097
19.854,cruise,59.24,90.81,145.5,59.24,90.81,145.5,50,152.00695979712097
19.880,cruise,59.22,90.82,145.3,59.21,90.82,145.4,50,152.00695979712097
19.905,cruise,59.24,90.81,147.3,59.24,90.81,146.8,50,152.00695979712097
19.931,cruise,59.25,90.81,147.3,59.25,90.81,147.2,50,152.00695979712097
19.956,cruise,59.26,90.82,146.3,59.26,90.82,146.5,50,152.00695979712097
19.982,cruise,59.25,90.80,147.1,59.25,90.80,147.0,50,152.00695979712097
20.008,cruise,59.25,90.80,147.7,59.25,90.80,147.5,50,152.00695979712097
20.034,cruise,59.27,90.81,146.6,59.27,90.81,146.8,50,152.00695979712097
20.059,cruise,59.24,90.79,144.7,59.24,90.80,145.2,50,152.00695979712097
20.084,cruise,59.26,90.81,147.1,59.26,90.81,146.7,50,152.00695979712097
20.111,cruise,59.25,90.80,144.6,59.25,90.80,145.1,50,152.00695979712097
20.137,cruise,59.25,90.82,146.2,59.24,90.82,145.9,50,152.00695979712097
20.162,cruise,59.25,90.79,147.9,59.25,90.80,147.4,50,152.00695979712097
20.189,cruise,59.25,90.81,148.7,59.25,90.81,148.4,50,152.00695979712097
20.215,cruise,59.25,90.82,147.7,59.25,90.82,147.9,50,152.00695979712097
20.241,cruise,59.26,90.82,146.5,59.26,90.82,146.8,50,152.00695979712097
20.267,cruise,59.22,90.81,148.4,59.22,90.81,148.0,50,152.00695979712097
20.292,cruise,59.21,90.83,146.1,59.21,90.83,146.6,50,152.00695979712097
20.318,cruise,59.24,90.79,147.5,59.24,90.79,147.2,50,152.00695979712097
20.343,cruise,59.24,90.82,147.2,59.24,90.82,147.2,50,152.00695979712097
20.369,cruise,59.22,90.81,147.2,59.22,90.81,147.2,50,152.00695979712097
20.395,cruise,59.28,90.80,146.4,59.28,90.80,146.6,50,152.00695979712097
20.420,cruise,59.24,90.80,147.1,59.24,90.80,147.0,50,152.00695979712097
20.447,cruise,59.29,90.81,145.7,59.29,90.81,146.0,50,152.00695979712097
20.472,cruise,59.26,90.78,148.1,59.25,90.78,147.6,50,152.00695979712097
20.498,cruise,59.26,90.81,146.3,59.26,90.81,146.6,50,152.00695979712097
20.523,cruise,59.23,90.81,145.6,59.23,90.81,145.9,50,152.00695979712097
20.549,cruise,59.26,90.82,145.2,59.26,90.82,145.4,50,152.00695979712097
20.575,cruise,59.25,90.81,147.6,59.25,90.81,147.1,50,152.00695979712097
20.601,cruise,59.25,90.80,145.7,59.25,90.80,146.0,50,152.00695979712097
20.626,cruise,59.25,90.81,145.8,59.25,90.82,145.8,50,152.00695979712097
20.652,cruise,59.26,90.80,146.4,59.26,90.80,146.3,50,152.00695979712097
20.678,cruise,59.27,90.81,146.6,59.27,90.81,146.5,50,152.00695979712097
20.704,cruise,59.24,90.81,146.0,59.24,90.81,146.1,50,152.00695979712097
20.729,cruise,59.25,90.80,147.2,59.25,90.80,147.0,50,152.00695979712097
20.755,cruise,59.24,90.80,145.5,59.24,90.80,145.9,50,152.00695979712097
20.781,cruise,59.25,90.81,147.7,59.25,90.81,147.3,50,152.00695979712097
20.806,cruise,59.27,90.80,146.8,59.27,90.80,146.9,50,152.00695979712097
20.832,cruise,59.26,90.82,147.1,59.26,90.82,147.1,50,152.00695979712097
20.857,cruise,59.22,90.81,147.9,59.22,90.81,147.7,50,152.00695979712097
20.883,cruise,59.24,90.81,147.4,59.24,90.81,147.5,50,152.00695979712097
20.909,cruise,59.25,90.81,146.4,59.25,90.81,146.6,50,152.00695979712097
20.935,cruise,59.25,90.81,146.8,59.25,90.81,146.7,50,152.00695979712097
20.961,cruise,59.25,90.80,145.8,59.25,90.80,146.1,50,152.00695979712097
20.986,cruise,59.26,90.81,146.8,59.26,90.81,146.6,50,152.00695979712097
21.013,cruise,59.25,90.80,147.3,59.25,90.80,147.1,50,152.00695979712097
21.039,cruise,59.25,90.80,146.9,59.24,90.80,146.9,50,152.00695979712097
21.064,cruise,59.25,90.83,146.6,59.25,90.83,146.7,50,152.00695979712097
21.090,cruise,59.23,90.80,147.4,59.22,90.80,147.2,50,152.00695979712097
21.116,cruise,59.25,90.80,148.8,59.25,90.80,148.5,50,152.00695979712097
21.142,cruise,59.25,90.82,146.9,59.24,90.82,147.3,50,152.00695979712097
21.167,cruise,59.24,90.80,144.5,59.24,90.80,145.2,50,152.00695979712097
21.194,cruise,59.27,90.80,147.1,59.27,90.80,146.6,50,152.00695979712097
21.220,cruise,59.24,90.82,144.8,59.23,90.82,145.2,50,152.00695979712097
21.245,cruise,59.25,90.81,147.2,59.25,90.81,146.7,50,152.00695979712097
21.271,cruise,59.27,90.81,148.4,59.26,90.81,148.0,50,152.00695979712097
21.297,cruise,59.26,90.80,147.7,59.26,90.81,147.8,50,152.00695979712097
21.323,cruise,59.25,90.81,145.9,59.25,90.81,146.4,50,152.00695979712097
21.349,cruise,59.24,90.82,146.5,59.24,90.82,146.5,50,152.00695979712097
21.376,cruise,59.25,90.80,148.2,59.25,90.80,147.8,50,152.00695979712097
21.402,cruise,59.26,90.81,146.4,59.26,90.81,146.7,50,152.00695979712097
21.427,cruise,59.22,90.82,145.7,59.22,90.82,145.9,50,152.00695979712097
21.453,cruise,59.23,90.82,146.8,59.23,90.82,146.6,50,152.00695979712097
21.478,cruise,59.26,90.81,145.6,59.25,90.81,145.9,50,152.00695979712097
21.504,cruise,59.25,90.81,146.4,59.24,90.81,146.3,50,152.00695979712097
21.530,cruise,59.24,90.82,144.9,59.24,90.82,145.2,50,152.00695979712097
21.555,cruise,59.23,90.80,146.4,59.23,90.81,146.1,50,152.00695979712097
21.582,cruise,59.23,90.81,146.5,59.23,90.81,146.4,50,152.00695979712097
21.607,cruise,59.24,90.82,146.5,59.24,90.82,146.5,50,152.00695979712097
21.633,cruise,59.21,90.81,148.4,59.21,90.81,147.9,50,152.00695979712097
21.659,cruise,59.25,90.82,146.2,59.25,90.82,146.6,50,152.00695979712097
21.684,cruise,59.22,90.81,147.7,59.22,90.81,147.4,50,152.00695979712097
21.709,cruise,59.24,90.82,147.8,59.24,90.82,147.7,50,152.00695979712097
21.735,cruise,59.26,90.80,147.4,59.25,90.80,147.5,50,152.00695979712097
21.760,cruise,59.23,90.81,147.4,59.23,90.81,147.4,50,152.00695979712097
21.786,cruise,59.24,90.82,146.8,59.24,90.82,147.0,50,152.00695979712097
21.812,cruise,59.27,90.82,145.8,59.27,90.82,146.1,50,152.00695979712097
21.838,cruise,59.24,90.82,147.1,59.24,90.82,146.9,50,152.00695979712097
21.863,cruise,59.23,90.82,145.8,59.23,90.82,146.1,50,152.00695979712097
21.889,cruise,59.24,90.80,146.5,59.24,90.80,146.4,50,152.00695979712097
21.915,cruise,59.23,90.82,147.9,59.23,90.82,147.5,50,152.00695979712097
21.940,cruise,59.23,90.81,147.1,59.23,90.81,147.2,50,152.00695979712097
21.966,cruise,59.25,90.81,145.5,59.25,90.81,145.8,50,152.00695979712097
21.992,cruise,59.26,90.82,147.2,59.26,90.82,146.9,50,152.00695979712097
22.018,cruise,59.25,90.81,146.2,59.25,90.81,146.3,50,152.00695979712097
22.044,cruise,59.23,90.81,147.1,59.23,90.81,146.9,50,152.00695979712097
22.069,cruise,59.25,90.81,146.6,59.25,90.82,146.7,50,152.00695979712097
22.095,cruise,59.25,90.82,146.2,59.25,90.82,146.3,50,152.00695979712097
22.121,cruise,59.26,90.82,146.7,59.26,90.82,146.6,50,152.00695979712097
22.147,cruise,59.24,90.81,146.8,59.24,90.81,146.8,50,152.00695979712097
22.172,cruise,59.24,90.80,145.8,59.23,90.80,146.0,50,152.00695979712097
22.202,cruise,59.24,90.84,146.8,59.24,90.84,146.7,50,152.00695979712097
22.228,cruise,59.26,90.81,147.1,59.26,90.81,147.0,50,152.00695979712097
22.253,cruise,59.25,90.80,147.1,59.25,90.81,147.1,50,152.00695979712097
22.279,cruise,59.26,90.80,146.6,59.25,90.80,146.7,50,152.00695979712097
22.305,cruise,59.25,90.82,146.6,59.25,90.82,146.6,50,152.00695979712097
22.330,cruise,59.24,90.82,146.8,59.24,90.82,146.7,50,152.00695979712097
22.357,cruise,59.25,90.80,147.6,59.25,90.80,147.4,50,152.00695979712097
22.382,cruise,59.26,90.81,147.4,59.26,90.81,147.4,50,152.00695979712097
22.408,cruise,59.26,90.81,146.1,59.25,90.81,146.4,50,152.00695979712097
22.434,cruise,59.26,90.80,145.8,59.26,90.81,145.9,50,152.00695979712097
22.460,cruise,59.26,90.83,145.0,59.26,90.83,145.2,50,152.00695979712097
22.485,cruise,59.24,90.80,147.0,59.24,90.80,146.6,50,152.00695979712097
22.511,cruise,59.25,90.82,147.6,59.25,90.82,147.4,50,152.00695979712097
22.536,cruise,59.26,90.82,144.9,59.25,90.82,145.5,50,152.00695979712097
22.562,cruise,59.25,90.82,145.1,59.25,90.82,145.2,50,152.00695979712097
22.588,cruise,59.24,90.81,147.2,59.24,90.81,146.8,50,152.00695979712097
22.613,cruise,59.26,90.83,146.8,59.26,90.83,146.8,50,152.00695979712097
22.639,cruise,59.24,90.81,147.0,59.24,90.81,147.0,50,152.00695979712097
22.665,cruise,59.24,90.81,147.3,59.24,90.81,147.3,50,152.00695979712097
22.691,cruise,59.25,90.81,146.7,59.24,90.81,146.8,50,152.00695979712097
22.717,cruise,59.25,90.81,146.7,59.25,90.81,146.7,50,152.00695979712097
22.742,cruise,59.26,90.83,147.6,59.26,90.83,147.4,50,152.00695979712097
22.769,cruise,59.24,90.81,147.5,59.24,90.81,147.5,50,152.00695979712097
22.795,cruise,59.23,90.81,147.0,59.23,90.81,147.1,50,152.00695979712097
22.820,cruise,59.25,90.81,146.6,59.25,90.81,146.7,50,152.00695979712097
22.846,cruise,59.25,90.82,148.1,59.25,90.82,147.8,50,152.00695979712097
22.872,cruise,59.24,90.81,147.2,59.24,90.81,147.3,50,152.00695979712097
22.897,cruise,59.23,90.81,146.6,59.23,90.81,146.8,50,152.00695979712097
22.924,cruise,59.23,90.81,144.9,59.23,90.81,145.3,50,152.00695979712097
22.951,cruise,59.26,90.81,146.6,59.26,90.81,146.3,50,152.00695979712097
22.978,cruise,59.24,90.81,144.2,59.24,90.81,144.6,50,152.00695979712097
23.004,cruise,59.24,90.81,146.7,59.23,90.81,146.2,50,152.00695979712097
23.029,cruise,59.25,90.80,147.5,59.25,90.80,147.2,50,152.00695979712097
23.054,cruise,59.25,90.81,146.7,59.25,90.81,146.8,50,152.00695979712097
23.080,cruise,59.25,90.80,147.8,59.25,90.80,147.6,50,152.00695979712097
23.106,cruise,59.25,90.81,147.0,59.25,90.81,147.1,50,152.00695979712097
23.131,cruise,59.22,90.82,147.5,59.22,90.82,147.4,50,152.00695979712097
23.157,cruise,59.28,90.81,146.2,59.28,90.81,146.5,50,152.00695979712097
23.183,cruise,59.23,90.80,146.1,59.23,90.80,146.2,50,152.00695979712097
23.208,cruise,59.26,90.82,147.9,59.26,90.82,147.5,50,152.00695979712097
23.233,cruise,59.25,90.83,146.1,59.25,90.83,146.4,50,152.00695979712097
23.259,cruise,59.26,90.81,145.2,59.26,90.81,145.5,50,152.00695979712097
23.284,cruise,59.23,90.81,145.0,59.23,90.81,145.1,50,152.00695979712097
23.309,cruise,59.25,90.80,146.5,59.25,90.80,146.2,50,152.00695979712097
23.335,cruise,59.24,90.81,145.9,59.24,90.81,145.9,50,152.00695979712097
23.361,cruise,59.28,90.81,146.2,59.28,90.81,146.2,50,152.00695979712097
23.386,cruise,59.27,90.80,146.0,59.27,90.81,146.0,50,152.00695979712097
23.412,cruise,59.25,90.80,147.1,59.25,90.80,146.8,50,152.00695979712097
23.437,cruise,59.24,90.82,147.8,59.24,90.82,147.6,50,152.00695979712097
23.463,cruise,59.24,90.80,147.6,59.24,90.80,147.6,50,152.00695979712097
23.488,cruise,59.25,90.82,147.4,59.25,90.82,147.4,50,152.00695979712097
23.514,cruise,59.27,90.81,147.1,59.26,90.81,147.2,50,152.00695979712097
23.540,cruise,59.27,90.82,147.0,59.27,90.82,147.1,50,152.00695979712097
23.565,cruise,59.25,90.82,146.3,59.25,90.82,146.5,50,152.00695979712097
23.591,cruise,59.23,90.82,146.7,59.23,90.82,146.6,50,152.00695979712097
23.617,cruise,59.26,90.81,146.7,59.26,90.81,146.7,50,152.00695979712097
23.643,cruise,59.26,90.82,144.8,59.26,90.82,145.2,50,152.00695979712097
23.668,cruise,59.24,90.82,146.5,59.24,90.82,146.2,50,152.00695979712097
23.694,cruise,59.24,90.81,146.0,59.24,90.81,146.0,50,152.00695979712097
23.719,cruise,59.27,90.83,146.6,59.27,90.83,146.5,50,152.00695979712097
23.744,cruise,59.25,90.82,146.0,59.25,90.82,146.1,50,152.00695979712097
23.770,cruise,59.26,90.82,146.5,59.26,90.82,146.4,50,152.00695979712097
23.796,cruise,59.25,90.82,145.8,59.24,90.82,145.9,50,152.00695979712097
23.823,cruise,59.24,90.81,146.7,59.24,90.81,146.5,50,152.00695979712097
23.848,cruise,59.23,90.81,147.2,59.23,90.81,147.1,50,152.00695979712097
23.874,cruise,59.25,90.82,146.6,59.25,90.82,146.7,50,152.00695979712097
23.899,cruise,59.24,90.82,146.8,59.24,90.82,146.8,50,152.00695979712097
23.925,cruise,59.26,90.83,146.4,59.26,90.83,146.5,50,152.00695979712097
23.950,cruise,59.26,90.80,145.5,59.26,90.80,145.7,50,152.00695979712097
23.976,cruise,59.26,90.79,145.9,59.26,90.80,145.9,50,152.00695979712097
24.002,cruise,59.27,90.80,146.6,59.27,90.81,146.5,50,152.00695979712097
24.028,cruise,59.23,90.82,147.4,59.23,90.82,147.2,50,152.00695979712097
24.054,cruise,59.26,90.81,146.3,59.26,90.81,146.5,50,152.00695979712097
24.079,cruise,59.27,90.81,147.5,59.27,90.81,147.2,50,152.00695979712097
24.105,cruise,59.27,90.82,146.6,59.27,90.82,146.8,50,152.00695979712097
24.131,cruise,59.25,90.82,146.9,59.25,90.82,146.8,50,152.00695979712097
24.156,cruise,59.24,90.80,147.4,59.24,90.81,147.3,50,152.00695979712097
24.182,cruise,59.25,90.81,147.1,59.25,90.81,147.1,50,152.00695979712097
24.207,cruise,59.27,90.81,146.7,59.26,90.81,146.8,50,152.00695979712097
24.233,cruise,59.24,90.80,147.4,59.24,90.80,147.2,50,152.00695979712097
24.259,cruise,59.28,90.83,147.8,59.28,90.83,147.7,50,152.00695979712097
24.285,cruise,59.26,90.80,145.9,59.25,90.80,146.3,50,152.00695979712097
24.311,cruise,59.29,90.82,147.1,59.29,90.82,146.9,50,152.00695979712097
24.337,cruise,59.26,90.81,147.9,59.26,90.81,147.7,50,152.00695979712097
24.363,cruise,59.24,90.82,146.0,59.24,90.82,146.4,50,152.00695979712097
24.389,cruise,59.26,90.81,147.7,59.26,90.81,147.4,50,152.00695979712097
24.414,cruise,59.26,90.81,147.4,59.26,90.81,147.4,50,152.00695979712097
24.440,cruise,59.27,90.82,146.8,59.27,90.82,147.0,50,152.00695979712097
24.466,cruise,59.26,90.80,146.4,59.26,90.80,146.5,50,152.00695979712097
24.491,cruise,59.24,90.81,147.4,59.24,90.81,147.2,50,152.00695979712097
24.517,cruise,59.25,90.82,146.7,59.25,90.82,146.8,50,152.00695979712097
24.543,cruise,59.23,90.82,146.9,59.23,90.82,146.9,50,152.00695979712097
24.568,cruise,59.26,90.81,146.3,59.26,90.82,146.4,50,152.00695979712097
24.595,cruise,59.25,90.81,148.0,59.25,90.82,147.6,50,152.00695979712097
24.620,cruise,59.25,90.81,148.2,59.25,90.81,148.1,50,152.00695979712097
24.646,cruise,59.27,90.81,147.3,59.27,90.81,147.5,50,152.00695979712097
24.671,cruise,59.28,90.82,147.0,59.28,90.82,147.1,50,152.00695979712097
24.697,cruise,59.23,90.80,147.8,59.23,90.80,147.7,50,152.00695979712097
24.722,cruise,59.26,90.82,147.1,59.26,90.82,147.2,50,152.00695979712097
24.748,cruise,59.27,90.82,147.2,59.27,90.82,147.2,50,152.00695979712097
24.774,cruise,59.26,90.83,146.6,59.26,90.83,146.7,50,152.00695979712097
24.800,cruise,59.27,90.80,143.3,59.27,90.81,144.0,50,152.00695979712097
24.825,cruise,59.28,90.80,146.4,59.28,90.80,145.9,50,152.00695979712097
24.851,cruise,59.25,90.81,146.1,59.25,90.81,146.0,50,152.00695979712097
24.877,cruise,59.27,90.82,146.2,59.27,90.82,146.2,50,152.00695979712097
24.902,cruise,59.28,90.80,145.1,59.28,90.80,145.4,50,152.00695979712097
24.928,cruise,59.26,90.81,146.8,59.26,90.81,146.5,50,152.00695979712097
24.955,cruise,59.26,90.81,146.3,59.26,90.81,146.4,50,152.00695979712097
24.981,cruise,59.26,90.82,147.2,59.26,90.82,147.0,50,152.00695979712097
25.006,cruise,59.25,90.81,146.3,59.25,90.81,146.4,50,152.00695979712097
25.032,cruise,59.27,90.80,147.8,59.26,90.80,147.4,50,152.00695979712097
25.057,cruise,59.25,90.82,146.2,59.24,90.82,146.5,50,152.00695979712097
25.083,cruise,59.26,90.79,146.2,59.25,90.79,146.2,50,152.00695979712097
25.109,cruise,59.29,90.81,146.8,59.29,90.81,146.7,50,152.00695979712097
25.134,cruise,59.28,90.81,147.4,59.27,90.81,147.3,50,152.00695979712097
25.160,cruise,59.26,90.81,146.6,59.25,90.81,146.8,50,152.00695979712097
25.186,cruise,59.26,90.82,144.9,59.26,90.82,145.3,50,152.00695979712097
25.211,cruise,59.28,90.80,146.7,59.28,90.80,146.4,50,152.00695979712097
25.237,cruise,59.24,90.81,147.1,59.24,90.81,146.9,50,152.00695979712097
25.263,cruise,59.24,90.82,147.1,59.24,90.82,147.0,50,152.00695979712097
25.289,cruise,59.26,90.82,147.0,59.26,90.82,147.0,50,152.00695979712097
25.314,cruise,59.29,90.81,146.7,59.29,90.81,146.8,50,152.00695979712097
25.340,cruise,59.25,90.81,148.0,59.24,90.81,147.7,50,152.00695979712097
25.366,cruise,59.25,90.82,148.0,59.25,90.82,147.9,50,152.00695979712097
25.391,cruise,59.27,90.83,147.2,59.27,90.83,147.4,50,152.00695979712097
25.417,cruise,59.25,90.82,145.9,59.25,90.82,146.2,50,152.00695979712097
25.443,cruise,59.30,90.82,146.6,59.29,90.82,146.5,50,152.00695979712097
25.469,cruise,59.27,90.82,146.9,59.27,90.82,146.8,50,152.00695979712097
25.494,cruise,59.25,90.79,146.7,59.25,90.79,146.8,50,152.00695979712097
25.520,cruise,59.24,90.81,145.7,59.24,90.81,146.0,50,152.00695979712097
25.546,cruise,59.29,90.82,147.3,59.29,90.82,147.0,50,152.00695979712097
25.571,cruise,59.26,90.80,146.3,59.26,90.80,146.5,50,152.00695979712097
25.597,cruise,59.23,90.80,146.6,59.23,90.80,146.5,50,152.00695979712097
25.623,cruise,59.28,90.82,145.5,59.28,90.82,145.8,50,152.00695979712097
25.649,cruise,59.25,90.82,147.7,59.25,90.82,147.3,50,152.00695979712097
25.674,cruise,59.27,90.81,147.7,59.27,90.81,147.6,50,152.00695979712097
25.700,cruise,59.28,90.83,146.1,59.28,90.83,146.5,50,152.00695979712097
25.725,cruise,59.28,90.81,147.4,59.27,90.81,147.2,50,152.00695979712097
25.751,cruise,59.26,90.83,147.8,59.26,90.84,147.6,50,152.00695979712097
25.777,cruise,59.25,90.80,146.4,59.25,90.80,146.7,50,152.00695979712097
25.802,cruise,59.21,90.84,147.6,59.21,90.84,147.4,50,152.00695979712097
25.829,cruise,59.26,90.81,145.7,59.26,90.81,146.1,50,152.00695979712097
25.855,cruise,59.26,90.82,143.9,59.26,90.82,144.4,50,152.00695979712097
25.880,cruise,59.19,90.82,145.3,59.19,90.82,145.1,50,152.00695979712097
25.906,cruise,59.23,90.84,144.3,59.23,90.84,144.5,50,152.00695979712097
25.931,cruise,59.24,90.86,140.4,59.24,90.86,141.3,50,152.00695979712097
25.957,cruise,59.27,90.96,139.4,59.27,90.96,139.8,50,152.00695979712097
25.983,cruise,59.33,90.98,140.5,59.33,90.98,140.3,50,152.00695979712097
26.009,cruise,59.41,90.99,138.8,59.41,90.99,139.1,50,152.00695979712097
26.035,cruise,59.46,90.99,138.9,59.46,90.99,138.9,50,152.00695979712097
26.059,cruise,59.54,90.92,136.4,59.54,90.93,137.0,50,152.00695979712097
26.085,cruise,59.64,90.97,138.4,59.63,90.97,138.1,50,152.00695979712097
26.111,cruise,59.78,90.99,136.4,59.77,90.99,136.8,50,152.00695979712097
26.136,cruise,59.95,90.97,137.6,59.95,90.97,137.4,50,152.00695979712097
26.163,cruise,60.02,90.95,135.9,60.02,90.95,136.2,50,152.00695979712097
26.189,cruise,60.21,90.90,138.0,60.21,90.90,137.6,50,152.00695979712097
26.215,cruise,60.28,90.90,140.1,60.28,90.90,139.5,50,152.00695979712097
26.241,cruise,60.41,90.95,140.3,60.41,90.95,140.1,50,152.00695979712097
26.267,cruise,60.50,90.95,138.2,60.49,90.95,138.6,50,152.00695979712097
26.292,cruise,60.58,90.98,138.9,60.58,90.98,138.8,50,152.00695979712097
26.318,cruise,60.61,90.96,138.9,60.61,90.96,138.9,50,152.00695979712097
26.344,cruise,60.65,90.96,140.6,60.65,90.96,140.2,50,152.00695979712097
26.369,cruise,60.66,90.97,138.3,60.65,90.97,138.7,50,152.00695979712097
26.395,cruise,60.65,90.98,138.8,60.64,90.98,138.8,50,152.00695979712097
26.420,cruise,60.61,90.98,137.4,60.61,90.98,137.7,50,152.00695979712097
26.446,cruise,60.57,91.00,136.2,60.57,91.00,136.5,50,152.00695979712097
26.471,cruise,60.46,90.95,140.2,60.46,90.95,139.4,50,152.00695979712097
26.498,cruise,60.44,90.98,137.7,60.44,90.99,138.1,50,152.00695979712097
26.523,cruise,60.35,91.01,139.2,60.35,91.01,138.9,50,152.00695979712097
26.549,cruise,60.32,91.00,138.2,60.32,91.00,138.3,50,152.00695979712097
26.575,cruise,60.26,90.98,138.2,60.26,90.98,138.3,50,152.00695979712097
26.600,cruise,60.27,90.97,137.3,60.27,90.98,137.5,50,152.00695979712097
26.626,cruise,60.22,90.98,136.4,60.22,90.98,136.6,50,152.00695979712097
26.651,cruise,60.21,90.99,136.7,60.21,90.99,136.6,50,152.00695979712097
26.677,cruise,60.22,90.98,137.5,60.22,90.98,137.3,50,152.00695979712097
26.703,cruise,60.26,90.97,137.3,60.25,90.97,137.3,50,152.00695979712097
26.728,cruise,60.28,90.97,138.2,60.28,90.97,138.0,50,152.00695979712097
26.754,cruise,60.31,90.99,138.0,60.31,90.99,138.0,50,152.00695979712097
26.779,cruise,60.34,91.01,139.1,60.34,91.01,138.8,50,152.00695979712097
26.804,cruise,60.38,91.01,137.6,60.38,91.01,137.9,50,152.00695979712097
26.830,cruise,60.39,91.01,139.6,60.39,91.01,139.2,50,152.00695979712097
26.855,cruise,60.43,91.00,139.0,60.43,91.00,139.0,50,152.00695979712097
26.881,cruise,60.45,91.00,138.9,60.44,91.00,139.0,50,152.00695979712097
26.906,cruise,60.47,91.00,136.4,60.47,91.00,137.0,50,152.00695979712097
26.932,cruise,60.49,91.00,137.3,60.49,91.00,137.2,50,152.00695979712097
26.957,cruise,60.50,91.00,138.3,60.50,91.01,138.0,50,152.00695979712097
26.983,cruise,60.50,90.99,139.1,60.50,91.00,138.9,50,152.00695979712097
27.008,cruise,60.47,91.00,136.1,60.47,91.00,136.7,50,152.00695979712097
27.034,cruise,60.45,91.01,138.6,60.45,91.01,138.2,50,152.00695979712097
27.059,cruise,60.42,91.00,137.9,60.42,91.00,137.9,50,152.00695979712097
27.085,cruise,60.41,91.01,138.9,60.41,91.01,138.7,50,152.00695979712097
27.111,cruise,60.39,91.01,137.5,60.39,91.01,137.7,50,152.00695979712097
27.136,cruise,60.39,91.00,138.8,60.39,91.00,138.5,50,152.00695979712097
27.162,cruise,60.38,91.01,139.2,60.38,91.01,139.0,50,152.00695979712097
27.187,cruise,60.39,91.00,139.0,60.39,91.00,139.0,50,152.00695979712097
27.213,cruise,60.40,91.00,137.4,60.40,91.00,137.8,50,152.00695979712097
27.238,cruise,60.38,91.00,139.0,60.38,91.00,138.7,50,152.00695979712097
27.264,cruise,60.43,91.00,137.8,60.43,91.00,138.0,50,152.00695979712097
27.290,cruise,60.44,91.00,138.8,60.44,91.00,138.6,50,152.00695979712097
27.316,cruise,60.45,91.00,137.4,60.45,91.00,137.7,50,152.00695979712097
27.342,cruise,60.46,91.00,137.9,60.46,91.00,137.9,50,152.00695979712097
27.367,cruise,60.45,91.00,138.7,60.45,91.00,138.5,50,152.00695979712097
27.394,cruise,60.44,91.01,138.6,60.44,91.01,138.6,50,152.00695979712097
27.419,cruise,60.45,91.01,139.2,60.45,91.01,139.1,50,152.00695979712097
27.445,cruise,60.44,91.01,138.0,60.44,91.01,138.3,50,152.00695979712097
27.470,cruise,60.42,91.01,138.6,60.42,91.01,138.5,50,152.00695979712097
27.497,cruise,60.42,91.01,137.1,60.42,91.01,137.4,50,152.00695979712097
27.522,cruise,60.43,91.01,139.0,60.43,91.01,138.6,50,152.00695979712097
27.548,cruise,60.40,90.99,137.8,60.40,90.99,138.0,50,152.00695979712097
27.574,cruise,60.42,91.00,138.1,60.42,91.00,138.0,50,152.00695979712097
27.599,cruise,60.43,91.02,137.2,60.43,91.02,137.4,50,152.00695979712097
27.625,cruise,60.43,91.01,138.0,60.43,91.01,137.8,50,152.00695979712097
27.650,cruise,60.45,91.00,138.5,60.45,91.00,138.4,50,152.00695979712097
27.676,cruise,60.44,91.02,138.3,60.44,91.02,138.3,50,152.00695979712097
27.702,cruise,60.44,91.01,139.5,60.44,91.01,139.2,50,152.00695979712097
27.728,cruise,60.44,90.99,139.0,60.44,90.99,139.0,50,152.00695979712097
27.754,cruise,60.44,91.01,138.4,60.44,91.01,138.5,50,152.00695979712097
27.779,cruise,60.43,91.00,136.4,60.42,91.01,136.9,50,152.00695979712097
27.805,cruise,60.44,91.00,137.9,60.44,91.00,137.7,50,152.00695979712097
27.830,cruise,60.43,91.01,137.2,60.43,91.02,137.3,50,152.00695979712097
27.855,cruise,60.42,90.99,136.2,60.42,90.99,136.5,50,152.00695979712097
27.881,cruise,60.44,91.00,136.4,60.44,91.00,136.4,50,152.00695979712097
27.907,cruise,60.44,91.00,137.0,60.44,91.00,136.9,50,152.00695979712097
27.933,cruise,60.43,91.01,138.1,60.43,91.01,137.8,50,152.00695979712097
27.959,cruise,60.44,91.00,138.2,60.44,91.00,138.1,50,152.00695979712097
27.984,cruise,60.44,91.01,138.5,60.44,91.01,138.4,50,152.00695979712097
28.010,cruise,60.43,91.02,138.1,60.43,91.02,138.2,50,152.00695979712097
28.035,cruise,60.44,91.02,138.1,60.44,91.02,138.1,50,152.00695979712097
28.061,cruise,60.44,91.00,136.9,60.44,91.00,137.2,50,152.00695979712097
28.087,cruise,60.41,91.00,137.0,60.41,91.00,137.0,50,152.00695979712097
28.113,cruise,60.44,90.99,138.6,60.44,90.99,138.2,50,152.00695979712097
28.138,cruise,60.43,91.01,138.4,60.43,91.01,138.3,50,152.00695979712097
28.164,cruise,60.42,90.98,138.7,60.42,90.99,138.6,50,152.00695979712097
28.190,cruise,60.43,91.01,138.7,60.43,91.02,138.7,50,152.00695979712097
28.216,cruise,60.43,91.02,138.8,60.43,91.02,138.8,50,152.00695979712097
28.241,cruise,60.43,91.02,137.9,60.43,91.02,138.1,50,152.00695979712097
28.267,cruise,60.44,90.99,138.2,60.44,90.99,138.2,50,152.00695979712097
28.292,cruise,60.45,91.01,137.0,60.45,91.01,137.2,50,152.00695979712097
28.318,cruise,60.43,91.01,137.4,60.43,91.01,137.4,50,152.00695979712097
28.343,cruise,60.43,91.01,138.2,60.43,91.02,138.0,50,152.00695979712097
28.369,cruise,60.43,91.00,138.9,60.43,91.00,138.7,50,152.00695979712097
28.395,cruise,60.44,91.02,137.8,60.44,91.02,138.0,50,152.00695979712097
28.421,cruise,60.42,91.00,138.8,60.42,91.00,138.6,50,152.00695979712097
28.446,cruise,60.44,91.01,137.4,60.44,91.01,137.6,50,152.00695979712097
28.472,cruise,60.44,91.00,137.6,60.44,91.00,137.6,50,152.00695979712097
28.497,cruise,60.43,91.01,138.8,60.43,91.01,138.5,50,152.00695979712097
28.523,cruise,60.42,91.02,137.3,60.42,91.03,137.6,50,152.00695979712097
28.548,cruise,60.44,91.01,137.6,60.44,91.01,137.6,50,152.00695979712097
28.575,cruise,60.43,91.02,137.9,60.43,91.02,137.8,50,152.00695979712097
28.600,cruise,60.45,91.01,137.4,60.44,91.01,137.5,50,152.00695979712097
28.626,cruise,60.41,91.00,137.7,60.41,91.00,137.6,50,152.00695979712097
28.652,cruise,60.44,91.02,137.8,60.44,91.02,137.8,50,152.00695979712097
28.679,cruise,60.43,91.01,136.5,60.43,91.01,136.8,50,152.00695979712097
28.704,cruise,60.43,91.00,138.2,60.43,91.00,137.8,50,152.00695979712097
28.730,cruise,60.43,91.00,138.6,60.43,91.00,138.5,50,152.00695979712097
28.755,cruise,60.43,91.02,139.3,60.43,91.02,139.1,50,152.00695979712097
28.781,cruise,60.44,91.00,138.7,60.44,91.00,138.8,50,152.00695979712097
28.807,cruise,60.43,91.01,137.9,60.43,91.01,138.1,50,152.00695979712097
28.833,cruise,60.44,91.03,137.9,60.44,91.03,138.0,50,152.00695979712097
28.858,cruise,60.44,91.02,139.0,60.44,91.02,138.8,50,152.00695979712097
28.885,cruise,60.44,91.01,138.3,60.44,91.01,138.4,50,152.00695979712097
28.910,cruise,60.42,90.99,138.2,60.42,90.99,138.3,50,152.00695979712097
28.936,cruise,60.43,91.01,138.3,60.43,91.01,138.3,50,152.00695979712097
28.962,cruise,60.43,91.01,139.1,60.43,91.01,138.9,50,152.00695979712097
28.987,cruise,60.44,91.01,139.3,60.44,91.01,139.2,50,152.00695979712097
29.013,cruise,60.43,91.01,138.7,60.43,91.01,138.8,50,152.00695979712097
29.039,cruise,60.42,91.00,137.4,60.42,91.00,137.7,50,152.00695979712097
29.065,cruise,60.43,91.00,139.0,60.43,91.00,138.7,50,152.00695979712097
29.090,cruise,60.44,91.00,136.7,60.44,91.00,137.2,50,152.00695979712097
29.116,cruise,60.44,91.00,137.7,60.44,91.00,137.6,50,152.00695979712097
29.142,cruise,60.44,91.01,139.9,60.44,91.02,139.4,50,152.00695979712097
29.167,cruise,60.44,91.01,138.7,60.44,91.01,138.9,50,152.00695979712097
29.194,cruise,60.42,91.02,137.2,60.42,91.02,137.6,50,152.00695979712097
29.220,cruise,60.44,91.00,138.0,60.44,91.00,137.9,50,152.00695979712097
29.246,cruise,60.43,90.99,138.7,60.43,91.00,138.5,50,152.00695979712097
29.271,cruise,60.42,91.00,138.3,60.42,91.00,138.3,50,152.00695979712097
29.297,cruise,60.44,91.00,139.0,60.44,91.00,138.8,50,152.00695979712097
29.323,cruise,60.43,91.02,139.5,60.43,91.02,139.3,50,152.00695979712097
29.348,cruise,60.43,91.00,139.5,60.43,91.01,139.5,50,152.00695979712097
29.374,cruise,60.42,91.01,137.5,60.42,91.01,137.9,50,152.00695979712097
29.399,cruise,60.44,91.01,139.2,60.44,91.02,138.9,50,152.00695979712097
29.425,cruise,60.44,91.01,137.8,60.44,91.01,138.1,50,152.00695979712097
29.451,cruise,60.44,91.00,138.5,60.44,91.00,138.4,50,152.00695979712097
29.476,cruise,60.43,91.01,136.2,60.43,91.01,136.7,50,152.00695979712097
29.502,cruise,60.45,91.00,137.9,60.45,91.00,137.6,50,152.00695979712097
29.528,cruise,60.43,91.01,139.1,60.42,91.01,138.8,50,152.00695979712097
29.553,cruise,60.44,91.01,138.8,60.43,91.01,138.8,50,152.00695979712097
29.579,cruise,60.45,90.99,138.2,60.45,90.99,138.3,50,152.00695979712097
29.604,cruise,60.43,91.01,137.9,60.43,91.01,138.0,50,152.00695979712097
29.630,cruise,60.44,91.00,136.9,60.44,91.01,137.1,50,152.00695979712097
29.657,cruise,60.42,91.02,139.7,60.42,91.02,139.1,50,152.00695979712097
29.682,cruise,60.43,91.01,139.4,60.43,91.02,139.3,50,152.00695979712097
29.708,cruise,60.44,91.00,138.9,60.44,91.01,139.0,50,152.00695979712097
29.734,cruise,60.43,91.00,139.2,60.43,91.00,139.2,50,152.00695979712097
29.759,cruise,60.44,91.02,137.9,60.43,91.02,138.2,50,152.00695979712097
29.785,cruise,60.43,91.00,138.4,60.43,91.00,138.4,50,152.00695979712097
29.811,cruise,60.44,91.02,138.1,60.44,91.02,138.2,50,152.00695979712097
29.836,cruise,60.43,90.99,138.8,60.43,90.99,138.7,50,152.00695979712097
29.861,cruise,60.43,91.00,137.3,60.43,91.00,137.6,50,152.00695979712097
29.887,cruise,60.43,91.01,137.2,60.42,91.01,137.3,50,152.00695979712097
29.913,cruise,60.44,90.99,139.6,60.44,91.00,139.1,50,152.00695979712097
29.938,cruise,60.43,91.00,139.5,60.43,91.00,139.4,50,152.00695979712097
29.964,cruise,60.44,91.01,137.0,60.43,91.01,137.5,50,152.00695979712097
29.990,cruise,60.42,91.00,138.4,60.42,91.00,138.2,50,152.00695979712097
30.015,cruise,60.43,91.00,138.0,60.43,91.00,138.0,50,152.00695979712097
30.041,cruise,60.44,91.01,137.1,60.44,91.01,137.3,50,152.00695979712097
30.067,cruise,60.42,91.00,138.8,60.42,91.00,138.5,50,152.00695979712097
30.092,cruise,60.44,90.99,139.7,60.43,91.00,139.4,50,152.00695979712097
30.118,cruise,60.44,91.00,140.1,60.43,91.01,139.9,50,152.00695979712097
30.143,cruise,60.44,91.00,137.6,60.44,91.01,138.2,50,152.00695979712097
30.168,cruise,60.43,91.00,139.0,60.43,91.00,138.8,50,152.00695979712097
30.197,cruise,60.43,91.00,138.4,60.43,91.00,138.5,50,152.00695979712097
30.223,cruise,60.44,90.98,138.9,60.44,90.98,138.8,50,152.00695979712097
30.249,cruise,60.43,91.01,137.1,60.43,91.01,137.5,50,152.00695979712097
30.276,cruise,60.43,91.00,139.7,60.43,91.00,139.2,50,152.00695979712097
30.303,cruise,60.43,91.01,138.4,60.43,91.01,138.6,50,152.00695979712097
30.328,cruise,60.42,91.00,138.8,60.42,91.00,138.7,50,152.00695979712097
30.354,cruise,60.43,91.01,137.7,60.43,91.01,138.0,50,152.00695979712097
30.380,cruise,60.44,91.00,138.1,60.44,91.00,138.1,50,152.00695979712097
30.405,cruise,60.45,90.99,139.4,60.45,91.00,139.1,50,152.00695979712097
30.430,cruise,60.43,90.99,138.4,60.42,90.99,138.6,50,152.00695979712097
30.456,cruise,60.44,91.00,139.1,60.44,91.00,139.0,50,152.00695979712097
30.482,cruise,60.41,91.02,138.6,60.41,91.02,138.7,50,152.00695979712097
30.507,cruise,60.41,91.02,138.3,60.41,91.02,138.4,50,152.00695979712097
30.534,cruise,60.43,91.00,139.0,60.43,91.00,138.9,50,152.00695979712097
30.559,cruise,60.43,91.00,137.8,60.43,91.01,138.0,50,152.00695979712097
30.585,cruise,60.44,91.01,137.5,60.44,91.01,137.6,50,152.00695979712097
30.611,cruise,60.44,91.00,138.4,60.44,91.00,138.3,50,152.00695979712097
30.637,cruise,60.44,91.01,138.7,60.44,91.01,138.6,50,152.00695979712097
30.662,cruise,60.42,91.01,139.0,60.42,91.01,138.9,50,152.00695979712097
30.688,cruise,60.43,91.00,137.2,60.43,91.00,137.6,50,152.00695979712097
30.714,cruise,60.44,91.02,138.4,60.44,91.02,138.2,50,152.00695979712097
30.739,cruise,60.44,91.01,138.6,60.44,91.01,138.5,50,152.00695979712097
30.766,cruise,60.44,91.00,138.3,60.44,91.00,138.3,50,152.00695979712097
30.792,cruise,60.46,90.99,138.5,60.46,91.00,138.5,50,152.00695979712097
30.818,cruise,60.45,91.00,138.1,60.45,91.00,138.2,50,152.00695979712097
30.844,cruise,60.43,90.99,139.2,60.42,90.99,139.0,50,152.00695979712097
30.869,cruise,60.42,91.00,137.4,60.42,91.00,137.7,50,152.00695979712097
30.895,cruise,60.43,91.00,138.6,60.43,91.00,138.4,50,152.00695979712097
30.921,cruise,60.42,91.00,138.4,60.42,91.00,138.4,50,152.00695979712097
30.946,cruise,60.43,91.02,138.4,60.43,91.02,138.4,50,152.00695979712097
30.973,cruise,60.45,91.00,137.8,60.45,91.00,137.9,50,152.00695979712097
30.998,cruise,60.43,90.99,138.4,60.43,90.99,138.3,50,152.00695979712097
31.025,cruise,60.44,91.00,138.4,60.44,91.00,138.4,50,152.00695979712097
31.051,cruise,60.44,90.99,138.4,60.44,90.99,138.4,50,152.00695979712097
31.077,cruise,60.43,91.00,137.1,60.43,91.00,137.4,50,152.00695979712097
31.102,cruise,60.42,90.99,139.2,60.42,90.99,138.8,50,152.00695979712097
31.128,cruise,60.44,90.99,137.1,60.44,91.00,137.5,50,152.00695979712097
31.154,cruise,60.42,91.00,138.2,60.42,91.00,138.0,50,152.00695979712097
31.179,cruise,60.43,91.01,138.2,60.43,91.01,138.2,50,152.00695979712097
31.206,cruise,60.43,91.01,138.9,60.43,91.01,138.8,50,152.00695979712097
31.231,cruise,60.45,91.01,138.9,60.45,91.01,138.8,50,152.00695979712097
31.257,cruise,60.44,91.01,139.0,60.44,91.01,139.0,50,152.00695979712097
31.283,cruise,60.42,91.01,139.0,60.42,91.01,139.0,50,152.00695979712097
31.309,cruise,60.43,91.00,139.2,60.42,91.00,139.1,50,152.00695979712097
31.335,cruise,60.41,91.01,137.1,60.41,91.01,137.5,50,152.00695979712097
31.361,cruise,60.44,91.00,139.0,60.44,91.01,138.7,50,152.00695979712097
31.387,cruise,60.43,91.00,136.7,60.43,91.00,137.1,50,152.00695979712097
31.412,cruise,60.44,90.99,140.1,60.44,90.99,139.4,50,152.00695979712097
31.438,cruise,60.44,91.00,137.2,60.43,91.00,137.7,50,152.00695979712097
31.463,cruise,60.43,91.00,136.4,60.43,91.01,136.7,50,152.00695979712097
31.489,cruise,60.43,91.02,138.8,60.43,91.03,138.3,50,152.00695979712097
31.514,cruise,60.43,91.00,138.3,60.43,91.00,138.3,50,152.00695979712097
31.540,cruise,60.45,91.00,139.2,60.45,91.00,139.0,50,152.00695979712097
31.566,cruise,60.43,91.01,139.6,60.42,91.01,139.5,50,152.00695979712097
31.591,cruise,60.43,91.01,137.2,60.43,91.01,137.7,50,152.00695979712097
31.617,cruise,60.44,91.00,137.1,60.44,91.00,137.3,50,152.00695979712097
31.644,cruise,60.43,91.00,138.4,60.43,91.00,138.1,50,152.00695979712097
31.669,cruise,60.43,91.01,138.5,60.43,91.01,138.4,50,152.00695979712097
31.694,cruise,60.44,91.00,139.0,60.44,91.00,138.9,50,152.00695979712097
31.720,cruise,60.43,91.01,137.1,60.43,91.01,137.5,50,152.00695979712097
31.745,cruise,60.43,91.02,138.4,60.43,91.02,138.2,50,152.00695979712097
31.772,cruise,60.44,90.99,138.4,60.44,90.99,138.3,50,152.00695979712097
31.798,cruise,60.44,91.00,139.0,60.44,91.00,138.9,50,152.00695979712097
31.824,cruise,60.42,90.99,137.4,60.42,90.99,137.7,50,152.00695979712097
31.850,cruise,60.42,90.98,137.5,60.42,90.99,137.6,50,152.00695979712097
31.875,cruise,60.43,91.00,138.5,60.43,91.00,138.3,50,152.00695979712097
31.900,cruise,60.43,91.01,138.8,60.43,91.01,138.7,50,152.00695979712097
31.926,cruise,60.44,91.01,138.6,60.44,91.01,138.6,50,152.00695979712097
31.952,cruise,60.43,90.99,139.0,60.43,90.99,138.9,50,152.00695979712097
31.978,cruise,60.44,91.00,137.4,60.44,91.00,137.7,50,152.00695979712097
32.003,cruise,60.43,91.02,137.0,60.43,91.02,137.2,50,152.00695979712097
32.028,cruise,60.43,91.01,138.7,60.43,91.02,138.3,50,152.00695979712097
32.054,cruise,60.44,91.02,138.1,60.44,91.02,138.2,50,152.00695979712097
32.079,cruise,60.43,91.01,136.9,60.42,91.01,137.2,50,152.00695979712097
32.104,cruise,60.43,91.00,137.0,60.43,91.01,137.0,50,152.00695979712097
32.130,cruise,60.43,91.00,137.7,60.43,91.00,137.5,50,152.00695979712097
32.156,cruise,60.43,91.01,138.5,60.43,91.01,138.3,50,152.00695979712097
32.181,cruise,60.44,91.01,138.2,60.43,91.01,138.2,50,152.00695979712097
32.209,cruise,60.42,91.02,139.3,60.42,91.02,139.1,50,152.00695979712097
32.235,cruise,60.44,91.01,138.0,60.44,91.01,138.2,50,152.00695979712097
32.260,cruise,60.43,91.01,137.8,60.43,91.01,137.9,50,152.00695979712097
32.286,cruise,60.43,90.99,138.3,60.43,91.00,138.2,50,152.00695979712097
32.312,cruise,60.43,91.01,137.6,60.43,91.01,137.7,50,152.00695979712097
32.337,cruise,60.43,90.99,137.6,60.43,91.00,137.7,50,152.00695979712097
32.363,cruise,60.44,91.01,137.7,60.44,91.01,137.7,50,152.00695979712097
32.389,cruise,60.43,91.00,138.7,60.43,91.00,138.4,50,152.00695979712097
32.414,cruise,60.43,91.00,138.1,60.42,91.00,138.2,50,152.00695979712097
32.439,cruise,60.44,91.01,139.3,60.44,91.01,139.0,50,152.00695979712097
32.465,cruise,60.45,91.01,138.1,60.45,91.01,138.3,50,152.00695979712097
32.491,cruise,60.43,91.00,137.0,60.43,91.00,137.3,50,152.00695979712097
32.516,cruise,60.44,91.00,139.2,60.44,91.00,138.8,50,152.00695979712097
32.543,cruise,60.43,91.00,138.3,60.43,91.00,138.4,50,152.00695979712097
32.568,cruise,60.42,91.01,138.7,60.42,91.02,138.6,50,152.00695979712097
32.594,cruise,60.44,90.99,140.4,60.44,90.99,140.0,50,152.00695979712097
32.620,cruise,60.44,91.01,136.8,60.43,91.01,137.5,50,152.00695979712097
32.646,cruise,60.42,91.02,136.8,60.42,91.02,137.0,50,152.00695979712097
32.671,cruise,60.44,91.01,137.9,60.44,91.01,137.7,50,152.00695979712097
32.697,cruise,60.44,91.00,139.2,60.44,91.00,138.8,50,152.00695979712097
32.722,cruise,60.41,90.99,137.6,60.41,90.99,137.9,50,152.00695979712097
32.748,cruise,60.43,90.98,139.1,60.43,90.98,138.8,50,152.00695979712097
32.775,cruise,60.43,91.00,138.1,60.43,91.00,138.2,50,152.00695979712097
32.801,cruise,60.43,90.99,139.4,60.43,90.99,139.1,50,152.00695979712097
32.826,cruise,60.43,91.00,138.7,60.43,91.00,138.8,50,152.00695979712097
32.853,cruise,60.45,91.00,138.3,60.45,91.01,138.4,50,152.00695979712097
32.878,cruise,60.43,90.99,136.7,60.43,91.00,137.1,50,152.00695979712097
32.904,cruise,60.46,91.00,138.3,60.46,91.00,138.0,50,152.00695979712097
32.930,cruise,60.43,90.99,138.3,60.42,91.00,138.2,50,152.00695979712097
32.955,cruise,60.44,91.01,137.9,60.44,91.01,138.0,50,152.00695979712097
32.981,cruise,60.43,91.02,138.3,60.42,91.02,138.3,50,152.00695979712097
33.006,cruise,60.44,91.00,138.1,60.44,91.00,138.1,50,152.00695979712097
33.032,cruise,60.43,90.99,137.4,60.43,91.00,137.6,50,152.00695979712097
33.058,cruise,60.43,91.01,137.8,60.43,91.01,137.8,50,152.00695979712097
33.084,cruise,60.44,90.99,139.7,60.44,90.99,139.3,50,152.00695979712097
33.109,cruise,60.42,91.01,138.8,60.42,91.01,138.9,50,152.00695979712097
33.134,cruise,60.43,91.00,138.6,60.43,91.00,138.6,50,152.00695979712097
33.159,cruise,60.45,91.01,137.4,60.44,91.01,137.7,50,152.00695979712097
33.185,cruise,60.43,91.01,137.8,60.43,91.01,137.8,50,152.00695979712097
33.211,cruise,60.44,91.00,138.7,60.43,91.00,138.5,50,152.00695979712097
33.237,cruise,60.42,91.01,137.0,60.42,91.01,137.3,50,152.00695979712097
33.262,cruise,60.44,91.00,138.0,60.44,91.00,137.8,50,152.00695979712097
33.288,cruise,60.43,91.01,138.1,60.43,91.01,138.0,50,152.00695979712097
33.313,cruise,60.42,91.02,137.4,60.41,91.02,137.5,50,152.00695979712097
33.339,cruise,60.43,91.00,138.5,60.43,91.00,138.3,50,152.00695979712097
33.366,cruise,60.44,91.01,137.2,60.44,91.01,137.4,50,152.00695979712097
33.391,cruise,60.42,91.01,137.6,60.42,91.02,137.6,50,152.00695979712097
33.417,cruise,60.44,91.01,138.6,60.44,91.01,138.4,50,152.00695979712097
33.443,cruise,60.44,91.00,137.9,60.44,91.00,138.0,50,152.00695979712097
33.470,cruise,60.43,91.02,138.5,60.43,91.02,138.4,50,152.00695979712097
33.496,cruise,60.44,91.02,139.6,60.44,91.02,139.3,50,152.00695979712097
33.522,cruise,60.43,91.00,138.3,60.43,91.00,138.6,50,152.00695979712097
33.548,cruise,60.42,91.01,138.5,60.42,91.01,138.5,50,152.00695979712097
33.574,cruise,60.45,91.02,138.6,60.45,91.02,138.6,50,152.00695979712097
33.599,cruise,60.43,90.99,137.3,60.43,90.99,137.6,50,152.00695979712097
33.625,cruise,60.43,91.01,138.0,60.43,91.01,137.9,50,152.00695979712097
33.651,cruise,60.43,91.01,137.4,60.43,91.01,137.5,50,152.00695979712097
33.676,cruise,60.43,91.01,137.3,60.43,91.01,137.4,50,152.00695979712097
33.702,cruise,60.44,91.02,137.4,60.43,91.02,137.4,50,152.00695979712097
33.728,cruise,60.44,91.00,138.6,60.43,91.01,138.4,50,152.00695979712097
33.754,cruise,60.45,91.00,137.5,60.45,91.00,137.7,50,152.00695979712097
33.779,cruise,60.44,91.01,138.9,60.44,91.01,138.6,50,152.00695979712097
33.804,cruise,60.43,91.00,138.5,60.43,91.01,138.5,50,152.00695979712097
33.830,cruise,60.43,91.01,138.7,60.42,91.01,138.6,50,152.00695979712097
33.855,cruise,60.44,91.00,138.3,60.43,91.01,138.4,50,152.00695979712097
33.881,cruise,60.41,91.02,137.8,60.40,91.03,138.0,50,152.00695979712097
33.906,cruise,60.41,91.01,139.2,60.41,91.01,138.9,50,152.00695979712097
33.932,cruise,60.42,91.00,138.1,60.42,91.00,138.3,50,152.00695979712097
33.957,cruise,60.44,91.00,138.5,60.44,91.00,138.4,50,152.00695979712097
33.983,cruise,60.44,91.00,138.6,60.44,91.00,138.6,50,152.00695979712097
34.007,cruise,60.43,91.01,138.1,60.42,91.01,138.2,50,152.00695979712097
34.033,cruise,60.44,91.01,138.4,60.44,91.01,138.4,50,152.00695979712097
34.059,cruise,60.44,90.99,138.1,60.44,90.99,138.2,50,152.00695979712097
34.084,cruise,60.43,91.00,138.4,60.43,91.00,138.3,50,152.00695979712097
34.112,cruise,60.46,91.00,138.7,60.45,91.00,138.6,50,152.00695979712097
34.138,cruise,60.42,91.01,138.6,60.42,91.01,138.6,50,152.00695979712097
34.163,cruise,60.43,91.01,138.3,60.43,91.01,138.4,50,152.00695979712097
34.190,cruise,60.44,91.02,138.1,60.44,91.02,138.2,50,152.00695979712097
34.216,cruise,60.45,91.00,137.8,60.45,91.00,137.9,50,152.00695979712097
34.242,cruise,60.41,91.01,137.8,60.41,91.01,137.8,50,152.00695979712097
34.267,cruise,60.44,90.99,138.3,60.44,90.99,138.2,50,152.00695979712097
34.293,cruise,60.44,91.01,136.2,60.44,91.02,136.7,50,152.00695979712097
34.319,cruise,60.43,90.99,138.2,60.43,90.99,137.9,50,152.00695979712097
34.344,cruise,60.45,91.01,137.6,60.44,91.01,137.7,50,152.00695979712097
34.369,cruise,60.43,91.00,138.5,60.43,91.00,138.3,50,152.00695979712097
34.395,cruise,60.43,91.00,138.4,60.43,91.00,138.4,50,152.00695979712097
34.421,cruise,60.44,91.00,137.8,60.44,91.00,137.9,50,152.00695979712097
34.447,cruise,60.43,91.01,139.0,60.43,91.01,138.8,50,152.00695979712097
34.473,cruise,60.42,91.01,137.6,60.42,91.01,137.9,50,152.00695979712097
34.498,cruise,60.43,91.00,139.5,60.43,91.00,139.1,50,152.00695979712097
34.523,cruise,60.43,91.00,136.6,60.43,91.00,137.2,50,152.00695979712097
34.549,cruise,60.44,91.00,137.6,60.43,91.00,137.5,50,152.00695979712097
34.575,cruise,60.44,91.00,138.4,60.44,91.00,138.2,50,152.00695979712097
34.600,cruise,60.44,91.00,138.2,60.44,91.00,138.2,50,152.00695979712097
34.626,cruise,60.42,91.00,137.2,60.42,91.00,137.4,50,152.00695979712097
34.651,cruise,60.43,91.01,137.8,60.43,91.01,137.7,50,152.00695979712097
34.678,cruise,60.44,91.00,137.2,60.44,91.00,137.4,50,152.00695979712097
34.704,cruise,60.43,91.01,138.3,60.43,91.01,138.1,50,152.00695979712097
34.729,cruise,60.45,90.97,,60.45,90.97,138.1,50,152.00695979712097
34.754,cruise,60.45,90.97,,60.45,90.97,138.1,50,152.00695979712097
34.780,cruise,60.47,90.96,,60.47,90.96,138.1,50,152.00695979712097
34.806,cruise,60.48,90.97,,60.47,90.97,138.1,50,152.00695979712097
34.831,cruise,60.48,90.96,,60.48,90.96,138.1,50,152.00695979712097
34.857,cruise,60.48,90.94,,60.48,90.94,138.1,50,152.00695979712097
34.882,cruise,60.47,90.96,,60.47,90.97,138.1,50,152.00695979712097
34.908,cruise,60.46,90.95,,60.46,90.95,138.1,50,152.00695979712097
34.933,cruise,60.47,90.96,,60.46,90.96,138.1,50,152.00695979712097
34.958,cruise,60.48,90.97,,60.48,90.97,138.1,50,152.00695979712097
34.984,cruise,60.46,90.96,,60.46,90.96,138.1,50,152.00695979712097
35.010,cruise,60.45,90.96,,60.45,90.96,138.1,50,152.00695979712097
35.035,cruise,60.46,90.95,,60.46,90.95,138.1,50,152.00695979712097
35.061,cruise,60.48,90.95,,60.48,90.95,138.1,50,152.00695979712097
35.087,cruise,60.45,90.98,,60.45,90.98,138.1,50,152.00695979712097
35.112,cruise,60.47,90.97,,60.47,90.97,138.1,50,152.00695979712097
35.137,cruise,60.47,90.96,,60.47,90.96,138.1,50,152.00695979712097
35.163,cruise,60.47,90.96,,60.47,90.96,138.1,50,152.00695979712097
35.188,cruise,60.47,90.96,,60.46,90.96,138.1,50,152.00695979712097
35.215,cruise,60.47,90.97,,60.47,90.97,138.1,50,152.00695979712097
35.242,cruise,60.47,90.97,,60.47,90.97,138.1,50,152.00695979712097
35.267,cruise,60.47,90.96,,60.47,90.96,138.1,50,152.00695979712097
35.292,cruise,60.46,90.97,,60.46,90.97,138.1,50,152.00695979712097
35.318,cruise,60.47,90.97,,60.47,90.97,138.1,50,152.00695979712097
35.343,cruise,60.48,90.96,,60.48,90.96,138.1,50,152.00695979712097
35.369,cruise,60.47,90.96,,60.47,90.97,138.1,50,152.00695979712097
35.394,cruise,60.45,90.97,,60.45,90.97,138.1,50,152.00695979712097
35.420,cruise,60.48,90.97,,60.48,90.97,138.1,50,152.00695979712097
35.445,cruise,60.48,90.97,,60.47,90.97,138.1,50,152.00695979712097
35.471,cruise,60.45,90.97,,60.44,90.98,138.1,50,152.00695979712097
35.496,cruise,60.47,90.95,,60.47,90.95,138.1,50,152.00695979712097
35.522,cruise,60.45,90.97,,60.45,90.97,138.1,50,152.00695979712097
35.547,cruise,60.48,90.96,,60.48,90.96,138.1,50,152.00695979712097
35.573,cruise,60.47,90.97,,60.47,90.97,138.1,50,152.00695979712097
35.599,cruise,60.46,90.97,,60.46,90.97,138.1,50,152.00695979712097
35.624,cruise,60.47,90.96,,60.47,90.96,138.1,50,152.00695979712097
35.652,cruise,60.46,90.97,,60.46,90.97,138.1,50,152.00695979712097
35.679,cruise,60.48,90.96,,60.48,90.96,138.1,50,152.00695979712097
35.705,cruise,60.48,90.96,,60.48,90.96,138.1,50,152.00695979712097
35.730,cruise,60.46,90.96,,60.46,90.97,138.1,50,152.00695979712097
35.757,cruise,60.47,90.97,,60.47,90.97,138.1,50,152.00695979712097
35.782,cruise,60.48,90.96,,60.48,90.96,138.1,50,152.00695979712097
35.807,cruise,60.47,90.96,,60.47,90.96,138.1,50,152.00695979712097
35.833,cruise,60.47,90.96,,60.46,90.96,138.1,50,152.00695979712097
35.858,cruise,60.47,90.96,,60.47,90.96,138.1,50,152.00695979712097
35.885,cruise,60.47,90.96,,60.47,90.96,138.1,50,152.00695979712097
35.910,cruise,60.46,90.97,,60.46,90.97,138.1,50,152.00695979712097
35.935,cruise,60.48,90.96,,60.48,90.96,138.1,50,152.00695979712097
35.961,cruise,60.45,90.97,,60.45,90.97,138.1,50,152.00695979712097
35.986,cruise,60.47,90.97,,60.47,90.97,138.1,50,152.00695979712097
36.013,cruise,60.47,90.96,,60.47,90.96,138.1,50,152.00695979712097
36.038,cruise,60.48,90.95,,60.48,90.95,138.1,50,152.00695979712097
36.064,cruise,60.47,90.97,,60.47,90.97,138.1,50,152.00695979712097
36.090,cruise,60.45,90.96,,60.45,90.96,138.1,50,152.00695979712097
36.115,cruise,60.47,90.95,,60.47,90.95,138.1,50,152.00695979712097
36.141,cruise,60.47,90.95,,60.47,90.96,138.1,50,152.00695979712097
36.166,cruise,60.48,90.96,,60.47,90.96,138.1,50,152.00695979712097
36.192,cruise,60.47,90.98,,60.47,90.98,138.1,50,152.00695979712097
36.217,cruise,60.48,90.96,,60.48,90.96,138.1,50,152.00695979712097
36.243,cruise,60.47,90.97,,60.46,90.97,138.1,50,152.00695979712097
36.269,cruise,60.47,90.95,,60.46,90.95,138.1,50,152.00695979712097
36.294,cruise,60.48,90.95,,60.48,90.95,138.1,50,152.00695979712097
36.320,cruise,60.47,90.97,,60.46,90.97,138.1,50,152.00695979712097
36.345,cruise,60.47,90.97,,60.47,90.97,138.1,50,152.00695979712097
36.371,cruise,60.47,90.96,,60.47,90.96,138.1,50,152.00695979712097
36.396,cruise,60.47,90.95,,60.47,90.95,138.1,50,152.00695979712097
36.422,cruise,60.45,90.95,,60.45,90.95,138.1,50,152.00695979712097
36.447,cruise,60.46,90.95,,60.46,90.95,138.1,50,152.00695979712097
36.473,cruise,60.48,90.95,,60.48,90.95,138.1,50,152.00695979712097
36.498,cruise,60.47,90.95,,60.47,90.95,138.1,50,152.00695979712097
36.524,cruise,60.48,90.96,,60.48,90.96,138.1,50,152.00695979712097
36.550,cruise,60.46,90.97,,60.46,90.97,138.1,50,152.00695979712097
36.577,cruise,60.47,90.96,,60.47,90.97,138.1,50,152.00695979712097
36.603,cruise,60.46,90.96,,60.46,90.96,138.1,50,152.00695979712097
36.628,cruise,60.46,90.97,,60.46,90.97,138.1,50,152.00695979712097
36.654,cruise,60.46,90.98,,60.46,90.98,138.1,50,152.00695979712097
36.680,cruise,60.48,90.96,,60.48,90.96,138.1,50,152.00695979712097
36.705,cruise,60.47,90.96,,60.47,90.96,138.1,50,152.00695979712097
36.731,cruise,60.47,90.96,,60.46,90.97,138.1,50,152.00695979712097
36.756,cruise,60.48,90.95,,60.48,90.95,138.1,50,152.00695979712097
36.782,cruise,60.47,90.97,,60.47,90.97,138.1,50,152.00695979712097
36.807,cruise,60.47,90.97,,60.47,90.98,138.1,50,152.00695979712097
36.832,cruise,60.46,90.97,,60.46,90.97,138.1,50,152.00695979712097
36.858,cruise,60.45,90.96,,60.45,90.96,138.1,50,152.00695979712097
36.884,cruise,60.46,90.96,,60.46,90.96,138.1,50,152.00695979712097
36.910,cruise,60.48,90.96,,60.48,90.96,138.1,50,152.00695979712097
36.935,cruise,60.48,90.95,,60.48,90.95,138.1,50,152.00695979712097
36.961,cruise,60.47,90.97,,60.47,90.97,138.1,50,152.00695979712097
36.986,cruise,60.46,90.96,,60.46,90.96,138.1,50,152.00695979712097
37.012,cruise,60.46,90.97,,60.46,90.97,138.1,50,152.00695979712097
37.038,cruise,60.47,90.95,,60.47,90.95,138.1,50,152.00695979712097
37.063,cruise,60.48,90.95,,60.48,90.95,138.1,50,152.00695979712097
37.089,cruise,60.47,90.97,,60.47,90.97,138.1,50,152.00695979712097
37.115,cruise,60.47,90.96,,60.47,90.97,138.1,50,152.00695979712097
37.141,cruise,60.47,90.96,,60.47,90.96,138.1,50,152.00695979712097
37.167,cruise,60.46,90.94,,60.46,90.94,138.1,50,152.00695979712097
37.193,cruise,60.48,90.96,,60.48,90.96,138.1,50,152.00695979712097
37.217,cruise,60.46,90.97,,60.46,90.97,138.1,50,152.00695979712097
37.244,cruise,60.46,90.94,,60.46,90.94,138.1,50,152.00695979712097
37.269,cruise,60.45,90.96,,60.45,90.96,138.1,50,152.00695979712097
37.295,cruise,60.46,90.98,,60.46,90.98,138.1,50,152.00695979712097
37.320,cruise,60.48,90.96,,60.48,90.96,138.1,50,152.00695979712097
37.346,cruise,60.48,90.97,,60.47,90.97,138.1,50,152.00695979712097
37.371,cruise,60.49,90.96,,60.48,90.96,138.1,50,152.00695979712097
37.397,cruise,60.46,90.96,,60.46,90.96,138.1,50,152.00695979712097
37.422,cruise,60.49,90.96,,60.49,90.96,138.1,50,152.00695979712097
37.448,cruise,60.46,90.96,,60.46,90.96,138.1,50,152.00695979712097
37.475,cruise,60.47,90.95,,60.47,90.95,138.1,50,152.00695979712097
37.501,cruise,60.49,90.95,,60.49,90.95,138.1,50,152.00695979712097
37.527,cruise,60.48,90.96,,60.48,90.96,138.1,50,152.00695979712097
37.552,cruise,60.46,90.96,,60.46,90.96,138.1,50,152.00695979712097
37.578,cruise,60.48,90.96,,60.48,90.96,138.1,50,152.00695979712097
37.603,cruise,60.48,90.96,,60.48,90.96,138.1,50,152.00695979712097
37.629,cruise,60.46,90.98,,60.46,90.98,138.1,50,152.00695979712097
37.654,cruise,60.47,90.95,,60.47,90.96,138.1,50,152.00695979712097
37.679,cruise,60.47,90.96,,60.47,90.96,138.1,50,152.00695979712097
37.705,cruise,60.46,90.97,,60.46,90.97,138.1,50,152.00695979712097
37.730,cruise,60.47,90.98,,60.47,90.98,138.1,50,152.00695979712097
37.756,cruise,60.48,90.95,,60.48,90.95,138.1,50,152.00695979712097
37.782,cruise,60.47,90.96,,60.47,90.96,138.1,50,152.00695979712097
37.807,cruise,60.47,90.96,,60.47,90.96,138.1,50,152.00695979712097
37.833,cruise,60.47,90.96,,60.47,90.97,138.1,50,152.00695979712097
37.858,cruise,60.47,90.95,,60.47,90.95,138.1,50,152.00695979712097
37.884,cruise,60.47,90.97,,60.47,90.97,138.1,50,152.00695979712097
37.910,cruise,60.47,90.96,,60.47,90.96,138.1,50,152.00695979712097
37.935,cruise,60.48,90.98,,60.48,90.98,138.1,50,152.00695979712097
37.961,cruise,60.47,90.96,,60.47,90.96,138.1,50,152.00695979712097
37.986,cruise,60.48,90.97,,60.48,90.97,138.1,50,152.00695979712097
38.012,cruise,60.46,90.96,,60.46,90.96,138.1,50,152.00695979712097
38.038,cruise,60.46,90.96,,60.46,90.96,138.1,50,152.00695979712097
38.063,cruise,60.45,90.97,,60.45,90.98,138.1,50,152.00695979712097
38.089,cruise,60.47,90.98,,60.47,90.99,138.1,50,152.00695979712097
38.114,cruise,60.47,90.97,,60.47,90.98,138.1,50,152.00695979712097
38.140,cruise,60.47,90.96,,60.47,90.96,138.1,50,152.00695979712097
38.165,cruise,60.48,90.97,,60.48,90.97,138.1,50,152.00695979712097
38.191,cruise,60.46,90.98,,60.46,90.98,138.1,50,152.00695979712097
38.217,cruise,60.46,90.97,,60.46,90.97,138.1,50,152.00695979712097
38.242,cruise,60.46,90.96,,60.46,90.96,138.1,50,152.00695979712097
38.268,cruise,60.48,90.96,,60.48,90.96,138.1,50,152.00695979712097
38.293,cruise,60.47,90.96,,60.47,90.96,138.1,50,152.00695979712097
38.320,cruise,60.45,90.96,,60.45,90.96,138.1,50,152.00695979712097
38.345,cruise,60.47,90.95,,60.47,90.95,138.1,50,152.00695979712097
38.371,cruise,60.45,90.96,,60.45,90.96,138.1,50,152.00695979712097
38.397,cruise,60.46,90.95,,60.46,90.95,138.1,50,152.00695979712097
38.422,cruise,60.49,90.96,,60.49,90.96,138.1,50,152.00695979712097
38.448,cruise,60.47,90.95,,60.47,90.96,138.1,50,152.00695979712097
38.474,cruise,60.46,90.98,,60.46,90.98,138.1,50,152.00695979712097
38.499,cruise,60.46,90.98,,60.45,90.98,138.1,50,152.00695979712097
38.525,cruise,60.46,90.98,,60.46,90.98,138.1,50,152.00695979712097
38.550,cruise,60.46,90.95,,60.46,90.95,138.1,50,152.00695979712097
38.576,cruise,60.46,90.97,,60.46,90.97,138.1,50,152.00695979712097
38.601,cruise,60.48,90.97,,60.47,90.97,138.1,50,152.00695979712097
38.627,cruise,60.48,90.95,,60.47,90.95,138.1,50,152.00695979712097
38.653,cruise,60.46,90.96,,60.46,90.96,138.1,50,152.00695979712097
38.678,cruise,60.46,90.98,,60.46,90.98,138.1,50,152.00695979712097
38.705,cruise,60.47,90.96,,60.47,90.96,138.1,50,152.00695979712097
38.730,cruise,60.45,90.96,,60.45,90.96,138.1,50,152.00695979712097
38.756,cruise,60.47,90.97,,60.47,90.97,138.1,50,152.00695979712097
38.781,cruise,60.45,90.97,,60.45,90.97,138.1,50,152.00695979712097
38.806,cruise,60.47,90.96,,60.47,90.96,138.1,50,152.00695979712097
38.831,cruise,60.47,90.98,,60.47,90.98,138.1,50,152.00695979712097
38.857,cruise,60.47,90.97,,60.47,90.97,138.1,50,152.00695979712097
38.883,cruise,60.44,90.97,,60.43,90.97,138.1,50,152.00695979712097
38.908,cruise,60.47,90.97,,60.46,90.97,138.1,50,152.00695979712097
38.935,cruise,60.46,90.97,,60.46,90.97,138.1,50,152.00695979712097
38.961,cruise,60.46,90.96,,60.46,90.96,138.1,50,152.00695979712097
38.986,cruise,60.48,90.97,,60.48,90.97,138.1,50,152.00695979712097
39.012,cruise,60.48,90.96,,60.47,90.96,138.1,50,152.00695979712097
39.037,cruise,60.47,90.97,,60.47,90.97,138.1,50,152.00695979712097
39.063,cruise,60.48,90.97,,60.48,90.97,138.1,50,152.00695979712097
39.088,cruise,60.45,90.97,,60.45,90.97,138.1,50,152.00695979712097
39.114,cruise,60.45,90.97,,60.45,90.97,138.1,50,152.00695979712097
39.139,cruise,60.46,90.96,,60.46,90.96,138.1,50,152.00695979712097
39.166,cruise,60.47,90.96,,60.47,90.96,138.1,50,152.00695979712097
39.191,cruise,60.48,90.97,,60.47,90.97,138.1,50,152.00695979712097
39.218,cruise,60.48,90.98,,60.47,90.98,138.1,50,152.00695979712097
39.243,cruise,60.47,90.96,,60.47,90.96,138.1,50,152.00695979712097
39.269,cruise,60.47,90.96,,60.47,90.96,138.1,50,152.00695979712097
39.296,cruise,60.48,90.96,,60.47,90.97,138.1,50,152.00695979712097
39.321,cruise,60.46,90.96,,60.46,90.96,138.1,50,152.00695979712097
39.347,cruise,60.45,90.97,,60.45,90.97,138.1,50,152.00695979712097
39.372,cruise,60.48,90.96,,60.48,90.96,138.1,50,152.00695979712097
39.397,cruise,60.46,90.96,,60.46,90.96,138.1,50,152.00695979712097
39.423,cruise,60.47,90.98,,60.47,90.98,138.1,50,152.00695979712097
39.449,cruise,60.47,90.97,,60.47,90.97,138.1,50,152.00695979712097
39.474,cruise,60.47,90.96,,60.46,90.96,138.1,50,152.00695979712097
39.501,cruise,60.46,90.99,,60.46,90.99,138.1,50,152.00695979712097
39.526,cruise,60.46,90.96,,60.46,90.96,138.1,50,152.00695979712097
39.551,cruise,60.46,90.95,,60.46,90.95,138.1,50,152.00695979712097
39.577,cruise,60.47,90.97,,60.47,90.97,138.1,50,152.00695979712097
39.603,cruise,60.46,90.97,,60.46,90.97,138.1,50,152.00695979712097
39.628,cruise,60.48,90.95,,60.48,90.95,138.1,50,152.00695979712097
39.654,cruise,60.46,90.98,,60.46,90.98,138.1,50,152.00695979712097
39.679,cruise,60.47,90.96,,60.47,90.96,138.1,50,152.00695979712097
39.705,cruise,60.47,90.95,,60.47,90.96,138.1,50,152.00695979712097
39.730,cruise,60.48,90.98,,60.47,90.98,138.1,50,152.00695979712097
39.756,cruise,60.47,90.97,,60.47,90.98,138.1,50,152.00695979712097
39.782,cruise,60.47,90.97,,60.47,90.97,138.1,50,152.00695979712097
39.807,cruise,60.48,90.96,,60.48,90.96,138.1,50,152.00695979712097
39.833,cruise,60.47,90.96,,60.47,90.96,138.1,50,152.00695979712097
39.858,cruise,60.47,90.98,,60.46,90.98,138.1,50,152.00695979712097
39.884,cruise,60.48,90.97,,60.48,90.97,138.1,50,152.00695979712097
39.910,cruise,60.47,90.97,,60.46,90.97,138.1,50,152.00695979712097
39.936,cruise,60.48,90.97,,60.48,90.97,138.1,50,152.00695979712097
39.962,cruise,60.47,90.96,,60.46,90.96,138.1,50,152.00695979712097
39.987,cruise,60.48,90.96,,60.48,90.97,138.1,50,152.00695979712097
40.013,cruise,60.45,90.97,,60.45,90.97,138.1,50,152.00695979712097
40.039,cruise,60.47,90.95,,60.47,90.95,138.1,50,152.00695979712097
40.065,cruise,60.47,90.97,,60.47,90.97,138.1,50,152.00695979712097
40.090,cruise,60.48,90.97,,60.47,90.97,138.1,50,152.00695979712097
40.116,cruise,60.46,90.98,,60.46,90.98,138.1,50,152.00695979712097
40.143,cruise,60.47,90.97,,60.47,90.97,138.1,50,152.00695979712097
40.168,cruise,60.46,90.97,,60.45,90.97,138.1,50,152.00695979712097
40.193,cruise,60.45,90.98,,60.45,90.98,138.1,50,152.00695979712097
40.218,cruise,60.47,90.96,,60.47,90.96,138.1,50,152.00695979712097
40.244,cruise,60.47,90.96,,60.47,90.96,138.1,50,152.00695979712097
40.269,cruise,60.47,90.96,,60.47,90.96,138.1,50,152.00695979712097
40.295,cruise,60.47,90.95,,60.47,90.95,138.1,50,152.00695979712097
40.320,cruise,60.46,90.97,,60.46,90.97,138.1,50,152.00695979712097
40.346,cruise,60.46,90.96,,60.46,90.96,138.1,50,152.00695979712097
40.372,cruise,60.47,90.97,,60.47,90.97,138.1,50,152.00695979712097
40.397,cruise,60.48,90.94,,60.47,90.95,138.1,50,152.00695979712097
40.423,cruise,60.47,90.97,,60.47,90.97,138.1,50,152.00695979712097
40.449,cruise,60.45,90.97,,60.45,90.97,138.1,50,152.00695979712097
40.475,cruise,60.45,90.96,,60.45,90.96,138.1,50,152.00695979712097
40.500,cruise,60.47,90.97,,60.47,90.97,138.1,50,152.00695979712097
40.526,cruise,60.48,90.97,,60.48,90.97,138.1,50,152.00695979712097
40.552,cruise,60.48,90.96,,60.47,90.96,138.1,50,152.00695979712097
40.577,cruise,60.46,90.96,,60.46,90.97,138.1,50,152.00695979712097
40.604,cruise,60.48,90.97,,60.48,90.97,138.1,50,152.00695979712097
40.629,cruise,60.44,90.96,,60.44,90.96,138.1,50,152.00695979712097
40.655,cruise,60.48,90.96,,60.47,90.96,138.1,50,152.00695979712097
40.681,cruise,60.47,90.97,,60.47,90.97,138.1,50,152.00695979712097
40.706,cruise,60.46,90.97,,60.46,90.98,138.1,50,152.00695979712097
40.732,cruise,60.45,90.97,,60.45,90.97,138.1,50,152.00695979712097
40.757,cruise,60.46,90.97,,60.46,90.97,138.1,50,152.00695979712097
40.783,cruise,60.46,90.98,,60.46,90.98,138.1,50,152.00695979712097
40.808,cruise,60.47,90.96,,60.47,90.97,138.1,50,152.00695979712097
40.834,cruise,60.47,90.96,,60.47,90.96,138.1,50,152.00695979712097
40.859,cruise,60.48,90.96,,60.47,90.96,138.1,50,152.00695979712097
40.885,cruise,60.46,90.96,,60.46,90.96,138.1,50,152.00695979712097
40.911,cruise,60.47,90.97,,60.47,90.97,138.1,50,152.00695979712097
40.937,cruise,60.46,90.96,,60.46,90.96,138.1,50,152.00695979712097
40.963,cruise,60.47,90.97,,60.46,90.97,138.1,50,152.00695979712097
40.988,cruise,60.48,90.96,,60.48,90.96,138.1,50,152.00695979712097
41.014,cruise,60.47,90.95,,60.47,90.96,138.1,50,152.00695979712097
41.039,cruise,60.46,90.97,,60.46,90.97,138.1,50,152.00695979712097
41.064,cruise,60.48,90.97,,60.48,90.97,138.1,50,152.00695979712097
41.090,cruise,60.47,90.96,,60.47,90.96,138.1,50,152.00695979712097
41.116,cruise,60.45,90.95,,60.45,90.95,138.1,50,152.00695979712097
41.141,cruise,60.46,90.97,,60.46,90.97,138.1,50,152.00695979712097
41.167,cruise,60.46,90.97,,60.46,90.97,138.1,50,152.00695979712097
41.193,cruise,60.47,90.95,,60.47,90.95,138.1,50,152.00695979712097
41.218,cruise,60.44,90.95,,60.44,90.95,138.1,50,152.00695979712097
41.243,cruise,60.48,90.97,,60.48,90.97,138.1,50,152.00695979712097
41.269,cruise,60.46,90.96,,60.46,90.96,138.1,50,152.00695979712097
41.294,cruise,60.46,90.96,,60.46,90.96,138.1,50,152.00695979712097
41.320,cruise,60.47,90.95,,60.47,90.95,138.1,50,152.00695979712097
41.345,cruise,60.46,90.97,,60.46,90.97,138.1,50,152.00695979712097
41.371,cruise,60.47,90.97,,60.47,90.97,138.1,50,152.00695979712097
41.397,cruise,60.47,90.96,,60.47,90.96,138.1,50,152.00695979712097
41.423,cruise,60.45,90.98,,60.45,90.98,138.1,50,152.00695979712097
41.448,cruise,60.47,90.97,,60.47,90.97,138.1,50,152.00695979712097
41.474,cruise,60.47,90.94,,60.47,90.94,138.1,50,152.00695979712097
41.500,cruise,60.46,90.97,,60.46,90.97,138.1,50,152.00695979712097
41.525,cruise,60.47,90.94,,60.47,90.94,138.1,50,152.00695979712097
41.551,cruise,60.47,90.97,,60.46,90.97,138.1,50,152.00695979712097
41.576,cruise,60.46,90.95,,60.46,90.96,138.1,50,152.00695979712097
41.602,cruise,60.47,90.98,,60.46,90.98,138.1,50,152.00695979712097
41.628,cruise,60.47,90.97,,60.47,90.97,138.1,50,152.00695979712097
41.654,cruise,60.47,90.95,,60.47,90.95,138.1,50,152.00695979712097
41.680,cruise,60.47,90.97,,60.47,90.97,138.1,50,152.00695979712097
41.706,cruise,60.47,90.96,,60.47,90.96,138.1,50,152.00695979712097
41.732,cruise,60.46,90.96,,60.46,90.96,138.1,50,152.00695979712097
41.757,cruise,60.46,90.96,,60.46,90.96,138.1,50,152.00695979712097
41.783,cruise,60.46,90.96,,60.46,90.96,138.1,50,152.00695979712097
41.808,cruise,60.47,90.96,,60.47,90.96,138.1,50,152.00695979712097
41.833,cruise,60.48,90.97,,60.48,90.97,138.1,50,152.00695979712097
41.858,cruise,60.46,90.96,,60.46,90.96,138.1,50,152.00695979712097
41.884,cruise,60.48,90.96,,60.48,90.96,138.1,50,152.00695979712097
41.909,cruise,60.47,90.95,,60.47,90.95,138.1,50,152.00695979712097
41.935,cruise,60.46,90.94,,60.46,90.94,138.1,50,152.00695979712097
41.961,cruise,60.47,90.96,,60.47,90.96,138.1,50,152.00695979712097
41.986,cruise,60.47,90.96,,60.47,90.96,138.1,50,152.00695979712097
42.012,cruise,60.47,90.96,,60.47,90.96,138.1,50,152.00695979712097
42.038,cruise,60.47,90.96,,60.47,90.96,138.1,50,152.00695979712097
42.064,cruise,60.47,90.96,,60.47,90.96,138.1,50,152.00695979712097
42.090,cruise,60.46,90.96,,60.46,90.96,138.1,50,152.00695979712097
42.115,cruise,60.47,90.96,,60.47,90.96,138.1,50,152.00695979712097
42.141,cruise,60.47,90.95,,60.47,90.96,138.1,50,152.00695979712097
42.167,cruise,60.46,90.97,,60.46,90.97,138.1,50,152.00695979712097
42.193,cruise,60.46,90.97,,60.46,90.97,138.1,50,152.00695979712097
42.218,cruise,60.48,90.96,,60.48,90.97,138.1,50,152.00695979712097
42.243,cruise,60.47,90.98,,60.47,90.98,138.1,50,152.00695979712097
42.269,cruise,60.47,90.97,,60.47,90.97,138.1,50,152.00695979712097
42.295,cruise,60.47,90.94,,60.46,90.95,138.1,50,152.00695979712097
42.321,cruise,60.46,90.96,,60.46,90.96,138.1,50,152.00695979712097
42.346,cruise,60.48,90.96,,60.48,90.96,138.1,50,152.00695979712097
42.372,cruise,60.47,90.95,,60.47,90.96,138.1,50,152.00695979712097
42.397,cruise,60.46,90.97,,60.46,90.97,138.1,50,152.00695979712097
42.423,cruise,60.47,90.96,,60.47,90.96,138.1,50,152.00695979712097
42.448,cruise,60.46,90.96,,60.46,90.96,138.1,50,152.00695979712097
42.474,cruise,60.46,90.96,,60.46,90.96,138.1,50,152.00695979712097
42.500,cruise,60.46,90.96,,60.46,90.96,138.1,50,152.00695979712097
42.526,cruise,60.45,90.96,,60.45,90.97,138.1,50,152.00695979712097
42.551,cruise,60.47,90.95,,60.47,90.95,138.1,50,152.00695979712097
42.578,cruise,60.47,90.97,,60.47,90.97,138.1,50,152.00695979712097
42.604,cruise,60.47,90.95,,60.47,90.96,138.1,50,152.00695979712097
42.629,cruise,60.46,90.96,,60.46,90.96,138.1,50,152.00695979712097
42.655,cruise,60.45,90.95,,60.45,90.95,138.1,50,152.00695979712097
42.681,cruise,60.47,90.96,,60.47,90.96,138.1,50,152.00695979712097
42.706,cruise,60.48,90.96,,60.48,90.96,138.1,50,152.00695979712097
42.733,cruise,60.46,90.98,,60.46,90.98,138.1,50,152.00695979712097
42.758,cruise,60.46,90.96,,60.46,90.96,138.1,50,152.00695979712097
42.784,cruise,60.46,90.96,,60.46,90.96,138.1,50,152.00695979712097
42.809,cruise,60.47,90.97,,60.47,90.97,138.1,50,152.00695979712097
42.835,cruise,60.47,90.98,,60.46,90.98,138.1,50,152.00695979712097
42.861,cruise,60.46,90.97,,60.46,90.97,138.1,50,152.00695979712097
42.887,cruise,60.45,90.96,,60.45,90.96,138.1,50,152.00695979712097
42.912,cruise,60.47,90.96,,60.47,90.96,138.1,50,152.00695979712097
42.938,cruise,60.47,90.97,,60.47,90.97,138.1,50,152.00695979712097
42.964,cruise,60.46,90.96,,60.46,90.96,138.1,50,152.00695979712097
42.989,cruise,60.48,90.95,,60.48,90.95,138.1,50,152.00695979712097
43.015,cruise,60.47,90.96,,60.47,90.96,138.1,50,152.00695979712097
43.041,cruise,60.47,90.96,,60.47,90.96,138.1,50,152.00695979712097
43.067,cruise,60.46,90.95,,60.46,90.95,138.1,50,152.00695979712097
43.092,cruise,60.45,90.96,,60.45,90.96,138.1,50,152.00695979712097
43.117,cruise,60.48,90.94,,60.48,90.95,138.1,50,152.00695979712097
43.143,cruise,60.47,90.96,,60.47,90.96,138.1,50,152.00695979712097
43.168,cruise,60.47,90.96,,60.46,90.96,138.1,50,152.00695979712097
43.194,cruise,60.46,90.96,,60.45,90.97,138.1,50,152.00695979712097
43.219,cruise,60.46,90.96,,60.46,90.96,138.1,50,152.00695979712097
43.244,cruise,60.46,90.94,,60.46,90.94,138.1,50,152.00695979712097
43.270,cruise,60.47,90.95,,60.47,90.95,138.1,50,152.00695979712097
43.296,cruise,60.46,90.98,,60.46,90.98,138.1,50,152.00695979712097
43.321,cruise,60.46,90.95,,60.46,90.95,138.1,50,152.00695979712097
43.347,cruise,60.46,90.96,,60.45,90.96,138.1,50,152.00695979712097
43.372,cruise,60.45,90.96,,60.45,90.96,138.1,50,152.00695979712097
43.398,cruise,60.47,90.96,,60.47,90.96,138.1,50,152.00695979712097
43.423,cruise,60.45,90.96,,60.45,90.96,138.1,50,152.00695979712097
43.449,cruise,60.49,90.95,,60.49,90.95,138.1,50,152.00695979712097
43.474,cruise,60.46,90.96,,60.46,90.96,138.1,50,152.00695979712097
43.499,cruise,60.47,90.97,,60.47,90.97,138.1,50,152.00695979712097
43.526,cruise,60.46,90.96,,60.46,90.96,138.1,50,152.00695979712097
43.551,cruise,60.46,90.96,,60.46,90.96,138.1,50,152.00695979712097
43.577,cruise,60.46,90.97,,60.45,90.97,138.1,50,152.00695979712097
43.603,coast,60.46,90.96,,60.46,90.97,138.1,0,0
43.628,coast,60.48,90.96,,60.48,90.96,138.1,0,0
43.653,coast,60.46,90.96,,60.46,90.96,138.1,0,0
43.679,coast,60.49,90.97,,60.48,90.97,138.1,0,0
43.704,coast,60.48,90.95,,60.48,90.96,138.1,0,0
43.730,coast,60.46,90.96,,60.46,90.96,138.1,0,0
43.756,coast,60.46,90.95,,60.46,90.95,138.1,0,0
43.782,coast,60.45,90.95,,60.45,90.95,138.1,0,0
43.808,coast,60.47,90.97,,60.47,90.97,138.1,0,0
43.833,coast,60.45,90.97,,60.45,90.97,138.1,0,0
43.858,coast,60.47,90.97,,60.47,90.97,138.1,0,0
43.884,coast,60.47,90.96,,60.47,90.96,138.1,0,0
43.910,coast,60.47,90.96,,60.47,90.96,138.1,0,0
43.936,confirm,60.46,90.97,,60.46,90.97,138.1,0,0
43.961,confirm,60.47,90.96,,60.47,90.96,138.1,0,0
43.987,confirm,60.47,90.98,,60.46,90.98,138.1,0,0
44.013,confirm,60.48,90.95,,60.48,90.95,138.1,0,0
44.038,confirm,60.47,90.96,,60.47,90.96,138.1,0,0
44.064,confirm,60.47,90.96,,60.47,90.96,138.1,0,0
44.089,confirm,60.46,90.95,,60.46,90.95,138.1,0,0
44.115,confirm,60.47,90.95,,60.47,90.96,138.1,0,0
44.141,confirm,60.47,90.96,,60.47,90.96,138.1,0,0
44.167,confirm,60.47,90.94,,60.47,90.94,138.1,0,0
44.193,confirm,60.48,90.96,,60.48,90.96,138.1,0,0
44.219,confirm,60.46,90.94,,60.46,90.94,138.1,0,0
44.245,confirm,60.46,90.96,,60.46,90.96,138.1,0,0
44.270,confirm,60.46,90.97,,60.46,90.97,138.1,0,0
44.295,confirm,60.47,90.96,,60.47,90.96,138.1,0,0
44.321,confirm,60.47,90.96,,60.47,90.96,138.1,0,0
44.346,confirm,60.47,90.98,,60.47,90.98,138.1,0,0
44.372,confirm,60.46,90.97,,60.46,90.97,138.1,0,0
44.398,confirm,60.47,90.96,,60.47,90.96,138.1,0,0
44.423,confirm,60.46,90.96,,60.46,90.96,138.1,0,0
44.449,confirm,60.45,90.97,,60.45,90.97,138.1,0,0
44.475,confirm,60.48,90.96,,60.48,90.97,138.1,0,0
44.500,confirm,60.47,90.95,,60.47,90.96,138.1,0,0
44.526,confirm,60.47,90.98,,60.46,90.98,138.1,0,0
44.552,confirm,60.45,90.96,,60.45,90.96,138.1,0,0
44.577,confirm,60.46,90.97,,60.46,90.97,138.1,0,0
44.603,confirm,60.47,90.95,,60.47,90.95,138.1,0,0
44.629,confirm,60.48,90.95,,60.48,90.95,138.1,0,0
44.654,confirm,60.45,90.96,,60.45,90.96,138.1,0,0
44.680,confirm,60.46,90.97,,60.45,90.97,138.1,0,0
44.705,confirm,60.48,90.96,,60.48,90.96,138.1,0,0
44.731,confirm,60.47,90.97,,60.46,90.97,138.1,0,0
44.757,confirm,60.46,90.98,,60.46,90.98,138.1,0,0
44.782,confirm,60.45,90.96,,60.44,90.96,138.1,0,0
44.808,confirm,60.46,90.96,,60.46,90.96,138.1,0,0
44.833,confirm,60.46,90.95,,60.46,90.95,138.1,0,0
44.859,confirm,60.46,90.97,,60.46,90.97,138.1,0,0
44.885,confirm,60.46,90.95,,60.46,90.95,138.1,0,0
44.910,confirm,60.45,90.96,,60.45,90.96,138.1,0,0
