frame,t,phase,x,y,area,w,h
0,0.0001,still,1513.50,1045.98,865,30,37
0,0.0001,still,1626.84,576.31,695,32,33
0,0.0001,still,1644.99,526.14,810,36,32
0,0.0001,still,396.08,451.14,746,35,35
0,0.0001,still,339.03,442.33,715,31,35
0,0.0001,still,872.56,325.56,807,34,35
0,0.0001,still,1088.02,213.10,830,34,35
0,0.0001,still,385.63,89.42,690,32,33
0,0.0001,still,337.12,84.97,686,31,33
0,0.0001,still,1146.90,71.67,851,35,35
0,0.0001,still,483.19,66.86,801,37,35
0,0.0001,still,441.81,57.62,933,37,38
1,0.0148,still,1514.39,1046.16,904,36,37
1,0.0148,still,1626.73,576.38,703,32,33
1,0.0148,still,1644.88,526.08,809,36,32
1,0.0148,still,396.13,451.04,741,35,34
1,0.0148,still,339.03,442.40,706,31,35
1,0.0148,still,872.58,325.55,814,34,34
1,0.0148,still,1088.14,213.01,826,34,35
1,0.0148,still,385.78,89.44,693,31,32
1,0.0148,still,337.19,84.99,691,32,33
1,0.0148,still,1146.79,71.65,848,35,36
1,0.0148,still,483.62,67.10,790,33,35
1,0.0148,still,442.65,58.55,875,37,38
2,0.0252,still,1513.38,1045.91,860,31,37
2,0.0252,still,1626.82,576.38,706,33,33
2,0.0252,still,1644.98,526.13,814,36,32
2,0.0252,still,396.13,451.10,755,35,35
2,0.0252,still,338.95,442.34,711,31,35
2,0.0252,still,872.51,325.55,813,34,34
2,0.0252,still,1088.18,212.88,833,34,35
2,0.0252,still,385.89,89.50,691,31,32
2,0.0252,still,337.06,85.12,691,31,33
2,0.0252,still,1146.78,71.61,846,35,36
2,0.0252,still,483.45,67.02,786,34,35
2,0.0252,still,441.76,57.66,932,37,38
3,0.0361,still,1513.33,1045.90,864,30,37
3,0.0361,still,1626.83,576.42,703,33,33
3,0.0361,still,1644.97,525.96,807,36,32
3,0.0361,still,396.02,450.95,754,35,35
3,0.0361,still,338.94,442.37,714,31,35
3,0.0361,still,872.53,325.55,795,34,34
3,0.0361,still,1088.13,213.01,830,34,35
3,0.0361,still,385.74,89.43,691,31,32
3,0.0361,still,337.11,85.03,684,31,33
3,0.0361,still,1146.81,71.62,859,38,36
3,0.0361,still,483.58,67.10,784,34,34
3,0.0361,still,441.86,57.74,928,37,37
4,0.0463,still,1513.40,1045.99,875,31,37
4,0.0463,still,1626.73,576.27,705,33,33
4,0.0463,still,1644.92,526.12,811,36,34
4,0.0463,still,396.17,451.08,750,35,34
4,0.0463,still,339.08,442.34,708,31,35
4,0.0463,still,872.55,325.60,785,34,34
4,0.0463,still,1087.60,213.52,797,34,35
4,0.0463,still,385.83,89.49,683,31,32
4,0.0463,still,337.15,85.07,682,30,33
4,0.0463,still,1146.82,71.65,848,36,36
4,0.0463,still,484.08,67.93,744,36,32
4,0.0463,still,442.52,58.71,873,37,37
5,0.0566,still,1514.35,1046.14,908,36,37
5,0.0566,still,1626.87,576.36,696,33,33
5,0.0566,still,1644.96,526.06,815,36,33
5,0.0566,still,396.10,451.01,749,35,34
5,0.0566,still,338.92,442.35,710,31,35
5,0.0566,still,872.58,325.63,785,34,34
5,0.0566,still,1088.09,213.06,834,34,35
5,0.0566,still,385.73,89.58,690,31,32
5,0.0566,still,337.13,85.05,688,31,33
5,0.0566,still,1146.80,71.58,848,35,36
5,0.0566,still,483.61,67.04,795,34,35
5,0.0566,still,442.60,58.67,873,37,38
6,0.0668,still,1513.50,1045.92,860,31,37
6,0.0668,still,1626.84,576.36,701,32,33
6,0.0668,still,1644.89,526.12,813,36,32
6,0.0668,still,396.06,451.10,748,35,34
6,0.0668,still,339.01,442.33,715,31,35
6,0.0668,still,872.51,325.57,783,34,34
6,0.0668,still,1087.61,213.51,796,34,35
6,0.0668,still,385.67,89.48,696,31,33
6,0.0668,still,337.28,85.00,683,30,33
6,0.0668,still,1146.87,71.68,850,35,36
6,0.0668,still,483.32,67.03,809,37,35
6,0.0668,still,442.65,58.62,875,36,38
7,0.0787,still,1513.55,1046.00,856,30,37
7,0.0787,still,1626.80,576.37,700,32,33
7,0.0787,still,1644.93,526.10,807,36,32
7,0.0787,still,396.13,450.88,741,35,36
7,0.0787,still,339.03,442.44,711,31,35
7,0.0787,still,872.59,325.62,782,34,34
7,0.0787,still,1088.11,212.94,829,34,35
7,0.0787,still,385.81,89.45,690,32,33
7,0.0787,still,337.29,84.97,691,30,33
7,0.0787,still,1146.78,71.56,851,35,36
7,0.0787,still,483.66,67.19,782,33,35
7,0.0787,still,441.76,57.50,934,37,38
8,0.0946,still,1514.30,1046.14,913,36,37
8,0.0946,still,1626.85,576.32,702,33,33
8,0.0946,still,1644.96,526.09,811,36,33
8,0.0946,still,396.20,451.00,745,35,34
8,0.0946,still,339.07,442.31,711,31,35
8,0.0946,still,873.07,325.97,752,34,35
8,0.0946,still,1088.02,213.06,827,34,35
8,0.0946,still,385.75,89.43,691,32,32
8,0.0946,still,337.13,85.01,681,31,33
8,0.0946,still,1146.84,71.63,856,35,36
8,0.0946,still,483.50,67.12,788,35,35
8,0.0946,still,442.43,58.63,876,37,37
9,0.1106,still,1514.48,1046.11,898,36,37
9,0.1106,still,1626.87,576.37,701,33,33
9,0.1106,still,1644.87,526.09,812,36,32
9,0.1106,still,396.10,451.03,747,35,34
9,0.1106,still,339.03,442.39,716,31,35
9,0.1106,still,872.47,325.62,779,34,34
9,0.1106,still,1088.07,213.10,829,34,35
9,0.1106,still,385.70,89.43,697,31,32
9,0.1106,still,337.19,85.05,687,30,33
9,0.1106,still,1146.81,71.56,844,35,36
9,0.1106,still,484.04,67.99,738,35,32
9,0.1106,still,441.75,57.62,936,36,38
10,0.1306,still,1514.46,1046.14,915,36,37
10,0.1306,still,1626.81,576.36,704,33,33
10,0.1306,still,1644.86,526.20,803,36,33
10,0.1306,still,396.10,450.98,747,35,35
10,0.1306,still,339.03,442.44,713,31,35
10,0.1306,still,873.12,326.00,747,34,34
10,0.1306,still,1088.07,213.03,836,34,35
10,0.1306,still,385.73,89.52,692,31,33
10,0.1306,still,337.17,84.91,689,31,33
10,0.1306,still,1146.73,71.61,854,35,36
10,0.1306,still,483.19,67.00,813,37,35
10,0.1306,still,442.67,58.71,864,36,37
11,0.1467,still,1513.43,1045.90,855,31,37
11,0.1467,still,1626.79,576.43,704,32,33
11,0.1467,still,1644.87,526.05,799,36,32
11,0.1467,still,396.09,451.10,745,35,34
11,0.1467,still,339.06,442.30,711,31,35
11,0.1467,still,872.65,325.72,780,34,34
11,0.1467,still,1088.12,212.99,827,34,35
11,0.1467,still,385.85,89.43,685,30,33
11,0.1467,still,337.11,85.01,686,31,33
11,0.1467,still,1146.64,71.78,840,35,36
11,0.1467,still,483.09,66.91,813,37,35
11,0.1467,still,441.86,57.62,939,37,38
12,0.1627,still,1513.51,1046.02,863,31,37
12,0.1627,still,1626.78,576.37,703,32,33
12,0.1627,still,1644.95,526.14,814,36,33
12,0.1627,still,396.08,451.07,748,35,36
12,0.1627,still,339.02,442.34,707,31,35
12,0.1627,still,873.08,326.08,753,34,34
12,0.1627,still,1087.67,213.49,802,34,35
12,0.1627,still,385.78,89.58,693,32,32
12,0.1627,still,337.26,85.03,695,31,33
12,0.1627,still,1146.73,71.81,832,36,34
12,0.1627,still,483.59,67.69,750,37,32
12,0.1627,still,441.83,57.62,937,37,38
13,0.1787,still,1513.37,1046.01,867,31,37
13,0.1787,still,1626.79,576.34,709,33,33
13,0.1787,still,1644.96,526.06,815,36,32
13,0.1787,still,396.12,451.00,748,35,34
13,0.1787,still,339.04,442.32,708,31,35
13,0.1787,still,872.56,325.63,784,34,34
13,0.1787,still,1088.04,212.92,828,34,35
13,0.1787,still,385.92,89.45,701,31,33
13,0.1787,still,337.16,84.97,676,30,33
13,0.1787,still,1146.85,71.61,846,35,36
13,0.1787,still,483.49,67.06,792,34,35
13,0.1787,still,441.79,57.63,932,37,37
14,0.1947,still,1514.51,1046.23,907,36,37
14,0.1947,still,1626.77,576.34,699,33,33
14,0.1947,still,1644.89,526.09,813,36,32
14,0.1947,still,396.03,451.11,754,35,35
14,0.1947,still,339.07,442.34,714,31,35
14,0.1947,still,872.53,325.60,779,34,34
14,0.1947,still,1088.17,213.04,824,34,35
14,0.1947,still,385.85,89.49,696,31,32
14,0.1947,still,337.15,85.01,681,31,33
14,0.1947,still,1146.84,71.62,853,35,36
14,0.1947,still,483.16,66.95,796,36,35
14,0.1947,still,441.71,57.65,941,37,37
15,0.2146,still,1513.50,1045.98,860,29,37
15,0.2146,still,1626.75,576.25,695,32,33
15,0.2146,still,1644.85,526.19,812,36,33
15,0.2146,still,396.05,451.00,747,35,35
15,0.2146,still,338.99,442.38,715,31,35
15,0.2146,still,873.02,325.95,756,34,34
15,0.2146,still,1088.04,213.06,832,34,35
15,0.2146,still,385.77,89.41,693,31,33
15,0.2146,still,337.00,84.84,692,31,33
15,0.2146,still,1146.86,71.62,853,35,36
15,0.2146,still,483.12,66.97,801,37,35
15,0.2146,still,441.83,57.74,926,36,37
16,0.2306,still,1514.50,1046.12,914,36,37
16,0.2306,still,1626.87,576.28,705,33,33
16,0.2306,still,1644.96,526.17,812,36,32
16,0.2306,still,396.18,451.03,740,35,34
16,0.2306,still,339.04,442.40,714,31,35
16,0.2306,still,873.11,326.00,749,34,34
16,0.2306,still,1088.15,213.01,833,34,35
16,0.2306,still,385.73,89.52,689,32,33
16,0.2306,still,337.29,84.91,692,31,33
16,0.2306,still,1146.87,71.52,853,35,36
16,0.2306,still,483.67,67.07,787,34,35
16,0.2306,still,441.84,57.60,929,37,38
17,0.2467,still,1513.40,1045.98,860,31,37
17,0.2467,still,1626.68,576.42,698,32,33
17,0.2467,still,1645.00,525.98,814,36,33
17,0.2467,still,396.19,451.09,748,35,35
17,0.2467,still,338.95,442.34,711,31,35
17,0.2467,still,872.52,325.57,784,34,34
17,0.2467,still,1088.19,213.05,837,34,35
17,0.2467,still,385.77,89.50,690,31,32
17,0.2467,still,337.14,84.89,693,31,33
17,0.2467,still,1146.87,71.55,850,35,36
17,0.2467,still,483.02,67.01,807,36,35
17,0.2467,still,441.76,57.69,935,37,38
18,0.2626,still,1514.36,1046.03,908,36,38
18,0.2626,still,1626.89,576.31,696,32,33
18,0.2626,still,1645.02,526.07,810,36,32
18,0.2626,still,396.09,451.05,741,35,34
18,0.2626,still,338.94,442.33,707,31,35
18,0.2626,still,873.05,325.97,752,34,34
18,0.2626,still,1088.13,212.95,822,34,35
18,0.2626,still,385.72,89.45,687,31,33
18,0.2626,still,337.12,85.07,683,31,33
18,0.2626,still,1146.91,71.58,849,36,36
18,0.2626,still,484.05,67.93,738,34,32
18,0.2626,still,442.68,58.63,875,37,38
19,0.2787,still,1513.47,1045.86,861,30,37
19,0.2787,still,1626.80,576.22,700,33,33
19,0.2787,still,1644.87,526.15,806,36,32
19,0.2787,still,396.08,451.17,748,35,35
19,0.2787,still,339.03,442.39,718,31,35
19,0.2787,still,872.57,325.63,783,34,34
19,0.2787,still,1088.09,213.00,833,34,35
19,0.2787,still,385.77,89.60,696,32,33
19,0.2787,still,337.23,85.03,684,31,33
19,0.2787,still,1146.79,71.63,844,35,36
19,0.2787,still,483.52,67.81,763,37,33
19,0.2787,still,441.70,57.62,925,37,37
20,0.2947,still,1513.38,1045.89,858,31,37
20,0.2947,still,1626.86,576.32,700,33,33
20,0.2947,still,1644.95,526.13,813,36,33
20,0.2947,still,396.03,451.02,752,35,34
20,0.2947,still,339.04,442.30,713,31,35
20,0.2947,still,873.10,326.02,757,34,34
20,0.2947,still,1088.23,212.96,833,34,36
20,0.2947,still,385.75,89.47,690,32,32
20,0.2947,still,337.19,85.03,694,31,33
20,0.2947,still,1147.02,71.54,848,35,36
20,0.2947,still,483.15,66.98,805,37,35
20,0.2947,still,441.73,57.56,925,37,38
21,0.3147,still,1514.42,1046.17,908,36,37
21,0.3147,still,1626.73,576.27,708,33,33
21,0.3147,still,1644.88,526.13,813,36,32
21,0.3147,still,396.31,451.04,738,35,34
21,0.3147,still,338.96,442.33,707,31,35
21,0.3147,still,872.57,325.62,786,34,34
21,0.3147,still,1088.12,212.94,835,34,36
21,0.3147,still,385.84,89.46,688,32,32
21,0.3147,still,337.11,85.01,682,31,33
21,0.3147,still,1146.93,71.58,850,35,36
21,0.3147,still,483.00,66.97,814,37,35
21,0.3147,still,442.58,58.68,866,37,37
22,0.3307,still,1513.48,1046.03,853,30,37
22,0.3307,still,1626.84,576.26,698,33,33
22,0.3307,still,1644.98,526.08,814,36,32
22,0.3307,still,396.22,450.90,742,35,35
22,0.3307,still,339.03,442.43,707,31,35
22,0.3307,still,872.55,325.58,785,34,34
22,0.3307,still,1088.08,213.04,827,34,35
22,0.3307,still,385.74,89.43,683,30,32
22,0.3307,still,337.17,84.91,692,31,33
22,0.3307,still,1146.77,71.71,847,35,36
22,0.3307,still,484.09,67.91,742,33,32
22,0.3307,still,442.54,58.52,867,37,38
23,0.3467,still,1513.37,1045.85,860,30,37
23,0.3467,still,1626.80,576.34,704,33,33
23,0.3467,still,1644.86,526.04,811,36,33
23,0.3467,still,396.16,451.03,745,35,35
23,0.3467,still,339.04,442.27,708,31,35
23,0.3467,still,872.54,325.59,786,34,34
23,0.3467,still,1088.18,212.89,831,34,35
23,0.3467,still,385.76,89.46,699,31,33
23,0.3467,still,337.10,84.88,682,31,33
23,0.3467,still,1146.82,71.67,851,35,36
23,0.3467,still,483.38,67.11,778,34,35
23,0.3467,still,441.75,57.61,934,37,37
24,0.3628,still,1513.45,1046.02,862,30,38
24,0.3628,still,1626.82,576.30,705,33,33
24,0.3628,still,1644.94,526.07,798,36,32
24,0.3628,still,396.16,450.93,749,35,35
24,0.3628,still,339.04,442.35,708,31,35
24,0.3628,still,872.58,325.61,780,34,34
24,0.3628,still,1088.09,213.05,829,34,35
24,0.3628,still,385.93,89.47,686,29,32
24,0.3628,still,337.07,85.04,684,31,33
24,0.3628,still,1146.89,71.49,847,35,36
24,0.3628,still,483.55,67.13,786,35,35
24,0.3628,still,442.49,58.69,874,37,37
25,0.3787,still,1513.51,1046.00,862,31,37
25,0.3787,still,1626.78,576.36,699,33,33
25,0.3787,still,1644.95,526.17,811,36,32
25,0.3787,still,396.08,451.14,744,35,34
25,0.3787,still,339.02,442.38,707,31,35
25,0.3787,still,872.59,325.66,779,34,34
25,0.3787,still,1088.18,212.94,828,34,35
25,0.3787,still,385.77,89.45,687,31,32
25,0.3787,still,337.26,85.00,693,31,33
25,0.3787,still,1146.81,71.58,845,35,36
25,0.3787,still,484.12,68.00,746,34,32
25,0.3787,still,441.83,57.62,922,37,37
26,0.3947,still,1514.42,1046.12,907,36,37
26,0.3947,still,1626.90,576.40,699,33,33
26,0.3947,still,1644.89,526.09,808,36,33
26,0.3947,still,396.15,451.05,746,35,34
26,0.3947,still,338.93,442.31,716,31,35
26,0.3947,still,873.06,325.96,751,34,34
26,0.3947,still,1088.14,213.04,837,34,35
26,0.3947,still,385.78,89.45,696,31,33
26,0.3947,still,337.10,84.97,672,30,33
26,0.3947,still,1146.87,71.67,852,36,36
26,0.3947,still,484.15,68.04,734,34,32
26,0.3947,still,441.74,57.62,931,37,38
27,0.4147,still,1514.35,1046.20,914,35,37
27,0.4147,still,1626.80,576.37,694,32,33
27,0.4147,still,1644.90,526.12,811,36,33
27,0.4147,still,396.18,451.03,747,35,35
27,0.4147,still,338.91,442.30,711,31,35
27,0.4147,still,873.11,325.95,750,34,34
27,0.4147,still,1088.19,212.89,843,34,36
27,0.4147,still,385.72,89.49,689,31,32
27,0.4147,still,337.16,84.99,684,31,33
27,0.4147,still,1146.76,71.68,844,35,36
27,0.4147,still,482.99,66.95,812,37,35
27,0.4147,still,441.82,57.48,933,36,38
28,0.4307,still,1513.51,1045.97,859,30,37
28,0.4307,still,1626.82,576.36,698,33,33
28,0.4307,still,1644.98,526.07,809,36,33
28,0.4307,still,396.14,451.10,740,35,35
28,0.4307,still,338.97,442.32,714,31,35
28,0.4307,still,872.99,325.99,753,34,34
28,0.4307,still,1088.16,213.07,843,34,36
28,0.4307,still,385.73,89.38,702,32,32
28,0.4307,still,337.22,84.90,689,32,33
28,0.4307,still,1146.90,71.55,848,35,36
28,0.4307,still,483.62,67.84,748,36,32
28,0.4307,still,442.61,58.66,865,37,36
29,0.4467,still,1513.58,1045.99,856,31,37
29,0.4467,still,1626.86,576.38,698,33,33
29,0.4467,still,1645.01,526.06,811,36,33
29,0.4467,still,396.10,450.98,742,35,34
29,0.4467,still,338.92,442.39,715,31,35
29,0.4467,still,873.01,326.04,749,34,34
29,0.4467,still,1087.69,213.49,792,34,35
29,0.4467,still,385.77,89.56,681,31,32
29,0.4467,still,337.06,84.99,689,32,33
29,0.4467,still,1146.82,71.65,844,35,36
29,0.4467,still,483.13,66.96,803,37,35
29,0.4467,still,441.84,57.66,924,37,37
30,0.4627,still,1513.50,1046.02,859,30,38
30,0.4627,still,1626.90,576.35,700,33,33
30,0.4627,still,1645.06,526.07,810,36,33
30,0.4627,still,396.21,451.05,743,35,35
30,0.4627,still,339.01,442.36,717,31,35
30,0.4627,still,872.58,325.63,782,34,34
30,0.4627,still,1088.16,212.96,837,34,36
30,0.4627,still,385.73,89.42,691,31,32
30,0.4627,still,337.00,85.03,696,31,33
30,0.4627,still,1146.77,71.63,849,35,35
30,0.4627,still,483.64,67.06,793,34,35
30,0.4627,still,441.79,57.58,928,36,38
31,0.4787,still,1514.46,1046.24,911,36,37
31,0.4787,still,1626.78,576.32,704,33,33
31,0.4787,still,1644.86,526.06,811,36,32
31,0.4787,still,396.14,451.00,732,35,34
31,0.4787,still,339.04,442.41,703,31,35
31,0.4787,still,872.58,325.55,785,34,34
31,0.4787,still,1088.15,212.94,828,34,35
31,0.4787,still,385.88,89.55,685,31,32
31,0.4787,still,337.14,85.05,677,30,33
31,0.4787,still,1146.81,71.59,843,35,36
31,0.4787,still,483.20,66.91,804,38,35
31,0.4787,still,442.54,58.69,861,37,36
32,0.4947,still,1514.33,1046.07,907,36,37
32,0.4947,still,1626.74,576.31,700,32,33
32,0.4947,still,1644.88,526.11,806,36,32
32,0.4947,still,396.16,451.04,748,35,35
32,0.4947,still,339.14,442.40,705,31,35
32,0.4947,still,872.59,325.65,777,34,34
32,0.4947,still,1088.19,212.97,828,34,35
32,0.4947,still,385.86,89.39,690,31,33
32,0.4947,still,337.24,85.07,685,30,33
32,0.4947,still,1146.83,71.58,843,35,36
32,0.4947,still,484.18,68.06,749,34,32
32,0.4947,still,442.58,58.68,864,37,37
33,0.5147,still,1513.49,1045.96,865,30,37
33,0.5147,still,1626.85,576.33,705,33,33
33,0.5147,still,1644.96,526.06,796,36,33
33,0.5147,still,396.12,451.07,746,35,34
33,0.5147,still,338.96,442.39,706,31,35
33,0.5147,still,872.57,325.60,780,34,34
33,0.5147,still,1088.20,212.94,827,34,36
33,0.5147,still,385.86,89.46,688,32,33
33,0.5147,still,337.16,84.95,696,31,33
33,0.5147,still,1146.77,71.68,855,35,36
33,0.5147,still,483.67,67.84,760,37,32
33,0.5147,still,441.80,57.59,935,37,37
34,0.5307,still,1513.54,1045.93,858,31,37
34,0.5307,still,1626.81,576.29,701,32,33
34,0.5307,still,1645.06,526.03,803,36,33
34,0.5307,still,396.04,450.93,758,35,35
34,0.5307,still,338.95,442.29,703,31,35
34,0.5307,still,872.53,325.54,782,34,34
34,0.5307,still,1088.14,213.08,829,34,36
34,0.5307,still,385.73,89.43,692,31,32
34,0.5307,still,337.25,84.91,680,30,33
34,0.5307,still,1146.80,71.58,852,35,36
34,0.5307,still,483.65,67.89,756,36,32
34,0.5307,still,442.60,58.67,871,36,37
35,0.5467,still,1513.40,1045.98,857,30,37
35,0.5467,still,1626.92,576.29,698,32,33
35,0.5467,still,1644.97,526.13,816,36,32
35,0.5467,still,396.15,451.06,747,35,34
35,0.5467,still,339.13,442.33,707,31,35
35,0.5467,still,872.62,325.60,780,34,34
35,0.5467,still,1088.13,213.04,828,34,35
35,0.5467,still,385.87,89.58,694,32,32
35,0.5467,still,337.25,85.11,676,30,33
35,0.5467,still,1146.74,71.80,837,36,34
35,0.5467,still,483.52,67.14,784,34,35
35,0.5467,still,442.56,58.63,867,36,37
36,0.5627,still,1513.56,1045.94,857,31,37
36,0.5627,still,1626.76,576.39,702,33,33
36,0.5627,still,1644.95,526.12,809,36,32
36,0.5627,still,396.08,450.94,751,35,35
36,0.5627,still,338.99,442.28,712,31,35
36,0.5627,still,873.05,325.96,752,34,34
36,0.5627,still,1088.13,213.01,830,34,35
36,0.5627,still,385.91,89.46,692,30,32
36,0.5627,still,337.17,85.06,677,31,33
36,0.5627,still,1146.76,71.67,847,35,36
36,0.5627,still,483.62,67.25,777,34,35
36,0.5627,still,442.52,58.62,876,37,37
37,0.5787,still,1513.53,1045.91,851,31,37
37,0.5787,still,1626.79,576.37,705,33,33
37,0.5787,still,1644.95,526.05,811,36,32
37,0.5787,still,396.19,451.08,743,35,34
37,0.5787,still,339.06,442.42,710,31,35
37,0.5787,still,872.59,325.69,791,34,34
37,0.5787,still,1088.15,212.95,838,34,35
37,0.5787,still,385.76,89.37,685,31,32
37,0.5787,still,337.14,85.01,681,30,33
37,0.5787,still,1146.84,71.61,851,35,36
37,0.5787,still,483.54,67.83,757,37,32
37,0.5787,still,441.78,57.83,924,37,37
38,0.5947,still,1513.47,1045.91,861,31,38
38,0.5947,still,1626.78,576.37,696,32,33
38,0.5947,still,1645.03,526.09,804,36,32
38,0.5947,still,396.17,451.13,742,35,34
38,0.5947,still,339.00,442.23,709,31,35
38,0.5947,still,873.08,325.97,757,34,35
38,0.5947,still,1088.12,212.99,833,34,36
38,0.5947,still,385.70,89.59,685,31,33
38,0.5947,still,337.03,84.98,683,31,33
38,0.5947,still,1146.80,71.61,851,35,36
38,0.5947,still,483.39,67.08,784,34,35
38,0.5947,still,441.76,57.68,939,37,38
39,0.6147,still,1514.26,1046.12,923,36,37
39,0.6147,still,1626.82,576.39,697,32,33
39,0.6147,still,1644.90,526.09,812,36,32
39,0.6147,still,396.20,451.17,741,35,35
39,0.6147,still,338.97,442.33,707,31,35
39,0.6147,still,872.44,325.60,779,34,34
39,0.6147,still,1088.09,213.03,834,34,35
39,0.6147,still,385.72,89.42,682,31,33
39,0.6147,still,337.06,85.07,680,31,33
39,0.6147,still,1146.83,71.57,857,35,36
39,0.6147,still,483.52,67.73,758,37,32
39,0.6147,still,442.49,58.76,868,37,37
40,0.6307,still,1514.51,1046.10,903,36,37
40,0.6307,still,1626.95,576.38,698,33,33
40,0.6307,still,1644.91,526.09,810,36,32
40,0.6307,still,396.22,450.91,748,35,35
40,0.6307,still,339.01,442.32,715,31,35
40,0.6307,still,873.13,326.09,749,34,35
40,0.6307,still,1088.20,212.98,829,34,36
40,0.6307,still,385.83,89.51,687,31,33
40,0.6307,still,337.27,84.92,700,30,33
40,0.6307,still,1146.87,71.52,855,35,36
40,0.6307,still,484.16,68.17,737,33,32
40,0.6307,still,441.81,57.51,928,37,38
41,0.6467,still,1513.56,1046.00,873,31,37
41,0.6467,still,1626.84,576.39,697,33,33
41,0.6467,still,1644.94,526.00,812,36,33
41,0.6467,still,396.24,451.05,741,35,34
41,0.6467,still,339.04,442.24,709,31,35
41,0.6467,still,872.61,325.66,778,34,34
41,0.6467,still,1088.14,212.96,828,34,36
41,0.6467,still,385.78,89.46,688,32,32
41,0.6467,still,337.26,84.92,688,30,33
41,0.6467,still,1146.94,71.50,847,36,36
41,0.6467,still,483.62,67.10,784,33,35
41,0.6467,still,442.61,58.67,864,36,37
42,0.6627,still,1514.38,1046.03,909,36,38
42,0.6627,still,1626.78,576.23,700,32,33
42,0.6627,still,1644.95,526.13,805,36,32
42,0.6627,still,396.13,450.97,744,35,34
42,0.6627,still,339.04,442.31,722,31,35
42,0.6627,still,872.55,325.62,780,34,34
42,0.6627,still,1088.03,213.04,830,34,35
42,0.6627,still,385.73,89.52,676,31,32
42,0.6627,still,337.20,84.99,690,31,33
42,0.6627,still,1146.81,71.66,854,36,36
42,0.6627,still,483.57,67.07,784,33,35
42,0.6627,still,441.87,57.68,935,36,39
43,0.6787,still,1513.41,1046.15,864,30,37
43,0.6787,still,1626.85,576.34,694,33,33
43,0.6787,still,1644.91,526.06,810,36,33
43,0.6787,still,396.18,450.94,742,35,36
43,0.6787,still,339.05,442.29,709,31,35
43,0.6787,still,873.09,325.89,759,34,34
43,0.6787,still,1088.17,213.08,831,34,35
43,0.6787,still,385.85,89.42,693,31,32
43,0.6787,still,337.14,85.00,690,31,33
43,0.6787,still,1146.92,71.56,851,35,36
43,0.6787,still,483.67,67.14,791,35,35
43,0.6787,still,441.79,57.69,934,36,38
44,0.6947,still,1513.46,1045.95,862,31,37
44,0.6947,still,1626.84,576.28,698,33,33
44,0.6947,still,1644.93,526.09,811,36,32
44,0.6947,still,396.24,451.13,742,35,34
44,0.6947,still,339.05,442.36,707,31,35
44,0.6947,still,872.61,325.68,776,34,34
44,0.6947,still,1088.08,213.03,825,34,35
44,0.6947,still,385.63,89.44,683,31,32
44,0.6947,still,337.15,85.14,682,31,33
44,0.6947,still,1146.78,71.65,852,35,36
44,0.6947,still,483.55,67.06,786,34,35
44,0.6947,still,442.49,58.58,875,37,37
45,0.7147,still,1514.48,1046.27,901,36,37
45,0.7147,still,1626.71,576.33,705,33,33
45,0.7147,still,1644.94,526.11,809,36,32
45,0.7147,still,396.12,451.06,743,35,35
45,0.7147,still,339.07,442.34,705,31,35
45,0.7147,still,872.61,325.59,781,34,34
45,0.7147,still,1088.15,213.01,829,34,36
45,0.7147,still,385.87,89.51,684,29,32
45,0.7147,still,337.09,85.00,674,31,33
45,0.7147,still,1146.77,71.54,855,35,36
45,0.7147,still,483.51,67.13,782,34,35
45,0.7147,still,442.49,58.52,880,37,38
46,0.7307,still,1514.46,1046.04,905,36,37
46,0.7307,still,1626.74,576.35,699,32,33
46,0.7307,still,1644.91,526.16,807,36,32
46,0.7307,still,396.08,451.03,753,35,36
46,0.7307,still,339.13,442.26,711,31,35
46,0.7307,still,872.60,325.71,786,34,34
46,0.7307,still,1088.06,213.03,827,34,36
46,0.7307,still,385.67,89.46,693,31,33
46,0.7307,still,337.14,84.99,689,30,33
46,0.7307,still,1146.85,71.67,852,35,36
46,0.7307,still,484.24,67.91,742,33,32
46,0.7307,still,441.74,57.66,922,36,37
47,0.7467,still,1513.45,1046.01,856,31,37
47,0.7467,still,1626.78,576.38,700,33,33
47,0.7467,still,1644.98,526.12,808,36,33
47,0.7467,still,396.20,451.04,741,35,35
47,0.7467,still,339.01,442.44,709,31,35
47,0.7467,still,872.64,325.61,786,34,34
47,0.7467,still,1088.08,212.98,829,34,36
47,0.7467,still,385.71,89.45,693,31,32
47,0.7467,still,337.32,85.05,691,31,33
47,0.7467,still,1146.83,71.56,850,36,36
47,0.7467,still,483.09,66.88,808,37,35
47,0.7467,still,441.76,57.56,929,37,38
48,0.7627,still,1514.34,1046.09,909,36,37
48,0.7627,still,1626.83,576.39,700,32,33
48,0.7627,still,1644.89,526.11,806,36,33
48,0.7627,still,396.10,450.92,758,35,34
48,0.7627,still,338.94,442.33,708,31,35
48,0.7627,still,872.57,325.65,789,34,34
48,0.7627,still,1088.14,213.01,831,34,35
48,0.7627,still,385.82,89.44,702,31,33
48,0.7627,still,337.19,85.05,686,31,33
48,0.7627,still,1146.87,71.55,848,35,36
48,0.7627,still,483.47,67.00,787,33,35
48,0.7627,still,442.58,58.57,868,37,38
49,0.7787,still,1513.54,1045.94,856,31,37
49,0.7787,still,1626.82,576.38,701,33,33
49,0.7787,still,1645.05,526.03,811,36,33
49,0.7787,still,396.15,451.05,744,35,35
49,0.7787,still,339.06,442.39,719,31,35
49,0.7787,still,872.57,325.58,784,34,34
49,0.7787,still,1088.09,212.99,829,34,36
49,0.7787,still,385.82,89.56,687,30,32
49,0.7787,still,337.20,84.95,690,30,33
49,0.7787,still,1146.87,71.59,853,35,36
49,0.7787,still,483.42,67.09,785,34,35
49,0.7787,still,441.80,57.64,933,37,37
50,0.7947,still,1514.51,1046.07,908,36,37
50,0.7947,still,1626.75,576.32,704,32,33
50,0.7947,still,1644.99,525.95,811,36,33
50,0.7947,still,396.09,450.94,745,35,34
50,0.7947,still,339.01,442.41,711,31,35
50,0.7947,still,872.60,325.62,791,34,35
50,0.7947,still,1088.11,213.05,827,34,35
50,0.7947,still,385.77,89.49,692,31,33
50,0.7947,still,336.99,85.00,680,31,33
50,0.7947,still,1146.78,71.63,845,35,36
50,0.7947,still,483.03,66.89,810,37,35
50,0.7947,still,441.79,57.69,936,37,37
51,0.8147,still,1514.37,1046.14,914,36,37
51,0.8147,still,1626.88,576.37,704,33,33
51,0.8147,still,1645.00,526.15,813,36,32
51,0.8147,still,396.09,450.94,752,35,35
51,0.8147,still,338.97,442.32,707,31,35
51,0.8147,still,872.61,325.65,781,34,34
51,0.8147,still,1088.17,213.03,831,34,36
51,0.8147,still,385.79,89.51,685,32,32
51,0.8147,still,337.11,85.07,691,31,33
51,0.8147,still,1146.85,71.55,855,35,36
51,0.8147,still,483.50,67.82,764,36,32
51,0.8147,still,442.63,58.62,866,37,37
52,0.8307,still,1513.52,1046.01,861,31,37
52,0.8307,still,1626.85,576.36,704,33,33
52,0.8307,still,1644.99,526.06,804,36,33
52,0.8307,still,396.12,451.02,754,35,35
52,0.8307,still,339.06,442.26,706,31,35
52,0.8307,still,873.11,325.98,750,34,34
52,0.8307,still,1088.13,213.08,829,34,36
52,0.8307,still,385.69,89.52,676,31,32
52,0.8307,still,337.18,84.95,677,30,33
52,0.8307,still,1146.80,71.53,855,35,36
52,0.8307,still,483.03,66.90,810,37,35
52,0.8307,still,441.79,57.60,932,36,38
53,0.8467,still,1513.46,1045.94,863,31,37
53,0.8467,still,1626.85,576.32,693,32,33
53,0.8467,still,1644.94,526.07,810,36,33
53,0.8467,still,396.22,451.13,744,35,34
53,0.8467,still,339.07,442.33,715,31,35
53,0.8467,still,873.04,326.04,746,34,35
53,0.8467,still,1088.02,212.87,839,34,36
53,0.8467,still,385.75,89.46,698,32,32
53,0.8467,still,337.09,84.95,679,31,33
53,0.8467,still,1146.89,71.56,845,35,36
53,0.8467,still,483.12,66.92,807,36,35
53,0.8467,still,441.70,57.56,931,37,38
54,0.8627,still,1514.36,1046.16,901,36,37
54,0.8627,still,1626.87,576.36,697,32,33
54,0.8627,still,1644.95,526.07,812,36,33
54,0.8627,still,396.15,451.02,751,35,34
54,0.8627,still,338.99,442.30,710,31,35
54,0.8627,still,873.02,326.04,745,34,34
54,0.8627,still,1088.05,213.01,826,34,35
54,0.8627,still,385.82,89.52,688,31,32
54,0.8627,still,337.08,84.88,693,31,33
54,0.8627,still,1146.82,71.66,840,35,36
54,0.8627,still,483.22,67.11,809,37,35
54,0.8627,still,441.78,57.65,917,36,37
55,0.8787,still,1513.58,1045.95,856,31,37
55,0.8787,still,1626.77,576.36,696,33,33
55,0.8787,still,1644.95,526.10,810,36,32
55,0.8787,still,396.10,451.00,753,35,34
55,0.8787,still,338.98,442.44,709,31,35
55,0.8787,still,872.64,325.64,784,34,34
55,0.8787,still,1088.14,212.92,833,34,36
55,0.8787,still,385.64,89.34,694,32,32
55,0.8787,still,337.17,84.93,688,31,33
55,0.8787,still,1146.65,71.74,838,35,36
55,0.8787,still,483.74,67.81,757,37,32
55,0.8787,still,441.81,57.77,934,37,37
56,0.8987,still,1513.52,1046.07,861,30,37
56,0.8987,still,1626.78,576.39,697,33,33
56,0.8987,still,1644.95,526.15,802,36,32
56,0.8987,still,396.13,450.99,748,35,35
56,0.8987,still,339.03,442.35,711,31,35
56,0.8987,still,873.09,326.01,748,34,34
56,0.8987,still,1088.14,212.96,828,34,35
56,0.8987,still,385.78,89.40,688,30,33
56,0.8987,still,337.24,84.92,688,31,33
56,0.8987,still,1146.91,71.56,848,35,36
56,0.8987,still,483.20,66.96,808,36,35
56,0.8987,still,442.49,58.64,875,36,38
57,0.9147,still,1513.47,1045.97,845,30,37
57,0.9147,still,1626.68,576.36,699,32,33
57,0.9147,still,1644.97,526.07,809,36,32
57,0.9147,still,396.15,451.09,743,35,34
57,0.9147,still,338.94,442.31,706,31,35
57,0.9147,still,872.61,325.63,784,34,34
57,0.9147,still,1088.09,213.04,823,34,35
57,0.9147,still,385.90,89.47,698,31,33
57,0.9147,still,337.22,84.90,688,31,33
57,0.9147,still,1146.92,71.62,854,35,36
57,0.9147,still,483.13,66.99,805,37,35
57,0.9147,still,441.74,57.53,938,37,38
58,0.9307,still,1514.42,1046.09,908,35,37
58,0.9307,still,1626.70,576.26,701,33,33
58,0.9307,still,1644.84,526.08,805,36,32
58,0.9307,still,396.16,451.02,744,35,34
58,0.9307,still,338.97,442.25,711,31,35
58,0.9307,still,873.09,325.97,749,34,34
58,0.9307,still,1088.17,213.07,825,34,35
58,0.9307,still,385.68,89.58,686,31,32
58,0.9307,still,337.16,85.09,683,31,33
58,0.9307,still,1146.85,71.64,850,35,36
58,0.9307,still,483.16,66.96,805,37,35
58,0.9307,still,442.60,58.54,868,37,38
59,0.9467,still,1513.52,1045.90,859,30,37
59,0.9467,still,1626.75,576.31,699,32,33
59,0.9467,still,1644.92,526.14,809,36,32
59,0.9467,still,396.11,451.06,749,35,34
59,0.9467,still,339.04,442.39,709,31,35
59,0.9467,still,872.52,325.60,783,34,34
59,0.9467,still,1088.18,213.03,831,34,35
59,0.9467,still,385.73,89.47,689,32,32
59,0.9467,still,337.04,85.02,676,31,33
59,0.9467,still,1146.85,71.51,852,35,36
59,0.9467,still,483.61,67.73,753,36,32
59,0.9467,still,442.58,58.65,862,37,38
60,0.9627,still,1513.55,1045.99,849,31,37
60,0.9627,still,1626.90,576.32,697,33,33
60,0.9627,still,1644.93,526.14,808,36,33
60,0.9627,still,396.06,451.05,743,35,34
60,0.9627,still,339.05,442.27,708,31,35
60,0.9627,still,872.63,325.68,776,34,34
60,0.9627,still,1088.16,213.11,826,34,35
60,0.9627,still,385.82,89.39,702,31,32
60,0.9627,still,337.13,84.95,674,30,33
60,0.9627,still,1146.85,71.59,856,35,36
60,0.9627,still,483.03,66.88,806,37,35
60,0.9627,still,441.72,57.72,930,37,37
61,0.9787,still,1514.40,1046.09,906,36,37
61,0.9787,still,1626.72,576.36,703,33,33
61,0.9787,still,1644.92,526.03,808,36,32
61,0.9787,still,396.16,451.04,745,35,34
61,0.9787,still,338.99,442.34,707,31,35
61,0.9787,still,872.57,325.59,781,34,34
61,0.9787,still,1088.04,213.04,828,34,35
61,0.9787,still,385.87,89.50,691,31,32
61,0.9787,still,337.03,85.01,677,32,33
61,0.9787,still,1146.80,71.67,849,35,36
61,0.9787,still,483.00,66.95,806,37,35
61,0.9787,still,441.83,57.59,938,37,37
62,0.9987,still,1513.35,1045.88,855,31,37
62,0.9987,still,1626.82,576.37,697,32,33
62,0.9987,still,1645.00,526.12,817,36,33
62,0.9987,still,396.08,450.95,754,35,34
62,0.9987,still,339.13,442.43,707,31,35
62,0.9987,still,872.69,325.59,785,34,34
62,0.9987,still,1088.12,212.93,831,34,35
62,0.9987,still,385.76,89.47,683,29,32
62,0.9987,still,337.11,85.09,683,31,33
62,0.9987,still,1146.74,71.59,845,35,36
62,0.9987,still,483.98,68.05,736,34,32
62,0.9987,still,442.59,58.68,866,37,37
63,1.0147,still,1513.54,1046.04,853,30,37
63,1.0147,still,1626.73,576.32,700,32,33
63,1.0147,still,1645.12,526.12,811,36,33
63,1.0147,still,396.09,451.05,746,35,36
63,1.0147,still,339.07,442.33,711,31,35
63,1.0147,still,872.54,325.62,781,34,35
63,1.0147,still,1088.14,212.92,838,34,35
63,1.0147,still,385.83,89.47,689,31,32
63,1.0147,still,337.17,84.93,689,31,33
63,1.0147,still,1146.87,71.63,845,35,36
63,1.0147,still,484.07,67.96,742,34,32
63,1.0147,still,441.83,57.69,928,37,37
64,1.0307,still,1514.30,1046.04,903,36,37
64,1.0307,still,1626.82,576.32,699,33,33
64,1.0307,still,1645.05,526.16,817,36,33
64,1.0307,still,396.14,451.02,740,35,34
64,1.0307,still,339.09,442.30,711,31,35
64,1.0307,still,872.61,325.66,784,34,34
64,1.0307,still,1088.11,213.03,827,34,35
64,1.0307,still,386.02,89.46,698,29,33
64,1.0307,still,337.13,85.00,670,30,33
64,1.0307,still,1146.85,71.62,845,35,36
64,1.0307,still,483.07,66.96,812,38,35
64,1.0307,still,441.77,57.65,931,37,38
65,1.0467,still,1513.60,1046.06,851,29,37
65,1.0467,still,1626.79,576.34,699,33,33
65,1.0467,still,1644.91,526.08,809,36,32
65,1.0467,still,396.14,451.06,742,35,35
65,1.0467,still,339.04,442.55,710,31,35
65,1.0467,still,872.58,325.62,778,34,34
65,1.0467,still,1088.14,212.94,821,34,36
65,1.0467,still,385.87,89.35,686,31,33
65,1.0467,still,337.18,84.88,688,31,33
65,1.0467,still,1146.77,71.65,852,35,36
65,1.0467,still,483.25,66.93,819,37,35
65,1.0467,still,442.45,58.57,874,37,38
66,1.0627,still,1513.47,1046.07,869,31,37
66,1.0627,still,1626.84,576.27,699,33,33
66,1.0627,still,1644.96,526.15,798,36,32
66,1.0627,still,396.05,450.97,748,35,35
66,1.0627,still,339.00,442.39,705,31,35
66,1.0627,still,872.50,325.63,777,34,34
66,1.0627,still,1088.04,212.92,821,34,35
66,1.0627,still,385.70,89.51,683,31,33
66,1.0627,still,337.13,85.24,679,31,33
66,1.0627,still,1146.67,71.73,846,35,36
66,1.0627,still,483.19,66.90,811,37,35
66,1.0627,still,441.84,57.67,933,37,39
67,1.0787,still,1513.41,1046.00,863,30,37
67,1.0787,still,1626.80,576.32,695,32,33
67,1.0787,still,1644.85,526.13,809,36,32
67,1.0787,still,396.20,450.96,747,35,36
67,1.0787,still,339.00,442.42,718,31,35
67,1.0787,still,872.60,325.65,774,34,34
67,1.0787,still,1088.13,213.03,836,34,35
67,1.0787,still,385.74,89.47,694,33,32
67,1.0787,still,337.20,85.04,685,31,33
67,1.0787,still,1146.84,71.66,852,36,36
67,1.0787,still,483.54,67.14,784,35,34
67,1.0787,still,441.75,57.68,930,37,38
68,1.0987,still,1514.47,1046.09,905,36,37
68,1.0987,still,1626.73,576.31,696,32,33
68,1.0987,still,1644.90,526.15,810,36,33
68,1.0987,still,396.21,451.05,746,35,35
68,1.0987,still,338.99,442.34,700,31,35
68,1.0987,still,873.11,325.97,748,34,34
68,1.0987,still,1088.05,212.79,838,34,35
68,1.0987,still,385.74,89.41,689,31,32
68,1.0987,still,337.00,85.05,679,31,33
68,1.0987,still,1146.76,71.70,853,35,36
68,1.0987,still,484.23,68.02,738,33,32
68,1.0987,still,442.45,58.70,867,37,36
69,1.1147,still,1513.62,1045.95,861,29,38
69,1.1147,still,1626.70,576.25,700,32,33
69,1.1147,still,1645.03,526.15,801,36,32
69,1.1147,still,396.09,451.02,750,35,35
69,1.1147,still,338.97,442.41,705,31,35
69,1.1147,still,872.56,325.57,783,34,34
69,1.1147,still,1088.15,213.00,828,34,36
69,1.1147,still,385.76,89.45,694,31,33
69,1.1147,still,337.26,85.07,684,31,33
69,1.1147,still,1146.84,71.63,851,35,36
69,1.1147,still,483.57,67.05,787,33,35
69,1.1147,still,441.75,57.56,926,37,38
70,1.1307,still,1513.32,1045.93,859,30,37
70,1.1307,still,1626.80,576.31,707,33,33
70,1.1307,still,1644.93,526.14,801,36,32
70,1.1307,still,396.16,451.07,738,35,35
70,1.1307,still,339.09,442.35,706,31,35
70,1.1307,still,873.04,326.05,746,34,34
70,1.1307,still,1088.12,212.96,837,34,36
70,1.1307,still,385.69,89.44,695,31,32
70,1.1307,still,337.16,84.99,692,32,33
70,1.1307,still,1146.86,71.60,845,35,36
70,1.1307,still,484.25,68.04,747,35,32
70,1.1307,still,442.60,58.59,877,37,37
71,1.1467,still,1514.26,1046.16,895,36,37
71,1.1467,still,1626.73,576.24,698,33,33
71,1.1467,still,1645.01,526.09,795,36,32
71,1.1467,still,396.19,451.13,743,35,35
71,1.1467,still,338.99,442.31,707,31,35
71,1.1467,still,873.05,325.98,751,34,34
71,1.1467,still,1087.67,213.55,790,34,35
71,1.1467,still,385.66,89.35,695,31,33
71,1.1467,still,337.11,85.08,685,31,33
71,1.1467,still,1146.82,71.58,857,35,36
71,1.1467,still,482.98,66.95,794,36,35
71,1.1467,still,442.56,58.68,873,37,37
72,1.1627,still,1513.44,1045.84,861,30,37
72,1.1627,still,1626.79,576.33,700,32,33
72,1.1627,still,1644.86,526.05,808,36,32
72,1.1627,still,396.14,450.95,736,35,34
72,1.1627,still,339.14,442.39,708,31,35
72,1.1627,still,872.51,325.63,775,34,34
72,1.1627,still,1088.09,213.06,830,34,36
72,1.1627,still,385.70,89.43,696,31,32
72,1.1627,still,337.21,85.03,683,31,33
72,1.1627,still,1146.79,71.60,851,36,36
72,1.1627,still,483.59,67.11,792,34,35
72,1.1627,still,441.85,57.64,942,36,38
73,1.1787,still,1513.42,1046.02,853,31,37
73,1.1787,still,1626.90,576.34,697,33,33
73,1.1787,still,1644.94,526.08,811,35,33
73,1.1787,still,396.24,451.09,746,35,34
73,1.1787,still,339.04,442.42,704,31,35
73,1.1787,still,872.63,325.68,778,34,34
73,1.1787,still,1088.14,213.01,828,34,35
73,1.1787,still,385.81,89.58,692,32,32
73,1.1787,still,337.28,85.16,677,30,33
73,1.1787,still,1146.79,71.56,852,35,36
73,1.1787,still,483.49,67.03,794,34,35
73,1.1787,still,441.77,57.70,932,36,38
74,1.1987,still,1513.47,1045.97,860,31,37
74,1.1987,still,1626.79,576.30,697,32,33
74,1.1987,still,1644.87,526.14,810,36,33
74,1.1987,still,396.21,451.13,743,35,36
74,1.1987,still,339.01,442.39,708,31,35
74,1.1987,still,872.61,325.71,775,34,34
74,1.1987,still,1088.13,212.93,834,34,36
74,1.1987,still,385.79,89.45,686,30,32
74,1.1987,still,337.27,84.93,682,30,33
74,1.1987,still,1146.76,71.56,850,35,36
74,1.1987,still,483.05,66.94,804,37,35
74,1.1987,still,442.50,58.59,874,37,38
75,1.2147,still,1513.44,1046.03,863,31,37
75,1.2147,still,1626.87,576.31,696,33,33
75,1.2147,still,1645.04,526.08,802,36,33
75,1.2147,still,396.14,451.15,742,35,35
75,1.2147,still,339.06,442.42,709,31,35
75,1.2147,still,872.59,325.64,783,34,34
75,1.2147,still,1088.16,213.01,831,34,36
75,1.2147,still,385.68,89.50,673,32,32
75,1.2147,still,337.18,84.92,680,30,33
75,1.2147,still,1146.78,71.63,852,35,36
75,1.2147,still,483.48,67.05,787,34,35
75,1.2147,still,441.72,57.55,937,37,38
76,1.2307,still,1513.42,1046.08,857,31,37
76,1.2307,still,1626.83,576.27,695,33,33
76,1.2307,still,1644.93,526.09,804,36,32
76,1.2307,still,396.14,451.09,736,34,34
76,1.2307,still,339.05,442.42,705,31,35
76,1.2307,still,872.58,325.63,782,34,34
76,1.2307,still,1088.00,213.05,833,34,35
76,1.2307,still,385.83,89.51,691,32,33
76,1.2307,still,337.16,85.02,690,31,33
76,1.2307,still,1146.82,71.63,844,35,36
76,1.2307,still,483.06,66.92,812,37,35
76,1.2307,still,441.73,57.62,936,37,38
77,1.2467,still,1513.38,1046.04,861,31,37
77,1.2467,still,1626.84,576.31,696,33,33
77,1.2467,still,1644.97,526.11,806,36,33
77,1.2467,still,396.13,450.96,741,35,34
77,1.2467,still,339.03,442.32,703,31,35
77,1.2467,still,872.95,325.95,751,34,34
77,1.2467,still,1088.00,212.87,834,34,35
77,1.2467,still,385.64,89.42,689,31,32
77,1.2467,still,337.01,84.99,686,31,33
77,1.2467,still,1146.83,71.72,847,35,36
77,1.2467,still,483.13,66.97,810,38,35
77,1.2467,still,442.56,58.58,870,37,38
78,1.2627,still,1513.46,1045.94,856,30,37
78,1.2627,still,1626.73,576.31,697,32,33
78,1.2627,still,1644.96,526.10,807,36,33
78,1.2627,still,396.13,451.12,738,35,35
78,1.2627,still,339.04,442.35,705,31,35
78,1.2627,still,872.57,325.63,776,34,34
78,1.2627,still,1087.99,212.99,829,34,36
78,1.2627,still,385.83,89.42,693,32,33
78,1.2627,still,337.16,84.94,687,31,33
78,1.2627,still,1146.86,71.65,847,35,35
78,1.2627,still,483.08,66.95,811,38,35
78,1.2627,still,442.56,58.67,876,37,36
79,1.2787,still,1514.33,1046.04,904,36,37
79,1.2787,still,1626.91,576.36,704,33,33
79,1.2787,still,1644.91,526.06,805,36,32
79,1.2787,still,396.04,451.15,746,35,34
79,1.2787,still,338.98,442.35,708,31,35
79,1.2787,still,872.61,325.69,774,34,34
79,1.2787,still,1088.17,213.06,826,34,35
79,1.2787,still,385.75,89.51,684,31,32
79,1.2787,still,337.12,84.99,680,31,33
79,1.2787,still,1146.85,71.64,855,35,36
79,1.2787,still,483.14,66.89,805,37,35
79,1.2787,still,441.78,57.63,926,37,38
80,1.2987,still,1513.36,1045.89,861,30,37
80,1.2987,still,1626.90,576.36,701,33,33
80,1.2987,still,1645.04,526.13,814,36,32
80,1.2987,still,396.19,451.10,742,35,34
80,1.2987,still,338.95,442.39,705,31,35
80,1.2987,still,873.09,325.96,748,34,34
80,1.2987,still,1088.13,213.01,833,34,36
80,1.2987,still,385.83,89.48,684,30,32
80,1.2987,still,337.09,85.02,676,30,33
80,1.2987,still,1146.81,71.64,851,35,36
80,1.2987,still,483.60,67.81,753,37,32
80,1.2987,still,442.60,58.58,872,38,37
81,1.3147,still,1513.49,1045.89,857,31,38
81,1.3147,still,1626.90,576.41,702,33,33
81,1.3147,still,1644.99,526.07,803,36,32
81,1.3147,still,396.16,451.07,743,35,34
81,1.3147,still,338.98,442.32,706,31,35
81,1.3147,still,872.98,325.92,749,34,34
81,1.3147,still,1088.17,213.02,825,34,35
81,1.3147,still,385.76,89.63,689,31,32
81,1.3147,still,337.22,84.95,695,31,33
81,1.3147,still,1146.88,71.72,848,36,36
81,1.3147,still,483.52,67.09,792,33,35
81,1.3147,still,441.90,57.55,929,36,37
82,1.3307,still,1514.39,1046.11,897,36,37
82,1.3307,still,1626.77,576.40,703,33,33
82,1.3307,still,1644.96,526.06,812,36,32
82,1.3307,still,396.09,451.00,744,35,35
82,1.3307,still,338.93,442.32,707,31,35
82,1.3307,still,872.59,325.64,779,34,34
82,1.3307,still,1088.10,213.08,828,34,35
82,1.3307,still,385.91,89.49,686,31,32
82,1.3307,still,337.26,84.88,684,30,33
82,1.3307,still,1146.80,71.69,848,35,36
82,1.3307,still,483.01,66.85,813,38,35
82,1.3307,still,442.54,58.69,870,36,37
83,1.3467,still,1513.42,1045.94,854,29,37
83,1.3467,still,1626.80,576.34,694,33,33
83,1.3467,still,1644.95,526.08,812,36,32
83,1.3467,still,396.14,451.12,744,35,35
83,1.3467,still,338.93,442.27,706,31,35
83,1.3467,still,872.58,325.55,780,34,34
83,1.3467,still,1088.08,213.00,826,34,35
83,1.3467,still,385.72,89.49,679,31,33
83,1.3467,still,337.07,85.02,677,31,33
83,1.3467,still,1146.87,71.53,850,35,36
83,1.3467,still,483.51,67.06,790,35,35
83,1.3467,still,442.61,58.57,868,36,38
84,1.3627,still,1513.44,1046.04,854,31,37
84,1.3627,still,1626.86,576.41,694,32,33
84,1.3627,still,1644.96,526.06,803,36,32
84,1.3627,still,396.10,451.05,744,35,35
84,1.3627,still,338.96,442.38,710,31,35
84,1.3627,still,872.59,325.62,781,34,34
84,1.3627,still,1088.05,213.00,826,34,36
84,1.3627,still,385.76,89.49,697,32,32
84,1.3627,still,337.14,84.96,681,30,33
84,1.3627,still,1146.82,71.62,849,35,36
84,1.3627,still,483.20,66.99,809,37,35
84,1.3627,still,441.74,57.70,924,37,37
85,1.3787,still,1513.46,1045.93,861,31,37
85,1.3787,still,1626.77,576.31,700,32,33
85,1.3787,still,1644.94,526.14,818,36,33
85,1.3787,still,396.24,450.89,740,35,34
85,1.3787,still,339.07,442.25,710,31,35
85,1.3787,still,872.63,325.63,780,34,34
85,1.3787,still,1088.12,212.98,828,34,35
85,1.3787,still,385.75,89.49,678,31,32
85,1.3787,still,337.29,84.92,683,30,33
85,1.3787,still,1146.75,71.56,853,35,36
85,1.3787,still,483.09,66.86,814,37,35
85,1.3787,still,442.53,58.71,869,37,36
86,1.3987,still,1513.43,1045.97,856,31,37
86,1.3987,still,1626.79,576.31,696,32,33
86,1.3987,still,1644.89,526.05,809,36,32
86,1.3987,still,396.18,450.97,747,35,35
86,1.3987,still,339.04,442.34,711,31,35
86,1.3987,still,873.04,326.05,751,34,34
86,1.3987,still,1088.08,213.05,837,34,35
86,1.3987,still,385.75,89.45,688,31,32
86,1.3987,still,337.03,84.87,699,31,33
86,1.3987,still,1146.88,71.63,843,35,35
86,1.3987,still,483.12,66.91,809,38,35
86,1.3987,still,442.49,58.63,866,37,38
87,1.4147,still,1513.46,1045.96,847,31,37
87,1.4147,still,1626.91,576.32,697,33,33
87,1.4147,still,1644.98,526.14,811,36,32
87,1.4147,still,396.14,451.07,749,35,34
87,1.4147,still,339.00,442.35,713,31,35
87,1.4147,still,872.70,325.76,786,34,34
87,1.4147,still,1088.13,213.02,828,34,35
87,1.4147,still,385.89,89.49,694,31,32
87,1.4147,still,337.07,85.10,682,31,33
87,1.4147,still,1146.73,71.86,837,35,34
87,1.4147,still,483.62,67.85,755,36,32
87,1.4147,still,442.53,58.64,872,37,37
88,1.4307,still,1514.43,1046.10,895,35,37
88,1.4307,still,1626.78,576.27,700,33,33
88,1.4307,still,1644.84,526.15,802,36,32
88,1.4307,still,396.17,450.94,749,35,35
88,1.4307,still,338.97,442.36,707,31,35
88,1.4307,still,872.56,325.71,773,34,34
88,1.4307,still,1088.14,212.97,826,34,35
88,1.4307,still,385.69,89.44,682,31,32
88,1.4307,still,337.15,84.88,690,31,33
88,1.4307,still,1146.79,71.70,842,35,36
88,1.4307,still,483.59,67.84,746,37,32
88,1.4307,still,441.75,57.55,939,37,38
89,1.4467,still,1514.29,1046.10,905,35,37
89,1.4467,still,1626.78,576.35,698,32,33
89,1.4467,still,1645.00,526.06,807,36,32
89,1.4467,still,396.15,450.94,747,35,35
89,1.4467,still,338.94,442.46,707,31,35
89,1.4467,still,872.60,325.69,775,34,34
89,1.4467,still,1088.14,212.98,823,34,35
89,1.4467,still,385.75,89.48,678,31,32
89,1.4467,still,337.17,85.01,690,31,33
89,1.4467,still,1146.85,71.64,846,35,36
89,1.4467,still,483.54,67.13,796,33,35
89,1.4467,still,442.43,58.64,874,37,38
90,1.4627,still,1513.55,1046.07,857,30,37
90,1.4627,still,1626.90,576.32,700,33,33
90,1.4627,still,1645.01,526.04,809,36,32
90,1.4627,still,396.14,451.04,747,35,34
90,1.4627,still,339.02,442.46,704,31,35
90,1.4627,still,872.60,325.67,781,34,34
90,1.4627,still,1088.11,213.09,827,34,35
90,1.4627,still,385.67,89.51,682,31,32
90,1.4627,still,337.25,85.06,679,30,33
90,1.4627,still,1146.78,71.65,855,35,36
90,1.4627,still,483.65,67.89,753,36,32
90,1.4627,still,441.80,57.57,938,36,38
91,1.4788,still,1514.31,1046.03,911,36,37
91,1.4788,still,1626.77,576.33,702,32,33
91,1.4788,still,1644.91,526.13,807,36,32
91,1.4788,still,396.14,451.04,743,35,34
91,1.4788,still,338.95,442.24,716,31,35
91,1.4788,still,872.51,325.69,777,34,34
91,1.4788,still,1088.16,213.00,829,34,35
91,1.4788,still,385.70,89.53,678,31,32
91,1.4788,still,337.08,85.03,683,31,33
91,1.4788,still,1146.71,71.65,844,36,36
91,1.4788,still,484.19,67.94,734,34,32
91,1.4788,still,442.51,58.61,866,37,38
92,1.4987,still,1513.33,1046.01,854,30,37
92,1.4987,still,1626.81,576.33,694,33,33
92,1.4987,still,1645.00,526.11,797,36,32
92,1.4987,still,396.14,451.06,749,35,34
92,1.4987,still,339.00,442.37,709,31,35
92,1.4987,still,872.64,325.59,788,34,34
92,1.4987,still,1087.60,213.50,789,34,35
92,1.4987,still,385.87,89.54,688,32,32
92,1.4987,still,337.12,85.01,685,31,33
92,1.4987,still,1146.78,71.58,842,35,36
92,1.4987,still,483.74,67.74,756,36,33
92,1.4987,still,441.84,57.63,927,37,37
93,1.5147,still,1513.48,1045.93,858,30,37
93,1.5147,still,1626.88,576.41,698,33,33
93,1.5147,still,1644.92,526.10,808,36,32
93,1.5147,still,396.16,451.03,745,35,35
93,1.5147,still,338.99,442.29,714,31,35
93,1.5147,still,872.52,325.58,816,34,35
93,1.5147,still,1088.05,212.97,825,34,35
93,1.5147,still,385.83,89.40,688,30,33
93,1.5147,still,337.18,85.02,691,31,33
93,1.5147,still,1146.78,71.62,847,35,36
93,1.5147,still,483.56,67.02,793,34,35
93,1.5147,still,442.59,58.67,862,37,37
94,1.5307,still,1513.46,1046.09,847,29,37
94,1.5307,still,1626.79,576.21,698,33,33
94,1.5307,still,1644.97,526.04,809,36,32
94,1.5307,still,396.15,451.16,739,35,34
94,1.5307,still,339.01,442.31,709,31,35
94,1.5307,still,872.60,325.49,806,34,34
94,1.5307,still,1088.11,213.04,823,34,35
94,1.5307,still,385.57,89.45,683,31,33
94,1.5307,still,337.21,85.01,686,31,33
94,1.5307,still,1146.69,71.67,842,35,36
94,1.5307,still,483.99,67.94,740,34,32
94,1.5307,still,441.77,57.60,937,37,37
95,1.5467,still,1513.38,1045.96,855,31,37
95,1.5467,still,1626.79,576.23,696,32,33
95,1.5467,still,1645.04,526.08,803,36,32
95,1.5467,still,396.06,450.96,744,35,35
95,1.5467,still,339.10,442.35,715,31,35
95,1.5467,still,872.49,325.49,807,34,34
95,1.5467,still,1088.12,212.91,834,34,35
95,1.5467,still,385.74,89.48,687,31,32
95,1.5467,still,337.18,85.13,685,31,33
95,1.5467,still,1146.82,71.65,846,35,36
95,1.5467,still,483.74,67.88,755,36,32
95,1.5467,still,441.79,57.69,931,37,37
96,1.5627,still,1513.37,1046.01,864,30,37
96,1.5627,still,1626.75,576.35,703,32,33
96,1.5627,still,1644.94,526.13,805,36,33
96,1.5627,still,396.17,450.98,736,35,35
96,1.5627,still,338.99,442.40,711,31,35
96,1.5627,still,872.55,325.52,803,34,34
96,1.5627,still,1088.13,213.01,829,34,36
96,1.5627,still,385.72,89.41,689,32,32
96,1.5627,still,337.17,84.97,690,31,33
96,1.5627,still,1146.79,71.53,849,35,36
96,1.5627,still,483.50,67.06,795,33,35
96,1.5627,still,441.81,57.55,934,36,38
97,1.5827,still,1513.49,1045.89,859,31,37
97,1.5827,still,1626.86,576.35,697,32,33
97,1.5827,still,1644.89,526.07,808,36,32
97,1.5827,still,396.11,451.15,744,35,34
97,1.5827,still,339.01,442.34,707,31,35
97,1.5827,still,872.53,325.57,803,34,34
97,1.5827,still,1088.15,212.94,827,34,35
97,1.5827,still,385.81,89.51,680,31,32
97,1.5827,still,337.05,84.92,684,31,33
97,1.5827,still,1146.92,71.46,852,35,36
97,1.5827,still,483.15,66.90,811,36,35
97,1.5827,still,441.82,57.56,933,37,37
98,1.5987,still,1514.42,1046.05,901,35,37
98,1.5987,still,1626.69,576.35,699,32,33
98,1.5987,still,1644.97,526.14,805,36,32
98,1.5987,still,396.04,451.07,751,35,34
98,1.5987,still,338.93,442.37,705,31,35
98,1.5987,still,872.55,325.56,806,34,35
98,1.5987,still,1088.12,212.92,832,34,35
98,1.5987,still,385.74,89.51,685,31,33
98,1.5987,still,337.12,85.01,671,30,33
98,1.5987,still,1146.81,71.65,846,35,36
98,1.5987,still,483.68,67.06,789,33,35
98,1.5987,still,442.57,58.62,871,37,37
99,1.6147,still,1513.47,1046.06,862,30,37
99,1.6147,still,1626.75,576.32,698,33,33
99,1.6147,still,1644.91,525.99,805,36,32
99,1.6147,still,396.09,450.83,738,35,35
99,1.6147,still,339.00,442.31,711,31,35
99,1.6147,still,872.52,325.57,797,34,34
99,1.6147,still,1088.10,212.99,836,34,36
99,1.6147,still,385.73,89.50,686,31,33
99,1.6147,still,337.22,84.98,684,30,33
99,1.6147,still,1146.64,71.66,843,35,36
99,1.6147,still,484.22,68.02,738,34,32
99,1.6147,still,442.51,58.51,872,37,37
100,1.6307,still,1513.50,1045.97,854,31,37
100,1.6307,still,1626.80,576.32,697,33,33
100,1.6307,still,1644.83,526.15,805,36,32
100,1.6307,still,396.21,451.06,737,35,34
100,1.6307,still,339.02,442.41,711,31,35
100,1.6307,still,872.55,325.59,805,34,34
100,1.6307,still,1088.06,212.92,827,34,36
100,1.6307,still,385.69,89.36,687,31,32
100,1.6307,still,337.18,85.04,675,30,33
100,1.6307,still,1146.76,71.56,855,35,36
100,1.6307,still,483.48,67.11,786,35,34
100,1.6307,still,442.55,58.60,874,36,38
101,1.6467,still,1514.38,1046.18,905,36,37
101,1.6467,still,1626.94,576.39,703,33,33
101,1.6467,still,1644.94,526.15,809,36,32
101,1.6467,still,396.13,451.01,734,35,34
101,1.6467,still,339.07,442.36,704,31,35
101,1.6467,still,872.58,325.53,808,34,34
101,1.6467,still,1088.09,212.97,830,34,35
101,1.6467,still,385.88,89.53,673,29,32
101,1.6467,still,337.12,84.99,689,31,33
101,1.6467,still,1146.80,71.55,848,35,36
101,1.6467,still,483.65,67.94,757,36,33
101,1.6467,still,442.49,58.59,872,37,38
102,1.6627,still,1513.68,1046.00,859,31,37
102,1.6627,still,1626.88,576.38,693,33,33
102,1.6627,still,1644.97,526.05,795,36,32
102,1.6627,still,396.10,451.05,746,35,35
102,1.6627,still,339.08,442.32,705,31,35
102,1.6627,still,872.54,325.63,803,34,34
102,1.6627,still,1088.01,212.92,822,34,35
102,1.6627,still,385.76,89.53,685,32,32
102,1.6627,still,337.13,85.09,673,31,33
102,1.6627,still,1146.76,71.66,849,35,36
102,1.6627,still,483.69,67.79,747,37,32
102,1.6627,still,441.77,57.54,934,37,38
103,1.6827,still,1514.43,1046.07,907,36,37
103,1.6827,still,1626.89,576.33,698,33,33
103,1.6827,still,1644.93,526.03,803,36,32
103,1.6827,still,396.12,451.23,744,35,35
103,1.6827,still,339.06,442.30,703,31,35
103,1.6827,still,872.58,325.55,804,34,35
103,1.6827,still,1088.06,213.04,832,34,35
103,1.6827,still,385.63,89.51,678,31,33
103,1.6827,still,337.24,84.93,685,30,33
103,1.6827,still,1146.88,71.59,855,35,35
103,1.6827,still,483.10,66.94,803,37,35
103,1.6827,still,441.86,57.54,924,37,37
104,1.6987,still,1513.51,1045.94,858,30,37
104,1.6987,still,1626.78,576.36,698,32,33
104,1.6987,still,1644.92,526.14,810,36,33
104,1.6987,still,396.18,450.93,739,35,35
104,1.6987,still,339.03,442.33,715,31,35
104,1.6987,still,872.57,325.56,806,34,35
104,1.6987,still,1088.14,213.11,829,34,35
104,1.6987,still,385.75,89.44,686,31,32
104,1.6987,still,336.94,85.03,681,31,33
104,1.6987,still,1146.85,71.59,855,35,36
104,1.6987,still,482.90,66.84,810,37,35
104,1.6987,still,441.90,57.51,935,37,38
105,1.7147,still,1513.36,1046.03,855,31,37
105,1.7147,still,1626.80,576.40,697,32,33
105,1.7147,still,1645.05,526.11,814,36,32
105,1.7147,still,396.07,451.04,743,35,34
105,1.7147,still,338.98,442.25,701,31,35
105,1.7147,still,872.49,325.62,799,34,34
105,1.7147,still,1088.14,213.09,822,34,35
105,1.7147,still,385.88,89.44,675,29,32
105,1.7147,still,337.08,85.03,670,30,33
105,1.7147,still,1146.88,71.66,850,35,36
105,1.7147,still,483.03,66.94,804,36,35
105,1.7147,still,442.58,58.60,872,37,37
106,1.7307,still,1513.43,1046.05,869,31,37
106,1.7307,still,1626.95,576.31,695,32,33
106,1.7307,still,1644.99,526.11,810,36,33
106,1.7307,still,396.18,451.03,731,35,34
106,1.7307,still,338.96,442.30,697,31,35
106,1.7307,still,873.01,325.90,774,34,35
106,1.7307,still,1087.65,213.56,788,34,35
106,1.7307,still,385.65,89.52,681,31,32
106,1.7307,still,337.13,85.01,688,31,32
106,1.7307,still,1146.76,71.62,845,35,36
106,1.7307,still,483.54,67.02,784,33,35
106,1.7307,still,441.79,57.73,931,36,38
107,1.7467,still,1513.43,1045.93,862,31,37
107,1.7467,still,1626.77,576.29,696,33,33
107,1.7467,still,1644.97,526.04,810,36,33
107,1.7467,still,396.25,451.03,736,35,34
107,1.7467,still,339.04,442.34,708,31,35
107,1.7467,still,872.53,325.52,811,34,34
107,1.7467,still,1088.13,213.04,821,34,35
107,1.7467,still,385.78,89.52,692,31,32
107,1.7467,still,337.16,85.00,692,31,33
107,1.7467,still,1146.83,71.58,857,37,36
107,1.7467,still,484.16,67.96,741,34,33
107,1.7467,still,441.84,57.61,936,37,37
108,1.7627,still,1513.50,1045.96,860,31,37
108,1.7627,still,1626.88,576.34,701,33,33
108,1.7627,still,1644.95,526.06,805,36,33
108,1.7627,still,396.26,450.95,736,35,34
108,1.7627,still,339.12,442.33,710,31,35
108,1.7627,still,873.04,326.01,777,34,34
108,1.7627,still,1088.18,213.01,824,34,35
108,1.7627,still,385.67,89.53,691,32,32
108,1.7627,still,337.37,84.80,689,30,33
108,1.7627,still,1146.70,71.62,842,35,36
108,1.7627,still,483.07,67.00,800,36,35
108,1.7627,still,441.79,57.78,923,36,37
109,1.7827,still,1514.34,1046.10,896,35,37
109,1.7827,still,1626.77,576.31,695,32,33
109,1.7827,still,1644.95,526.03,803,36,32
109,1.7827,still,396.19,450.98,731,35,34
109,1.7827,still,339.05,442.21,710,31,35
109,1.7827,still,872.45,325.49,806,34,34
109,1.7827,still,1088.14,212.99,827,34,36
109,1.7827,still,385.82,89.54,686,31,32
109,1.7827,still,337.01,84.99,680,31,33
109,1.7827,still,1146.76,71.78,841,35,34
109,1.7827,still,483.19,67.00,800,37,35
109,1.7827,still,442.48,58.68,875,37,37
110,1.7987,still,1514.32,1046.14,904,36,37
110,1.7987,still,1626.72,576.31,699,32,33
110,1.7987,still,1644.88,526.06,807,36,32
110,1.7987,still,396.13,451.03,749,35,34
110,1.7987,still,338.97,442.46,707,31,35
110,1.7987,still,872.52,325.56,806,34,34
110,1.7987,still,1088.16,213.03,830,34,35
110,1.7987,still,385.73,89.49,688,32,33
110,1.7987,still,337.04,85.00,686,31,33
110,1.7987,still,1146.81,71.65,849,36,36
110,1.7987,still,483.31,67.02,797,36,35
110,1.7987,still,441.72,57.58,930,36,37
111,1.8147,still,1513.50,1046.01,852,30,38
111,1.8147,still,1626.85,576.31,691,32,33
111,1.8147,still,1644.95,526.12,808,36,32
111,1.8147,still,396.09,451.09,737,35,34
111,1.8147,still,339.15,442.45,711,31,35
111,1.8147,still,872.54,325.57,800,34,34
111,1.8147,still,1088.06,213.05,819,34,35
111,1.8147,still,385.76,89.47,690,31,32
111,1.8147,still,337.11,85.03,678,31,33
111,1.8147,still,1146.84,71.63,841,35,36
111,1.8147,still,483.51,67.15,783,33,35
111,1.8147,still,442.61,58.62,864,36,37
112,1.8307,still,1513.48,1045.98,858,30,37
112,1.8307,still,1626.87,576.30,696,33,33
112,1.8307,still,1644.94,526.14,809,36,32
112,1.8307,still,396.13,450.99,748,35,34
112,1.8307,still,339.04,442.39,706,31,35
112,1.8307,still,872.54,325.47,805,34,34
112,1.8307,still,1088.12,212.97,834,34,35
112,1.8307,still,385.73,89.40,685,31,32
112,1.8307,still,337.19,85.05,685,31,33
112,1.8307,still,1146.98,71.62,853,36,36
112,1.8307,still,483.97,67.92,739,38,32
112,1.8307,still,442.56,58.74,867,37,36
113,1.8467,still,1513.49,1045.94,865,31,37
113,1.8467,still,1626.87,576.29,699,33,33
113,1.8467,still,1644.94,526.12,805,36,32
113,1.8467,still,396.20,450.95,747,35,34
113,1.8467,still,339.06,442.34,711,31,35
113,1.8467,still,872.57,325.56,802,34,35
113,1.8467,still,1088.16,213.01,826,34,35
113,1.8467,still,385.83,89.49,693,31,32
113,1.8467,still,337.13,85.17,682,31,33
113,1.8467,still,1146.71,71.57,846,35,36
113,1.8467,still,483.18,66.93,801,37,35
113,1.8467,still,441.78,57.63,933,37,37
114,1.8627,still,1513.52,1045.97,861,30,37
114,1.8627,still,1626.85,576.35,694,33,33
114,1.8627,still,1645.05,526.05,796,36,32
114,1.8627,still,396.27,450.98,742,35,34
114,1.8627,still,339.07,442.36,714,31,35
114,1.8627,still,872.56,325.66,809,34,35
114,1.8627,still,1087.73,213.61,794,34,35
114,1.8627,still,385.80,89.42,682,31,32
114,1.8627,still,337.04,85.10,681,31,33
114,1.8627,still,1146.68,71.77,844,35,34
114,1.8627,still,483.47,67.11,792,33,35
114,1.8627,still,442.56,58.57,865,37,37
115,1.8827,still,1513.47,1045.89,856,31,37
115,1.8827,still,1626.75,576.24,699,32,33
115,1.8827,still,1644.93,526.15,805,36,32
115,1.8827,still,396.17,450.97,748,35,36
115,1.8827,still,338.96,442.33,706,31,35
115,1.8827,still,872.57,325.64,803,34,34
115,1.8827,still,1088.14,213.01,829,34,35
115,1.8827,still,385.78,89.38,695,32,33
115,1.8827,still,337.19,85.03,688,31,33
115,1.8827,still,1146.88,71.55,848,35,36
115,1.8827,still,483.57,67.81,752,37,32
115,1.8827,still,442.52,58.69,869,37,37
116,1.8987,still,1513.48,1046.00,851,30,37
116,1.8987,still,1626.80,576.31,703,32,33
116,1.8987,still,1644.78,526.14,809,36,32
116,1.8987,still,396.06,451.12,737,35,34
116,1.8987,still,338.99,442.28,702,31,35
116,1.8987,still,872.59,325.54,805,34,35
116,1.8987,still,1088.10,213.03,826,34,35
116,1.8987,still,385.73,89.55,685,32,32
116,1.8987,still,337.15,85.00,680,30,33
116,1.8987,still,1146.80,71.52,843,35,36
116,1.8987,still,483.75,67.79,760,37,32
116,1.8987,still,441.75,57.57,940,37,38
117,1.9147,still,1513.41,1045.94,849,30,37
117,1.9147,still,1626.75,576.36,707,33,33
117,1.9147,still,1645.07,526.11,819,36,33
117,1.9147,still,396.07,451.12,741,35,34
117,1.9147,still,339.13,442.32,709,31,35
117,1.9147,still,872.45,325.57,807,34,35
117,1.9147,still,1088.13,213.09,827,34,35
117,1.9147,still,385.79,89.44,689,32,33
117,1.9147,still,337.15,85.04,678,31,33
117,1.9147,still,1146.79,71.64,853,35,36
117,1.9147,still,483.09,66.96,797,37,35
117,1.9147,still,441.89,57.68,923,36,37
118,1.9307,still,1514.41,1046.11,914,36,37
118,1.9307,still,1626.79,576.34,702,33,33
118,1.9307,still,1645.06,525.96,806,36,32
118,1.9307,still,396.18,451.05,741,35,36
118,1.9307,still,339.03,442.37,701,31,35
118,1.9307,still,872.52,325.56,813,34,34
118,1.9307,still,1088.14,213.08,831,34,36
118,1.9307,still,385.75,89.45,689,32,32
118,1.9307,still,337.13,84.87,683,30,33
118,1.9307,still,1146.82,71.66,846,35,36
118,1.9307,still,484.08,68.07,741,33,32
118,1.9307,still,442.58,58.58,870,37,38
119,1.9467,still,1513.46,1045.97,854,31,37
119,1.9467,still,1626.76,576.27,700,32,33
119,1.9467,still,1644.94,526.12,808,36,32
119,1.9467,still,396.10,451.00,747,35,35
119,1.9467,still,338.98,442.35,707,31,35
119,1.9467,still,872.63,325.57,809,34,34
119,1.9467,still,1088.18,212.97,828,34,35
119,1.9467,still,385.75,89.39,686,32,33
119,1.9467,still,337.15,84.96,681,31,33
119,1.9467,still,1146.86,71.71,843,35,36
119,1.9467,still,483.42,67.08,787,33,35
119,1.9467,still,442.51,58.59,879,37,38
120,1.9627,still,1513.44,1046.00,858,31,37
120,1.9627,still,1626.84,576.32,695,32,33
120,1.9627,still,1645.05,526.04,803,36,33
120,1.9627,still,396.18,451.08,733,35,34
120,1.9627,still,339.00,442.26,705,31,35
120,1.9627,still,872.53,325.58,804,34,34
120,1.9627,still,1088.08,212.96,833,34,35
120,1.9627,still,385.66,89.39,685,31,33
120,1.9627,still,337.12,84.98,682,31,33
120,1.9627,still,1146.82,71.68,853,36,36
120,1.9627,still,484.15,67.93,744,34,32
120,1.9627,still,442.53,58.68,865,37,37
121,1.9827,still,1513.45,1046.10,847,31,37
121,1.9827,still,1626.75,576.31,700,33,33
121,1.9827,still,1644.88,526.15,808,36,32
121,1.9827,still,396.05,451.04,744,35,34
121,1.9827,still,338.99,442.43,710,31,35
121,1.9827,still,872.54,325.62,805,34,34
121,1.9827,still,1087.64,213.50,796,34,35
121,1.9827,still,385.63,89.56,677,31,32
121,1.9827,still,337.09,85.12,667,30,32
121,1.9827,still,1146.96,71.58,844,36,36
121,1.9827,still,484.04,68.00,733,33,32
121,1.9827,still,442.54,58.59,873,37,38
122,1.9987,s100,1513.32,1045.93,858,31,37
122,1.9987,s100,1626.73,576.36,700,33,33
122,1.9987,s100,1644.96,526.14,814,36,33
122,1.9987,s100,396.14,451.01,750,35,34
122,1.9987,s100,339.04,442.43,697,31,35
122,1.9987,s100,873.14,325.94,759,34,34
122,1.9987,s100,1087.61,213.63,794,34,35
122,1.9987,s100,385.82,89.35,692,31,32
122,1.9987,s100,337.15,85.18,672,31,33
122,1.9987,s100,1146.89,71.49,846,36,36
122,1.9987,s100,483.42,66.97,786,34,35
122,1.9987,s100,441.73,57.62,930,37,37
123,2.0147,s100,1513.48,1045.89,856,31,38
123,2.0147,s100,1626.86,576.40,700,33,33
123,2.0147,s100,1644.95,526.07,808,36,33
123,2.0147,s100,396.13,451.08,745,35,34
123,2.0147,s100,339.08,442.40,712,31,35
123,2.0147,s100,872.54,325.67,773,34,34
123,2.0147,s100,1088.13,213.04,824,34,35
123,2.0147,s100,385.71,89.56,683,31,32
123,2.0147,s100,336.94,85.03,681,31,33
123,2.0147,s100,1146.87,71.63,851,36,36
123,2.0147,s100,483.09,66.96,800,36,35
123,2.0147,s100,441.77,57.61,926,37,37
124,2.0307,s100,1513.43,1045.91,854,30,37
124,2.0307,s100,1626.78,576.25,695,32,33
124,2.0307,s100,1644.98,526.05,802,36,32
124,2.0307,s100,396.19,451.12,744,35,34
124,2.0307,s100,339.04,442.34,714,31,35
124,2.0307,s100,872.48,325.59,776,34,34
124,2.0307,s100,1088.08,213.03,833,34,35
124,2.0307,s100,385.66,89.38,687,32,32
124,2.0307,s100,337.05,85.02,676,31,33
124,2.0307,s100,1146.88,71.69,850,35,35
124,2.0307,s100,483.02,66.93,796,36,35
124,2.0307,s100,442.51,58.53,871,37,38
125,2.0467,s100,1513.45,1045.92,856,31,37
125,2.0467,s100,1626.89,576.32,702,33,33
125,2.0467,s100,1644.91,526.07,804,36,32
125,2.0467,s100,396.17,451.10,735,35,34
125,2.0467,s100,339.04,442.38,700,31,35
125,2.0467,s100,872.57,325.67,781,34,34
125,2.0467,s100,1088.23,213.02,829,34,35
125,2.0467,s100,385.91,89.38,693,32,33
125,2.0467,s100,337.14,85.00,681,31,33
125,2.0467,s100,1146.86,71.62,845,35,36
125,2.0467,s100,483.75,67.81,749,37,32
125,2.0467,s100,441.73,57.63,929,36,38
126,2.0627,s100,1513.42,1045.96,854,31,37
126,2.0627,s100,1626.78,576.28,701,33,33
126,2.0627,s100,1645.01,526.10,807,36,32
126,2.0627,s100,396.14,451.10,735,35,34
126,2.0627,s100,339.09,442.36,706,31,35
126,2.0627,s100,872.58,325.66,775,34,34
126,2.0627,s100,1087.69,213.49,799,34,35
126,2.0627,s100,385.72,89.34,687,32,33
126,2.0627,s100,337.16,84.95,688,31,33
126,2.0627,s100,1146.80,71.51,856,35,36
126,2.0627,s100,483.55,67.08,790,33,35
126,2.0627,s100,441.60,57.65,932,37,38
127,2.0827,s100,1514.45,1046.21,913,36,37
127,2.0827,s100,1626.77,576.27,694,32,33
127,2.0827,s100,1645.08,526.12,800,36,32
127,2.0827,s100,396.20,450.94,739,35,34
127,2.0827,s100,339.02,442.39,711,31,35
127,2.0827,s100,873.08,325.93,759,34,34
127,2.0827,s100,1088.07,212.94,831,34,36
127,2.0827,s100,385.63,89.48,689,31,33
127,2.0827,s100,337.15,85.04,679,30,33
127,2.0827,s100,1146.83,71.57,849,35,36
127,2.0827,s100,483.21,66.93,805,36,35
127,2.0827,s100,442.53,58.54,877,37,38
128,2.0987,s100,1513.40,1045.93,856,31,37
128,2.0987,s100,1626.81,576.37,696,33,33
128,2.0987,s100,1644.93,526.11,814,36,32
128,2.0987,s100,396.11,451.12,742,35,34
128,2.0987,s100,339.03,442.35,702,31,35
128,2.0987,s100,872.60,325.59,780,34,34
128,2.0987,s100,1088.13,212.99,833,34,36
128,2.0987,s100,385.83,89.59,686,31,32
128,2.0987,s100,337.09,84.95,680,31,33
128,2.0987,s100,1146.67,71.70,849,35,35
128,2.0987,s100,483.17,66.95,808,36,35
128,2.0987,s100,442.64,58.67,863,37,38
129,2.1148,s100,1513.44,1045.96,861,30,37
129,2.1148,s100,1626.74,576.31,701,33,33
129,2.1148,s100,1644.96,526.09,801,36,33
129,2.1148,s100,396.07,451.10,750,35,34
129,2.1148,s100,339.01,442.32,708,31,35
129,2.1148,s100,872.98,325.95,744,34,34
129,2.1148,s100,1087.66,213.49,794,34,35
129,2.1148,s100,385.95,89.43,686,30,32
129,2.1148,s100,336.99,84.96,673,31,33
129,2.1148,s100,1146.87,71.65,853,35,36
129,2.1148,s100,484.12,68.04,739,34,32
129,2.1148,s100,442.53,58.72,875,37,36
130,2.1307,s100,1513.44,1046.04,855,31,37
130,2.1307,s100,1626.90,576.35,692,32,33
130,2.1307,s100,1644.96,526.05,795,36,32
130,2.1307,s100,396.15,451.08,738,35,34
130,2.1307,s100,338.99,442.29,705,31,35
130,2.1307,s100,873.06,325.96,752,34,34
130,2.1307,s100,1088.13,213.00,835,34,36
130,2.1307,s100,385.63,89.47,683,32,33
130,2.1307,s100,337.06,85.11,675,31,32
130,2.1307,s100,1146.82,71.53,851,35,36
130,2.1307,s100,483.60,67.78,755,37,33
130,2.1307,s100,442.53,58.58,868,37,38
131,2.1467,s100,1513.45,1046.06,853,31,37
131,2.1467,s100,1626.74,576.40,701,33,33
131,2.1467,s100,1644.98,526.06,801,36,32
131,2.1467,s100,396.10,450.90,744,35,35
131,2.1467,s100,338.91,442.38,697,31,35
131,2.1467,s100,872.61,325.71,780,34,34
131,2.1467,s100,1088.15,212.96,831,34,35
131,2.1467,s100,385.82,89.36,683,32,33
131,2.1467,s100,337.08,84.99,677,31,33
131,2.1467,s100,1146.83,71.57,856,35,36
131,2.1467,s100,483.69,67.75,761,37,32
131,2.1467,s100,442.50,58.64,872,37,37
132,2.1628,s100,1513.43,1045.97,857,31,37
132,2.1628,s100,1626.87,576.38,699,33,33
132,2.1628,s100,1644.99,526.09,807,36,33
132,2.1628,s100,396.21,451.11,744,35,35
132,2.1628,s100,339.04,442.38,713,31,35
132,2.1628,s100,873.09,326.05,748,34,34
132,2.1628,s100,1088.13,213.03,831,34,35
132,2.1628,s100,385.77,89.52,683,30,32
132,2.1628,s100,337.09,84.97,680,31,33
132,2.1628,s100,1146.83,71.65,848,35,36
132,2.1628,s100,483.07,66.92,800,36,35
132,2.1628,s100,441.71,57.72,926,36,37
133,2.1827,s100,1513.41,1045.97,860,30,37
133,2.1827,s100,1626.73,576.44,701,32,33
133,2.1827,s100,1645.06,526.10,800,36,33
133,2.1827,s100,396.13,450.87,741,35,35
133,2.1827,s100,339.04,442.31,711,31,35
133,2.1827,s100,873.09,326.02,751,34,34
133,2.1827,s100,1088.21,213.04,832,34,35
133,2.1827,s100,385.69,89.53,687,31,32
133,2.1827,s100,337.05,84.93,684,31,33
133,2.1827,s100,1146.84,71.65,846,35,36
133,2.1827,s100,484.19,68.09,741,34,32
133,2.1827,s100,441.87,57.66,929,37,37
134,2.1987,s100,1513.51,1045.99,851,30,37
134,2.1987,s100,1626.82,576.33,693,32,33
134,2.1987,s100,1644.97,526.08,805,36,32
134,2.1987,s100,396.17,451.06,747,35,35
134,2.1987,s100,339.03,442.36,705,31,35
134,2.1987,s100,872.56,325.56,780,34,34
134,2.1987,s100,1088.10,212.99,827,34,35
134,2.1987,s100,385.79,89.45,681,31,33
134,2.1987,s100,337.25,85.05,674,31,33
134,2.1987,s100,1146.75,71.60,842,35,36
134,2.1987,s100,483.40,67.03,774,33,35
134,2.1987,s100,442.56,58.64,871,37,37
135,2.2147,s100,1514.37,1046.15,907,36,37
135,2.2147,s100,1626.77,576.37,704,33,33
135,2.2147,s100,1644.83,526.07,803,36,32
135,2.2147,s100,396.12,450.92,738,35,34
135,2.2147,s100,339.00,442.38,708,31,35
135,2.2147,s100,873.07,325.95,743,34,34
135,2.2147,s100,1088.10,213.11,832,34,35
135,2.2147,s100,385.65,89.51,671,32,32
135,2.2147,s100,337.12,85.02,673,30,33
135,2.2147,s100,1146.85,71.57,853,36,36
135,2.2147,s100,483.32,67.00,798,36,35
135,2.2147,s100,441.85,57.76,935,37,37
136,2.2307,s100,1513.42,1045.99,853,30,37
136,2.2307,s100,1626.86,576.37,693,32,33
136,2.2307,s100,1645.06,526.12,807,36,33
136,2.2307,s100,396.18,450.95,743,35,36
136,2.2307,s100,339.01,442.27,709,31,35
136,2.2307,s100,872.66,325.75,778,34,34
136,2.2307,s100,1088.07,212.94,830,34,35
136,2.2307,s100,385.71,89.48,688,32,32
136,2.2307,s100,337.16,84.95,680,31,33
136,2.2307,s100,1146.81,71.59,851,35,36
136,2.2307,s100,483.21,66.99,803,38,35
136,2.2307,s100,441.74,57.55,935,37,37
137,2.2467,s100,1513.53,1046.00,864,31,37
137,2.2467,s100,1626.78,576.32,698,33,33
137,2.2467,s100,1644.96,526.04,802,36,33
137,2.2467,s100,396.16,451.07,753,35,34
137,2.2467,s100,339.11,442.29,705,31,35
137,2.2467,s100,872.58,325.65,782,34,34
137,2.2467,s100,1088.16,212.97,827,34,35
137,2.2467,s100,385.66,89.57,690,31,32
137,2.2467,s100,337.29,85.07,680,31,32
137,2.2467,s100,1146.69,71.64,848,35,36
137,2.2467,s100,483.96,67.85,740,36,33
137,2.2467,s100,441.80,57.63,935,37,38
138,2.2627,s100,1513.48,1046.06,856,30,37
138,2.2627,s100,1626.80,576.32,695,33,33
138,2.2627,s100,1644.87,526.09,806,36,32
138,2.2627,s100,396.26,451.04,744,35,34
138,2.2627,s100,338.95,442.38,702,31,35
138,2.2627,s100,872.62,325.72,780,34,34
138,2.2627,s100,1088.05,212.98,823,34,35
138,2.2627,s100,385.66,89.40,690,31,32
138,2.2627,s100,337.24,85.01,683,31,33
138,2.2627,s100,1146.88,71.65,846,35,36
138,2.2627,s100,483.57,67.85,756,36,32
138,2.2627,s100,442.57,58.58,875,37,38
139,2.2827,s100,1513.48,1046.00,858,30,37
139,2.2827,s100,1626.82,576.31,698,32,33
139,2.2827,s100,1644.93,526.02,807,36,33
139,2.2827,s100,396.22,451.14,743,35,34
139,2.2827,s100,339.02,442.38,706,31,35
139,2.2827,s100,872.61,325.66,778,34,34
139,2.2827,s100,1088.08,212.94,824,34,36
139,2.2827,s100,385.72,89.47,683,31,33
139,2.2827,s100,337.10,85.15,679,31,33
139,2.2827,s100,1146.82,71.68,842,35,36
139,2.2827,s100,483.94,67.97,743,37,32
139,2.2827,s100,442.54,58.63,872,37,37
140,2.2987,s100,1513.44,1045.99,861,31,37
140,2.2987,s100,1626.85,576.33,697,33,33
140,2.2987,s100,1644.99,526.04,804,36,32
140,2.2987,s100,396.16,450.93,743,35,35
140,2.2987,s100,338.98,442.41,706,31,35
140,2.2987,s100,872.58,325.69,777,34,34
140,2.2987,s100,1088.10,213.00,831,34,35
140,2.2987,s100,385.85,89.49,693,31,32
140,2.2987,s100,336.99,85.01,687,31,33
140,2.2987,s100,1146.77,71.70,849,35,36
140,2.2987,s100,484.11,67.99,739,33,32
140,2.2987,s100,442.49,58.53,877,37,38
141,2.3148,s100,1513.45,1046.04,863,31,37
141,2.3148,s100,1626.79,576.37,697,33,33
141,2.3148,s100,1645.01,526.17,805,36,32
141,2.3148,s100,396.07,451.00,746,35,36
141,2.3148,s100,339.15,442.33,708,31,35
141,2.3148,s100,873.12,326.05,747,34,34
141,2.3148,s100,1088.13,213.01,834,34,35
141,2.3148,s100,385.71,89.53,689,31,34
141,2.3148,s100,337.16,84.96,675,31,33
141,2.3148,s100,1146.81,71.53,851,35,36
141,2.3148,s100,484.04,67.90,742,37,32
141,2.3148,s100,441.83,57.58,936,37,37
142,2.3307,s100,1513.39,1046.01,848,30,37
142,2.3307,s100,1626.86,576.32,698,32,33
142,2.3307,s100,1644.95,526.20,810,36,32
142,2.3307,s100,396.17,451.04,740,35,34
142,2.3307,s100,339.06,442.29,712,31,35
142,2.3307,s100,872.61,325.65,777,34,34
142,2.3307,s100,1087.65,213.36,799,34,36
142,2.3307,s100,385.68,89.51,679,31,33
142,2.3307,s100,337.06,85.10,669,31,32
142,2.3307,s100,1146.78,71.65,844,35,36
142,2.3307,s100,483.05,67.04,802,37,35
142,2.3307,s100,442.45,58.78,872,37,36
143,2.3467,s100,1513.39,1045.95,866,31,37
143,2.3467,s100,1626.90,576.35,692,33,33
143,2.3467,s100,1644.92,526.15,807,36,32
143,2.3467,s100,396.14,451.04,737,35,35
143,2.3467,s100,338.98,442.48,702,31,35
143,2.3467,s100,872.62,325.69,775,34,34
143,2.3467,s100,1088.08,213.02,825,34,36
143,2.3467,s100,385.85,89.50,683,31,32
143,2.3467,s100,337.07,85.01,675,30,33
143,2.3467,s100,1146.68,71.53,847,35,36
143,2.3467,s100,483.71,67.72,755,36,32
143,2.3467,s100,441.73,57.68,930,37,37
144,2.3667,s100,1514.37,1046.10,900,36,37
144,2.3667,s100,1626.88,576.43,695,33,33
144,2.3667,s100,1644.96,526.05,804,36,32
144,2.3667,s100,396.09,450.93,743,34,35
144,2.3667,s100,338.99,442.29,712,31,35
144,2.3667,s100,872.62,325.67,784,34,34
144,2.3667,s100,1088.05,213.04,823,34,35
144,2.3667,s100,385.89,89.47,678,31,32
144,2.3667,s100,337.28,84.99,684,31,33
144,2.3667,s100,1146.82,71.56,850,35,35
144,2.3667,s100,483.50,67.02,787,33,35
144,2.3667,s100,441.78,57.68,929,37,37
145,2.3827,s100,1513.45,1045.98,862,30,37
145,2.3827,s100,1626.79,576.26,693,33,33
145,2.3827,s100,1644.96,526.19,802,36,32
145,2.3827,s100,396.10,451.08,745,35,36
145,2.3827,s100,339.04,442.41,704,31,35
145,2.3827,s100,872.60,325.60,783,34,34
145,2.3827,s100,1088.10,213.06,824,34,35
145,2.3827,s100,385.82,89.52,684,32,32
145,2.3827,s100,337.10,85.02,680,31,33
145,2.3827,s100,1146.85,71.61,855,36,36
145,2.3827,s100,483.49,67.10,789,34,35
145,2.3827,s100,442.51,58.68,869,37,38
146,2.3987,s100,1513.45,1045.93,858,31,37
146,2.3987,s100,1626.82,576.29,694,32,33
146,2.3987,s100,1644.85,526.07,807,36,33
146,2.3987,s100,396.16,450.93,748,35,34
146,2.3987,s100,339.08,442.38,703,31,35
146,2.3987,s100,873.14,326.08,749,34,34
146,2.3987,s100,1088.04,212.95,828,34,35
146,2.3987,s100,385.87,89.55,672,29,32
146,2.3987,s100,337.03,84.93,685,31,33
146,2.3987,s100,1146.80,71.71,847,35,36
146,2.3987,s100,483.61,67.85,761,37,32
146,2.3987,s100,441.87,57.70,926,36,37
147,2.4147,s100,1513.42,1045.95,858,29,37
147,2.4147,s100,1626.75,576.22,696,32,33
147,2.4147,s100,1644.99,526.02,801,36,32
147,2.4147,s100,396.19,451.11,740,35,34
147,2.4147,s100,339.06,442.37,705,31,35
147,2.4147,s100,872.58,325.67,778,34,34
147,2.4147,s100,1087.63,213.42,789,34,36
147,2.4147,s100,385.80,89.46,682,31,32
147,2.4147,s100,337.15,85.09,682,31,33
147,2.4147,s100,1146.81,71.58,845,35,36
147,2.4147,s100,483.61,67.06,785,33,35
147,2.4147,s100,442.62,58.68,863,37,37
148,2.4308,s100,1514.37,1046.10,916,36,37
148,2.4308,s100,1626.77,576.26,697,32,33
148,2.4308,s100,1645.02,526.04,805,36,33
148,2.4308,s100,396.12,451.00,737,35,34
148,2.4308,s100,339.13,442.34,706,31,35
148,2.4308,s100,872.64,325.63,780,34,34
148,2.4308,s100,1088.05,213.06,825,34,35
148,2.4308,s100,385.75,89.47,687,31,32
148,2.4308,s100,337.22,84.93,692,31,33
148,2.4308,s100,1146.80,71.73,841,35,36
148,2.4308,s100,483.48,66.96,790,33,35
148,2.4308,s100,442.56,58.73,873,37,38
149,2.4467,s100,1513.48,1046.02,851,31,37
149,2.4467,s100,1626.79,576.37,698,32,33
149,2.4467,s100,1645.03,526.20,797,36,32
149,2.4467,s100,396.16,450.96,741,35,34
149,2.4467,s100,338.98,442.33,709,31,35
149,2.4467,s100,873.05,325.89,748,34,34
149,2.4467,s100,1088.04,213.13,825,34,35
149,2.4467,s100,385.70,89.48,687,31,32
149,2.4467,s100,337.27,85.02,684,31,33
149,2.4467,s100,1146.72,71.60,845,35,36
149,2.4467,s100,483.15,66.97,802,37,35
149,2.4467,s100,442.58,58.76,859,37,37
150,2.4668,s100,1513.54,1046.04,857,31,37
150,2.4668,s100,1626.69,576.29,702,33,33
150,2.4668,s100,1644.90,526.11,804,36,32
150,2.4668,s100,396.22,451.12,748,35,35
150,2.4668,s100,339.03,442.45,710,31,35
150,2.4668,s100,872.63,325.61,777,34,34
150,2.4668,s100,1088.18,212.98,832,34,36
150,2.4668,s100,385.83,89.53,688,31,32
150,2.4668,s100,336.99,85.00,688,31,33
150,2.4668,s100,1146.79,71.65,852,36,36
150,2.4668,s100,483.11,66.97,808,36,35
150,2.4668,s100,442.62,58.53,860,37,38
151,2.4828,s100,1513.46,1045.95,855,30,37
151,2.4828,s100,1626.77,576.31,699,32,33
151,2.4828,s100,1644.88,526.23,806,36,33
151,2.4828,s100,396.20,450.84,746,35,35
151,2.4828,s100,339.06,442.42,706,31,35
151,2.4828,s100,872.55,325.62,782,34,34
151,2.4828,s100,1088.14,213.04,825,34,35
151,2.4828,s100,385.83,89.46,680,29,32
151,2.4828,s100,337.04,84.98,673,30,33
151,2.4828,s100,1146.88,71.55,851,36,36
151,2.4828,s100,484.02,67.94,744,38,32
151,2.4828,s100,441.79,57.62,935,37,38
152,2.4987,s100,1514.27,1046.14,907,36,37
152,2.4987,s100,1626.79,576.33,695,33,33
152,2.4987,s100,1645.00,526.10,804,36,33
152,2.4987,s100,396.20,451.09,737,35,34
152,2.4987,s100,338.96,442.26,703,31,35
152,2.4987,s100,873.03,325.97,753,34,34
152,2.4987,s100,1087.66,213.62,788,34,35
152,2.4987,s100,385.71,89.55,683,31,32
152,2.4987,s100,337.00,85.15,678,31,33
152,2.4987,s100,1146.79,71.60,843,35,36
152,2.4987,s100,483.52,67.01,792,34,35
152,2.4987,s100,441.82,57.70,929,37,37
153,2.5148,s100,1514.45,1046.14,895,36,37
153,2.5148,s100,1626.80,576.32,690,32,33
153,2.5148,s100,1644.86,526.08,804,36,33
153,2.5148,s100,396.07,450.95,754,35,34
153,2.5148,s100,339.07,442.37,713,31,35
153,2.5148,s100,872.58,325.70,770,34,34
153,2.5148,s100,1088.11,213.06,830,34,35
153,2.5148,s100,385.86,89.53,681,32,33
153,2.5148,s100,337.27,85.08,684,30,33
153,2.5148,s100,1146.73,71.64,839,35,36
153,2.5148,s100,483.15,66.96,809,37,35
153,2.5148,s100,442.55,58.67,868,37,37
154,2.5308,s100,1513.55,1045.97,860,30,37
154,2.5308,s100,1626.86,576.31,695,33,33
154,2.5308,s100,1644.95,526.02,807,36,32
154,2.5308,s100,396.11,451.14,739,35,34
154,2.5308,s100,339.14,442.39,704,31,35
154,2.5308,s100,872.64,325.58,778,34,34
154,2.5308,s100,1088.08,213.00,830,34,35
154,2.5308,s100,385.71,89.65,684,32,32
154,2.5308,s100,337.17,85.03,681,30,32
154,2.5308,s100,1146.83,71.64,847,35,36
154,2.5308,s100,483.15,66.89,813,37,35
154,2.5308,s100,442.42,58.55,867,37,38
155,2.5468,s100,1513.55,1046.03,858,31,37
155,2.5468,s100,1626.72,576.38,698,32,33
155,2.5468,s100,1644.86,525.98,801,36,32
155,2.5468,s100,396.23,451.07,736,35,34
155,2.5468,s100,338.96,442.30,703,31,35
155,2.5468,s100,873.02,325.99,746,34,34
155,2.5468,s100,1088.11,212.95,822,34,35
155,2.5468,s100,385.65,89.54,688,31,33
155,2.5468,s100,337.27,85.07,679,31,33
155,2.5468,s100,1146.78,71.64,853,35,36
155,2.5468,s100,483.33,66.99,788,36,34
155,2.5468,s100,442.54,58.64,868,36,37
156,2.5668,s100,1513.45,1046.00,860,30,37
156,2.5668,s100,1626.73,576.28,699,33,33
156,2.5668,s100,1644.93,526.07,810,36,32
156,2.5668,s100,396.15,451.08,739,35,34
156,2.5668,s100,339.05,442.31,705,31,35
156,2.5668,s100,872.61,325.61,787,34,34
156,2.5668,s100,1088.04,213.05,828,34,36
156,2.5668,s100,385.73,89.49,673,31,32
156,2.5668,s100,337.17,84.91,687,31,33
156,2.5668,s100,1146.83,71.63,844,35,36
156,2.5668,s100,484.22,67.98,739,33,32
156,2.5668,s100,442.51,58.75,876,37,36
157,2.5828,s100,1513.44,1046.00,850,31,37
157,2.5828,s100,1626.86,576.33,696,32,33
157,2.5828,s100,1644.87,526.15,803,36,32
157,2.5828,s100,396.12,450.93,742,35,34
157,2.5828,s100,338.98,442.31,705,31,35
157,2.5828,s100,872.61,325.63,783,34,34
157,2.5828,s100,1088.09,213.01,824,34,35
157,2.5828,s100,385.75,89.47,686,31,32
157,2.5828,s100,337.10,85.15,677,31,33
157,2.5828,s100,1146.84,71.55,844,35,36
157,2.5828,s100,483.60,67.78,757,36,32
157,2.5828,s100,442.49,58.59,872,38,38
158,2.5988,s100,1514.57,1046.18,901,36,37
158,2.5988,s100,1626.76,576.26,697,32,33
158,2.5988,s100,1644.95,526.05,802,36,33
158,2.5988,s100,396.11,451.12,737,35,35
158,2.5988,s100,339.03,442.38,710,31,35
158,2.5988,s100,872.60,325.74,776,34,34
158,2.5988,s100,1088.07,212.98,823,34,35
158,2.5988,s100,385.77,89.37,685,31,33
158,2.5988,s100,337.14,84.93,687,31,33
158,2.5988,s100,1146.75,71.61,842,35,36
158,2.5988,s100,483.30,67.00,805,38,35
158,2.5988,s100,442.51,58.57,876,37,38
159,2.6147,s100,1514.37,1046.11,909,35,37
159,2.6147,s100,1626.87,576.30,692,32,33
159,2.6147,s100,1644.94,526.06,789,36,32
159,2.6147,s100,396.13,451.05,751,35,35
159,2.6147,s100,339.05,442.32,702,31,35
159,2.6147,s100,872.60,325.64,780,34,34
159,2.6147,s100,1088.17,212.98,826,34,36
159,2.6147,s100,385.90,89.48,688,32,33
159,2.6147,s100,337.17,84.84,680,30,33
159,2.6147,s100,1146.92,71.51,850,35,36
159,2.6147,s100,483.62,67.24,781,33,34
159,2.6147,s100,442.72,58.65,872,37,36
160,2.6308,s100,1513.38,1046.07,856,30,37
160,2.6308,s100,1626.84,576.26,700,33,33
160,2.6308,s100,1644.96,526.12,803,36,32
160,2.6308,s100,396.10,450.94,744,35,35
160,2.6308,s100,339.02,442.28,707,31,35
160,2.6308,s100,872.62,325.74,773,34,34
160,2.6308,s100,1088.21,213.08,824,34,35
160,2.6308,s100,385.76,89.59,678,31,32
160,2.6308,s100,336.99,85.04,678,31,33
160,2.6308,s100,1146.77,71.66,854,35,36
160,2.6308,s100,483.54,67.77,750,36,32
160,2.6308,s100,441.81,57.73,929,36,37
161,2.6468,s100,1514.28,1046.10,911,36,37
161,2.6468,s100,1626.82,576.33,699,32,33
161,2.6468,s100,1644.84,526.05,794,36,32
161,2.6468,s100,396.12,451.03,744,35,34
161,2.6468,s100,338.96,442.32,703,31,35
161,2.6468,s100,872.67,325.67,781,34,34
161,2.6468,s100,1088.06,213.02,829,34,35
161,2.6468,s100,385.73,89.57,684,32,32
161,2.6468,s100,337.09,85.06,675,31,33
161,2.6468,s100,1146.92,71.66,840,35,36
161,2.6468,s100,483.68,67.08,785,34,35
161,2.6468,s100,442.49,58.63,876,37,38
162,2.6668,s100,1513.44,1046.02,850,30,37
162,2.6668,s100,1626.80,576.27,696,32,33
162,2.6668,s100,1644.94,526.12,793,36,33
162,2.6668,s100,396.15,451.04,747,35,34
162,2.6668,s100,339.05,442.36,708,31,35
162,2.6668,s100,872.61,325.64,784,34,34
162,2.6668,s100,1088.07,212.97,828,34,35
162,2.6668,s100,385.85,89.48,695,32,33
162,2.6668,s100,337.02,84.93,680,31,33
162,2.6668,s100,1146.79,71.69,851,35,35
162,2.6668,s100,483.47,67.18,788,34,35
162,2.6668,s100,442.60,58.58,868,37,38
163,2.6828,s100,1513.48,1046.08,856,30,37
163,2.6828,s100,1626.74,576.37,694,33,33
163,2.6828,s100,1644.93,526.16,805,36,32
163,2.6828,s100,396.17,451.00,733,35,35
163,2.6828,s100,339.09,442.34,704,31,35
163,2.6828,s100,872.57,325.68,778,34,34
163,2.6828,s100,1088.10,213.08,825,34,35
163,2.6828,s100,385.57,89.49,681,31,32
163,2.6828,s100,337.12,85.15,680,31,33
163,2.6828,s100,1146.79,71.61,851,35,36
163,2.6828,s100,483.58,67.08,787,34,35
163,2.6828,s100,442.62,58.62,862,36,36
164,2.6987,s100,1513.48,1046.01,861,31,37
164,2.6987,s100,1626.69,576.35,707,32,33
164,2.6987,s100,1644.96,526.19,806,36,32
164,2.6987,s100,396.15,451.08,739,35,34
164,2.6987,s100,338.93,442.33,714,31,35
164,2.6987,s100,872.58,325.66,777,34,34
164,2.6987,s100,1088.13,213.01,822,34,36
164,2.6987,s100,385.78,89.54,679,31,33
164,2.6987,s100,337.15,84.99,679,31,33
164,2.6987,s100,1146.80,71.69,847,35,36
164,2.6987,s100,484.20,67.93,734,33,32
164,2.6987,s100,442.50,58.69,864,37,36
165,2.7148,s100,1513.46,1045.96,853,31,37
165,2.7148,s100,1626.71,576.34,694,32,33
165,2.7148,s100,1645.01,526.09,808,36,32
165,2.7148,s100,396.09,451.07,741,35,34
165,2.7148,s100,339.01,442.27,705,31,35
165,2.7148,s100,872.68,325.65,782,34,34
165,2.7148,s100,1088.10,213.07,820,34,35
165,2.7148,s100,385.69,89.44,680,31,32
165,2.7148,s100,337.07,85.04,683,31,33
165,2.7148,s100,1146.86,71.55,847,36,36
165,2.7148,s100,483.09,67.00,807,36,35
165,2.7148,s100,442.62,58.73,861,36,36
166,2.7308,s100,1514.33,1046.11,901,36,37
166,2.7308,s100,1626.78,576.41,698,33,33
166,2.7308,s100,1644.90,526.07,802,36,33
166,2.7308,s100,396.13,450.99,742,35,34
166,2.7308,s100,339.10,442.24,705,31,35
166,2.7308,s100,873.09,325.98,753,34,35
166,2.7308,s100,1088.08,212.94,832,34,35
166,2.7308,s100,385.78,89.65,678,31,32
166,2.7308,s100,337.12,85.04,674,30,33
166,2.7308,s100,1146.71,71.82,842,35,34
166,2.7308,s100,483.20,66.88,805,37,35
166,2.7308,s100,442.49,58.63,875,37,38
167,2.7468,s100,1513.42,1046.04,858,31,37
167,2.7468,s100,1626.83,576.31,697,32,33
167,2.7468,s100,1644.88,526.13,805,36,32
167,2.7468,s100,396.15,451.11,741,35,34
167,2.7468,s100,339.07,442.44,711,31,35
167,2.7468,s100,872.61,325.51,787,34,34
167,2.7468,s100,1088.07,213.12,833,34,35
167,2.7468,s100,385.63,89.47,684,31,32
167,2.7468,s100,337.13,85.01,673,30,33
167,2.7468,s100,1146.79,71.79,839,35,36
167,2.7468,s100,483.13,66.98,806,37,35
167,2.7468,s100,442.61,58.55,879,37,37
168,2.7667,s100,1513.40,1045.93,856,30,37
168,2.7667,s100,1626.80,576.27,695,32,33
168,2.7667,s100,1644.94,526.06,803,36,32
168,2.7667,s100,396.05,450.92,745,34,35
168,2.7667,s100,339.17,442.32,700,31,35
168,2.7667,s100,873.19,325.89,770,34,34
168,2.7667,s100,1088.10,213.25,852,34,36
168,2.7667,s100,385.76,89.50,676,31,32
168,2.7667,s100,337.07,85.01,672,31,33
168,2.7667,s100,1146.67,71.72,842,35,36
168,2.7667,s100,483.61,67.79,761,36,32
168,2.7667,s100,441.78,57.61,931,37,37
169,2.7828,s100,1513.42,1045.95,853,30,37
169,2.7828,s100,1626.77,576.29,699,33,33
169,2.7828,s100,1644.96,526.10,803,36,32
169,2.7828,s100,396.12,451.02,747,35,35
169,2.7828,s100,339.06,442.49,708,31,35
169,2.7828,s100,873.39,325.88,757,34,34
169,2.7828,s100,1087.98,213.10,841,34,36
169,2.7828,s100,385.75,89.61,688,31,32
169,2.7828,s100,337.13,85.04,676,31,33
169,2.7828,s100,1146.76,71.74,818,35,34
169,2.7828,s100,484.27,67.98,736,34,32
169,2.7828,s100,441.85,57.68,924,36,37
170,2.7988,s100,1513.51,1046.02,857,31,37
170,2.7988,s100,1626.84,576.44,702,33,33
170,2.7988,s100,1644.89,526.09,813,36,32
170,2.7988,s100,396.10,450.95,739,35,34
170,2.7988,s100,339.05,442.42,708,31,35
170,2.7988,s100,873.46,325.91,730,33,34
170,2.7988,s100,1088.40,213.24,823,32,37
170,2.7988,s100,385.74,89.46,683,31,32
170,2.7988,s100,337.18,85.02,675,31,33
170,2.7988,s100,1146.95,71.57,790,35,34
170,2.7988,s100,483.00,66.98,815,37,35
170,2.7988,s100,442.52,58.66,865,37,37
171,2.8148,s100,1513.53,1046.04,851,30,37
171,2.8148,s100,1626.96,576.31,698,32,33
171,2.8148,s100,1644.99,526.07,805,36,32
171,2.8148,s100,396.18,451.06,736,35,35
171,2.8148,s100,339.09,442.34,696,31,35
171,2.8148,s100,873.52,326.00,690,33,33
171,2.8148,s100,1088.55,213.37,788,32,36
171,2.8148,s100,385.90,89.52,685,31,32
171,2.8148,s100,337.11,85.14,669,30,33
171,2.8148,s100,1146.70,71.85,735,33,32
171,2.8148,s100,483.63,67.18,775,33,35
171,2.8148,s100,442.55,58.68,861,37,37
172,2.8308,s100,1513.50,1046.06,858,30,37
172,2.8308,s100,1626.74,576.30,704,32,33
172,2.8308,s100,1644.95,526.09,801,36,32
172,2.8308,s100,396.14,451.10,746,35,34
172,2.8308,s100,339.03,442.31,702,31,35
172,2.8308,s100,874.03,325.79,651,31,32
172,2.8308,s100,1088.39,213.27,767,32,36
172,2.8308,s100,385.87,89.49,684,31,32
172,2.8308,s100,337.16,85.21,679,31,33
172,2.8308,s100,1146.92,71.35,668,33,31
172,2.8308,s100,484.20,67.94,730,34,32
172,2.8308,s100,442.55,58.71,862,37,36
173,2.8468,s100,1513.43,1046.02,855,31,37
173,2.8468,s100,1626.86,576.35,694,32,33
173,2.8468,s100,1644.88,526.10,811,36,32
173,2.8468,s100,396.12,451.03,739,35,34
173,2.8468,s100,339.16,442.34,714,31,35
173,2.8468,s100,874.49,325.26,609,29,31
173,2.8468,s100,1087.95,213.01,741,32,35
173,2.8468,s100,385.84,89.50,686,32,32
173,2.8468,s100,337.26,85.01,688,31,33
173,2.8468,s100,1147.01,70.60,618,33,30
173,2.8468,s100,483.63,67.86,757,37,32
173,2.8468,s100,442.52,58.61,866,37,37
174,2.8668,s100,1513.39,1045.99,859,31,37
174,2.8668,s100,1626.82,576.24,697,32,33
174,2.8668,s100,1645.01,526.12,803,36,32
174,2.8668,s100,396.17,450.95,743,35,34
174,2.8668,s100,338.95,442.28,704,31,35
174,2.8668,s100,875.06,324.82,589,28,30
174,2.8668,s100,1087.66,212.87,722,32,35
174,2.8668,s100,385.75,89.57,687,31,33
174,2.8668,s100,337.26,85.14,684,31,33
174,2.8668,s100,1146.80,70.15,552,33,29
174,2.8668,s100,484.18,68.00,735,33,32
174,2.8668,s100,442.56,58.58,866,36,38
175,2.8828,s100,1514.42,1046.13,905,35,37
175,2.8828,s100,1626.89,576.35,697,32,33
175,2.8828,s100,1644.95,525.98,799,36,32
175,2.8828,s100,396.22,451.11,736,35,34
175,2.8828,s100,339.03,442.44,708,31,35
175,2.8828,s100,875.60,324.01,576,28,30
175,2.8828,s100,1086.93,212.09,716,32,35
175,2.8828,s100,385.78,89.48,680,31,33
175,2.8828,s100,337.24,85.02,672,30,33
175,2.8828,s100,1146.83,70.07,520,33,28
175,2.8828,s100,483.00,66.98,811,37,35
175,2.8828,s100,441.83,57.71,921,36,37
176,2.8988,s100,1513.44,1045.98,857,30,37
176,2.8988,s100,1626.86,576.29,703,33,33
176,2.8988,s100,1645.00,526.14,805,36,32
176,2.8988,s100,396.19,451.03,743,35,34
176,2.8988,s100,339.10,442.41,708,31,35
176,2.8988,s100,876.40,323.12,557,28,29
176,2.8988,s100,1086.35,211.53,714,31,35
176,2.8988,s100,385.68,89.55,679,31,32
176,2.8988,s100,337.21,85.02,686,31,33
176,2.8988,s100,1146.63,70.13,491,32,27
176,2.8988,s100,483.12,66.95,814,37,35
176,2.8988,s100,441.74,57.55,931,37,38
177,2.9148,s100,1514.40,1046.15,901,36,37
177,2.9148,s100,1626.89,576.35,693,33,33
177,2.9148,s100,1644.92,526.08,805,36,32
177,2.9148,s100,396.11,451.10,728,35,34
177,2.9148,s100,339.05,442.39,706,31,35
177,2.9148,s100,877.04,321.26,527,27,30
177,2.9148,s100,1085.49,210.60,710,31,35
177,2.9148,s100,385.56,89.49,681,31,32
177,2.9148,s100,337.16,85.03,668,30,33
177,2.9148,s100,1146.36,70.24,485,33,28
177,2.9148,s100,483.50,67.20,778,34,35
177,2.9148,s100,442.54,58.69,863,36,38
178,2.9308,s100,1513.45,1046.08,861,31,37
178,2.9308,s100,1626.81,576.35,698,32,33
178,2.9308,s100,1644.86,526.08,804,36,33
178,2.9308,s100,396.06,451.12,747,35,34
178,2.9308,s100,339.00,442.35,708,31,35
178,2.9308,s100,877.83,320.24,513,27,30
178,2.9308,s100,1084.82,209.50,690,32,34
178,2.9308,s100,385.68,89.59,680,31,33
178,2.9308,s100,337.01,85.06,677,31,33
178,2.9308,s100,1146.57,71.22,454,33,23
178,2.9308,s100,483.26,67.01,803,37,35
178,2.9308,s100,442.52,58.67,873,37,37
179,2.9468,s100,1514.30,1046.10,909,36,37
179,2.9468,s100,1626.89,576.36,694,32,33
179,2.9468,s100,1645.02,526.01,806,36,33
179,2.9468,s100,396.06,451.15,740,35,35
179,2.9468,s100,338.99,442.33,700,31,35
179,2.9468,s100,879.43,320.19,559,26,31
179,2.9468,s100,1083.68,207.80,595,28,33
179,2.9468,s100,385.68,89.50,676,31,32
179,2.9468,s100,337.05,85.10,673,31,33
179,2.9468,s100,1145.77,71.08,477,30,26
179,2.9468,s100,483.14,66.96,804,38,35
179,2.9468,s100,442.57,58.65,873,37,37
180,2.9668,s100,1513.45,1045.94,854,30,37
180,2.9668,s100,1626.81,576.37,702,32,33
180,2.9668,s100,1644.93,526.13,806,36,33
180,2.9668,s100,396.09,451.01,742,35,34
180,2.9668,s100,339.17,442.44,703,31,35
180,2.9668,s100,880.38,318.85,544,25,31
180,2.9668,s100,1083.03,207.23,575,28,34
180,2.9668,s100,385.78,89.48,685,31,33
180,2.9668,s100,336.97,85.08,674,31,33
180,2.9668,s100,1144.74,71.23,474,32,26
180,2.9668,s100,483.23,66.99,799,38,35
180,2.9668,s100,442.53,58.76,864,37,36
181,2.9828,s100,1513.52,1046.06,867,30,37
181,2.9828,s100,1626.79,576.30,698,32,33
181,2.9828,s100,1645.02,526.18,805,36,32
181,2.9828,s100,396.17,451.03,738,35,34
181,2.9828,s100,338.96,442.34,708,31,35
181,2.9828,s100,881.59,317.37,540,26,31
181,2.9828,s100,1081.52,205.02,552,27,34
181,2.9828,s100,385.80,89.53,688,31,32
181,2.9828,s100,337.10,85.03,686,31,33
181,2.9828,s100,1145.34,72.54,438,29,22
181,2.9828,s100,483.63,67.83,758,37,32
181,2.9828,s100,441.82,57.62,928,37,37
182,2.9988,stop,1513.47,1046.00,855,30,37
182,2.9988,stop,1626.89,576.48,695,33,33
182,2.9988,stop,1644.95,526.06,811,36,32
182,2.9988,stop,396.07,451.02,743,35,34
182,2.9988,stop,339.03,442.35,702,31,35
182,2.9988,stop,883.12,315.57,571,27,32
182,2.9988,stop,1080.45,203.56,551,27,34
182,2.9988,stop,385.81,89.58,690,31,32
182,2.9988,stop,337.18,84.99,682,30,33
182,2.9988,stop,1143.41,73.00,489,30,26
182,2.9988,stop,483.67,67.23,785,35,34
182,2.9988,stop,441.74,57.70,922,37,37
183,3.0148,stop,1513.49,1045.91,855,30,37
183,3.0148,stop,1626.72,576.35,693,32,33
183,3.0148,stop,1644.93,526.12,812,36,32
183,3.0148,stop,396.16,451.07,730,35,35
183,3.0148,stop,339.07,442.41,712,31,35
183,3.0148,stop,884.48,313.49,580,27,32
183,3.0148,stop,1078.96,201.44,550,27,33
183,3.0148,stop,385.75,89.49,686,33,32
183,3.0148,stop,337.15,85.09,683,31,33
183,3.0148,stop,1142.32,74.95,535,31,33
183,3.0148,stop,484.11,67.96,741,34,32
183,3.0148,stop,442.52,58.71,868,37,38
184,3.0308,stop,1514.36,1046.15,906,36,37
184,3.0308,stop,1626.79,576.33,695,32,33
184,3.0308,stop,1644.91,526.10,810,36,32
184,3.0308,stop,396.16,451.06,738,35,34
184,3.0308,stop,339.03,442.36,708,31,35
184,3.0308,stop,886.04,311.42,582,27,32
184,3.0308,stop,1077.25,199.03,540,26,32
184,3.0308,stop,385.86,89.49,688,31,32
184,3.0308,stop,337.15,85.09,676,31,33
184,3.0308,stop,1141.66,76.10,543,32,32
184,3.0308,stop,483.15,66.99,797,36,35
184,3.0308,stop,442.66,58.52,874,37,38
185,3.0508,stop,1513.53,1046.03,860,31,37
185,3.0508,stop,1626.82,576.29,692,33,33
185,3.0508,stop,1644.90,526.15,803,36,32
185,3.0508,stop,396.16,451.01,731,35,34
185,3.0508,stop,339.08,442.45,702,31,35
185,3.0508,stop,887.89,309.27,586,27,31
185,3.0508,stop,1075.66,197.01,521,26,31
185,3.0508,stop,385.83,89.47,682,32,32
185,3.0508,stop,337.01,85.10,681,31,33
185,3.0508,stop,1140.88,75.17,492,32,25
185,3.0508,stop,483.62,67.77,757,37,32
185,3.0508,stop,442.59,58.65,868,37,38
186,3.0668,stop,1513.42,1046.01,856,30,37
186,3.0668,stop,1626.81,576.41,700,32,33
186,3.0668,stop,1644.97,526.04,799,36,33
186,3.0668,stop,396.15,451.04,748,35,35
186,3.0668,stop,339.03,442.38,702,31,35
186,3.0668,stop,889.30,306.61,553,25,32
186,3.0668,stop,1073.76,194.57,534,26,33
186,3.0668,stop,385.65,89.42,689,31,32
186,3.0668,stop,337.23,84.85,692,31,33
186,3.0668,stop,1139.58,76.47,504,30,26
186,3.0668,stop,483.66,67.85,748,36,32
186,3.0668,stop,441.79,57.65,933,36,37
187,3.0828,stop,1513.43,1046.00,855,30,37
187,3.0828,stop,1626.80,576.27,687,32,33
187,3.0828,stop,1644.92,526.04,807,36,32
187,3.0828,stop,396.10,450.99,755,35,35
187,3.0828,stop,338.97,442.32,711,31,35
187,3.0828,stop,891.57,304.14,576,27,32
187,3.0828,stop,1071.92,192.27,527,25,32
187,3.0828,stop,385.85,89.37,690,31,32
187,3.0828,stop,337.06,85.04,678,31,33
187,3.0828,stop,1138.00,77.82,508,30,25
187,3.0828,stop,483.50,67.10,788,33,35
187,3.0828,stop,442.55,58.50,866,36,38
188,3.0988,stop,1513.54,1046.05,864,31,37
188,3.0988,stop,1626.80,576.38,696,32,33
188,3.0988,stop,1644.97,526.12,810,36,33
188,3.0988,stop,396.22,450.89,740,35,34
188,3.0988,stop,338.96,442.43,710,31,35
188,3.0988,stop,893.59,301.31,584,27,31
188,3.0988,stop,1070.06,190.06,538,26,33
188,3.0988,stop,385.77,89.57,685,32,32
188,3.0988,stop,337.23,85.17,680,31,33
188,3.0988,stop,1136.21,79.26,518,30,26
188,3.0988,stop,483.11,66.92,810,37,35
188,3.0988,stop,441.70,57.61,935,37,37
189,3.1148,stop,1513.51,1045.95,857,30,37
189,3.1148,stop,1626.84,576.33,691,33,33
189,3.1148,stop,1645.03,526.09,800,36,32
189,3.1148,stop,396.26,451.04,742,35,34
189,3.1148,stop,339.06,442.38,706,31,35
189,3.1148,stop,895.73,298.00,619,28,33
189,3.1148,stop,1067.92,187.37,541,26,32
189,3.1148,stop,385.73,89.58,678,31,32
189,3.1148,stop,337.00,85.09,679,31,33
189,3.1148,stop,1134.39,81.78,491,29,27
189,3.1148,stop,483.65,67.78,756,38,32
189,3.1148,stop,442.47,58.58,866,37,37
190,3.1308,stop,1513.47,1045.97,850,29,37
190,3.1308,stop,1626.83,576.37,703,33,33
190,3.1308,stop,1644.83,526.11,810,36,33
190,3.1308,stop,396.16,450.95,737,35,35
190,3.1308,stop,339.10,442.38,704,31,35
190,3.1308,stop,897.86,295.12,612,28,33
190,3.1308,stop,1065.49,184.50,539,27,33
190,3.1308,stop,385.76,89.47,687,31,33
190,3.1308,stop,1132.08,83.67,457,26,26
190,3.1308,stop,337.25,85.03,692,31,33
190,3.1308,stop,483.45,67.07,782,34,35
190,3.1308,stop,441.71,57.72,933,36,37
191,3.1508,stop,1513.45,1045.93,859,31,37
191,3.1508,stop,1626.69,576.27,700,32,33
191,3.1508,stop,1645.01,526.15,800,36,33
191,3.1508,stop,396.08,451.07,734,35,34
191,3.1508,stop,339.04,442.40,706,31,35
191,3.1508,stop,900.12,291.79,623,28,32
191,3.1508,stop,1063.19,181.84,553,27,33
191,3.1508,stop,1132.39,86.87,463,30,26
191,3.1508,stop,385.70,89.53,677,30,32
191,3.1508,stop,337.10,84.97,677,30,33
191,3.1508,stop,482.93,66.91,799,36,35
191,3.1508,stop,442.51,58.65,869,36,37
192,3.1668,stop,1513.42,1045.89,865,30,38
192,3.1668,stop,1626.90,576.34,692,32,33
192,3.1668,stop,1644.91,526.06,805,36,33
192,3.1668,stop,395.98,450.96,736,34,35
192,3.1668,stop,339.05,442.36,702,31,35
192,3.1668,stop,902.61,288.40,649,28,33
192,3.1668,stop,1060.81,179.13,537,26,33
192,3.1668,stop,1130.48,89.16,450,30,25
192,3.1668,stop,385.76,89.53,687,33,32
192,3.1668,stop,337.13,85.12,690,31,33
192,3.1668,stop,482.93,66.99,798,37,35
192,3.1668,stop,441.74,57.67,926,36,37
193,3.1828,stop,1513.52,1045.98,859,31,37
193,3.1828,stop,1626.78,576.28,704,33,33
193,3.1828,stop,1644.98,526.12,809,36,32
193,3.1828,stop,396.22,451.02,739,35,35
193,3.1828,stop,339.01,442.36,708,31,35
193,3.1828,stop,905.01,284.52,665,29,34
193,3.1828,stop,1057.42,176.44,615,27,34
193,3.1828,stop,1128.62,91.95,445,29,25
193,3.1828,stop,385.67,89.56,681,32,32
193,3.1828,stop,337.08,85.13,672,31,33
193,3.1828,stop,483.21,66.96,800,37,35
193,3.1828,stop,442.55,58.52,874,37,38
194,3.1988,stop,1513.42,1046.01,870,31,37
194,3.1988,stop,1626.76,576.28,696,32,33
194,3.1988,stop,1645.04,526.06,798,36,32
194,3.1988,stop,396.15,451.10,738,35,34
194,3.1988,stop,338.96,442.43,705,31,35
194,3.1988,stop,907.56,280.94,687,30,34
194,3.1988,stop,1054.39,173.39,640,28,34
194,3.1988,stop,1125.83,93.84,467,30,27
194,3.1988,stop,385.73,89.45,685,32,32
194,3.1988,stop,337.26,84.93,687,30,33
194,3.1988,stop,484.14,67.97,736,33,32
194,3.1988,stop,442.62,58.63,872,36,38
195,3.2148,stop,1514.32,1046.20,892,36,37
195,3.2148,stop,1626.76,576.39,695,33,33
195,3.2148,stop,1644.99,526.13,801,35,33
195,3.2148,stop,396.24,451.05,738,35,35
195,3.2148,stop,339.09,442.38,700,31,35
195,3.2148,stop,910.10,277.37,675,30,34
195,3.2148,stop,1051.13,170.19,643,27,35
195,3.2148,stop,1124.16,97.68,428,30,24
195,3.2148,stop,385.86,89.43,677,29,33
195,3.2148,stop,337.14,85.06,671,31,33
195,3.2148,stop,483.71,67.76,763,37,32
195,3.2148,stop,441.83,57.63,921,36,37
196,3.2308,stop,1513.41,1045.88,864,31,37
196,3.2308,stop,1626.82,576.29,700,33,33
196,3.2308,stop,1645.00,526.01,798,36,32
196,3.2308,stop,396.13,450.98,729,35,34
196,3.2308,stop,339.07,442.39,702,31,35
196,3.2308,stop,913.24,272.85,628,28,32
196,3.2308,stop,1048.11,166.89,648,28,35
196,3.2308,stop,1120.59,100.24,385,24,23
196,3.2308,stop,385.79,89.50,692,31,32
196,3.2308,stop,337.14,85.09,682,31,33
196,3.2308,stop,483.51,67.06,795,35,35
196,3.2308,stop,441.85,57.62,922,37,37
197,3.2508,stop,1513.47,1045.99,854,30,37
197,3.2508,stop,1626.72,576.24,695,32,33
197,3.2508,stop,1645.05,526.03,800,36,32
197,3.2508,stop,396.19,451.11,742,35,34
197,3.2508,stop,339.01,442.31,704,31,35
197,3.2508,stop,915.69,268.95,648,29,33
197,3.2508,stop,1044.72,163.53,656,27,35
197,3.2508,stop,1119.29,103.92,413,30,24
197,3.2508,stop,385.70,89.45,681,30,32
197,3.2508,stop,337.14,85.14,673,30,33
197,3.2508,stop,483.07,66.94,809,37,35
197,3.2508,stop,442.50,58.67,876,37,37
198,3.2668,stop,1513.43,1046.04,860,30,37
198,3.2668,stop,1626.80,576.36,699,33,33
198,3.2668,stop,1645.00,526.11,805,36,33
198,3.2668,stop,396.17,450.99,736,35,35
198,3.2668,stop,339.12,442.47,712,31,35
198,3.2668,stop,918.61,264.87,694,30,35
198,3.2668,stop,1041.86,159.88,750,30,36
198,3.2668,stop,1114.58,106.12,417,26,26
198,3.2668,stop,385.73,89.50,684,31,32
198,3.2668,stop,337.09,85.12,678,31,33
198,3.2668,stop,483.58,67.14,788,33,35
198,3.2668,stop,442.66,58.56,876,36,38
199,3.2828,stop,1513.33,1046.10,855,30,37
199,3.2828,stop,1626.80,576.35,706,32,33
199,3.2828,stop,1644.95,525.98,803,36,33
199,3.2828,stop,396.07,451.16,738,35,34
199,3.2828,stop,339.04,442.35,709,31,35
199,3.2828,stop,921.56,260.72,712,30,34
199,3.2828,stop,1038.07,155.76,775,31,37
199,3.2828,stop,1113.47,109.97,359,23,23
199,3.2828,stop,385.85,89.56,679,30,32
199,3.2828,stop,337.12,85.10,679,31,33
199,3.2828,stop,483.21,66.97,813,37,35
199,3.2828,stop,442.61,58.61,873,37,37
200,3.2988,stop,1513.50,1045.97,858,31,37
200,3.2988,stop,1626.77,576.45,694,32,33
200,3.2988,stop,1645.02,526.07,801,36,32
200,3.2988,stop,396.12,451.01,743,35,36
200,3.2988,stop,339.09,442.29,706,31,35
200,3.2988,stop,924.59,256.63,699,30,35
200,3.2988,stop,1033.92,152.16,731,29,36
200,3.2988,stop,1110.52,113.63,359,23,24
200,3.2988,stop,385.86,89.46,675,29,32
200,3.2988,stop,337.02,85.00,677,31,33
200,3.2988,stop,483.16,67.00,801,36,35
200,3.2988,stop,442.61,58.68,868,37,37
201,3.3148,stop,1513.40,1045.91,857,31,37
201,3.3148,stop,1626.79,576.38,696,33,33
201,3.3148,stop,1644.96,526.07,804,36,32
201,3.3148,stop,396.18,451.10,741,35,34
201,3.3148,stop,339.03,442.24,703,31,35
201,3.3148,stop,928.14,251.79,674,31,35
201,3.3148,stop,1029.92,147.91,688,29,36
201,3.3148,stop,1107.12,116.19,417,24,26
201,3.3148,stop,385.76,89.51,687,32,32
201,3.3148,stop,337.18,84.96,677,30,33
201,3.3148,stop,484.16,67.96,730,33,32
201,3.3148,stop,442.53,58.56,874,37,38
202,3.3308,stop,1513.52,1046.01,844,31,37
202,3.3308,stop,1626.88,576.39,690,33,33
202,3.3308,stop,1645.03,526.09,801,36,33
202,3.3308,stop,396.20,451.01,747,35,35
202,3.3308,stop,339.06,442.30,705,31,35
202,3.3308,stop,931.30,247.09,661,28,34
202,3.3308,stop,1026.63,144.42,736,31,36
202,3.3308,stop,1105.00,120.04,471,33,26
202,3.3308,stop,385.76,89.43,679,31,32
202,3.3308,stop,337.07,85.00,676,30,33
202,3.3308,stop,483.59,67.88,750,36,32
202,3.3308,stop,442.49,58.58,871,37,38
203,3.3508,stop,1513.35,1045.95,865,31,37
203,3.3508,stop,1626.72,576.35,699,32,33
203,3.3508,stop,1644.98,526.03,795,36,32
203,3.3508,stop,396.17,450.93,744,35,35
203,3.3508,stop,339.05,442.36,703,31,35
203,3.3508,stop,934.56,242.36,707,30,35
203,3.3508,stop,1022.39,140.86,717,30,36
203,3.3508,stop,1102.29,124.31,463,31,26
203,3.3508,stop,385.86,89.51,684,29,33
203,3.3508,stop,337.10,84.91,687,31,33
203,3.3508,stop,483.65,67.86,760,38,32
203,3.3508,stop,441.77,57.56,923,36,38
204,3.3668,stop,1513.41,1045.97,844,30,37
204,3.3668,stop,1626.85,576.34,702,33,33
204,3.3668,stop,1644.95,526.08,800,36,32
204,3.3668,stop,396.11,450.98,745,35,35
204,3.3668,stop,339.03,442.43,711,31,35
204,3.3668,stop,937.71,237.56,744,30,36
204,3.3668,stop,1018.75,136.49,785,31,37
204,3.3668,stop,1098.27,128.10,420,24,28
204,3.3668,stop,385.75,89.37,691,31,32
204,3.3668,stop,337.09,84.96,678,31,33
204,3.3668,stop,483.04,66.96,803,37,35
204,3.3668,stop,441.80,57.66,928,36,37
205,3.3828,stop,1514.33,1046.17,904,36,37
205,3.3828,stop,1626.85,576.29,699,33,33
205,3.3828,stop,1645.00,526.18,807,36,32
205,3.3828,stop,396.16,451.00,738,35,34
205,3.3828,stop,339.03,442.33,707,31,35
205,3.3828,stop,940.80,232.53,767,33,35
205,3.3828,stop,1096.19,132.39,477,30,28
205,3.3828,stop,1014.12,132.74,755,31,37
205,3.3828,stop,385.69,89.42,676,31,32
205,3.3828,stop,337.17,84.85,685,31,33
205,3.3828,stop,483.08,66.92,807,37,35
205,3.3828,stop,442.55,58.62,870,37,38
206,3.3988,stop,1513.39,1045.92,859,30,37
206,3.3988,stop,1626.75,576.31,697,33,33
206,3.3988,stop,1644.98,526.09,813,36,33
206,3.3988,stop,396.19,451.15,748,35,35
206,3.3988,stop,339.00,442.35,710,31,35
206,3.3988,stop,944.24,227.43,760,34,35
206,3.3988,stop,1092.89,137.67,394,23,24
206,3.3988,stop,1009.92,128.15,738,30,36
206,3.3988,stop,385.84,89.49,679,29,32
206,3.3988,stop,337.27,85.10,669,30,33
206,3.3988,stop,483.55,67.03,784,34,35
206,3.3988,stop,442.53,58.75,866,37,37
207,3.4148,stop,1513.45,1045.97,860,31,37
207,3.4148,stop,1626.80,576.37,699,32,33
207,3.4148,stop,1644.99,526.06,804,36,32
207,3.4148,stop,396.12,451.10,744,35,34
207,3.4148,stop,339.09,442.38,709,31,35
207,3.4148,stop,947.92,221.91,746,33,34
207,3.4148,stop,1089.73,141.77,432,25,26
207,3.4148,stop,1005.68,123.99,764,30,37
207,3.4148,stop,385.82,89.56,673,29,32
207,3.4148,stop,337.02,85.08,679,30,33
207,3.4148,stop,483.12,66.91,807,37,35
207,3.4148,stop,442.56,58.67,864,36,36
208,3.4308,stop,1513.49,1046.02,857,30,37
208,3.4308,stop,1626.80,576.33,699,32,33
208,3.4308,stop,1644.99,526.13,805,36,32
208,3.4308,stop,396.22,451.00,740,35,34
208,3.4308,stop,339.05,442.31,705,31,35
208,3.4308,stop,951.65,216.93,744,32,35
208,3.4308,stop,1087.18,146.80,498,31,26
208,3.4308,stop,1001.46,119.58,802,31,37
208,3.4308,stop,385.73,89.58,680,31,32
208,3.4308,stop,337.11,84.94,689,31,33
208,3.4308,stop,483.56,67.10,788,33,35
208,3.4308,stop,442.57,58.79,868,36,36
209,3.4508,stop,1514.40,1046.08,906,36,37
209,3.4508,stop,1626.77,576.39,700,32,33
209,3.4508,stop,1645.02,526.10,815,36,32
209,3.4508,stop,396.13,450.95,750,35,35
209,3.4508,stop,339.07,442.32,707,31,35
209,3.4508,stop,954.54,211.58,781,33,36
209,3.4508,stop,1082.47,150.81,540,32,29
209,3.4508,stop,998.12,114.79,855,31,38
209,3.4508,stop,385.78,89.54,686,31,33
209,3.4508,stop,337.13,84.93,673,31,33
209,3.4508,stop,483.71,67.81,754,38,32
209,3.4508,stop,442.59,58.62,874,37,37
210,3.4669,stop,1513.39,1045.88,853,30,37
210,3.4669,stop,1626.82,576.37,694,33,33
210,3.4669,stop,1644.85,526.13,806,36,32
210,3.4669,stop,396.10,451.02,745,35,34
210,3.4669,stop,339.08,442.38,707,31,35
210,3.4669,stop,957.97,206.32,786,34,36
210,3.4669,stop,1079.30,156.11,453,26,26
210,3.4669,stop,993.81,110.32,841,32,36
210,3.4669,stop,385.86,89.51,686,31,33
210,3.4669,stop,336.96,84.99,677,31,33
210,3.4669,stop,483.19,67.04,797,37,35
210,3.4669,stop,441.79,57.60,938,37,38
211,3.4828,stop,1513.43,1045.94,862,30,37
211,3.4828,stop,1626.80,576.36,698,32,33
211,3.4828,stop,1644.91,526.06,798,36,32
211,3.4828,stop,396.11,451.01,735,35,35
211,3.4828,stop,339.00,442.32,705,31,35
211,3.4828,stop,961.20,201.15,745,33,36
211,3.4828,stop,1076.20,160.82,453,25,26
211,3.4828,stop,989.21,105.51,813,32,36
211,3.4828,stop,385.86,89.48,690,31,32
211,3.4828,stop,337.29,84.99,678,30,33
211,3.4828,stop,483.06,66.94,799,36,35
211,3.4828,stop,442.60,58.49,871,37,38
212,3.4988,stop,1513.45,1045.93,860,30,37
212,3.4988,stop,1626.91,576.33,688,32,33
212,3.4988,stop,1644.92,526.09,802,36,32
212,3.4988,stop,396.15,451.08,751,35,34
212,3.4988,stop,338.93,442.33,711,31,35
212,3.4988,stop,964.65,195.88,739,33,35
212,3.4988,stop,1072.41,165.89,445,26,26
212,3.4988,stop,984.55,101.15,855,32,37
212,3.4988,stop,385.65,89.47,681,32,33
212,3.4988,stop,337.12,85.02,675,31,33
212,3.4988,stop,483.12,67.03,807,36,35
212,3.4988,stop,441.81,57.67,929,37,37
213,3.5148,stop,1513.42,1045.91,857,31,37
213,3.5148,stop,1626.77,576.32,694,32,33
213,3.5148,stop,1644.88,526.11,802,36,32
213,3.5148,stop,396.07,451.03,750,35,34
213,3.5148,stop,339.12,442.30,705,31,35
213,3.5148,stop,968.58,189.79,773,34,36
213,3.5148,stop,1068.64,170.91,470,26,27
213,3.5148,stop,980.25,96.42,853,33,37
213,3.5148,stop,385.77,89.38,686,31,33
213,3.5148,stop,337.10,85.07,676,31,33
213,3.5148,stop,484.25,68.01,745,35,32
213,3.5148,stop,441.68,57.66,936,37,37
214,3.5308,stop,1513.41,1045.95,852,31,37
214,3.5308,stop,1626.77,576.39,698,33,33
214,3.5308,stop,1644.97,526.08,810,36,33
214,3.5308,stop,396.14,451.15,745,35,35
214,3.5308,stop,338.95,442.38,715,31,35
214,3.5308,stop,971.75,183.61,820,34,36
214,3.5308,stop,1065.06,176.12,586,32,29
214,3.5308,stop,975.70,91.76,850,33,36
214,3.5308,stop,385.66,89.50,682,32,33
214,3.5308,stop,337.20,85.08,684,31,33
214,3.5308,stop,484.10,67.98,735,34,32
214,3.5308,stop,442.52,58.56,870,37,38
215,3.5508,stop,1513.41,1046.07,860,31,37
215,3.5508,stop,1626.82,576.35,702,32,33
215,3.5508,stop,1644.99,526.13,809,36,33
215,3.5508,stop,396.17,450.89,749,35,35
215,3.5508,stop,338.97,442.37,704,31,35
215,3.5508,stop,1061.34,181.17,616,33,29
215,3.5508,stop,975.25,178.20,802,34,35
215,3.5508,stop,385.60,89.58,682,31,32
215,3.5508,stop,971.42,86.96,850,33,36
215,3.5508,stop,337.10,85.02,675,31,33
215,3.5508,stop,483.58,67.08,791,35,35
215,3.5508,stop,441.87,57.77,925,36,37
216,3.5668,stop,1513.60,1046.03,842,30,37
216,3.5668,stop,1626.73,576.27,694,32,33
216,3.5668,stop,1644.91,526.10,808,36,33
216,3.5668,stop,396.13,451.04,745,35,34
216,3.5668,stop,339.04,442.41,713,31,35
216,3.5668,stop,1057.50,186.22,597,30,29
216,3.5668,stop,978.67,172.64,800,34,34
216,3.5668,stop,385.77,89.46,681,31,33
216,3.5668,stop,337.28,85.00,681,30,33
216,3.5668,stop,967.03,82.28,861,33,37
216,3.5668,stop,483.62,67.75,748,37,32
216,3.5668,stop,441.79,57.68,931,36,37
217,3.5828,stop,1513.45,1045.85,854,31,37
217,3.5828,stop,1626.81,576.34,699,33,33
217,3.5828,stop,1644.93,526.09,805,36,32
217,3.5828,stop,396.15,451.13,743,35,34
217,3.5828,stop,338.99,442.33,706,31,35
217,3.5828,stop,1052.76,191.31,593,28,31
217,3.5828,stop,982.36,166.81,796,34,35
217,3.5828,stop,385.77,89.47,688,31,33
217,3.5828,stop,337.07,85.10,680,31,33
217,3.5828,stop,961.69,76.80,923,35,38
217,3.5828,stop,483.61,67.83,760,36,32
217,3.5828,stop,442.61,58.62,877,36,38
218,3.5989,stop,1513.37,1045.97,866,30,37
218,3.5989,stop,1626.83,576.33,696,33,33
218,3.5989,stop,1644.98,526.15,807,36,33
218,3.5989,stop,396.16,451.02,748,35,35
218,3.5989,stop,338.98,442.32,708,31,35
218,3.5989,stop,1049.67,197.37,662,33,30
218,3.5989,stop,987.12,160.97,721,31,34
218,3.5989,stop,385.67,89.55,689,31,32
218,3.5989,stop,337.25,84.96,682,30,33
218,3.5989,stop,957.07,71.83,939,35,38
218,3.5989,stop,483.19,66.92,799,36,35
218,3.5989,stop,441.81,57.57,931,37,37
219,3.6148,stop,1513.47,1046.00,862,31,37
219,3.6148,stop,1626.80,576.37,697,33,33
219,3.6148,stop,1644.94,526.05,808,36,32
219,3.6148,stop,396.16,450.99,745,35,35
219,3.6148,stop,339.03,442.38,708,31,35
219,3.6148,stop,1045.55,202.60,667,33,31
219,3.6148,stop,989.58,154.96,790,33,36
219,3.6148,stop,385.69,89.51,687,31,32
219,3.6148,stop,337.24,84.94,687,30,33
219,3.6148,stop,484.20,67.98,734,34,32
219,3.6148,stop,952.46,66.95,958,34,38
219,3.6148,stop,442.62,58.74,868,36,36
220,3.6308,stop,1513.49,1045.86,851,31,38
220,3.6308,stop,1626.87,576.37,692,33,33
220,3.6308,stop,1644.97,526.06,809,36,32
220,3.6308,stop,396.17,451.10,743,35,34
220,3.6308,stop,339.12,442.38,708,31,35
220,3.6308,stop,1042.09,208.29,686,34,31
220,3.6308,stop,993.50,149.77,787,34,36
220,3.6308,stop,385.81,89.58,671,30,32
220,3.6308,stop,337.22,85.19,675,31,33
220,3.6308,stop,483.46,66.99,776,34,35
220,3.6308,stop,948.13,65.96,933,35,38
220,3.6308,stop,442.65,58.71,871,37,38
221,3.6508,stop,1514.38,1046.14,902,36,37
221,3.6508,stop,1626.84,576.35,694,33,33
221,3.6508,stop,1644.99,526.04,793,36,32
221,3.6508,stop,396.21,451.09,738,35,34
221,3.6508,stop,339.11,442.39,706,31,35
221,3.6508,stop,1037.85,213.69,714,33,31
221,3.6508,stop,996.77,143.71,800,34,37
221,3.6508,stop,385.71,89.62,674,31,33
221,3.6508,stop,337.23,84.91,680,30,33
221,3.6508,stop,484.06,67.98,737,33,32
221,3.6508,stop,944.87,68.66,946,35,39
221,3.6508,stop,442.57,58.77,870,36,39
222,3.6668,stop,1513.52,1045.93,857,30,37
222,3.6668,stop,1626.85,576.38,693,32,33
222,3.6668,stop,1644.94,526.08,805,36,33
222,3.6668,stop,396.22,451.10,747,35,35
222,3.6668,stop,339.02,442.38,702,31,35
222,3.6668,stop,1034.18,219.31,729,33,32
222,3.6668,stop,1000.08,138.05,772,33,36
222,3.6668,stop,385.77,89.56,678,31,32
222,3.6668,stop,337.11,85.07,682,31,33
222,3.6668,stop,941.01,70.05,807,32,36
222,3.6668,stop,484.18,67.97,739,33,33
222,3.6668,stop,442.51,58.91,870,38,37
223,3.6828,stop,1513.43,1046.04,853,31,38
223,3.6828,stop,1626.79,576.31,699,33,33
223,3.6828,stop,1644.98,526.15,812,36,33
223,3.6828,stop,396.19,451.05,742,35,35
223,3.6828,stop,339.17,442.38,700,31,35
223,3.6828,stop,1030.04,225.02,764,34,33
223,3.6828,stop,1003.54,132.37,752,33,36
223,3.6828,stop,385.78,89.39,693,31,32
223,3.6828,stop,337.08,84.93,681,31,33
223,3.6828,stop,936.21,70.28,718,30,36
223,3.6828,stop,483.10,66.87,799,37,35
223,3.6828,stop,442.49,58.84,870,37,38
224,3.6988,stop,1514.34,1046.15,907,36,37
224,3.6988,stop,1626.79,576.24,698,33,33
224,3.6988,stop,1644.91,526.10,801,36,32
224,3.6988,stop,396.12,451.13,750,35,35
224,3.6988,stop,339.14,442.31,701,31,35
224,3.6988,stop,1026.09,230.69,788,35,34
224,3.6988,stop,1007.02,126.86,784,34,36
224,3.6988,stop,385.83,89.53,684,31,32
224,3.6988,stop,337.09,85.12,670,30,32
224,3.6988,stop,931.84,70.65,618,27,34
224,3.6988,stop,483.57,67.77,759,36,33
224,3.6988,stop,442.48,58.72,865,36,37
225,3.7148,stop,1513.41,1045.96,849,31,37
225,3.7148,stop,1626.84,576.37,701,32,33
225,3.7148,stop,1645.06,526.13,799,36,32
225,3.7148,stop,396.17,451.05,745,35,34
225,3.7148,stop,339.00,442.31,711,31,35
225,3.7148,stop,1021.81,236.17,822,35,34
225,3.7148,stop,1010.46,121.64,801,34,36
225,3.7148,stop,385.85,89.45,693,30,33
225,3.7148,stop,337.09,85.14,680,31,33
225,3.7148,stop,927.07,71.52,563,27,33
225,3.7148,stop,483.10,66.88,805,36,35
225,3.7148,stop,441.85,57.55,924,37,38
226,3.7308,stop,1513.45,1045.96,857,31,37
226,3.7308,stop,1626.76,576.34,696,33,33
226,3.7308,stop,1645.05,525.99,802,36,33
226,3.7308,stop,396.11,451.01,749,35,35
226,3.7308,stop,338.98,442.36,697,31,35
226,3.7308,stop,1018.12,241.38,833,35,34
226,3.7308,stop,1013.60,116.74,767,34,34
226,3.7308,stop,385.90,89.50,691,31,33
226,3.7308,stop,337.02,85.00,674,31,33
226,3.7308,stop,923.59,71.12,487,25,32
226,3.7308,stop,483.81,67.91,750,36,32
226,3.7308,stop,441.90,57.60,936,37,38
227,3.7508,stop,1513.49,1046.02,857,31,37
227,3.7508,stop,1626.75,576.27,695,33,33
227,3.7508,stop,1645.00,526.10,803,36,32
227,3.7508,stop,396.10,450.84,746,35,34
227,3.7508,stop,339.13,442.44,713,31,35
227,3.7508,stop,1014.41,247.80,802,35,33
227,3.7508,stop,1017.36,110.70,686,34,31
227,3.7508,stop,385.81,89.39,684,32,32
227,3.7508,stop,337.17,85.03,679,31,33
227,3.7508,stop,920.33,71.11,427,23,32
227,3.7508,stop,483.41,67.06,791,37,35
227,3.7508,stop,441.91,57.66,932,37,37
228,3.7668,stop,1513.43,1046.01,859,31,37
228,3.7668,stop,1626.77,576.37,702,32,33
228,3.7668,stop,1644.95,525.94,809,36,33
228,3.7668,stop,396.18,451.03,738,35,34
228,3.7668,stop,339.02,442.42,708,31,35
228,3.7668,stop,1010.49,253.18,820,35,35
228,3.7668,stop,1022.28,105.45,557,29,30
228,3.7668,stop,385.73,89.50,686,31,32
228,3.7668,stop,337.10,85.00,670,30,33
228,3.7668,stop,918.98,67.84,416,28,33
228,3.7668,stop,483.17,66.89,802,37,35
228,3.7668,stop,442.68,58.73,866,36,37
229,3.7828,stop,1514.44,1046.21,894,36,37
229,3.7828,stop,1626.78,576.35,694,32,33
229,3.7828,stop,1645.00,526.07,806,36,32
229,3.7828,stop,396.14,450.95,754,35,34
229,3.7828,stop,339.00,442.25,705,31,35
229,3.7828,stop,1006.48,258.56,844,33,35
229,3.7828,stop,1025.95,100.36,531,30,28
229,3.7828,stop,385.75,89.46,691,31,32
229,3.7828,stop,337.24,85.12,674,30,32
229,3.7828,stop,916.88,66.81,348,24,31
229,3.7828,stop,483.63,67.20,786,34,35
229,3.7828,stop,441.80,57.67,922,37,37
230,3.7988,stop,1514.31,1046.11,911,36,37
230,3.7988,stop,1626.86,576.27,698,33,33
230,3.7988,stop,1644.98,526.16,803,36,32
230,3.7988,stop,396.11,451.09,743,35,34
230,3.7988,stop,339.05,442.33,707,31,35
230,3.7988,stop,1003.22,264.40,868,34,36
230,3.7988,stop,1028.32,94.49,468,27,27
230,3.7988,stop,385.80,89.54,680,31,32
230,3.7988,stop,337.03,85.00,670,31,33
230,3.7988,stop,912.20,69.92,219,21,26
230,3.7988,stop,482.97,67.02,802,37,35
230,3.7988,stop,441.82,57.58,932,36,38
231,3.8148,stop,1513.48,1046.04,850,31,37
231,3.8148,stop,1626.85,576.31,699,32,33
231,3.8148,stop,1644.96,526.08,805,36,33
231,3.8148,stop,396.12,451.06,742,35,34
231,3.8148,stop,339.13,442.40,711,31,35
231,3.8148,stop,999.35,270.10,868,35,36
231,3.8148,stop,1032.38,88.94,432,25,26
231,3.8148,stop,385.63,89.53,691,31,33
231,3.8148,stop,337.10,85.14,679,31,33
231,3.8148,stop,910.33,69.07,206,23,28
231,3.8148,stop,483.47,67.04,778,33,35
231,3.8148,stop,442.55,58.65,865,37,37
232,3.8348,stop,1513.52,1046.08,848,31,37
232,3.8348,stop,1626.77,576.32,699,32,33
232,3.8348,stop,1644.89,526.18,805,36,32
232,3.8348,stop,396.30,451.03,742,35,36
232,3.8348,stop,339.13,442.40,710,31,35
232,3.8348,stop,995.61,276.22,899,35,37
232,3.8348,stop,385.61,89.56,676,31,32
232,3.8348,stop,1036.93,83.62,449,29,26
232,3.8348,stop,337.16,85.09,692,31,33
232,3.8348,stop,908.93,69.19,205,22,30
232,3.8348,stop,483.76,67.85,761,38,32
232,3.8348,stop,442.59,58.69,869,37,37
233,3.8508,stop,1514.19,1046.13,907,36,37
233,3.8508,stop,1626.88,576.29,697,32,33
233,3.8508,stop,1645.07,526.07,805,36,32
233,3.8508,stop,396.07,451.08,741,35,34
233,3.8508,stop,339.05,442.30,705,31,35
233,3.8508,stop,992.08,281.64,926,35,37
233,3.8508,stop,385.82,89.45,682,30,33
233,3.8508,stop,337.20,85.08,680,31,33
233,3.8508,stop,1039.48,78.53,393,22,25
233,3.8508,stop,907.75,68.18,223,20,30
233,3.8508,stop,484.25,67.91,738,34,33
233,3.8508,stop,441.87,57.49,927,36,38
234,3.8668,stop,1513.36,1046.04,865,30,37
234,3.8668,stop,1626.63,576.32,697,32,33
234,3.8668,stop,1644.93,526.12,804,36,33
234,3.8668,stop,396.14,450.97,747,35,34
234,3.8668,stop,339.00,442.32,703,31,35
234,3.8668,stop,988.65,287.02,928,35,37
234,3.8668,stop,385.82,89.50,685,32,32
234,3.8668,stop,337.16,84.96,683,31,33
234,3.8668,stop,1042.82,73.59,389,23,24
234,3.8668,stop,906.15,68.40,226,19,31
234,3.8668,stop,484.03,67.92,735,33,32
234,3.8668,stop,442.51,58.63,870,37,38
235,3.8828,stop,1513.39,1045.89,859,30,37
235,3.8828,stop,1626.79,576.34,695,33,33
235,3.8828,stop,1644.91,526.09,801,36,32
235,3.8828,stop,396.16,451.02,742,35,35
235,3.8828,stop,339.01,442.38,705,31,35
235,3.8828,stop,985.15,292.68,868,32,36
235,3.8828,stop,385.57,89.42,681,31,32
235,3.8828,stop,337.13,85.01,677,31,33
235,3.8828,stop,1046.17,68.08,470,30,28
235,3.8828,stop,905.06,66.60,275,17,32
235,3.8828,stop,483.06,66.95,806,36,35
235,3.8828,stop,442.56,58.58,872,36,38
236,3.8988,stop,1513.52,1046.00,864,30,37
236,3.8988,stop,1626.78,576.37,702,32,33
236,3.8988,stop,1644.85,526.05,806,36,33
236,3.8988,stop,396.05,451.07,741,35,34
236,3.8988,stop,339.11,442.21,702,31,35
236,3.8988,stop,981.07,297.83,808,32,36
236,3.8988,stop,385.74,89.41,685,31,32
236,3.8988,stop,337.09,85.04,677,31,33
236,3.8988,stop,483.51,67.89,769,37,32
236,3.8988,stop,1048.53,66.32,490,32,28
236,3.8988,stop,905.34,67.21,326,16,33
236,3.8988,stop,442.54,58.71,858,37,36
237,3.9148,stop,1514.35,1046.14,903,36,37
237,3.9148,stop,1626.77,576.39,698,32,33
237,3.9148,stop,1645.00,526.12,806,36,32
237,3.9148,stop,396.21,451.03,741,35,35
237,3.9148,stop,339.15,442.38,707,31,35
237,3.9148,stop,977.33,302.97,791,33,35
237,3.9148,stop,385.78,89.50,687,31,32
237,3.9148,stop,337.12,85.01,677,30,33
237,3.9148,stop,1049.57,68.25,578,30,30
237,3.9148,stop,906.53,67.81,386,19,34
237,3.9148,stop,483.61,67.17,783,35,35
237,3.9148,stop,442.59,58.86,875,37,38
238,3.9348,stop,1513.34,1045.96,854,30,37
238,3.9348,stop,1626.85,576.37,698,33,33
238,3.9348,stop,1644.89,526.13,801,36,32
238,3.9348,stop,396.06,451.04,748,35,35
238,3.9348,stop,339.05,442.43,705,31,35
238,3.9348,stop,973.67,307.85,775,33,35
238,3.9348,stop,385.84,89.47,687,30,32
238,3.9348,stop,337.14,85.10,685,31,33
238,3.9348,stop,1052.61,70.46,696,34,32
238,3.9348,stop,907.22,67.33,507,24,37
238,3.9348,stop,483.21,66.97,796,36,35
238,3.9348,stop,442.55,58.91,863,36,37
239,3.9508,stop,1514.38,1046.22,901,35,37
239,3.9508,stop,1626.81,576.31,696,32,33
239,3.9508,stop,1645.04,526.08,793,36,32
239,3.9508,stop,396.14,451.14,751,35,34
239,3.9508,stop,339.07,442.47,703,31,34
239,3.9508,stop,970.10,313.05,756,33,35
239,3.9508,stop,385.73,89.46,684,31,32
239,3.9508,stop,337.06,85.05,683,31,33
239,3.9508,stop,1055.01,72.50,718,33,35
239,3.9508,stop,484.21,68.01,737,33,32
239,3.9508,stop,907.99,67.50,612,27,37
239,3.9508,stop,442.51,58.89,866,37,37
240,3.9668,stop,1514.38,1046.04,901,36,37
240,3.9668,stop,1626.87,576.32,694,32,33
240,3.9668,stop,1644.84,526.08,807,36,32
240,3.9668,stop,396.13,450.95,746,35,35
240,3.9668,stop,339.05,442.29,713,31,35
240,3.9668,stop,967.40,317.26,669,30,34
240,3.9668,stop,385.78,89.41,680,31,33
240,3.9668,stop,337.10,85.02,682,31,33
240,3.9668,stop,1057.16,74.09,731,33,36
240,3.9668,stop,483.18,66.97,800,37,34
240,3.9668,stop,908.78,67.60,703,29,37
240,3.9668,stop,442.65,58.72,862,36,36
241,3.9828,stop,1514.41,1046.14,905,36,37
241,3.9828,stop,1626.80,576.38,694,33,33
241,3.9828,stop,1645.01,526.19,801,36,32
241,3.9828,stop,396.32,451.04,741,35,36
241,3.9828,stop,339.17,442.34,708,31,35
241,3.9828,stop,963.93,321.55,649,29,33
241,3.9828,stop,385.70,89.57,690,31,32
241,3.9828,stop,337.17,85.18,680,31,33
241,3.9828,stop,1058.39,75.59,682,30,37
241,3.9828,stop,483.72,67.84,757,37,32
241,3.9828,stop,909.44,68.02,765,31,38
241,3.9828,stop,442.47,58.67,867,37,37
242,3.9988,stop,1513.41,1045.92,861,31,37
242,3.9988,stop,1626.79,576.34,695,33,33
242,3.9988,stop,1645.04,526.11,806,36,34
242,3.9988,stop,396.03,450.94,744,35,34
242,3.9988,stop,339.01,442.34,710,31,35
242,3.9988,stop,960.13,325.44,592,28,33
242,3.9988,stop,385.72,89.46,689,31,32
242,3.9988,stop,337.12,85.08,679,31,33
242,3.9988,stop,1060.21,76.99,666,28,37
242,3.9988,stop,910.40,68.17,798,32,37
242,3.9988,stop,482.98,66.85,798,36,35
242,3.9988,stop,441.83,57.58,933,36,38
243,4.0148,stop,1513.41,1046.01,853,30,37
243,4.0148,stop,1626.92,576.41,695,33,33
243,4.0148,stop,1644.94,526.08,809,36,33
243,4.0148,stop,396.22,451.09,739,35,34
243,4.0148,stop,339.00,442.28,704,31,35
243,4.0148,stop,956.66,330.05,664,32,34
243,4.0148,stop,385.78,89.55,684,31,33
243,4.0148,stop,337.02,84.98,682,31,33
243,4.0148,stop,1061.88,78.44,663,28,37
243,4.0148,stop,911.35,68.38,814,33,38
243,4.0148,stop,483.52,67.07,779,33,35
243,4.0148,stop,442.63,58.65,863,36,37
244,4.0348,stop,1513.33,1045.91,847,30,37
244,4.0348,stop,1626.82,576.28,693,33,33
244,4.0348,stop,1644.95,526.11,804,36,32
244,4.0348,stop,396.12,450.92,744,35,35
244,4.0348,stop,339.03,442.35,702,31,35
244,4.0348,stop,953.93,334.09,636,28,34
244,4.0348,stop,385.94,89.50,685,30,32
244,4.0348,stop,337.08,85.03,679,31,33
244,4.0348,stop,1063.53,79.63,623,27,37
244,4.0348,stop,912.47,68.89,807,32,36
244,4.0348,stop,483.26,67.04,802,37,35
244,4.0348,stop,441.94,57.50,923,36,38
245,4.0508,stop,1513.49,1045.87,852,31,37
245,4.0508,stop,1626.69,576.29,700,33,33
245,4.0508,stop,1644.90,526.11,810,36,33
245,4.0508,stop,396.24,450.98,739,35,34
245,4.0508,stop,339.15,442.39,700,31,35
245,4.0508,stop,950.99,337.64,640,27,34
245,4.0508,stop,385.78,89.38,693,31,32
245,4.0508,stop,337.17,84.94,681,31,33
245,4.0508,stop,1064.57,80.36,582,25,36
245,4.0508,stop,913.36,69.03,795,33,36
245,4.0508,stop,483.15,66.93,807,37,35
245,4.0508,stop,442.62,58.58,866,36,38
246,4.0668,stop,1513.45,1046.00,849,31,37
246,4.0668,stop,1626.74,576.31,696,32,33
246,4.0668,stop,1644.98,526.17,801,36,32
246,4.0668,stop,396.21,451.00,743,35,34
246,4.0668,stop,339.08,442.36,708,31,35
246,4.0668,stop,947.92,341.09,633,27,34
246,4.0668,stop,385.82,89.50,675,31,32
246,4.0668,stop,337.12,84.95,682,31,33
246,4.0668,stop,1065.63,81.41,544,23,36
246,4.0668,stop,484.01,67.97,732,33,32
246,4.0668,stop,914.45,69.28,795,32,38
246,4.0668,stop,442.56,58.62,870,38,38
247,4.0828,stop,1513.45,1045.91,854,30,37
247,4.0828,stop,1626.74,576.29,698,32,33
247,4.0828,stop,1644.97,526.01,800,36,33
247,4.0828,stop,396.11,451.15,749,35,34
247,4.0828,stop,339.01,442.25,702,31,35
247,4.0828,stop,945.17,344.17,608,26,32
247,4.0828,stop,385.77,89.50,672,31,32
247,4.0828,stop,337.06,85.06,679,31,33
247,4.0828,stop,1066.43,82.39,515,24,35
247,4.0828,stop,915.30,69.14,783,32,37
247,4.0828,stop,483.59,67.07,783,33,35
247,4.0828,stop,441.77,57.63,924,37,37
248,4.0988,stop,1513.42,1046.00,851,30,37
248,4.0988,stop,1626.80,576.41,701,32,33
248,4.0988,stop,1644.97,526.25,809,36,33
248,4.0988,stop,396.18,450.92,748,35,35
248,4.0988,stop,339.06,442.33,704,31,35
248,4.0988,stop,942.73,347.16,598,27,33
248,4.0988,stop,385.79,89.57,678,31,32
248,4.0988,stop,337.16,85.10,675,31,33
248,4.0988,stop,1066.72,83.84,515,23,35
248,4.0988,stop,916.27,68.99,796,33,36
248,4.0988,stop,483.02,67.03,802,37,35
248,4.0988,stop,441.85,57.64,927,36,37
249,4.1149,stop,1513.46,1045.95,854,29,37
249,4.1149,stop,1626.82,576.34,699,32,33
249,4.1149,stop,1644.89,526.07,803,36,32
249,4.1149,stop,396.12,450.94,745,35,34
249,4.1149,stop,338.95,442.33,708,31,35
249,4.1149,stop,940.42,349.59,588,26,33
249,4.1149,stop,385.74,89.56,681,32,32
249,4.1149,stop,1066.70,84.73,516,24,33
249,4.1149,stop,337.37,85.17,684,31,33
249,4.1149,stop,917.09,68.76,818,33,37
249,4.1149,stop,483.07,66.93,804,37,35
249,4.1149,stop,441.93,57.67,930,36,37
250,4.1348,stop,1513.45,1045.90,857,30,37
250,4.1348,stop,1626.82,576.29,697,33,33
250,4.1348,stop,1644.96,526.04,808,36,33
250,4.1348,stop,396.28,451.03,740,35,35
250,4.1348,stop,339.03,442.29,703,31,35
250,4.1348,stop,937.86,352.40,572,26,32
250,4.1348,stop,385.84,89.49,686,30,32
250,4.1348,stop,1066.67,86.15,543,24,34
250,4.1348,stop,337.31,84.96,678,30,33
250,4.1348,stop,484.17,67.95,734,34,32
250,4.1348,stop,917.83,68.44,823,34,36
250,4.1348,stop,442.73,58.66,870,37,38
251,4.1508,stop,1513.53,1046.03,855,29,37
251,4.1508,stop,1626.83,576.35,697,33,33
251,4.1508,stop,1644.81,526.14,801,36,32
251,4.1508,stop,396.18,451.20,744,35,34
251,4.1508,stop,339.08,442.44,710,31,35
251,4.1508,stop,935.60,354.78,573,27,33
251,4.1508,stop,385.75,89.58,687,31,33
251,4.1508,stop,1066.30,87.34,560,25,35
251,4.1508,stop,337.28,85.08,682,30,33
251,4.1508,stop,484.08,67.99,743,36,32
251,4.1508,stop,918.78,68.54,829,33,37
251,4.1508,stop,442.67,58.69,868,36,37
252,4.1668,stop,1513.41,1045.87,850,30,37
252,4.1668,stop,1626.82,576.22,699,32,33
252,4.1668,stop,1644.99,526.04,797,36,33
252,4.1668,stop,396.29,450.96,737,35,35
252,4.1668,stop,339.13,442.35,709,31,35
252,4.1668,stop,933.10,355.96,537,26,33
252,4.1668,stop,385.88,89.47,679,29,32
252,4.1668,stop,1065.85,88.24,587,26,35
252,4.1668,stop,337.04,84.95,683,31,33
252,4.1668,stop,919.10,68.77,865,33,36
252,4.1668,stop,483.67,67.14,782,33,35
252,4.1668,stop,442.65,58.65,872,38,37
253,4.1828,stop,1513.45,1045.96,860,31,37
253,4.1828,stop,1626.84,576.37,696,33,33
253,4.1828,stop,1645.03,526.08,804,36,32
253,4.1828,stop,396.12,451.02,746,35,34
253,4.1828,stop,339.07,442.32,706,31,35
253,4.1828,stop,931.72,359.32,603,26,33
253,4.1828,stop,385.69,89.57,675,31,32
253,4.1828,stop,1065.13,89.53,616,26,35
253,4.1828,stop,337.16,85.01,679,31,33
253,4.1828,stop,483.84,67.82,753,37,32
253,4.1828,stop,920.29,68.41,800,32,36
253,4.1828,stop,442.58,58.72,860,37,37
254,4.1988,stop,1513.46,1045.94,860,31,37
254,4.1988,stop,1626.91,576.33,697,33,33
254,4.1988,stop,1644.95,526.09,799,36,32
254,4.1988,stop,396.09,450.96,737,35,34
254,4.1988,stop,339.10,442.28,705,31,35
254,4.1988,stop,929.81,361.94,589,27,33
254,4.1988,stop,385.83,89.46,689,31,32
254,4.1988,stop,1064.18,90.70,659,29,35
254,4.1988,stop,337.26,84.91,680,31,33
254,4.1988,stop,483.60,67.77,752,36,32
254,4.1988,stop,920.69,68.68,827,32,37
254,4.1988,stop,442.56,58.55,871,37,38
255,4.2148,stop,1513.45,1045.95,853,31,37
255,4.2148,stop,1626.89,576.29,697,32,33
255,4.2148,stop,1645.00,526.10,797,36,32
255,4.2148,stop,396.19,451.06,740,35,34
255,4.2148,stop,339.01,442.38,701,31,35
255,4.2148,stop,928.23,363.45,614,27,33
255,4.2148,stop,385.69,89.44,682,31,32
255,4.2148,stop,1063.38,91.62,667,29,38
255,4.2148,stop,337.23,85.04,681,31,33
255,4.2148,stop,921.21,68.59,820,33,37
255,4.2148,stop,483.56,67.16,779,34,35
255,4.2148,stop,442.67,58.68,868,36,38
256,4.2348,stop,1513.47,1045.95,850,30,37
256,4.2348,stop,1626.82,576.40,701,32,33
256,4.2348,stop,1645.00,526.13,817,36,33
256,4.2348,stop,396.24,450.83,735,35,35
256,4.2348,stop,338.98,442.33,707,31,35
256,4.2348,stop,926.89,365.56,635,28,33
256,4.2348,stop,1062.34,92.54,687,30,37
256,4.2348,stop,385.62,89.53,676,31,32
256,4.2348,stop,337.07,85.05,680,31,33
256,4.2348,stop,921.95,68.31,829,32,38
256,4.2348,stop,483.19,66.99,805,37,35
256,4.2348,stop,442.61,58.66,870,37,38
257,4.2508,stop,1513.45,1045.91,861,31,38
257,4.2508,stop,1626.79,576.40,696,33,33
257,4.2508,stop,1644.91,526.13,807,36,32
257,4.2508,stop,396.17,451.05,736,35,34
257,4.2508,stop,339.07,442.35,707,31,35
257,4.2508,stop,925.78,367.00,657,28,34
257,4.2508,stop,1060.92,93.85,715,30,36
257,4.2508,stop,385.75,89.46,682,31,33
257,4.2508,stop,337.21,85.18,680,31,33
257,4.2508,stop,922.43,68.40,818,32,37
257,4.2508,stop,483.63,67.09,779,33,35
257,4.2508,stop,442.62,58.57,875,36,38
258,4.2668,stop,1513.41,1045.94,867,30,37
258,4.2668,stop,1626.86,576.33,691,33,33
258,4.2668,stop,1644.99,526.17,804,36,32
258,4.2668,stop,396.03,451.06,747,35,35
258,4.2668,stop,339.15,442.45,712,31,35
258,4.2668,stop,924.17,368.16,723,32,33
258,4.2668,stop,1059.69,94.95,730,31,37
258,4.2668,stop,385.66,89.55,680,31,32
258,4.2668,stop,337.06,84.97,686,31,33
258,4.2668,stop,923.02,67.87,789,32,37
258,4.2668,stop,483.38,67.06,788,34,35
258,4.2668,stop,441.78,57.60,938,37,38
259,4.2829,stop,1514.30,1046.10,906,36,37
259,4.2829,stop,1626.84,576.35,698,33,33
259,4.2829,stop,1645.00,526.07,808,36,33
259,4.2829,stop,396.14,451.07,740,35,34
259,4.2829,stop,339.07,442.33,701,31,35
259,4.2829,stop,923.27,369.89,730,31,34
259,4.2829,stop,1058.50,95.98,745,30,38
259,4.2829,stop,385.71,89.46,686,31,33
259,4.2829,stop,337.16,85.01,676,30,33
259,4.2829,stop,922.99,68.43,807,33,38
259,4.2829,stop,483.07,66.89,802,37,35
259,4.2829,stop,442.61,58.58,870,37,38
260,4.2988,stop,1514.32,1046.12,913,36,38
260,4.2988,stop,1626.91,576.40,698,33,33
260,4.2988,stop,1644.95,526.13,805,36,32
260,4.2988,stop,396.22,451.02,740,35,34
260,4.2988,stop,339.06,442.42,710,31,35
260,4.2988,stop,923.11,371.70,718,31,34
260,4.2988,stop,1056.87,96.85,748,31,38
260,4.2988,stop,385.79,89.41,679,30,32
260,4.2988,stop,337.15,85.00,676,30,33
260,4.2988,stop,483.76,67.85,746,36,32
260,4.2988,stop,923.23,68.42,802,31,36
260,4.2988,stop,441.89,57.63,924,36,38
261,4.3148,stop,1513.41,1045.92,850,31,37
261,4.3148,stop,1626.82,576.29,702,33,33
261,4.3148,stop,1644.90,526.15,807,36,32
261,4.3148,stop,396.08,451.10,736,35,34
261,4.3148,stop,339.09,442.39,712,31,35
261,4.3148,stop,922.26,372.95,722,31,34
261,4.3148,stop,1055.35,97.66,757,32,37
261,4.3148,stop,385.65,89.42,693,31,32
261,4.3148,stop,337.12,85.15,678,31,33
261,4.3148,stop,923.48,67.82,759,31,37
261,4.3148,stop,483.54,67.15,785,34,35
261,4.3148,stop,442.64,58.52,870,36,38
262,4.3348,stop,1513.46,1046.08,865,30,37
262,4.3348,stop,1626.81,576.33,697,32,33
262,4.3348,stop,1645.01,526.15,813,36,32
262,4.3348,stop,396.21,451.01,744,35,34
262,4.3348,stop,339.01,442.27,705,31,35
262,4.3348,stop,921.05,373.65,754,33,34
262,4.3348,stop,1053.81,98.13,766,32,36
262,4.3348,stop,385.71,89.41,680,32,32
262,4.3348,stop,337.11,84.90,685,31,33
262,4.3348,stop,923.15,68.35,804,33,37
262,4.3348,stop,483.50,67.10,791,33,35
262,4.3348,stop,441.78,57.71,930,37,37
263,4.3508,stop,1514.32,1046.07,906,36,37
263,4.3508,stop,1626.80,576.36,698,33,33
263,4.3508,stop,1644.97,526.21,805,36,32
263,4.3508,stop,396.29,451.05,742,35,36
263,4.3508,stop,339.17,442.32,708,31,35
263,4.3508,stop,921.36,375.29,726,32,35
263,4.3508,stop,1052.62,98.64,808,33,37
263,4.3508,stop,385.73,89.46,692,31,32
263,4.3508,stop,337.20,84.98,674,30,33
263,4.3508,stop,922.96,68.30,806,32,38
263,4.3508,stop,483.60,67.10,779,33,35
263,4.3508,stop,441.88,57.62,928,37,37
264,4.3669,stop,1513.37,1045.94,861,30,37
264,4.3669,stop,1626.79,576.28,694,32,33
264,4.3669,stop,1645.01,526.12,805,36,32
264,4.3669,stop,396.11,451.00,741,35,34
264,4.3669,stop,339.11,442.36,711,31,35
264,4.3669,stop,921.06,376.41,731,31,35
264,4.3669,stop,1050.20,99.16,782,33,37
264,4.3669,stop,385.73,89.45,687,31,32
264,4.3669,stop,336.98,85.04,669,31,33
264,4.3669,stop,922.72,68.40,803,32,37
264,4.3669,stop,483.13,66.91,807,37,35
264,4.3669,stop,442.52,58.75,867,37,36
265,4.3828,stop,1513.54,1046.07,849,31,37
265,4.3828,stop,1626.95,576.32,695,32,33
265,4.3828,stop,1644.96,526.17,800,36,33
265,4.3828,stop,396.33,451.00,744,35,35
265,4.3828,stop,338.97,442.47,706,31,35
265,4.3828,stop,920.88,377.39,737,32,35
265,4.3828,stop,1048.98,99.88,831,33,37
265,4.3828,stop,385.70,89.49,686,32,32
265,4.3828,stop,337.18,85.14,673,31,33
265,4.3828,stop,922.23,68.44,824,32,37
265,4.3828,stop,483.03,66.91,809,37,35
265,4.3828,stop,442.62,58.71,870,37,37
266,4.3988,stop,1513.42,1045.92,860,31,38
266,4.3988,stop,1626.90,576.32,696,32,33
266,4.3988,stop,1644.95,525.99,805,36,33
266,4.3988,stop,396.27,451.01,743,35,34
266,4.3988,stop,338.98,442.35,708,31,35
266,4.3988,stop,920.80,377.96,739,33,34
266,4.3988,stop,1047.24,100.20,861,33,38
266,4.3988,stop,385.83,89.40,679,31,32
266,4.3988,stop,337.20,85.09,681,31,33
266,4.3988,stop,921.81,68.53,828,32,38
266,4.3988,stop,483.49,67.00,785,34,35
266,4.3988,stop,442.62,58.55,872,36,38
267,4.4148,stop,1514.35,1046.13,913,36,37
267,4.4148,stop,1626.88,576.43,699,33,33
267,4.4148,stop,1644.96,526.13,808,36,32
267,4.4148,stop,396.12,450.98,742,35,34
267,4.4148,stop,339.05,442.31,700,31,35
267,4.4148,stop,920.09,378.49,799,34,34
267,4.4148,stop,1045.54,100.49,878,33,40
267,4.4148,stop,385.76,89.50,676,29,32
267,4.4148,stop,337.04,85.00,682,31,33
267,4.4148,stop,921.26,68.68,827,32,38
267,4.4148,stop,483.62,67.11,792,35,35
267,4.4148,stop,441.82,57.63,928,37,37
268,4.4348,stop,1513.49,1046.03,845,29,37
268,4.4348,stop,1626.79,576.35,698,32,33
268,4.4348,stop,1644.92,526.11,811,36,32
268,4.4348,stop,396.17,450.91,742,35,36
268,4.4348,stop,339.07,442.36,707,31,35
268,4.4348,stop,920.62,379.83,742,34,34
268,4.4348,stop,1043.76,100.60,875,33,40
268,4.4348,stop,385.74,89.49,691,31,32
268,4.4348,stop,337.12,85.15,686,31,33
268,4.4348,stop,483.67,67.83,752,37,32
268,4.4348,stop,921.02,68.25,803,32,37
268,4.4348,stop,442.66,58.60,862,36,38
269,4.4508,stop,1514.35,1046.19,905,36,37
269,4.4508,stop,1626.90,576.30,692,33,33
269,4.4508,stop,1644.93,526.12,804,36,33
269,4.4508,stop,396.18,450.98,743,35,34
269,4.4508,stop,339.06,442.31,709,31,35
269,4.4508,stop,920.14,380.14,789,34,35
269,4.4508,stop,1042.50,100.92,837,32,39
269,4.4508,stop,385.85,89.42,688,31,32
269,4.4508,stop,337.34,84.92,689,30,33
269,4.4508,stop,484.16,67.98,749,34,32
269,4.4508,stop,920.26,68.27,811,32,37
269,4.4508,stop,441.89,57.66,931,37,37
270,4.4670,stop,1513.34,1046.01,858,31,37
270,4.4670,stop,1626.85,576.36,699,32,33
270,4.4670,stop,1644.85,526.19,809,36,32
270,4.4670,stop,396.20,450.98,743,35,34
270,4.4670,stop,338.95,442.37,712,31,35
270,4.4670,stop,920.21,380.65,796,34,35
270,4.4670,stop,1040.09,100.44,861,32,39
270,4.4670,stop,385.66,89.52,678,31,32
270,4.4670,stop,337.23,84.99,678,30,33
270,4.4670,stop,919.01,68.89,867,33,37
270,4.4670,stop,483.21,66.96,805,36,35
270,4.4670,stop,441.74,57.59,928,37,37
271,4.4828,stop,1514.28,1046.12,907,36,37
271,4.4828,stop,1626.73,576.29,701,33,33
271,4.4828,stop,1645.01,526.06,808,36,33
271,4.4828,stop,396.16,451.03,747,35,35
271,4.4828,stop,339.00,442.35,705,31,35
271,4.4828,stop,920.33,380.96,813,34,35
271,4.4828,stop,1038.68,100.31,803,32,37
271,4.4828,stop,385.69,89.41,689,31,32
271,4.4828,stop,337.25,84.97,687,30,33
271,4.4828,stop,484.15,67.88,743,33,32
271,4.4828,stop,918.91,68.46,849,34,38
271,4.4828,stop,442.55,58.51,861,36,38
272,4.4988,stop,1513.43,1046.00,850,30,37
272,4.4988,stop,1626.77,576.44,696,33,33
272,4.4988,stop,1645.05,526.16,802,36,33
272,4.4988,stop,396.18,450.97,741,35,34
272,4.4988,stop,339.07,442.37,712,31,35
272,4.4988,stop,920.46,381.88,760,35,35
272,4.4988,stop,1037.01,100.00,764,32,37
272,4.4988,stop,385.77,89.52,684,32,32
272,4.4988,stop,337.19,84.98,684,31,33
272,4.4988,stop,483.58,67.81,756,37,32
272,4.4988,stop,918.04,68.60,857,34,38
272,4.4988,stop,442.63,58.56,874,36,38
273,4.5188,stop,1513.46,1045.97,856,31,38
273,4.5188,stop,1626.84,576.33,691,33,33
273,4.5188,stop,1645.01,526.08,799,36,33
273,4.5188,stop,396.07,450.97,749,35,36
273,4.5188,stop,339.06,442.37,704,31,35
273,4.5188,stop,920.30,382.34,822,34,35
273,4.5188,stop,1035.44,99.52,750,31,36
273,4.5188,stop,385.78,89.38,690,31,32
273,4.5188,stop,337.21,85.02,685,31,33
273,4.5188,stop,917.25,68.38,860,34,38
273,4.5188,stop,483.57,67.15,789,34,35
273,4.5188,stop,442.65,58.63,865,36,37
274,4.5348,stop,1513.38,1045.87,858,31,37
274,4.5348,stop,1626.81,576.36,703,33,33
274,4.5348,stop,1644.87,526.24,811,36,33
274,4.5348,stop,396.23,450.90,745,35,34
274,4.5348,stop,339.06,442.37,706,31,35
274,4.5348,stop,921.11,383.20,782,35,35
274,4.5348,stop,1033.90,98.92,731,31,36
274,4.5348,stop,385.65,89.58,686,31,32
274,4.5348,stop,337.27,85.20,684,31,32
274,4.5348,stop,484.18,68.06,741,33,32
274,4.5348,stop,916.77,68.61,858,34,38
274,4.5348,stop,441.86,57.67,924,36,37
275,4.5508,stop,1513.41,1045.95,858,31,37
275,4.5508,stop,1626.75,576.32,708,33,33
275,4.5508,stop,1644.83,526.08,810,36,32
275,4.5508,stop,396.25,451.00,743,35,34
275,4.5508,stop,339.09,442.36,710,31,35
275,4.5508,stop,921.37,383.23,783,35,35
275,4.5508,stop,1032.68,98.18,724,31,36
275,4.5508,stop,385.71,89.62,686,31,33
275,4.5508,stop,337.30,84.96,692,31,33
275,4.5508,stop,484.20,67.93,738,33,32
275,4.5508,stop,915.92,68.25,840,34,37
275,4.5508,stop,442.64,58.68,865,36,39
276,4.5669,stop,1513.46,1045.96,847,29,37
276,4.5669,stop,1626.76,576.32,703,32,33
276,4.5669,stop,1645.00,526.19,799,36,32
276,4.5669,stop,396.12,450.98,747,35,35
276,4.5669,stop,338.97,442.28,711,31,35
276,4.5669,stop,920.91,383.06,754,35,35
276,4.5669,stop,1031.25,97.81,716,31,36
276,4.5669,stop,385.70,89.48,687,31,32
276,4.5669,stop,337.15,84.92,690,30,33
276,4.5669,stop,915.47,68.33,831,33,37
276,4.5669,stop,483.11,66.88,815,38,35
276,4.5669,stop,442.72,58.64,869,37,37
277,4.5829,stop,1513.45,1046.03,856,31,37
277,4.5829,stop,1626.87,576.28,691,32,33
277,4.5829,stop,1644.94,526.13,813,36,32
277,4.5829,stop,396.16,451.07,741,35,35
277,4.5829,stop,339.06,442.28,703,31,35
277,4.5829,stop,921.29,382.95,809,35,35
277,4.5829,stop,1030.12,97.14,715,31,36
277,4.5829,stop,385.74,89.59,682,31,34
277,4.5829,stop,337.15,85.03,673,31,33
277,4.5829,stop,914.95,68.44,842,33,37
277,4.5829,stop,483.20,66.97,806,38,35
277,4.5829,stop,441.81,57.48,931,37,38
278,4.5989,stop,1513.54,1046.00,856,29,37
278,4.5989,stop,1626.83,576.39,699,33,33
278,4.5989,stop,1645.02,526.09,802,36,32
278,4.5989,stop,396.17,451.03,747,35,34
278,4.5989,stop,338.97,442.27,711,31,35
278,4.5989,stop,921.45,382.64,803,35,35
278,4.5989,stop,1028.99,96.60,693,31,36
278,4.5989,stop,385.75,89.48,690,30,33
278,4.5989,stop,337.14,85.08,674,31,33
278,4.5989,stop,483.57,67.70,761,37,32
278,4.5989,stop,914.28,68.33,823,32,37
278,4.5989,stop,442.58,58.68,867,37,36
279,4.6188,stop,1514.35,1046.24,908,35,37
279,4.6188,stop,1626.78,576.35,699,33,33
279,4.6188,stop,1644.94,526.01,807,36,33
279,4.6188,stop,396.15,450.97,752,35,34
279,4.6188,stop,339.06,442.38,703,31,35
279,4.6188,stop,921.94,382.23,796,35,34
279,4.6188,stop,1028.06,95.79,691,32,35
279,4.6188,stop,385.81,89.57,687,33,32
279,4.6188,stop,337.08,85.07,675,31,33
279,4.6188,stop,484.16,68.05,732,33,32
279,4.6188,stop,913.83,68.32,818,33,38
279,4.6188,stop,442.62,58.56,857,36,38
280,4.6348,stop,1514.24,1046.12,894,36,37
280,4.6348,stop,1626.83,576.28,697,33,33
280,4.6348,stop,1644.86,526.07,802,36,32
280,4.6348,stop,396.25,451.05,743,35,35
280,4.6348,stop,339.01,442.24,710,31,35
280,4.6348,stop,922.08,381.89,797,34,35
280,4.6348,stop,1027.27,94.80,671,29,35
280,4.6348,stop,385.82,89.47,685,32,32
280,4.6348,stop,337.22,84.89,688,30,33
280,4.6348,stop,483.75,67.76,762,36,32
280,4.6348,stop,913.48,68.19,809,33,38
280,4.6348,stop,442.64,58.52,872,36,38
281,4.6509,stop,1513.46,1045.99,865,31,37
281,4.6509,stop,1626.74,576.38,702,32,33
281,4.6509,stop,1644.89,526.10,810,36,33
281,4.6509,stop,396.18,451.07,742,35,34
281,4.6509,stop,338.93,442.37,712,31,35
281,4.6509,stop,922.35,381.67,788,34,34
281,4.6509,stop,1026.54,94.38,667,29,36
281,4.6509,stop,385.74,89.43,693,31,32
281,4.6509,stop,337.11,85.04,686,31,33
281,4.6509,stop,484.08,67.91,735,33,32
281,4.6509,stop,913.38,68.05,792,32,38
281,4.6509,stop,441.90,57.56,930,38,37
282,4.6668,stop,1513.44,1046.02,861,31,37
282,4.6668,stop,1626.79,576.26,695,32,33
282,4.6668,stop,1644.94,526.03,802,36,33
282,4.6668,stop,396.16,451.08,750,35,34
282,4.6668,stop,339.07,442.37,710,31,35
282,4.6668,stop,922.64,380.90,778,35,35
282,4.6668,stop,1025.95,93.66,650,28,35
282,4.6668,stop,385.85,89.39,688,32,32
282,4.6668,stop,337.01,85.01,674,31,33
282,4.6668,stop,912.95,67.59,805,32,38
282,4.6668,stop,483.63,67.09,785,33,35
282,4.6668,stop,441.86,57.52,927,36,38
283,4.6829,stop,1513.46,1045.97,863,31,37
283,4.6829,stop,1626.88,576.37,705,33,33
283,4.6829,stop,1644.93,526.10,809,36,32
283,4.6829,stop,396.19,451.02,747,35,35
283,4.6829,stop,338.98,442.38,703,31,35
283,4.6829,stop,922.79,380.25,783,34,34
283,4.6829,stop,1025.58,92.67,644,27,35
283,4.6829,stop,385.83,89.41,684,32,33
283,4.6829,stop,337.11,84.99,686,31,33
283,4.6829,stop,483.06,66.90,808,38,35
283,4.6829,stop,912.96,67.38,808,31,39
283,4.6829,stop,441.77,57.60,937,37,37
284,4.6988,stop,1514.27,1046.22,911,36,37
284,4.6988,stop,1626.83,576.34,703,33,33
284,4.6988,stop,1645.03,526.15,793,36,32
284,4.6988,stop,396.11,450.99,747,35,34
284,4.6988,stop,339.08,442.41,698,31,35
284,4.6988,stop,923.03,379.82,758,34,35
284,4.6988,stop,1025.34,91.75,617,28,34
284,4.6988,stop,385.66,89.52,686,31,32
284,4.6988,stop,337.20,85.04,689,31,33
284,4.6988,stop,483.71,67.77,758,36,32
284,4.6988,stop,913.13,67.45,792,32,39
284,4.6988,stop,442.63,58.59,869,38,37
285,4.7189,stop,1513.54,1045.95,855,30,37
285,4.7189,stop,1626.85,576.29,695,33,33
285,4.7189,stop,1644.97,526.20,805,36,32
285,4.7189,stop,396.11,451.02,742,35,35
285,4.7189,stop,338.96,442.23,704,31,35
285,4.7189,stop,923.02,379.17,760,34,34
285,4.7189,stop,1025.05,90.68,605,28,34
285,4.7189,stop,385.66,89.46,682,31,32
285,4.7189,stop,337.16,84.96,674,31,33
285,4.7189,stop,913.36,67.40,804,32,38
285,4.7189,stop,483.56,67.10,781,34,35
285,4.7189,stop,442.56,58.67,860,36,36
286,4.7349,stop,1513.53,1046.13,854,30,37
286,4.7349,stop,1626.75,576.30,701,33,33
286,4.7349,stop,1644.94,526.14,807,36,32
286,4.7349,stop,396.20,451.14,738,35,34
286,4.7349,stop,339.07,442.34,706,31,35
286,4.7349,stop,923.23,378.83,754,34,34
286,4.7349,stop,1025.20,89.88,589,27,33
286,4.7349,stop,385.62,89.49,680,31,32
286,4.7349,stop,337.16,84.84,688,31,33
286,4.7349,stop,913.15,67.77,830,32,38
286,4.7349,stop,483.50,67.09,788,33,35
286,4.7349,stop,442.67,58.65,867,36,37
287,4.7509,stop,1514.37,1046.13,913,36,37
287,4.7509,stop,1626.73,576.34,702,32,33
287,4.7509,stop,1644.94,526.05,815,36,33
287,4.7509,stop,396.15,451.16,745,35,35
287,4.7509,stop,339.13,442.40,707,31,35
287,4.7509,stop,923.23,378.37,750,34,34
287,4.7509,stop,1025.19,88.69,568,27,32
287,4.7509,stop,385.70,89.46,682,31,32
287,4.7509,stop,337.25,85.06,680,31,33
287,4.7509,stop,914.09,67.27,791,32,37
287,4.7509,stop,483.46,67.04,784,34,35
287,4.7509,stop,442.65,58.55,863,36,37
288,4.7669,stop,1513.45,1045.89,855,30,37
288,4.7669,stop,1626.83,576.34,695,33,33
288,4.7669,stop,1644.98,526.10,803,36,32
288,4.7669,stop,396.10,451.04,749,35,34
288,4.7669,stop,338.97,442.39,712,31,35
288,4.7669,stop,923.61,378.49,707,34,34
288,4.7669,stop,385.95,89.52,688,30,32
288,4.7669,stop,1025.27,87.98,552,27,32
288,4.7669,stop,337.19,85.10,692,31,33
288,4.7669,stop,914.63,67.35,818,32,38
288,4.7669,stop,483.09,66.94,813,37,35
288,4.7669,stop,442.51,58.68,862,37,36
289,4.7829,stop,1514.30,1046.19,910,36,37
289,4.7829,stop,1626.96,576.38,702,32,33
289,4.7829,stop,1644.88,526.06,806,36,32
289,4.7829,stop,396.09,451.16,738,35,34
289,4.7829,stop,339.07,442.39,713,31,35
289,4.7829,stop,923.16,377.70,736,34,33
289,4.7829,stop,385.73,89.54,680,31,32
289,4.7829,stop,1025.02,87.86,580,29,32
289,4.7829,stop,337.10,85.01,687,31,33
289,4.7829,stop,915.28,67.38,821,33,38
289,4.7829,stop,483.58,67.10,786,34,35
289,4.7829,stop,442.60,58.67,867,37,36
290,4.7989,stop,1513.31,1045.92,862,30,37
290,4.7989,stop,1626.83,576.25,698,32,33
290,4.7989,stop,1644.94,526.08,806,36,33
290,4.7989,stop,396.25,450.95,739,35,34
290,4.7989,stop,338.99,442.31,705,31,35
290,4.7989,stop,923.20,377.26,748,34,33
290,4.7989,stop,1025.01,87.74,590,29,32
290,4.7989,stop,385.82,89.44,684,31,33
290,4.7989,stop,337.33,84.99,661,29,33
290,4.7989,stop,484.12,67.92,736,34,32
290,4.7989,stop,915.90,67.26,826,33,38
290,4.7989,stop,441.76,57.50,928,37,38
291,4.8188,stop,1514.36,1046.14,906,36,37
291,4.8188,stop,1626.81,576.27,692,33,33
291,4.8188,stop,1644.86,526.13,806,36,32
291,4.8188,stop,396.14,451.11,739,35,35
291,4.8188,stop,339.02,442.38,713,31,35
291,4.8188,stop,922.95,376.83,743,34,33
291,4.8188,stop,385.85,89.52,685,31,32
291,4.8188,stop,1024.90,87.73,614,33,33
291,4.8188,stop,337.05,85.07,676,30,32
291,4.8188,stop,916.59,67.48,833,34,38
291,4.8188,stop,483.26,66.94,807,39,35
291,4.8188,stop,442.64,58.71,861,36,36
292,4.8349,stop,1513.44,1045.93,851,30,37
292,4.8349,stop,1626.83,576.27,696,33,33
292,4.8349,stop,1645.07,526.01,798,36,32
292,4.8349,stop,396.18,451.01,743,35,34
292,4.8349,stop,339.05,442.26,704,31,35
292,4.8349,stop,923.02,376.29,741,34,33
292,4.8349,stop,385.79,89.46,691,32,32
292,4.8349,stop,1025.48,87.40,622,29,33
292,4.8349,stop,337.12,85.08,673,31,33
292,4.8349,stop,917.42,67.33,845,34,38
292,4.8349,stop,483.47,67.05,789,34,35
292,4.8349,stop,441.87,57.59,931,37,37
293,4.8509,stop,1513.37,1045.96,862,30,37
293,4.8509,stop,1626.76,576.24,698,33,33
293,4.8509,stop,1644.90,526.06,809,36,32
293,4.8509,stop,396.12,450.97,745,35,34
293,4.8509,stop,339.01,442.33,710,31,35
293,4.8509,stop,922.69,376.05,733,34,32
293,4.8509,stop,385.80,89.53,683,32,32
293,4.8509,stop,1026.15,87.29,623,30,33
293,4.8509,stop,337.18,84.93,681,30,33
293,4.8509,stop,918.24,67.61,858,35,38
293,4.8509,stop,483.61,67.08,788,33,35
293,4.8509,stop,441.79,57.51,924,37,38
294,4.8669,stop,1513.47,1045.94,847,30,37
294,4.8669,stop,1626.71,576.30,689,32,33
294,4.8669,stop,1644.92,526.09,808,36,32
294,4.8669,stop,396.25,451.01,750,35,34
294,4.8669,stop,338.99,442.34,711,31,35
294,4.8669,stop,922.45,375.48,726,35,33
294,4.8669,stop,385.91,89.46,694,31,32
294,4.8669,stop,1026.65,87.04,643,33,32
294,4.8669,stop,337.02,84.97,682,31,33
294,4.8669,stop,918.90,67.55,862,34,39
294,4.8669,stop,483.62,67.25,787,35,35
294,4.8669,stop,441.79,57.55,930,37,38
295,4.8829,stop,1513.47,1045.98,863,30,37
295,4.8829,stop,1626.78,576.30,699,33,33
295,4.8829,stop,1644.98,526.13,809,36,32
295,4.8829,stop,396.19,450.94,752,35,35
295,4.8829,stop,338.97,442.40,710,31,35
295,4.8829,stop,922.77,375.67,697,35,32
295,4.8829,stop,385.68,89.50,684,32,32
295,4.8829,stop,1027.34,86.92,647,33,33
295,4.8829,stop,337.08,84.93,678,30,33
295,4.8829,stop,919.89,67.55,857,34,38
295,4.8829,stop,483.29,66.93,798,36,35
295,4.8829,stop,442.63,58.61,864,36,38
296,4.8989,stop,1514.39,1046.12,902,36,37
296,4.8989,stop,1626.88,576.33,698,32,33
296,4.8989,stop,1644.98,526.12,795,36,32
296,4.8989,stop,396.09,451.06,749,35,34
296,4.8989,stop,339.05,442.42,708,31,35
296,4.8989,stop,922.21,374.83,728,34,32
296,4.8989,stop,385.81,89.44,687,31,32
296,4.8989,stop,1027.90,87.30,680,33,34
296,4.8989,stop,337.27,85.04,678,30,33
296,4.8989,stop,920.84,67.28,848,35,38
296,4.8989,stop,483.54,67.03,784,33,35
296,4.8989,stop,442.65,58.68,873,37,36
297,4.9189,stop,1514.33,1046.06,892,35,37
297,4.9189,stop,1626.87,576.22,699,33,33
297,4.9189,stop,1644.94,526.04,804,36,33
297,4.9189,stop,396.27,450.97,748,35,34
297,4.9189,stop,339.06,442.29,707,31,35
297,4.9189,stop,922.00,374.77,727,34,32
297,4.9189,stop,385.61,89.42,683,31,33
297,4.9189,stop,1028.00,86.91,718,34,34
297,4.9189,stop,337.14,85.09,679,31,33
297,4.9189,stop,921.65,67.24,847,35,38
297,4.9189,stop,483.54,66.98,790,34,35
297,4.9189,stop,442.65,58.66,869,36,38
298,4.9349,stop,1513.48,1045.90,854,31,37
298,4.9349,stop,1626.83,576.42,695,32,33
298,4.9349,stop,1644.85,526.11,801,36,32
298,4.9349,stop,396.22,450.94,738,35,34
298,4.9349,stop,339.03,442.33,704,31,35
298,4.9349,stop,921.71,374.80,726,34,32
298,4.9349,stop,385.91,89.58,685,31,32
298,4.9349,stop,1028.63,86.88,715,34,34
298,4.9349,stop,337.17,85.00,673,30,33
298,4.9349,stop,483.68,67.75,754,37,32
298,4.9349,stop,922.47,67.20,838,35,38
298,4.9349,stop,442.62,58.65,871,37,37
299,4.9509,stop,1514.31,1046.15,905,36,37
299,4.9509,stop,1626.88,576.35,702,33,33
299,4.9509,stop,1645.05,526.12,800,36,32
299,4.9509,stop,396.15,450.96,743,35,35
299,4.9509,stop,339.07,442.38,701,31,35
299,4.9509,stop,922.21,375.17,686,34,32
299,4.9509,stop,385.75,89.51,682,31,32
299,4.9509,stop,1029.97,87.36,710,34,34
299,4.9509,stop,337.23,84.97,683,30,33
299,4.9509,stop,923.28,67.27,830,34,39
299,4.9509,stop,483.11,66.98,810,37,35
299,4.9509,stop,442.67,58.59,860,36,37
300,4.9669,stop,1514.42,1046.15,910,36,37
300,4.9669,stop,1626.70,576.35,704,32,33
300,4.9669,stop,1645.02,526.09,805,36,33
300,4.9669,stop,396.22,450.96,738,35,35
300,4.9669,stop,339.13,442.34,709,31,35
300,4.9669,stop,921.47,374.96,731,35,32
300,4.9669,stop,385.79,89.56,681,30,32
300,4.9669,stop,1030.41,87.10,735,33,35
300,4.9669,stop,337.05,84.97,687,31,33
300,4.9669,stop,483.60,67.87,755,37,32
300,4.9669,stop,924.01,67.27,827,34,39
300,4.9669,stop,441.83,57.69,921,38,37
301,4.9829,stop,1513.43,1046.01,854,29,37
301,4.9829,stop,1626.87,576.40,700,33,33
301,4.9829,stop,1645.04,526.09,808,36,32
301,4.9829,stop,396.19,451.01,734,35,35
301,4.9829,stop,338.97,442.38,696,31,35
301,4.9829,stop,921.26,375.39,739,35,33
301,4.9829,stop,385.79,89.50,684,31,32
301,4.9829,stop,1031.26,87.17,727,33,35
301,4.9829,stop,337.09,85.09,682,31,33
301,4.9829,stop,483.56,67.73,760,37,32
301,4.9829,stop,924.55,67.38,818,33,37
301,4.9829,stop,441.79,57.69,924,36,37
302,4.9989,s100,1513.52,1046.02,854,31,38
302,4.9989,s100,1626.86,576.39,696,33,33
302,4.9989,s100,1644.83,526.08,806,36,32
302,4.9989,s100,396.24,451.07,736,35,34
302,4.9989,s100,339.00,442.43,718,31,35
302,4.9989,s100,921.64,376.27,711,34,33
302,4.9989,s100,385.75,89.39,679,30,32
302,4.9989,s100,1032.30,87.26,708,33,35
302,4.9989,s100,337.11,85.11,678,31,33
302,4.9989,s100,484.21,67.93,739,33,32
302,4.9989,s100,925.10,67.60,862,33,38
302,4.9989,s100,441.80,57.65,923,36,37
303,5.0189,s100,1514.37,1046.02,898,36,37
303,5.0189,s100,1626.87,576.33,690,32,33
303,5.0189,s100,1645.08,526.05,798,36,32
303,5.0189,s100,396.18,451.04,753,35,35
303,5.0189,s100,339.03,442.38,707,31,35
303,5.0189,s100,921.04,376.09,734,34,33
303,5.0189,s100,385.74,89.59,687,32,33
303,5.0189,s100,1032.32,86.52,662,33,32
303,5.0189,s100,337.09,85.06,681,31,33
303,5.0189,s100,483.66,67.81,759,37,32
303,5.0189,s100,925.87,66.97,816,33,38
303,5.0189,s100,442.60,58.58,865,37,38
304,5.0349,s100,1514.29,1046.02,887,36,37
304,5.0349,s100,1626.77,576.35,691,33,33
304,5.0349,s100,1644.92,526.12,797,36,32
304,5.0349,s100,396.22,451.04,744,35,35
304,5.0349,s100,338.98,442.27,705,31,35
304,5.0349,s100,920.84,376.31,749,34,33
304,5.0349,s100,385.97,89.46,688,31,32
304,5.0349,s100,1032.58,86.68,628,31,33
304,5.0349,s100,337.12,85.02,679,30,33
304,5.0349,s100,926.05,67.38,854,33,38
304,5.0349,s100,483.10,66.96,814,36,35
304,5.0349,s100,442.61,58.61,869,37,37
305,5.0509,s100,1513.41,1045.93,863,31,37
305,5.0509,s100,1626.87,576.29,699,33,33
305,5.0509,s100,1644.92,526.12,815,36,32
305,5.0509,s100,396.09,451.05,745,35,35
305,5.0509,s100,339.03,442.34,705,31,35
305,5.0509,s100,921.26,377.14,717,34,33
305,5.0509,s100,385.73,89.50,688,31,32
305,5.0509,s100,1033.89,87.11,646,32,33
305,5.0509,s100,337.16,84.96,681,30,33
305,5.0509,s100,926.54,67.42,845,33,37
305,5.0509,s100,482.99,66.94,812,38,35
305,5.0509,s100,442.56,58.70,866,37,36
306,5.0669,s100,1514.32,1046.11,904,36,37
306,5.0669,s100,1626.85,576.30,696,33,33
306,5.0669,s100,1644.96,526.04,802,36,32
306,5.0669,s100,396.17,451.00,744,35,34
306,5.0669,s100,339.05,442.31,703,31,35
306,5.0669,s100,921.25,377.26,718,35,34
306,5.0669,s100,385.76,89.39,691,31,32
306,5.0669,s100,1034.31,87.23,622,30,33
306,5.0669,s100,337.13,85.15,682,31,33
306,5.0669,s100,927.03,67.47,832,33,37
306,5.0669,s100,483.02,66.92,807,36,35
306,5.0669,s100,441.86,57.63,930,36,38
307,5.0829,s100,1513.40,1045.97,868,31,37
307,5.0829,s100,1626.93,576.28,695,32,33
307,5.0829,s100,1644.87,526.14,804,36,32
307,5.0829,s100,396.24,451.00,746,35,34
307,5.0829,s100,339.11,442.28,705,31,35
307,5.0829,s100,920.93,377.62,720,35,34
307,5.0829,s100,385.79,89.52,681,31,33
307,5.0829,s100,1034.82,87.77,628,30,34
307,5.0829,s100,337.23,85.03,677,31,33
307,5.0829,s100,927.32,67.53,825,33,37
307,5.0829,s100,483.61,67.13,791,34,35
307,5.0829,s100,441.75,57.61,934,37,38
308,5.0989,s100,1513.46,1045.98,862,30,37
308,5.0989,s100,1626.75,576.34,700,33,33
308,5.0989,s100,1645.03,526.12,800,36,32
308,5.0989,s100,396.22,451.07,741,35,34
308,5.0989,s100,339.07,442.39,710,31,35
308,5.0989,s100,920.79,377.86,721,35,33
308,5.0989,s100,385.91,89.59,689,32,32
308,5.0989,s100,1035.60,87.92,635,31,34
308,5.0989,s100,337.21,84.99,677,30,33
308,5.0989,s100,484.09,67.89,740,34,32
308,5.0989,s100,927.54,67.11,825,33,36
308,5.0989,s100,442.51,58.64,869,37,37
309,5.1189,s100,1514.25,1046.15,904,36,37
309,5.1189,s100,1626.80,576.30,696,32,33
309,5.1189,s100,1644.81,526.06,814,36,32
309,5.1189,s100,396.10,451.03,743,35,35
309,5.1189,s100,339.09,442.32,698,31,35
309,5.1189,s100,920.62,377.95,715,35,33
309,5.1189,s100,385.73,89.40,680,31,33
309,5.1189,s100,1036.16,88.32,625,31,34
309,5.1189,s100,337.26,84.67,682,30,33
309,5.1189,s100,484.15,67.94,734,34,32
309,5.1189,s100,927.63,67.04,835,33,36
309,5.1189,s100,442.71,58.59,871,36,38
310,5.1349,s100,1513.44,1046.02,863,31,37
310,5.1349,s100,1626.81,576.30,693,32,33
310,5.1349,s100,1644.91,526.16,811,36,33
310,5.1349,s100,396.17,451.01,744,35,35
310,5.1349,s100,339.14,442.42,712,31,35
310,5.1349,s100,920.56,378.23,715,34,33
310,5.1349,s100,385.71,89.47,686,31,32
310,5.1349,s100,1037.01,88.91,646,32,35
310,5.1349,s100,337.13,84.97,683,30,33
310,5.1349,s100,927.56,67.06,833,33,36
310,5.1349,s100,482.98,66.96,811,37,35
310,5.1349,s100,442.64,58.68,879,37,38
311,5.1509,s100,1514.35,1046.07,902,36,37
311,5.1509,s100,1626.76,576.29,694,32,33
311,5.1509,s100,1644.98,526.07,808,36,32
311,5.1509,s100,396.11,451.02,743,35,34
311,5.1509,s100,339.07,442.30,709,31,35
311,5.1509,s100,920.60,378.38,722,34,34
311,5.1509,s100,385.81,89.46,694,31,33
311,5.1509,s100,1037.34,89.28,657,32,34
311,5.1509,s100,337.13,85.01,669,31,33
311,5.1509,s100,927.53,66.79,832,33,36
311,5.1509,s100,483.07,66.94,807,36,35
311,5.1509,s100,442.73,58.64,867,36,38
312,5.1669,s100,1513.36,1045.95,865,31,37
312,5.1669,s100,1626.71,576.29,702,33,33
312,5.1669,s100,1644.93,526.06,805,36,32
312,5.1669,s100,396.19,451.05,751,35,34
312,5.1669,s100,339.16,442.34,702,31,35
312,5.1669,s100,920.44,378.41,726,34,34
312,5.1669,s100,385.74,89.44,687,33,32
312,5.1669,s100,1037.46,89.67,657,32,35
312,5.1669,s100,337.24,84.94,687,31,33
312,5.1669,s100,927.40,66.52,823,34,35
312,5.1669,s100,483.21,67.00,799,38,34
312,5.1669,s100,442.54,58.66,864,37,38
313,5.1829,s100,1513.37,1045.88,858,31,37
313,5.1829,s100,1626.87,576.30,695,33,33
313,5.1829,s100,1645.00,526.10,803,36,33
313,5.1829,s100,396.12,451.05,750,35,34
313,5.1829,s100,339.00,442.37,702,31,35
313,5.1829,s100,919.85,377.97,755,34,34
313,5.1829,s100,385.77,89.55,688,31,32
313,5.1829,s100,1037.37,90.08,673,32,35
313,5.1829,s100,336.98,84.90,685,31,33
313,5.1829,s100,483.73,67.88,759,37,32
313,5.1829,s100,927.25,66.28,824,33,36
313,5.1829,s100,442.67,58.64,869,36,36
314,5.1989,s100,1513.44,1045.95,851,31,37
314,5.1989,s100,1626.87,576.29,700,33,33
314,5.1989,s100,1645.00,526.06,803,36,32
314,5.1989,s100,396.13,451.07,742,35,34
314,5.1989,s100,338.97,442.39,711,31,35
314,5.1989,s100,920.42,378.56,718,34,34
314,5.1989,s100,1037.49,90.40,682,33,35
314,5.1989,s100,385.65,89.37,684,31,33
314,5.1989,s100,337.25,84.92,688,31,33
314,5.1989,s100,484.03,67.98,742,34,32
314,5.1989,s100,927.10,66.22,824,34,35
314,5.1989,s100,441.85,57.52,931,37,38
315,5.2189,s100,1513.45,1046.10,857,31,37
315,5.2189,s100,1626.72,576.44,702,33,33
315,5.2189,s100,1645.00,526.06,814,36,32
315,5.2189,s100,396.13,451.06,742,35,34
315,5.2189,s100,339.05,442.31,699,31,35
315,5.2189,s100,919.99,378.41,755,34,33
315,5.2189,s100,1036.39,90.36,636,29,34
315,5.2189,s100,385.71,89.45,691,31,32
315,5.2189,s100,337.17,84.92,697,31,33
315,5.2189,s100,484.23,68.04,734,34,32
315,5.2189,s100,926.77,66.10,824,34,35
315,5.2189,s100,441.87,57.60,934,36,38
316,5.2349,s100,1513.41,1046.00,859,29,37
316,5.2349,s100,1626.85,576.34,704,33,33
316,5.2349,s100,1644.98,526.16,804,36,33
316,5.2349,s100,396.05,451.01,739,35,34
316,5.2349,s100,339.01,442.35,709,31,35
316,5.2349,s100,919.99,378.42,746,34,33
316,5.2349,s100,1036.96,90.38,674,34,34
316,5.2349,s100,385.89,89.54,681,29,32
316,5.2349,s100,337.27,84.93,695,31,33
316,5.2349,s100,926.53,65.86,818,34,35
316,5.2349,s100,483.55,67.03,790,33,35
316,5.2349,s100,441.79,57.65,925,37,37
317,5.2509,s100,1513.50,1046.06,866,30,37
317,5.2509,s100,1626.79,576.28,697,33,33
317,5.2509,s100,1644.94,526.13,809,36,32
317,5.2509,s100,396.21,451.02,745,35,34
317,5.2509,s100,339.00,442.42,702,31,35
317,5.2509,s100,920.64,379.03,723,34,34
317,5.2509,s100,1035.51,90.12,635,29,34
317,5.2509,s100,385.71,89.53,680,31,33
317,5.2509,s100,337.15,85.01,688,31,33
317,5.2509,s100,483.57,67.16,779,33,34
317,5.2509,s100,926.35,65.97,818,34,35
317,5.2509,s100,442.60,58.70,870,37,37
318,5.2669,s100,1513.43,1046.00,856,31,37
318,5.2669,s100,1626.83,576.32,694,33,33
318,5.2669,s100,1645.01,526.14,803,36,32
318,5.2669,s100,396.30,451.14,738,35,34
318,5.2669,s100,338.94,442.42,707,31,35
318,5.2669,s100,920.72,379.14,721,34,33
318,5.2669,s100,1034.98,89.71,637,30,33
318,5.2669,s100,385.71,89.55,687,31,32
318,5.2669,s100,337.20,85.01,681,30,33
318,5.2669,s100,926.12,65.85,814,34,35
318,5.2669,s100,483.14,66.88,814,38,35
318,5.2669,s100,442.68,58.60,865,36,37
319,5.2829,s100,1513.45,1046.01,860,29,37
319,5.2829,s100,1626.73,576.31,703,33,33
319,5.2829,s100,1645.10,525.98,810,36,33
319,5.2829,s100,396.14,451.03,742,35,35
319,5.2829,s100,339.10,442.36,701,31,35
319,5.2829,s100,920.88,379.11,727,35,33
319,5.2829,s100,1035.57,89.77,679,36,34
319,5.2829,s100,385.76,89.46,689,31,33
319,5.2829,s100,337.17,85.04,688,32,33
319,5.2829,s100,926.04,65.76,812,35,35
319,5.2829,s100,483.54,67.06,788,34,35
319,5.2829,s100,441.78,57.60,930,36,38
320,5.3029,s100,1513.42,1045.96,853,30,37
320,5.3029,s100,1626.83,576.30,699,32,33
320,5.3029,s100,1644.86,526.09,806,36,32
320,5.3029,s100,396.12,451.01,745,35,34
320,5.3029,s100,339.20,442.44,709,31,35
320,5.3029,s100,921.03,379.37,734,35,34
320,5.3029,s100,1034.73,89.29,676,35,32
320,5.3029,s100,385.80,89.49,688,31,32
320,5.3029,s100,337.15,84.96,688,31,33
320,5.3029,s100,925.83,65.92,821,34,35
320,5.3029,s100,483.19,66.98,813,37,35
320,5.3029,s100,442.71,58.61,870,36,38
321,5.3189,s100,1514.47,1046.07,898,36,37
321,5.3189,s100,1626.82,576.23,691,32,33
321,5.3189,s100,1644.90,526.10,807,36,32
321,5.3189,s100,396.18,451.00,748,35,34
321,5.3189,s100,339.01,442.35,706,31,35
321,5.3189,s100,921.20,379.59,732,35,34
321,5.3189,s100,1033.03,88.73,643,31,33
321,5.3189,s100,385.92,89.55,691,31,33
321,5.3189,s100,337.14,84.92,684,31,33
321,5.3189,s100,483.82,67.74,763,37,32
321,5.3189,s100,925.56,65.98,822,35,35
321,5.3189,s100,442.66,58.63,868,37,37
322,5.3349,s100,1513.43,1045.99,851,31,37
322,5.3349,s100,1626.78,576.31,693,33,33
322,5.3349,s100,1645.00,526.16,806,36,32
322,5.3349,s100,396.17,450.97,740,35,35
322,5.3349,s100,339.03,442.35,706,31,35
322,5.3349,s100,921.37,379.80,735,34,34
322,5.3349,s100,1032.95,88.60,670,33,32
322,5.3349,s100,385.91,89.46,695,31,33
322,5.3349,s100,337.06,84.99,680,31,33
322,5.3349,s100,925.27,66.03,811,35,35
322,5.3349,s100,483.20,66.94,796,37,35
322,5.3349,s100,441.93,57.73,937,36,38
323,5.3509,s100,1513.45,1046.01,861,31,37
323,5.3509,s100,1626.75,576.25,699,32,33
323,5.3509,s100,1644.97,526.13,807,36,32
323,5.3509,s100,396.17,450.89,747,35,34
323,5.3509,s100,338.93,442.39,712,31,35
323,5.3509,s100,921.50,379.96,738,35,34
323,5.3509,s100,1032.30,88.42,682,33,32
323,5.3509,s100,385.73,89.54,682,31,33
323,5.3509,s100,337.22,84.96,681,30,33
323,5.3509,s100,924.87,65.94,821,36,35
323,5.3509,s100,483.18,67.01,797,38,35
323,5.3509,s100,441.82,57.57,931,37,37
324,5.3669,s100,1514.36,1046.09,905,36,37
324,5.3669,s100,1626.83,576.36,701,32,33
324,5.3669,s100,1644.95,526.13,810,36,33
324,5.3669,s100,395.57,451.58,782,35,35
324,5.3669,s100,339.03,442.37,711,31,35
324,5.3669,s100,921.62,380.46,744,34,35
324,5.3669,s100,385.72,89.59,689,31,32
324,5.3669,s100,1031.32,88.65,703,33,33
324,5.3669,s100,337.32,84.99,678,30,33
324,5.3669,s100,483.39,67.01,784,34,35
324,5.3669,s100,924.72,65.96,826,34,36
324,5.3669,s100,442.62,58.69,858,36,36
325,5.3829,s100,1513.48,1045.92,859,31,37
325,5.3829,s100,1626.81,576.36,700,33,33
325,5.3829,s100,1644.99,526.04,804,36,32
325,5.3829,s100,396.25,451.05,748,35,34
325,5.3829,s100,339.06,442.44,703,31,35
325,5.3829,s100,921.80,380.72,746,35,34
325,5.3829,s100,385.91,89.44,684,31,32
325,5.3829,s100,1030.71,88.67,742,34,33
325,5.3829,s100,337.02,85.05,681,31,33
325,5.3829,s100,924.49,66.02,814,35,35
325,5.3829,s100,483.47,67.05,788,34,35
325,5.3829,s100,442.65,58.66,871,37,37
326,5.4029,s100,1514.30,1046.23,906,36,37
326,5.4029,s100,1626.87,576.31,701,33,33
326,5.4029,s100,1644.89,526.15,810,36,32
326,5.4029,s100,396.08,450.97,749,35,35
326,5.4029,s100,339.02,442.34,710,31,35
326,5.4029,s100,921.41,380.80,784,35,35
326,5.4029,s100,385.73,89.52,688,32,32
326,5.4029,s100,1029.84,89.06,725,33,33
326,5.4029,s100,337.26,84.91,686,30,33
326,5.4029,s100,924.12,66.09,817,35,35
326,5.4029,s100,483.14,66.92,806,37,35
326,5.4029,s100,442.56,58.64,864,36,37
327,5.4189,s100,1514.44,1046.09,907,36,37
327,5.4189,s100,1626.68,576.28,703,32,33
327,5.4189,s100,1644.97,526.07,812,36,32
327,5.4189,s100,396.16,451.10,742,35,34
327,5.4189,s100,339.07,442.35,707,31,35
327,5.4189,s100,921.59,381.02,800,35,35
327,5.4189,s100,385.82,89.53,694,31,32
327,5.4189,s100,1030.09,89.52,689,34,34
327,5.4189,s100,337.10,85.00,680,31,33
327,5.4189,s100,924.00,66.17,810,34,35
327,5.4189,s100,483.50,67.02,794,34,35
327,5.4189,s100,441.81,57.54,936,36,38
328,5.4349,s100,1514.38,1046.19,914,36,37
328,5.4349,s100,1626.73,576.29,697,33,33
328,5.4349,s100,1644.97,526.09,810,36,33
328,5.4349,s100,396.09,450.92,747,35,35
328,5.4349,s100,338.94,442.31,712,31,35
328,5.4349,s100,921.93,381.41,812,35,34
328,5.4349,s100,385.86,89.45,688,30,32
328,5.4349,s100,1029.90,89.70,708,33,34
328,5.4349,s100,337.09,84.85,684,31,33
328,5.4349,s100,484.19,67.95,740,33,33
328,5.4349,s100,923.98,66.26,804,35,36
328,5.4349,s100,441.86,57.57,929,37,37
329,5.4509,s100,1513.48,1046.06,861,31,37
329,5.4509,s100,1626.80,576.31,696,32,33
329,5.4509,s100,1645.06,526.09,806,36,32
329,5.4509,s100,396.23,451.04,739,35,34
329,5.4509,s100,339.05,442.42,708,31,35
329,5.4509,s100,922.02,381.63,795,34,34
329,5.4509,s100,385.83,89.52,688,32,32
329,5.4509,s100,1029.40,90.23,723,34,35
329,5.4509,s100,337.05,85.13,678,30,33
329,5.4509,s100,484.24,68.08,739,34,32
329,5.4509,s100,923.90,66.44,797,34,35
329,5.4509,s100,442.62,58.57,874,37,38
330,5.4669,s100,1513.50,1046.05,849,30,37
330,5.4669,s100,1626.84,576.31,690,33,33
330,5.4669,s100,1645.07,526.13,806,35,32
330,5.4669,s100,396.13,450.94,751,35,34
330,5.4669,s100,338.93,442.36,713,31,35
330,5.4669,s100,922.09,381.64,792,34,35
330,5.4669,s100,1028.77,90.48,719,34,34
330,5.4669,s100,385.82,89.45,674,29,32
330,5.4669,s100,337.14,85.04,685,31,33
330,5.4669,s100,923.81,66.70,820,34,35
330,5.4669,s100,483.58,67.05,778,33,35
330,5.4669,s100,441.85,57.59,920,36,37
331,5.4829,s100,1514.52,1046.27,907,36,37
331,5.4829,s100,1626.80,576.35,701,33,33
331,5.4829,s100,1644.86,526.11,806,36,33
331,5.4829,s100,396.24,450.93,748,35,34
331,5.4829,s100,339.02,442.38,706,31,35
331,5.4829,s100,922.36,381.76,799,34,35
331,5.4829,s100,1028.44,90.72,710,34,35
331,5.4829,s100,385.73,89.48,683,31,32
331,5.4829,s100,337.22,85.05,687,31,33
331,5.4829,s100,483.53,67.84,759,37,32
331,5.4829,s100,923.63,67.18,826,34,36
331,5.4829,s100,441.82,57.70,935,38,37
332,5.5029,s100,1514.52,1046.11,905,36,37
332,5.5029,s100,1626.83,576.42,693,33,33
332,5.5029,s100,1644.90,526.05,817,36,33
332,5.5029,s100,396.29,451.03,738,35,34
332,5.5029,s100,339.09,442.38,709,31,35
332,5.5029,s100,922.41,381.66,801,34,35
332,5.5029,s100,1027.89,90.69,717,33,34
332,5.5029,s100,385.81,89.54,684,32,32
332,5.5029,s100,337.16,85.01,682,30,33
332,5.5029,s100,483.60,67.86,765,38,32
332,5.5029,s100,923.58,67.12,842,35,38
332,5.5029,s100,441.86,57.61,938,37,38
333,5.5189,s100,1514.29,1046.16,900,36,37
333,5.5189,s100,1626.79,576.36,700,32,33
333,5.5189,s100,1644.96,526.11,814,36,33
333,5.5189,s100,396.13,450.98,736,35,34
333,5.5189,s100,339.05,442.35,700,31,35
333,5.5189,s100,922.51,381.60,789,35,35
333,5.5189,s100,1027.84,90.59,722,33,34
333,5.5189,s100,385.91,89.51,693,31,33
333,5.5189,s100,337.14,85.01,681,30,33
333,5.5189,s100,483.54,67.81,755,37,32
333,5.5189,s100,923.54,67.53,855,34,38
333,5.5189,s100,442.64,58.56,871,36,38
334,5.5349,s100,1514.45,1046.19,900,36,37
334,5.5349,s100,1626.82,576.33,703,32,33
334,5.5349,s100,1645.05,526.13,808,36,33
334,5.5349,s100,396.27,450.95,756,35,35
334,5.5349,s100,339.09,442.33,706,31,35
334,5.5349,s100,922.57,381.35,789,35,34
334,5.5349,s100,385.68,89.43,690,31,32
334,5.5349,s100,1027.62,90.34,717,33,35
334,5.5349,s100,337.14,85.03,691,31,33
334,5.5349,s100,483.65,67.11,785,33,35
334,5.5349,s100,923.27,67.89,861,34,38
334,5.5349,s100,441.85,57.56,927,36,37
335,5.5509,s100,1513.43,1046.06,861,31,37
335,5.5509,s100,1626.78,576.41,698,32,33
335,5.5509,s100,1644.90,526.12,801,36,32
335,5.5509,s100,396.13,450.99,741,35,34
335,5.5509,s100,339.18,442.49,711,31,35
335,5.5509,s100,922.64,380.85,796,35,35
335,5.5509,s100,1027.28,89.93,718,34,35
335,5.5509,s100,385.85,89.49,685,31,33
335,5.5509,s100,337.18,84.88,678,30,33
335,5.5509,s100,483.61,67.05,785,33,35
335,5.5509,s100,923.36,68.37,848,32,38
335,5.5509,s100,442.60,58.66,865,37,37
336,5.5669,s100,1513.48,1045.88,863,30,38
336,5.5669,s100,1626.79,576.36,706,33,33
336,5.5669,s100,1645.03,526.06,801,36,33
336,5.5669,s100,396.21,451.15,742,35,34
336,5.5669,s100,339.09,442.39,717,31,35
336,5.5669,s100,922.77,381.04,767,34,33
336,5.5669,s100,385.80,89.45,688,33,32
336,5.5669,s100,1027.11,89.77,717,34,35
336,5.5669,s100,337.23,85.08,678,30,32
336,5.5669,s100,483.15,66.97,812,37,35
336,5.5669,s100,923.08,68.43,862,33,39
336,5.5669,s100,442.57,58.64,869,37,37
337,5.5829,s100,1513.47,1045.91,851,30,37
337,5.5829,s100,1626.81,576.29,702,32,33
337,5.5829,s100,1645.02,526.09,811,36,32
337,5.5829,s100,396.20,451.01,732,35,34
337,5.5829,s100,339.03,442.38,704,31,35
337,5.5829,s100,922.44,380.17,792,35,33
337,5.5829,s100,385.72,89.53,686,31,32
337,5.5829,s100,1026.96,89.49,720,34,36
337,5.5829,s100,337.07,84.93,689,31,33
337,5.5829,s100,484.11,67.91,740,34,33
337,5.5829,s100,923.15,69.10,860,32,39
337,5.5829,s100,442.62,58.62,872,36,38
338,5.6029,s100,1513.48,1046.00,861,31,37
338,5.6029,s100,1626.75,576.41,701,33,33
338,5.6029,s100,1644.88,526.03,808,36,33
338,5.6029,s100,396.10,451.03,748,35,34
338,5.6029,s100,339.02,442.39,705,31,35
338,5.6029,s100,922.86,380.02,800,34,33
338,5.6029,s100,385.69,89.58,689,32,32
338,5.6029,s100,1026.79,89.17,723,34,35
338,5.6029,s100,337.08,85.01,676,31,33
338,5.6029,s100,484.04,67.99,738,34,32
338,5.6029,s100,922.76,69.28,864,34,38
338,5.6029,s100,442.67,58.64,864,36,38
339,5.6189,s100,1514.45,1046.11,893,36,37
339,5.6189,s100,1626.78,576.24,699,32,33
339,5.6189,s100,1644.94,526.08,810,36,32
339,5.6189,s100,396.09,451.10,748,35,34
339,5.6189,s100,339.06,442.28,708,31,35
339,5.6189,s100,923.15,379.53,824,34,33
339,5.6189,s100,385.63,89.57,693,31,32
339,5.6189,s100,1026.70,89.11,732,32,35
339,5.6189,s100,337.32,84.89,687,31,33
339,5.6189,s100,922.39,70.44,846,34,36
339,5.6189,s100,483.16,66.91,809,37,35
339,5.6189,s100,441.77,57.63,937,36,37
340,5.6349,s100,1514.42,1046.14,900,36,37
340,5.6349,s100,1626.82,576.28,702,33,33
340,5.6349,s100,1645.02,526.07,799,36,32
340,5.6349,s100,396.21,451.01,741,35,34
340,5.6349,s100,339.05,442.31,705,31,35
340,5.6349,s100,923.28,379.23,827,34,34
340,5.6349,s100,385.73,89.48,686,31,32
340,5.6349,s100,1026.88,88.96,717,31,35
340,5.6349,s100,337.11,84.97,690,31,32
340,5.6349,s100,922.08,70.58,883,34,37
340,5.6349,s100,483.05,67.04,806,38,35
340,5.6349,s100,442.62,58.62,868,37,38
341,5.6509,s100,1514.38,1046.18,907,36,37
341,5.6509,s100,1626.80,576.37,698,33,33
341,5.6509,s100,1645.04,526.15,804,36,32
341,5.6509,s100,396.18,451.01,743,35,34
341,5.6509,s100,338.98,442.36,708,31,35
341,5.6509,s100,923.27,379.34,812,34,34
341,5.6509,s100,385.70,89.51,678,31,33
341,5.6509,s100,1026.77,87.93,727,31,35
341,5.6509,s100,337.14,84.91,680,30,33
341,5.6509,s100,483.60,67.74,759,37,32
341,5.6509,s100,921.42,70.48,865,34,37
341,5.6509,s100,442.66,58.51,876,36,38
342,5.6669,s100,1514.38,1046.13,920,36,37
342,5.6669,s100,1626.79,576.32,700,32,33
342,5.6669,s100,1644.85,526.10,813,36,32
342,5.6669,s100,396.02,451.04,743,35,34
342,5.6669,s100,338.97,442.48,715,31,35
342,5.6669,s100,923.92,379.30,800,34,33
342,5.6669,s100,1026.40,88.70,717,33,32
342,5.6669,s100,385.79,89.49,683,31,33
342,5.6669,s100,337.15,84.92,686,30,33
342,5.6669,s100,921.47,70.38,862,34,36
342,5.6669,s100,483.57,67.16,782,34,34
342,5.6669,s100,442.63,58.74,870,36,36
343,5.6829,s100,1513.53,1045.87,852,30,37
343,5.6829,s100,1626.73,576.35,698,32,33
343,5.6829,s100,1644.92,526.10,809,36,33
343,5.6829,s100,396.14,451.03,747,35,35
343,5.6829,s100,339.01,442.39,712,31,35
343,5.6829,s100,924.19,379.52,777,32,35
343,5.6829,s100,385.83,89.58,697,31,33
343,5.6829,s100,1026.65,87.49,704,33,35
343,5.6829,s100,337.13,84.97,685,31,33
343,5.6829,s100,484.20,68.02,738,34,32
343,5.6829,s100,921.34,70.53,879,35,37
343,5.6829,s100,441.82,57.62,925,36,38
344,5.7029,s100,1513.62,1046.09,853,30,37
344,5.7029,s100,1626.82,576.34,698,33,33
344,5.7029,s100,1644.99,526.07,807,36,32
344,5.7029,s100,396.16,451.17,740,35,34
344,5.7029,s100,338.98,442.27,710,31,35
344,5.7029,s100,924.66,379.30,812,32,36
344,5.7029,s100,385.74,89.53,692,31,32
344,5.7029,s100,1026.27,87.32,713,33,33
344,5.7029,s100,337.16,85.09,678,30,33
344,5.7029,s100,920.52,70.35,872,36,37
344,5.7029,s100,483.13,66.96,815,37,35
344,5.7029,s100,442.64,58.54,870,36,38
345,5.7189,s100,1514.33,1046.15,906,35,37
345,5.7189,s100,1626.71,576.32,704,33,33
345,5.7189,s100,1644.89,526.12,809,36,33
345,5.7189,s100,396.15,450.92,747,35,35
345,5.7189,s100,339.07,442.38,698,31,35
345,5.7189,s100,924.94,380.23,805,32,37
345,5.7189,s100,385.83,89.44,681,30,32
345,5.7189,s100,1025.58,88.53,777,34,37
345,5.7189,s100,337.24,85.01,681,31,33
345,5.7189,s100,919.66,70.67,781,34,35
345,5.7189,s100,483.59,67.18,787,33,35
345,5.7189,s100,441.84,57.61,939,37,39
346,5.7349,s100,1514.32,1046.14,909,36,37
346,5.7349,s100,1626.75,576.36,699,32,33
346,5.7349,s100,1644.98,526.08,810,36,32
346,5.7349,s100,396.14,451.05,742,35,35
346,5.7349,s100,339.06,442.32,708,31,35
346,5.7349,s100,925.55,381.08,803,32,36
346,5.7349,s100,385.68,89.53,677,32,32
346,5.7349,s100,1025.39,87.01,709,33,31
346,5.7349,s100,337.23,85.06,679,30,33
346,5.7349,s100,919.66,69.45,824,34,36
346,5.7349,s100,483.55,66.99,792,34,35
346,5.7349,s100,441.80,57.63,928,37,38
347,5.7509,s100,1513.51,1046.08,847,30,37
347,5.7509,s100,1626.74,576.40,701,33,33
347,5.7509,s100,1644.95,526.11,815,36,32
347,5.7509,s100,396.07,451.07,747,35,34
347,5.7509,s100,339.00,442.41,711,31,35
347,5.7509,s100,925.65,381.75,823,33,36
347,5.7509,s100,385.69,89.42,692,32,32
347,5.7509,s100,1025.13,87.77,738,32,34
347,5.7509,s100,337.14,85.09,679,31,33
347,5.7509,s100,919.07,69.67,745,34,34
347,5.7509,s100,483.64,67.08,781,34,35
347,5.7509,s100,442.62,58.68,868,36,36
348,5.7669,s100,1513.55,1046.05,859,31,37
348,5.7669,s100,1626.87,576.34,698,32,33
348,5.7669,s100,1644.91,526.08,805,36,34
348,5.7669,s100,396.13,451.10,750,35,34
348,5.7669,s100,339.07,442.42,709,31,35
348,5.7669,s100,926.26,382.56,799,33,36
348,5.7669,s100,385.82,89.52,690,31,32
348,5.7669,s100,1024.97,88.30,747,32,33
348,5.7669,s100,337.19,85.00,683,31,32
348,5.7669,s100,918.62,69.05,713,33,33
348,5.7669,s100,483.06,66.88,807,36,35
348,5.7669,s100,442.72,58.63,868,36,36
349,5.7829,s100,1514.33,1046.11,909,36,37
349,5.7829,s100,1626.83,576.31,698,33,33
349,5.7829,s100,1644.88,526.15,809,36,33
349,5.7829,s100,396.14,451.06,738,35,34
349,5.7829,s100,339.06,442.35,710,31,35
349,5.7829,s100,925.92,382.66,832,34,36
349,5.7829,s100,385.79,89.45,687,31,32
349,5.7829,s100,1025.26,88.61,723,32,33
349,5.7829,s100,337.17,84.95,688,31,33
349,5.7829,s100,918.29,68.49,672,32,32
349,5.7829,s100,483.52,67.14,789,35,35
349,5.7829,s100,442.54,58.63,873,37,38
350,5.8029,s100,1513.42,1046.00,857,31,37
350,5.8029,s100,1626.85,576.41,693,33,33
350,5.8029,s100,1644.92,526.16,806,36,32
350,5.8029,s100,396.02,450.96,749,35,35
350,5.8029,s100,339.03,442.24,710,31,35
350,5.8029,s100,925.90,382.73,842,34,35
350,5.8029,s100,1024.55,88.91,649,29,31
350,5.8029,s100,385.71,89.54,683,31,32
350,5.8029,s100,337.16,85.06,683,31,33
350,5.8029,s100,918.70,67.44,658,32,34
350,5.8029,s100,483.01,66.91,810,36,35
350,5.8029,s100,442.55,58.61,866,36,38
351,5.8189,s100,1514.25,1046.03,910,36,37
351,5.8189,s100,1626.81,576.39,696,33,33
351,5.8189,s100,1644.89,526.07,806,36,32
351,5.8189,s100,396.13,451.05,744,35,35
351,5.8189,s100,338.98,442.27,714,31,35
351,5.8189,s100,926.13,382.77,822,34,35
351,5.8189,s100,1024.75,88.72,569,27,29
351,5.8189,s100,385.68,89.44,696,31,32
351,5.8189,s100,337.26,84.88,680,30,33
351,5.8189,s100,918.40,66.96,606,31,33
351,5.8189,s100,483.50,66.95,786,33,35
351,5.8189,s100,442.60,58.62,869,37,38
352,5.8349,s100,1513.52,1046.02,865,31,37
352,5.8349,s100,1626.90,576.43,700,33,33
352,5.8349,s100,1644.97,526.17,814,36,33
352,5.8349,s100,396.15,451.02,748,35,34
352,5.8349,s100,339.01,442.28,715,31,35
352,5.8349,s100,926.40,382.61,775,33,34
352,5.8349,s100,1025.11,88.65,491,27,27
352,5.8349,s100,385.77,89.62,696,31,33
352,5.8349,s100,337.15,85.01,690,31,33
352,5.8349,s100,918.05,66.32,558,32,32
352,5.8349,s100,483.11,66.87,808,37,35
352,5.8349,s100,442.60,58.54,878,37,38
353,5.8509,s100,1513.42,1045.96,855,31,37
353,5.8509,s100,1626.84,576.41,695,33,33
353,5.8509,s100,1645.10,526.14,809,36,32
353,5.8509,s100,396.22,451.16,744,35,34
353,5.8509,s100,339.04,442.36,711,31,35
353,5.8509,s100,926.43,382.21,757,33,34
353,5.8509,s100,1026.27,88.89,405,26,25
353,5.8509,s100,385.79,89.42,681,31,32
353,5.8509,s100,337.19,85.04,678,31,33
353,5.8509,s100,917.89,66.27,516,31,30
353,5.8509,s100,483.49,67.08,793,34,35
353,5.8509,s100,442.55,58.63,871,37,38
354,5.8669,s100,1513.47,1046.03,862,31,37
354,5.8669,s100,1626.69,576.29,703,33,33
354,5.8669,s100,1645.11,526.15,814,36,32
354,5.8669,s100,396.09,450.98,752,35,35
354,5.8669,s100,339.01,442.38,712,31,35
354,5.8669,s100,926.50,381.69,729,33,33
354,5.8669,s100,1026.99,88.96,335,23,24
354,5.8669,s100,385.85,89.44,693,32,32
354,5.8669,s100,337.22,85.00,687,31,33
354,5.8669,s100,918.12,66.33,511,31,31
354,5.8669,s100,483.52,67.00,787,33,35
354,5.8669,s100,441.85,57.51,925,37,38
355,5.8829,s100,1514.45,1046.18,909,36,37
355,5.8829,s100,1626.84,576.32,699,32,33
355,5.8829,s100,1645.01,526.08,812,36,33
355,5.8829,s100,396.15,451.05,752,35,34
355,5.8829,s100,339.11,442.39,708,31,35
355,5.8829,s100,926.79,381.20,696,32,32
355,5.8829,s100,1027.03,88.47,301,25,22
355,5.8829,s100,385.73,89.53,684,31,33
355,5.8829,s100,337.18,84.99,681,30,33
355,5.8829,s100,918.68,66.82,515,31,31
355,5.8829,s100,483.19,66.95,804,37,35
355,5.8829,s100,442.59,58.67,878,37,39
356,5.9029,s100,1513.42,1045.96,860,31,37
356,5.9029,s100,1626.80,576.26,699,33,33
356,5.9029,s100,1645.04,526.04,806,36,32
356,5.9029,s100,396.13,451.13,744,35,34
356,5.9029,s100,339.03,442.25,714,31,35
356,5.9029,s100,927.30,380.55,671,32,31
356,5.9029,s100,1027.53,88.46,243,21,21
356,5.9029,s100,385.92,89.44,680,29,32
356,5.9029,s100,337.22,85.00,683,30,33
356,5.9029,s100,919.10,67.21,516,31,31
356,5.9029,s100,483.47,67.10,790,34,34
356,5.9029,s100,442.64,58.50,872,36,38
357,5.9189,s100,1513.62,1046.03,869,31,37
357,5.9189,s100,1626.84,576.37,699,32,33
357,5.9189,s100,1644.92,526.09,810,36,33
357,5.9189,s100,396.14,451.04,743,35,34
357,5.9189,s100,338.97,442.35,705,31,35
357,5.9189,s100,928.71,379.64,619,30,31
357,5.9189,s100,1027.51,89.08,218,22,19
357,5.9189,s100,385.79,89.38,692,31,32
357,5.9189,s100,337.08,84.98,681,31,33
357,5.9189,s100,919.91,67.98,528,31,31
357,5.9189,s100,483.06,66.92,817,37,35
357,5.9189,s100,441.77,57.58,934,36,38
358,5.9349,s100,1513.44,1046.06,871,31,37
358,5.9349,s100,1626.71,576.35,698,33,33
358,5.9349,s100,1644.92,526.02,808,36,32
358,5.9349,s100,396.25,450.94,741,35,35
358,5.9349,s100,338.99,442.32,712,31,35
358,5.9349,s100,929.24,378.35,619,29,30
358,5.9349,s100,385.69,89.46,701,32,32
358,5.9349,s100,337.21,84.97,681,31,33
358,5.9349,s100,920.93,68.73,538,31,31
358,5.9349,s100,483.65,67.82,763,37,33
358,5.9349,s100,442.58,58.69,863,36,36
359,5.9954,stop,1514.23,1046.05,911,36,37
359,5.9954,stop,1626.85,576.33,694,33,33
359,5.9954,stop,1644.89,526.21,808,36,33
359,5.9954,stop,396.16,451.08,746,35,34
359,5.9954,stop,338.99,442.36,707,31,35
359,5.9954,stop,929.92,377.12,623,29,31
359,5.9954,stop,385.69,89.53,687,31,32
359,5.9954,stop,337.18,85.02,681,31,33
359,5.9954,stop,921.87,69.15,548,32,31
359,5.9954,stop,483.35,66.98,807,37,35
359,5.9954,stop,441.82,57.60,933,36,38
360,6.0553,stop,1513.49,1045.96,864,31,37
360,6.0553,stop,1626.80,576.28,698,33,33
360,6.0553,stop,1644.90,526.17,807,36,32
360,6.0553,stop,396.16,451.24,743,35,34
360,6.0553,stop,339.01,442.40,709,31,35
360,6.0553,stop,930.61,375.37,627,28,32
360,6.0553,stop,385.83,89.63,688,31,33
360,6.0553,stop,337.27,84.88,686,30,33
360,6.0553,stop,923.08,69.96,562,32,31
360,6.0553,stop,483.12,66.94,798,37,35
360,6.0553,stop,442.66,58.68,876,38,37
361,6.1147,stop,1514.41,1046.15,903,36,37
361,6.1147,stop,1626.81,576.35,707,33,33
361,6.1147,stop,1645.03,526.13,809,36,32
361,6.1147,stop,396.14,451.02,758,35,34
361,6.1147,stop,339.03,442.40,707,31,35
361,6.1147,stop,931.43,373.89,621,28,31
361,6.1147,stop,385.81,89.49,683,30,32
361,6.1147,stop,337.14,84.88,682,31,33
361,6.1147,stop,924.19,71.03,545,32,30
361,6.1147,stop,484.21,68.05,730,33,32
361,6.1147,stop,442.60,58.68,871,37,37
362,6.1763,stop,1513.54,1046.00,857,30,37
362,6.1763,stop,1626.78,576.32,707,33,33
362,6.1763,stop,1644.94,526.08,812,36,32
362,6.1763,stop,396.21,451.06,747,35,34
362,6.1763,stop,338.97,442.37,713,31,35
362,6.1763,stop,932.28,372.36,598,28,32
362,6.1763,stop,385.73,89.56,679,31,33
362,6.1763,stop,337.11,85.10,676,30,33
362,6.1763,stop,924.87,72.51,512,32,27
362,6.1763,stop,483.54,67.02,785,33,35
362,6.1763,stop,441.76,57.57,927,37,37
363,6.2357,stop,1513.43,1045.99,866,31,37
363,6.2357,stop,1626.87,576.37,702,33,33
363,6.2357,stop,1644.91,526.09,803,36,32
363,6.2357,stop,395.38,451.70,777,35,35
363,6.2357,stop,339.05,442.26,714,31,35
363,6.2357,stop,933.33,370.52,592,26,32
363,6.2357,stop,385.74,89.46,693,31,33
363,6.2357,stop,337.29,85.05,687,31,33
363,6.2357,stop,926.20,73.71,497,31,26
363,6.2357,stop,484.23,68.02,737,34,32
363,6.2357,stop,441.90,57.56,931,38,37
364,6.2951,stop,1514.26,1046.14,911,36,38
364,6.2951,stop,1626.87,576.36,702,33,33
364,6.2951,stop,1644.79,526.09,815,36,33
364,6.2951,stop,396.09,451.06,745,35,35
364,6.2951,stop,338.93,442.28,710,31,35
364,6.2951,stop,939.23,361.26,625,26,33
364,6.2951,stop,1028.50,102.60,221,19,21
364,6.2951,stop,385.70,89.53,688,31,33
364,6.2951,stop,337.11,85.00,684,31,33
364,6.2951,stop,932.11,78.31,473,31,24
364,6.2951,stop,483.70,67.88,755,36,32
364,6.2951,stop,441.85,57.56,940,36,38
365,6.3056,stop,1514.41,1046.09,913,36,37
365,6.3056,stop,1626.79,576.34,697,32,33
365,6.3056,stop,1645.02,526.08,802,36,32
365,6.3056,stop,396.15,450.88,752,35,36
365,6.3056,stop,339.09,442.31,711,31,35
365,6.3056,stop,944.74,353.71,667,28,34
365,6.3056,stop,1029.43,112.37,279,20,22
365,6.3056,stop,385.68,89.58,688,31,32
365,6.3056,stop,337.15,85.16,689,31,33
365,6.3056,stop,938.41,82.39,477,30,28
365,6.3056,stop,483.07,67.00,799,37,35
365,6.3056,stop,442.66,58.53,877,38,38
366,6.3159,stop,1513.48,1046.00,858,31,37
366,6.3159,stop,1626.86,576.35,692,33,33
366,6.3159,stop,1644.90,526.07,810,36,33
366,6.3159,stop,396.18,451.07,748,35,34
366,6.3159,stop,338.98,442.36,708,31,35
366,6.3159,stop,953.12,341.27,772,32,34
366,6.3159,stop,1029.08,126.06,352,22,25
366,6.3159,stop,946.58,90.70,464,30,26
366,6.3159,stop,385.82,89.57,687,31,32
366,6.3159,stop,337.24,85.07,683,30,33
366,6.3159,stop,483.14,66.92,811,38,35
366,6.3159,stop,442.59,58.68,868,37,37
367,6.3266,stop,1513.39,1045.85,867,30,37
367,6.3266,stop,1626.85,576.29,707,33,33
367,6.3266,stop,1645.00,526.01,811,36,32
367,6.3266,stop,396.23,451.01,741,35,34
367,6.3266,stop,339.11,442.41,708,31,35
367,6.3266,stop,965.22,329.02,764,30,38
367,6.3266,stop,1027.56,140.81,349,22,25
367,6.3266,stop,955.87,102.28,433,30,26
367,6.3266,stop,385.76,89.56,690,31,33
367,6.3266,stop,336.97,84.96,681,31,33
367,6.3266,stop,483.63,67.05,795,34,35
367,6.3266,stop,442.68,58.59,866,36,38
368,6.3372,stop,1513.46,1045.95,865,31,37
368,6.3372,stop,1626.76,576.38,706,33,33
368,6.3372,stop,1644.92,526.05,804,36,32
368,6.3372,stop,395.38,451.72,785,35,35
368,6.3372,stop,339.12,442.33,718,31,35
368,6.3372,stop,974.64,316.97,780,33,35
368,6.3372,stop,1025.13,152.91,356,21,25
368,6.3372,stop,964.10,112.44,446,30,24
368,6.3372,stop,385.63,89.50,689,31,32
368,6.3372,stop,337.11,85.02,683,31,33
368,6.3372,stop,483.19,66.93,809,37,35
368,6.3372,stop,441.80,57.63,932,37,38
369,6.3476,stop,1513.57,1045.98,851,30,37
369,6.3476,stop,1626.82,576.33,701,32,33
369,6.3476,stop,1644.96,526.14,822,36,33
369,6.3476,stop,396.17,451.15,744,35,34
369,6.3476,stop,339.06,442.42,710,31,35
369,6.3476,stop,978.42,313.71,777,31,35
369,6.3476,stop,1023.51,156.07,396,22,29
369,6.3476,stop,967.16,115.85,451,30,24
369,6.3476,stop,385.73,89.36,686,30,32
369,6.3476,stop,337.25,85.15,684,31,33
369,6.3476,stop,483.62,67.09,785,34,35
369,6.3476,stop,442.60,58.64,873,37,37
370,6.3590,stop,1514.35,1046.10,896,35,37
370,6.3590,stop,1626.88,576.30,705,32,33
370,6.3590,stop,1644.98,526.18,807,36,33
370,6.3590,stop,395.53,451.57,786,35,34
370,6.3590,stop,339.05,442.37,707,31,35
370,6.3590,stop,981.90,309.77,791,33,36
370,6.3590,stop,1021.96,160.20,411,22,31
370,6.3590,stop,970.14,119.66,459,30,23
370,6.3590,stop,385.76,89.49,678,31,32
370,6.3590,stop,337.09,84.97,685,31,33
370,6.3590,stop,483.52,67.05,796,35,35
370,6.3590,stop,441.78,57.52,929,37,37
371,6.3703,stop,1514.56,1046.07,913,36,37
371,6.3703,stop,1626.77,576.34,692,32,33
371,6.3703,stop,1644.96,526.10,814,36,33
371,6.3703,stop,396.14,451.02,745,35,35
371,6.3703,stop,339.00,442.45,706,31,35
371,6.3703,stop,985.46,305.82,790,33,36
371,6.3703,stop,1020.58,164.30,402,22,30
371,6.3703,stop,973.01,123.02,447,30,23
371,6.3703,stop,385.86,89.53,692,31,32
371,6.3703,stop,337.12,85.02,686,31,33
371,6.3703,stop,484.15,67.98,732,34,32
371,6.3703,stop,442.61,58.48,869,36,38
372,6.3869,stop,1514.36,1046.16,903,36,37
372,6.3869,stop,1626.95,576.44,702,33,33
372,6.3869,stop,1644.92,526.15,805,36,33
372,6.3869,stop,396.19,451.01,746,35,35
372,6.3869,stop,339.12,442.33,710,31,35
372,6.3869,stop,988.99,301.91,799,32,36
372,6.3869,stop,1018.95,168.41,421,25,29
372,6.3869,stop,976.10,126.84,449,30,23
372,6.3869,stop,385.81,89.45,677,31,32
372,6.3869,stop,337.17,85.04,701,31,33
372,6.3869,stop,483.13,67.05,803,37,35
372,6.3869,stop,441.82,57.55,940,37,38
373,6.4029,stop,1514.46,1046.12,908,36,37
373,6.4029,stop,1626.82,576.39,699,32,33
373,6.4029,stop,1644.85,526.09,810,36,33
373,6.4029,stop,396.09,451.08,749,35,34
373,6.4029,stop,338.95,442.35,720,31,35
373,6.4029,stop,992.69,297.77,777,31,36
373,6.4029,stop,1017.42,173.32,443,25,31
373,6.4029,stop,979.16,130.98,483,31,25
373,6.4029,stop,385.98,89.45,697,32,33
373,6.4029,stop,337.22,84.92,686,31,33
373,6.4029,stop,482.95,66.83,814,37,35
373,6.4029,stop,442.61,58.55,873,37,38
374,6.4189,stop,1514.46,1046.12,916,36,37
374,6.4189,stop,1626.82,576.31,698,33,33
374,6.4189,stop,1645.06,526.05,799,36,32
374,6.4189,stop,396.20,450.96,739,35,35
374,6.4189,stop,339.04,442.38,715,31,35
374,6.4189,stop,996.14,292.88,841,32,37
374,6.4189,stop,1016.07,177.49,434,22,30
374,6.4189,stop,982.74,135.14,506,30,25
374,6.4189,stop,385.86,89.46,694,32,33
374,6.4189,stop,337.21,84.89,681,30,33
374,6.4189,stop,483.04,66.91,817,37,35
374,6.4189,stop,442.55,58.63,865,38,37
375,6.4349,stop,1514.32,1046.10,917,36,37
375,6.4349,stop,1626.86,576.27,706,33,33
375,6.4349,stop,1644.88,526.11,811,36,32
375,6.4349,stop,396.11,450.97,751,35,35
375,6.4349,stop,339.13,442.43,714,31,35
375,6.4349,stop,999.94,289.28,827,34,36
375,6.4349,stop,1013.76,182.13,470,25,32
375,6.4349,stop,986.09,139.24,531,31,26
375,6.4349,stop,385.76,89.38,682,30,33
375,6.4349,stop,337.19,85.09,684,31,33
375,6.4349,stop,483.15,66.84,811,38,35
375,6.4349,stop,441.79,57.53,940,37,38
376,6.4510,stop,1513.46,1045.97,858,30,37
376,6.4510,stop,1626.89,576.36,699,33,33
376,6.4510,stop,1644.85,526.06,812,36,33
376,6.4510,stop,396.20,450.98,741,35,34
376,6.4510,stop,339.04,442.40,716,31,35
376,6.4510,stop,1002.95,284.60,882,33,36
376,6.4510,stop,1011.92,187.09,474,23,32
376,6.4510,stop,989.33,143.32,545,30,26
376,6.4510,stop,385.85,89.57,693,32,32
376,6.4510,stop,337.24,85.06,679,30,33
376,6.4510,stop,483.08,66.99,809,37,35
376,6.4510,stop,442.63,58.52,866,37,38
377,6.4672,stop,1513.39,1046.03,860,30,37
377,6.4672,stop,1626.76,576.38,700,32,33
377,6.4672,stop,1645.05,526.08,813,36,32
377,6.4672,stop,396.26,450.91,737,35,34
377,6.4672,stop,339.01,442.44,714,31,35
377,6.4672,stop,1006.89,280.18,872,34,36
377,6.4672,stop,1009.83,191.49,502,23,31
377,6.4672,stop,992.69,147.53,550,31,26
377,6.4672,stop,385.72,89.45,693,32,32
377,6.4672,stop,337.13,84.96,686,31,33
377,6.4672,stop,483.68,67.79,760,37,32
377,6.4672,stop,442.72,58.56,874,37,37
378,6.4869,stop,1513.44,1045.97,860,31,37
378,6.4869,stop,1626.88,576.38,698,33,33
378,6.4869,stop,1644.99,526.15,812,36,33
378,6.4869,stop,396.16,451.03,749,35,35
378,6.4869,stop,338.95,442.30,705,31,35
378,6.4869,stop,1010.76,275.82,867,34,35
378,6.4869,stop,1007.06,196.21,540,26,33
378,6.4869,stop,996.22,151.72,565,31,26
378,6.4869,stop,385.89,89.43,694,31,32
378,6.4869,stop,337.16,85.08,693,31,33
378,6.4869,stop,482.99,66.89,825,38,35
378,6.4869,stop,441.86,57.66,935,36,37
379,6.5030,stop,1513.56,1045.91,852,31,37
379,6.5030,stop,1626.85,576.28,699,33,33
379,6.5030,stop,1644.96,526.08,808,36,32
379,6.5030,stop,396.16,451.01,746,35,34
379,6.5030,stop,339.02,442.42,706,31,35
379,6.5030,stop,1014.96,271.31,883,33,36
379,6.5030,stop,1004.99,200.81,572,27,31
379,6.5030,stop,999.71,156.43,579,31,27
379,6.5030,stop,385.70,89.40,686,31,32
379,6.5030,stop,337.27,85.01,694,31,33
379,6.5030,stop,483.05,66.89,809,37,35
379,6.5030,stop,441.75,57.53,939,37,38
380,6.5189,stop,1513.44,1046.21,862,30,37
380,6.5189,stop,1626.84,576.37,706,33,33
380,6.5189,stop,1644.96,525.88,808,36,32
380,6.5189,stop,396.11,451.06,754,35,34
380,6.5189,stop,339.03,442.35,706,31,35
380,6.5189,stop,1018.77,266.49,908,35,36
380,6.5189,stop,1002.98,205.40,584,27,32
380,6.5189,stop,1003.16,160.86,601,32,29
380,6.5189,stop,385.74,89.54,688,32,32
380,6.5189,stop,337.12,85.07,690,31,33
380,6.5189,stop,483.44,67.07,785,34,35
380,6.5189,stop,441.99,57.64,941,36,38
381,6.5350,stop,1514.23,1046.10,907,35,37
381,6.5350,stop,1626.79,576.27,696,33,33
381,6.5350,stop,1645.07,526.04,811,36,32
381,6.5350,stop,396.27,451.02,737,35,34
381,6.5350,stop,338.97,442.35,708,31,35
381,6.5350,stop,1022.94,261.92,903,35,37
381,6.5350,stop,1000.74,210.36,574,28,30
381,6.5350,stop,1006.63,165.24,613,31,29
381,6.5350,stop,385.73,89.59,688,32,32
381,6.5350,stop,337.25,85.11,690,30,33
381,6.5350,stop,483.53,67.13,790,33,35
381,6.5350,stop,441.81,57.52,937,36,38
382,6.5510,stop,1513.55,1045.95,854,31,37
382,6.5510,stop,1626.74,576.39,700,32,33
382,6.5510,stop,1644.98,526.09,809,36,32
382,6.5510,stop,396.21,450.87,741,35,36
382,6.5510,stop,339.03,442.35,716,31,35
382,6.5510,stop,1026.90,257.23,929,35,37
382,6.5510,stop,998.29,215.12,580,27,31
382,6.5510,stop,1010.41,169.93,641,32,30
382,6.5510,stop,385.87,89.54,699,31,34
382,6.5510,stop,337.23,84.74,694,30,33
382,6.5510,stop,483.57,67.78,763,37,32
382,6.5510,stop,441.79,57.55,941,38,38
383,6.5669,stop,1514.26,1046.08,906,36,37
383,6.5669,stop,1626.77,576.37,705,33,33
383,6.5669,stop,1644.91,526.10,811,36,32
383,6.5669,stop,396.12,450.95,747,35,36
383,6.5669,stop,338.99,442.36,711,31,35
383,6.5669,stop,1031.00,252.57,911,35,37
383,6.5669,stop,995.79,219.69,603,28,31
383,6.5669,stop,1014.26,174.73,673,32,31
383,6.5669,stop,385.89,89.46,688,30,32
383,6.5669,stop,337.21,84.95,690,31,33
383,6.5669,stop,483.16,66.99,804,37,35
383,6.5669,stop,441.85,57.51,926,36,38
384,6.5869,stop,1514.40,1046.09,910,36,37
384,6.5869,stop,1626.79,576.33,696,32,33
384,6.5869,stop,1644.96,526.13,808,36,33
384,6.5869,stop,396.17,450.92,751,35,34
384,6.5869,stop,339.03,442.40,706,31,35
384,6.5869,stop,1035.40,247.22,960,35,38
384,6.5869,stop,993.42,224.64,613,29,31
384,6.5869,stop,1018.19,179.59,692,32,31
384,6.5869,stop,385.90,89.52,688,32,32
384,6.5869,stop,337.20,84.84,690,31,33
384,6.5869,stop,483.09,66.96,811,37,35
384,6.5869,stop,442.58,58.60,872,37,37
385,6.6029,stop,1514.27,1046.13,907,36,37
385,6.6029,stop,1626.89,576.39,700,33,33
385,6.6029,stop,1644.84,526.16,804,36,32
385,6.6029,stop,396.15,451.05,746,35,34
385,6.6029,stop,339.07,442.26,702,31,35
385,6.6029,stop,1039.45,242.26,959,35,38
385,6.6029,stop,990.54,229.57,641,29,32
385,6.6029,stop,1022.70,183.67,757,34,32
385,6.6029,stop,385.71,89.30,707,31,33
385,6.6029,stop,337.14,84.97,688,31,33
385,6.6029,stop,484.24,68.10,743,34,32
385,6.6029,stop,441.86,57.60,930,37,37
386,6.6189,stop,1513.44,1046.05,857,31,37
386,6.6189,stop,1626.77,576.36,704,32,33
386,6.6189,stop,1644.98,526.04,811,36,33
386,6.6189,stop,396.15,450.94,748,35,35
386,6.6189,stop,339.02,442.38,708,31,35
386,6.6189,stop,987.44,234.73,638,29,32
386,6.6189,stop,1043.72,237.22,936,35,37
386,6.6189,stop,1026.82,188.02,776,34,35
386,6.6189,stop,385.72,89.45,691,31,33
386,6.6189,stop,337.14,84.93,681,31,33
386,6.6189,stop,483.60,67.82,754,37,32
386,6.6189,stop,442.61,58.58,863,36,38
387,6.6350,stop,1513.53,1045.93,862,31,37
387,6.6350,stop,1626.86,576.43,694,32,33
387,6.6350,stop,1644.93,526.12,805,36,32
387,6.6350,stop,396.06,451.07,754,35,34
387,6.6350,stop,339.05,442.37,707,31,35
387,6.6350,stop,984.46,239.56,647,30,32
387,6.6350,stop,1048.06,232.33,943,35,37
387,6.6350,stop,1030.81,192.46,795,34,35
387,6.6350,stop,385.86,89.46,693,31,32
387,6.6350,stop,337.11,85.06,690,31,33
387,6.6350,stop,483.17,66.94,818,37,35
387,6.6350,stop,441.92,57.61,933,36,38
388,6.6509,stop,1513.39,1045.93,864,30,37
388,6.6509,stop,1626.92,576.28,702,33,33
388,6.6509,stop,1644.99,526.08,811,36,33
388,6.6509,stop,395.48,451.61,788,35,34
388,6.6509,stop,339.02,442.36,706,31,35
388,6.6509,stop,981.37,244.22,643,30,31
388,6.6509,stop,1053.37,229.83,914,35,35
388,6.6509,stop,1034.19,193.95,739,33,34
388,6.6509,stop,385.82,89.45,686,30,33
388,6.6509,stop,337.20,85.01,691,31,33
388,6.6509,stop,484.16,67.99,736,34,32
388,6.6509,stop,442.68,58.62,868,38,36
389,6.6669,stop,1514.43,1046.07,907,36,37
389,6.6669,stop,1626.77,576.38,696,32,33
389,6.6669,stop,1644.83,526.09,812,36,32
389,6.6669,stop,396.11,451.12,750,35,35
389,6.6669,stop,339.10,442.39,711,31,35
389,6.6669,stop,978.43,249.09,647,28,32
389,6.6669,stop,1059.61,229.78,905,35,35
389,6.6669,stop,1036.60,193.89,640,33,31
389,6.6669,stop,385.81,89.38,695,31,32
389,6.6669,stop,337.32,85.11,683,30,33
389,6.6669,stop,483.73,67.79,760,37,32
389,6.6669,stop,441.87,57.69,931,38,37
390,6.6870,stop,1513.33,1045.97,863,31,38
390,6.6870,stop,1626.86,576.44,709,32,33
390,6.6870,stop,1645.01,526.05,804,36,32
390,6.6870,stop,396.19,450.94,743,35,35
390,6.6870,stop,339.05,442.46,710,31,35
390,6.6870,stop,974.65,254.22,660,29,33
390,6.6870,stop,1065.53,229.96,874,33,35
390,6.6870,stop,1038.28,194.49,515,31,26
390,6.6870,stop,385.75,89.46,697,31,33
390,6.6870,stop,337.07,84.99,683,31,33
390,6.6870,stop,483.17,67.09,806,37,34
390,6.6870,stop,442.52,58.62,869,37,37
391,6.7029,stop,1514.30,1046.03,913,36,37
391,6.7029,stop,1626.85,576.33,703,33,33
391,6.7029,stop,1645.04,526.05,811,36,32
391,6.7029,stop,396.13,451.15,748,35,34
391,6.7029,stop,338.99,442.25,716,31,35
391,6.7029,stop,971.33,259.23,660,30,32
391,6.7029,stop,1072.00,229.29,823,33,36
391,6.7029,stop,1040.52,194.11,484,30,25
391,6.7029,stop,385.93,89.51,692,31,32
391,6.7029,stop,337.09,85.01,692,31,33
391,6.7029,stop,483.00,66.90,804,37,35
391,6.7029,stop,441.80,57.50,937,37,37
392,6.7189,stop,1513.35,1045.94,862,30,37
392,6.7189,stop,1626.76,576.23,701,33,33
392,6.7189,stop,1645.09,526.17,810,36,32
392,6.7189,stop,396.20,451.11,747,35,34
392,6.7189,stop,339.07,442.47,709,31,35
392,6.7189,stop,967.75,263.99,702,32,32
392,6.7189,stop,1078.33,227.86,758,31,34
392,6.7189,stop,1043.33,194.63,479,31,26
392,6.7189,stop,385.67,89.56,685,31,33
392,6.7189,stop,337.22,85.03,680,31,33
392,6.7189,stop,483.62,67.83,751,37,32
392,6.7189,stop,442.65,58.55,867,36,38
393,6.7349,stop,1514.30,1046.12,905,36,37
393,6.7349,stop,1626.88,576.43,700,33,33
393,6.7349,stop,1644.91,526.05,812,36,32
393,6.7349,stop,396.13,451.01,751,35,35
393,6.7349,stop,339.04,442.40,708,31,35
393,6.7349,stop,963.96,268.71,690,31,32
393,6.7349,stop,1084.31,226.27,704,28,35
393,6.7349,stop,1046.21,194.87,485,31,25
393,6.7349,stop,385.83,89.39,700,31,33
393,6.7349,stop,337.11,85.07,675,31,33
393,6.7349,stop,483.49,67.07,778,33,35
393,6.7349,stop,442.60,58.56,875,36,38
394,6.7510,stop,1513.39,1045.92,866,31,37
394,6.7510,stop,1626.80,576.41,707,33,33
394,6.7510,stop,1644.90,526.13,811,36,33
394,6.7510,stop,396.21,451.00,748,35,34
394,6.7510,stop,339.08,442.33,707,31,35
394,6.7510,stop,961.35,273.87,736,34,33
394,6.7510,stop,1089.61,225.34,619,27,34
394,6.7510,stop,1048.93,195.36,489,31,25
394,6.7510,stop,385.86,89.48,691,31,33
394,6.7510,stop,336.97,85.08,677,31,33
394,6.7510,stop,483.19,66.89,819,37,35
394,6.7510,stop,441.78,57.67,943,37,38
395,6.7709,stop,1514.50,1046.18,918,36,37
395,6.7709,stop,1626.88,576.28,701,32,33
395,6.7709,stop,1644.93,526.13,815,36,32
395,6.7709,stop,396.21,451.06,741,35,34
395,6.7709,stop,339.04,442.40,713,31,35
395,6.7709,stop,957.80,278.77,733,34,33
395,6.7709,stop,1095.36,223.83,546,25,33
395,6.7709,stop,1052.13,195.76,506,31,26
395,6.7709,stop,385.80,89.57,696,31,32
395,6.7709,stop,337.20,84.94,691,32,33
395,6.7709,stop,482.98,66.93,807,37,35
395,6.7709,stop,441.87,57.59,933,37,38
396,6.7870,stop,1513.34,1045.97,857,31,37
396,6.7870,stop,1626.80,576.30,697,33,33
396,6.7870,stop,1644.82,526.17,794,36,32
396,6.7870,stop,396.24,451.17,744,35,34
396,6.7870,stop,339.00,442.36,713,31,35
396,6.7870,stop,954.32,283.98,774,34,33
396,6.7870,stop,1100.75,222.67,461,23,30
396,6.7870,stop,1055.30,196.98,522,32,27
396,6.7870,stop,385.69,89.57,687,31,32
396,6.7870,stop,337.14,84.97,690,31,33
396,6.7870,stop,483.14,66.89,805,37,35
396,6.7870,stop,442.64,58.73,862,36,36
397,6.8030,stop,1513.45,1045.93,863,31,37
397,6.8030,stop,1626.84,576.41,701,33,33
397,6.8030,stop,1644.90,526.17,814,36,32
397,6.8030,stop,396.14,451.05,746,35,34
397,6.8030,stop,338.97,442.39,709,31,35
397,6.8030,stop,950.03,288.99,830,35,34
397,6.8030,stop,1105.70,220.70,398,21,29
397,6.8030,stop,1057.89,198.26,549,32,27
397,6.8030,stop,385.65,89.47,679,31,33
397,6.8030,stop,337.14,85.06,679,30,33
397,6.8030,stop,483.14,66.92,805,36,35
397,6.8030,stop,442.64,58.70,862,37,36
398,6.8190,stop,1513.37,1045.93,863,30,37
398,6.8190,stop,1626.89,576.35,698,32,33
398,6.8190,stop,1644.93,526.07,811,36,32
398,6.8190,stop,396.19,450.96,749,35,34
398,6.8190,stop,339.06,442.41,708,31,35
398,6.8190,stop,946.33,293.92,841,35,35
398,6.8190,stop,1109.84,219.33,365,20,29
398,6.8190,stop,1060.70,199.79,570,33,28
398,6.8190,stop,385.93,89.46,691,32,33
398,6.8190,stop,337.40,84.89,689,30,33
398,6.8190,stop,483.64,67.78,753,37,32
398,6.8190,stop,441.93,57.52,932,36,38
399,6.8350,stop,1513.48,1045.98,865,31,37
399,6.8350,stop,1626.90,576.25,698,33,33
399,6.8350,stop,1644.88,526.04,806,36,32
399,6.8350,stop,396.13,451.13,745,35,35
399,6.8350,stop,339.08,442.38,702,31,35
399,6.8350,stop,942.73,298.88,861,35,35
399,6.8350,stop,1114.34,217.33,310,19,29
399,6.8350,stop,1063.35,201.83,576,33,25
399,6.8350,stop,385.89,89.55,695,31,32
399,6.8350,stop,337.25,84.97,686,30,33
399,6.8350,stop,483.63,67.21,793,33,35
399,6.8350,stop,441.78,57.58,938,37,37
400,6.8510,stop,1513.47,1045.86,858,31,37
400,6.8510,stop,1626.75,576.33,706,32,33
400,6.8510,stop,1644.89,526.09,807,36,33
400,6.8510,stop,396.15,451.04,748,35,34
400,6.8510,stop,339.06,442.28,714,31,35
400,6.8510,stop,938.84,303.58,878,34,38
400,6.8510,stop,1118.60,215.26,288,18,29
400,6.8510,stop,1065.86,203.50,606,34,26
400,6.8510,stop,385.76,89.59,697,31,32
400,6.8510,stop,337.23,85.02,690,31,33
400,6.8510,stop,483.66,67.81,758,36,32
400,6.8510,stop,442.58,58.61,868,37,37
401,6.8710,stop,1513.45,1045.96,853,30,37
401,6.8710,stop,1626.78,576.37,704,33,33
401,6.8710,stop,1645.02,525.98,808,36,32
401,6.8710,stop,396.10,451.00,743,35,34
401,6.8710,stop,338.99,442.40,714,31,35
401,6.8710,stop,935.16,308.71,875,34,37
401,6.8710,stop,1122.81,212.20,299,20,31
401,6.8710,stop,1068.56,205.09,618,34,27
401,6.8710,stop,385.71,89.53,682,32,32
401,6.8710,stop,337.03,85.07,673,31,33
401,6.8710,stop,483.67,67.12,798,34,35
401,6.8710,stop,442.50,58.63,867,37,37
402,6.8870,stop,1513.32,1045.88,861,31,38
402,6.8870,stop,1626.71,576.41,702,32,33
402,6.8870,stop,1644.92,526.00,805,36,33
402,6.8870,stop,396.16,451.10,746,35,34
402,6.8870,stop,339.08,442.46,707,31,35
402,6.8870,stop,931.46,314.05,835,34,37
402,6.8870,stop,1126.26,210.25,283,18,29
402,6.8870,stop,1071.39,206.80,634,34,27
402,6.8870,stop,385.75,89.47,685,32,32
402,6.8870,stop,337.21,84.87,690,31,33
402,6.8870,stop,483.63,67.87,766,37,32
402,6.8870,stop,441.77,57.58,932,37,37
403,6.9030,stop,1514.34,1046.05,912,35,37
403,6.9030,stop,1626.85,576.36,703,33,33
403,6.9030,stop,1644.98,526.14,816,36,33
403,6.9030,stop,396.14,450.90,753,35,35
403,6.9030,stop,338.99,442.41,715,31,35
403,6.9030,stop,927.81,319.17,801,33,35
403,6.9030,stop,1074.24,208.81,655,34,29
403,6.9030,stop,1127.96,208.01,299,17,30
403,6.9030,stop,385.73,89.47,689,31,32
403,6.9030,stop,337.25,84.99,689,31,33
403,6.9030,stop,483.13,66.93,808,36,35
403,6.9030,stop,442.64,58.67,872,37,37
404,6.9189,stop,1514.35,1046.18,907,36,37
404,6.9189,stop,1626.87,576.34,699,32,33
404,6.9189,stop,1644.90,526.06,808,36,32
404,6.9189,stop,396.19,451.10,750,35,35
404,6.9189,stop,339.01,442.30,709,31,35
404,6.9189,stop,924.25,323.86,770,32,35
404,6.9189,stop,1076.83,210.33,655,34,29
404,6.9189,stop,1130.16,205.84,337,20,30
404,6.9189,stop,385.87,89.54,687,31,32
404,6.9189,stop,337.26,84.96,691,31,33
404,6.9189,stop,483.20,67.04,804,37,35
404,6.9189,stop,442.54,58.65,863,37,37
405,6.9350,stop,1514.42,1046.12,911,36,37
405,6.9350,stop,1626.80,576.30,706,33,33
405,6.9350,stop,1644.91,526.15,820,36,32
405,6.9350,stop,396.18,451.08,746,35,34
405,6.9350,stop,338.94,442.40,710,31,35
405,6.9350,stop,920.95,328.56,775,32,35
405,6.9350,stop,1079.89,212.50,671,33,30
405,6.9350,stop,1132.56,202.45,407,23,32
405,6.9350,stop,385.76,89.44,685,32,32
405,6.9350,stop,337.23,84.97,688,31,33
405,6.9350,stop,483.88,67.81,755,37,32
405,6.9350,stop,442.69,58.55,883,37,37
406,6.9510,stop,1514.37,1046.02,914,36,37
406,6.9510,stop,1626.78,576.35,700,32,33
406,6.9510,stop,1644.92,526.15,806,36,32
406,6.9510,stop,395.45,451.51,790,35,34
406,6.9510,stop,339.13,442.43,710,31,35
406,6.9510,stop,917.75,333.02,765,33,34
406,6.9510,stop,1082.69,214.63,705,34,31
406,6.9510,stop,1134.35,199.36,454,24,32
406,6.9510,stop,385.81,89.42,702,32,32
406,6.9510,stop,337.09,85.00,686,31,33
406,6.9510,stop,483.70,67.82,765,37,33
406,6.9510,stop,442.63,58.74,867,36,37
407,6.9710,stop,1513.51,1046.03,856,31,37
407,6.9710,stop,1626.82,576.33,703,33,33
407,6.9710,stop,1644.87,526.14,816,36,32
407,6.9710,stop,395.46,451.65,791,35,34
407,6.9710,stop,339.09,442.41,709,31,35
407,6.9710,stop,915.50,337.64,695,29,35
407,6.9710,stop,1085.41,216.99,710,34,31
407,6.9710,stop,1135.46,195.85,491,24,34
407,6.9710,stop,385.70,89.44,701,32,33
407,6.9710,stop,337.24,84.90,693,31,33
407,6.9710,stop,483.61,67.05,793,34,35
407,6.9710,stop,441.81,57.48,934,37,38
408,6.9870,stop,1514.39,1046.17,912,36,37
408,6.9870,stop,1626.87,576.39,701,32,33
408,6.9870,stop,1644.94,526.13,805,36,32
408,6.9870,stop,396.12,450.99,747,35,34
408,6.9870,stop,339.04,442.47,711,31,35
408,6.9870,stop,912.26,341.92,665,29,34
408,6.9870,stop,1087.63,218.67,710,32,32
408,6.9870,stop,1136.89,192.94,515,23,34
408,6.9870,stop,385.73,89.44,699,31,32
408,6.9870,stop,337.21,84.97,689,31,33
408,6.9870,stop,483.21,66.91,807,36,35
408,6.9870,stop,441.83,57.57,935,36,38
409,7.0030,stop,1514.34,1046.16,904,36,37
409,7.0030,stop,1626.66,576.31,702,32,33
409,7.0030,stop,1645.03,526.06,811,36,33
409,7.0030,stop,396.22,451.05,744,35,35
409,7.0030,stop,339.08,442.38,710,31,35
409,7.0030,stop,909.74,344.96,577,29,31
409,7.0030,stop,1090.16,220.64,712,33,32
409,7.0030,stop,1138.25,190.04,533,24,34
409,7.0030,stop,385.78,89.51,696,31,32
409,7.0030,stop,337.23,84.92,688,30,33
409,7.0030,stop,484.15,68.05,739,34,32
409,7.0030,stop,442.65,58.67,872,36,38
410,7.0190,stop,1513.52,1045.98,858,31,37
410,7.0190,stop,1626.70,576.30,704,33,33
410,7.0190,stop,1644.94,526.08,813,36,32
410,7.0190,stop,396.03,450.95,746,35,34
410,7.0190,stop,339.05,442.42,712,31,35
410,7.0190,stop,907.01,349.27,564,28,31
410,7.0190,stop,1092.53,222.82,727,32,33
410,7.0190,stop,1139.02,186.99,568,26,34
410,7.0190,stop,385.73,89.53,684,31,32
410,7.0190,stop,337.25,84.92,691,31,33
410,7.0190,stop,483.19,67.03,812,37,35
410,7.0190,stop,441.73,57.57,940,37,38
411,7.0350,stop,1513.50,1045.90,859,31,37
411,7.0350,stop,1626.70,576.33,706,33,33
411,7.0350,stop,1644.97,526.09,808,36,33
411,7.0350,stop,396.18,451.12,748,35,35
411,7.0350,stop,339.07,442.29,712,31,35
411,7.0350,stop,904.20,353.26,570,27,31
411,7.0350,stop,1094.78,224.99,739,33,33
411,7.0350,stop,1139.43,184.26,613,26,34
411,7.0350,stop,385.86,89.53,690,31,32
411,7.0350,stop,337.27,85.08,688,31,33
411,7.0350,stop,484.21,67.97,737,33,32
411,7.0350,stop,441.81,57.67,938,36,38
412,7.0510,stop,1513.52,1046.01,870,31,37
412,7.0510,stop,1626.82,576.29,696,33,33
412,7.0510,stop,1644.86,526.06,806,36,32
412,7.0510,stop,396.28,451.05,748,35,35
412,7.0510,stop,338.97,442.27,717,31,35
412,7.0510,stop,901.76,356.79,569,27,31
412,7.0510,stop,1097.01,227.16,736,33,33
412,7.0510,stop,1139.67,181.38,651,28,34
412,7.0510,stop,385.75,89.46,693,31,32
412,7.0510,stop,337.20,84.95,681,30,33
412,7.0510,stop,483.20,66.89,811,37,35
412,7.0510,stop,441.83,57.56,931,37,37
413,7.0710,stop,1514.47,1046.10,914,36,37
413,7.0710,stop,1626.86,576.40,692,33,33
413,7.0710,stop,1645.00,526.15,813,36,32
413,7.0710,stop,396.24,450.99,738,35,35
413,7.0710,stop,338.99,442.40,703,31,35
413,7.0710,stop,899.45,360.24,571,27,31
413,7.0710,stop,1098.83,229.24,732,32,34
413,7.0710,stop,1140.97,178.77,691,33,34
413,7.0710,stop,385.66,89.57,681,31,32
413,7.0710,stop,337.28,85.01,685,31,33
413,7.0710,stop,483.61,67.03,792,33,35
413,7.0710,stop,442.65,58.52,874,37,38
414,7.0870,stop,1513.47,1046.03,861,31,37
414,7.0870,stop,1626.74,576.34,698,32,33
414,7.0870,stop,1644.99,526.10,810,36,32
414,7.0870,stop,396.01,450.99,750,35,34
414,7.0870,stop,339.06,442.39,710,31,35
414,7.0870,stop,897.13,363.55,563,26,31
414,7.0870,stop,1100.81,231.49,742,32,34
414,7.0870,stop,1141.15,175.61,699,33,33
414,7.0870,stop,385.70,89.58,679,31,32
414,7.0870,stop,337.05,85.18,688,31,32
414,7.0870,stop,484.15,67.88,744,33,33
414,7.0870,stop,441.84,57.64,930,37,37
415,7.1030,stop,1513.43,1046.03,859,30,37
415,7.1030,stop,1626.83,576.39,704,33,33
415,7.1030,stop,1644.98,526.10,820,37,32
415,7.1030,stop,396.13,450.90,746,35,35
415,7.1030,stop,339.04,442.38,712,31,35
415,7.1030,stop,894.98,366.58,551,26,31
415,7.1030,stop,1102.90,233.84,738,31,35
415,7.1030,stop,1141.04,172.60,727,34,36
415,7.1030,stop,385.81,89.42,688,31,32
415,7.1030,stop,337.08,84.89,684,31,33
415,7.1030,stop,484.23,68.00,743,34,33
415,7.1030,stop,442.52,58.63,870,37,38
416,7.1190,stop,1513.54,1045.93,859,31,37
416,7.1190,stop,1626.73,576.29,700,33,33
416,7.1190,stop,1644.99,526.17,810,36,32
416,7.1190,stop,396.19,450.94,754,35,35
416,7.1190,stop,339.02,442.46,710,31,35
416,7.1190,stop,893.19,369.25,557,27,31
416,7.1190,stop,1104.70,236.07,750,32,34
416,7.1190,stop,1140.86,170.01,737,33,36
416,7.1190,stop,385.84,89.51,696,32,32
416,7.1190,stop,337.17,85.06,686,31,33
416,7.1190,stop,483.62,67.81,772,36,32
416,7.1190,stop,441.84,57.61,934,36,38
417,7.1350,stop,1513.46,1046.00,868,30,37
417,7.1350,stop,1626.70,576.27,699,33,33
417,7.1350,stop,1644.96,526.07,810,36,33
417,7.1350,stop,396.16,450.94,743,35,35
417,7.1350,stop,338.92,442.36,707,31,35
417,7.1350,stop,891.34,372.03,551,26,31
417,7.1350,stop,1106.21,238.13,754,33,35
417,7.1350,stop,1140.55,167.67,723,33,35
417,7.1350,stop,385.82,89.48,682,31,32
417,7.1350,stop,337.17,84.97,689,31,33
417,7.1350,stop,483.14,66.92,809,37,35
417,7.1350,stop,442.55,58.62,876,37,38
418,7.1509,stop,1514.36,1046.05,909,36,37
418,7.1509,stop,1626.82,576.33,700,33,33
418,7.1509,stop,1644.96,526.08,806,36,32
418,7.1509,stop,396.14,451.03,740,35,34
418,7.1509,stop,339.03,442.33,706,31,35
418,7.1509,stop,889.55,374.82,569,28,31
418,7.1509,stop,1107.75,240.27,769,33,35
418,7.1509,stop,1140.82,166.17,681,34,34
418,7.1509,stop,385.74,89.52,696,31,32
418,7.1509,stop,337.22,85.00,691,31,33
418,7.1509,stop,483.02,66.96,812,38,35
418,7.1509,stop,441.90,57.54,941,37,38
419,7.1710,stop,1514.42,1046.12,908,35,37
419,7.1710,stop,1626.88,576.39,699,33,33
419,7.1710,stop,1644.93,526.11,801,36,32
419,7.1710,stop,396.04,450.86,747,35,34
419,7.1710,stop,338.95,442.35,715,31,35
419,7.1710,stop,887.96,377.35,571,28,32
419,7.1710,stop,1109.16,242.13,783,33,35
419,7.1710,stop,1140.77,164.07,676,33,34
419,7.1710,stop,385.86,89.41,692,32,33
419,7.1710,stop,337.14,84.96,686,31,33
419,7.1710,stop,483.58,67.93,759,36,32
419,7.1710,stop,441.82,57.55,932,37,38
420,7.1870,stop,1513.37,1045.97,861,31,37
420,7.1870,stop,1626.91,576.27,698,33,33
420,7.1870,stop,1644.98,526.08,810,36,32
420,7.1870,stop,396.07,451.10,746,35,35
420,7.1870,stop,339.03,442.46,716,31,35
420,7.1870,stop,886.55,379.60,580,29,31
420,7.1870,stop,1110.62,244.14,791,33,35
420,7.1870,stop,1140.51,161.92,679,32,34
420,7.1870,stop,385.73,89.58,688,31,33
420,7.1870,stop,337.11,84.93,691,32,33
420,7.1870,stop,483.08,66.96,810,38,35
420,7.1870,stop,442.57,58.59,867,37,38
421,7.2030,stop,1513.44,1046.03,871,31,37
421,7.2030,stop,1626.82,576.26,692,32,33
421,7.2030,stop,1645.02,526.11,809,36,33
421,7.2030,stop,396.11,451.15,752,35,36
421,7.2030,stop,339.08,442.46,711,31,35
421,7.2030,stop,885.34,381.55,598,29,32
421,7.2030,stop,1111.60,245.92,793,32,36
421,7.2030,stop,1140.41,159.89,668,32,34
421,7.2030,stop,385.73,89.53,693,31,32
421,7.2030,stop,337.14,84.99,685,31,33
421,7.2030,stop,483.05,66.92,810,36,35
421,7.2030,stop,441.82,57.59,940,37,39
422,7.2190,stop,1514.36,1046.10,903,35,37
422,7.2190,stop,1626.82,576.33,702,32,33
422,7.2190,stop,1644.97,526.09,808,36,33
422,7.2190,stop,396.14,450.99,752,35,34
422,7.2190,stop,339.06,442.41,705,31,35
422,7.2190,stop,883.46,382.53,585,29,32
422,7.2190,stop,1112.69,247.54,793,32,36
422,7.2190,stop,1140.44,158.08,666,32,34
422,7.2190,stop,385.80,89.42,695,31,32
422,7.2190,stop,337.14,85.03,688,31,33
422,7.2190,stop,483.76,67.94,748,37,32
422,7.2190,stop,441.83,57.63,925,36,37
423,7.2350,stop,1513.41,1046.04,852,31,38
423,7.2350,stop,1626.83,576.34,706,33,33
423,7.2350,stop,1644.98,526.09,820,36,32
423,7.2350,stop,396.07,451.08,743,35,34
423,7.2350,stop,338.95,442.36,704,31,35
423,7.2350,stop,882.30,384.11,595,30,33
423,7.2350,stop,1113.44,249.13,782,32,35
423,7.2350,stop,1140.70,156.03,666,32,34
423,7.2350,stop,385.68,89.49,688,31,33
423,7.2350,stop,337.32,85.01,693,30,33
423,7.2350,stop,483.21,66.92,814,37,35
423,7.2350,stop,442.64,58.53,873,37,38
424,7.2510,stop,1514.40,1046.19,910,36,37
424,7.2510,stop,1626.75,576.32,707,33,33
424,7.2510,stop,1644.89,526.11,819,36,33
424,7.2510,stop,396.09,451.01,748,35,35
424,7.2510,stop,339.05,442.32,702,31,35
424,7.2510,stop,881.11,385.44,609,32,33
424,7.2510,stop,1115.10,250.53,809,32,37
424,7.2510,stop,1140.72,154.31,661,33,33
424,7.2510,stop,385.82,89.45,697,31,32
424,7.2510,stop,337.19,85.12,691,31,33
424,7.2510,stop,483.47,67.08,796,35,35
424,7.2510,stop,441.85,57.66,927,36,38
425,7.2710,stop,1513.57,1046.03,862,30,37
425,7.2710,stop,1626.83,576.37,702,32,33
425,7.2710,stop,1644.98,526.11,805,36,33
425,7.2710,stop,396.18,450.99,741,35,35
425,7.2710,stop,338.99,442.41,722,31,35
425,7.2710,stop,880.20,386.88,613,33,33
425,7.2710,stop,1115.39,252.62,776,32,36
425,7.2710,stop,1140.84,152.74,679,33,34
425,7.2710,stop,385.88,89.51,692,31,32
425,7.2710,stop,337.21,85.02,690,31,33
425,7.2710,stop,483.10,66.95,813,38,35
425,7.2710,stop,442.55,58.69,864,37,38
426,7.2870,stop,1514.37,1046.33,919,36,37
426,7.2870,stop,1626.69,576.32,708,33,33
426,7.2870,stop,1645.08,526.09,816,36,33
426,7.2870,stop,396.10,451.01,754,35,35
426,7.2870,stop,338.93,442.36,716,31,35
426,7.2870,stop,879.59,388.10,619,33,34
426,7.2870,stop,1116.60,253.76,815,33,35
426,7.2870,stop,1141.04,151.48,662,33,34
426,7.2870,stop,385.83,89.52,690,32,32
426,7.2870,stop,337.25,85.07,692,31,33
426,7.2870,stop,483.09,66.92,812,38,35
426,7.2870,stop,441.92,57.64,941,37,38
427,7.3030,stop,1513.46,1046.06,857,31,37
427,7.3030,stop,1626.92,576.40,703,32,33
427,7.3030,stop,1644.96,526.13,809,36,34
427,7.3030,stop,396.15,451.02,750,35,35
427,7.3030,stop,339.04,442.43,711,31,35
427,7.3030,stop,879.59,390.08,678,34,34
427,7.3030,stop,1117.53,255.18,811,33,36
427,7.3030,stop,1141.41,150.11,659,33,35
427,7.3030,stop,385.72,89.49,689,31,32
427,7.3030,stop,337.10,84.96,688,31,33
427,7.3030,stop,483.58,67.84,758,37,32
427,7.3030,stop,442.66,58.66,870,36,38
428,7.3190,stop,1514.30,1046.05,909,36,37
428,7.3190,stop,1626.82,576.43,703,32,33
428,7.3190,stop,1644.83,526.09,811,36,34
428,7.3190,stop,396.16,451.03,749,35,35
428,7.3190,stop,339.17,442.40,698,31,35
428,7.3190,stop,878.88,390.85,711,33,33
428,7.3190,stop,1118.13,256.71,828,32,36
428,7.3190,stop,1142.16,148.88,675,33,36
428,7.3190,stop,385.68,89.51,688,31,34
428,7.3190,stop,337.21,84.91,690,31,33
428,7.3190,stop,483.01,66.86,817,38,35
428,7.3190,stop,442.55,58.55,876,36,38
429,7.3350,stop,1514.35,1046.15,913,36,37
429,7.3350,stop,1626.83,576.32,699,33,33
429,7.3350,stop,1644.99,526.00,807,36,32
429,7.3350,stop,396.06,450.93,751,35,35
429,7.3350,stop,338.93,442.40,715,31,35
429,7.3350,stop,878.90,391.99,699,34,33
429,7.3350,stop,1118.89,258.09,825,32,37
429,7.3350,stop,1143.17,147.83,680,31,36
429,7.3350,stop,385.71,89.52,686,32,32
429,7.3350,stop,337.28,84.97,694,30,33
429,7.3350,stop,482.99,66.89,819,37,35
429,7.3350,stop,442.53,58.53,865,37,38
430,7.3510,stop,1513.50,1045.98,864,30,37
430,7.3510,stop,1626.81,576.37,700,33,33
430,7.3510,stop,1645.06,526.11,810,36,33
430,7.3510,stop,396.19,451.09,752,35,35
430,7.3510,stop,339.00,442.39,710,31,35
430,7.3510,stop,878.92,392.84,699,34,33
430,7.3510,stop,1119.45,259.21,811,33,37
430,7.3510,stop,1143.93,146.77,672,31,36
430,7.3510,stop,385.77,89.39,697,31,32
430,7.3510,stop,337.08,84.91,698,31,33
430,7.3510,stop,483.12,67.03,809,37,35
430,7.3510,stop,442.63,58.53,882,36,38
431,7.3710,stop,1513.44,1046.07,863,30,38
431,7.3710,stop,1626.91,576.34,695,33,33
431,7.3710,stop,1644.92,525.98,810,36,33
431,7.3710,stop,395.47,451.70,788,35,34
431,7.3710,stop,338.95,442.39,713,31,35
431,7.3710,stop,878.70,393.60,709,34,34
431,7.3710,stop,1119.37,260.73,782,32,36
431,7.3710,stop,1144.76,145.88,695,33,35
431,7.3710,stop,385.82,89.34,699,32,32
431,7.3710,stop,337.18,84.98,691,31,33
431,7.3710,stop,484.15,67.98,734,33,32
431,7.3710,stop,441.83,57.66,934,37,37
432,7.3870,stop,1514.37,1046.10,911,36,37
432,7.3870,stop,1626.84,576.36,702,32,33
432,7.3870,stop,1644.98,526.19,813,36,32
432,7.3870,stop,395.52,451.60,785,35,34
432,7.3870,stop,338.96,442.32,707,31,35
432,7.3870,stop,878.73,394.13,699,33,34
432,7.3870,stop,1119.74,261.80,784,32,36
432,7.3870,stop,1145.47,145.24,703,34,35
432,7.3870,stop,385.62,89.47,693,32,33
432,7.3870,stop,337.25,84.84,692,30,33
432,7.3870,stop,483.56,67.12,781,34,35
432,7.3870,stop,442.60,58.63,877,38,38
433,7.4030,stop,1513.43,1045.86,869,31,37
433,7.4030,stop,1626.83,576.39,697,33,33
433,7.4030,stop,1644.95,526.03,813,36,33
433,7.4030,stop,396.10,450.97,756,35,34
433,7.4030,stop,338.99,442.35,707,31,35
433,7.4030,stop,878.77,394.66,733,34,35
433,7.4030,stop,1120.32,262.81,776,33,36
433,7.4030,stop,1146.43,144.73,731,34,35
433,7.4030,stop,385.86,89.52,688,32,32
433,7.4030,stop,337.27,84.97,693,31,33
433,7.4030,stop,483.63,67.14,797,35,35
433,7.4030,stop,442.64,58.73,862,36,36
434,7.4190,stop,1513.44,1046.03,868,30,38
434,7.4190,stop,1626.82,576.33,696,33,33
434,7.4190,stop,1644.87,526.06,815,36,33
434,7.4190,stop,396.27,450.99,740,35,35
434,7.4190,stop,338.88,442.36,713,31,35
434,7.4190,stop,878.79,395.08,735,34,35
434,7.4190,stop,1121.01,263.11,811,33,36
434,7.4190,stop,1147.48,144.15,730,34,35
434,7.4190,stop,385.88,89.40,694,29,32
434,7.4190,stop,337.13,84.99,691,31,33
434,7.4190,stop,483.64,67.09,781,33,35
434,7.4190,stop,442.67,58.59,867,37,37
435,7.4350,stop,1514.49,1046.18,911,36,37
435,7.4350,stop,1626.83,576.25,692,33,33
435,7.4350,stop,1644.96,526.02,816,36,33
435,7.4350,stop,395.50,451.64,790,35,35
435,7.4350,stop,338.96,442.35,710,31,35
435,7.4350,stop,877.45,394.78,765,34,36
435,7.4350,stop,1120.88,263.73,795,33,36
435,7.4350,stop,1148.62,143.46,738,34,36
435,7.4350,stop,385.76,89.58,687,31,32
435,7.4350,stop,337.29,85.00,689,30,33
435,7.4350,stop,483.09,66.90,816,38,35
435,7.4350,stop,442.64,58.59,869,36,38
436,7.4550,stop,1514.50,1046.14,919,36,37
436,7.4550,stop,1626.78,576.30,699,33,33
436,7.4550,stop,1644.99,526.06,806,36,33
436,7.4550,stop,396.08,450.90,744,35,34
436,7.4550,stop,338.96,442.35,713,31,35
436,7.4550,stop,877.52,395.22,753,34,35
436,7.4550,stop,1121.31,264.00,814,33,36
436,7.4550,stop,1149.31,142.63,790,33,35
436,7.4550,stop,385.84,89.38,687,32,32
436,7.4550,stop,337.25,84.97,691,31,33
436,7.4550,stop,483.15,66.91,805,36,35
436,7.4550,stop,442.60,58.58,874,37,38
437,7.4710,stop,1513.47,1045.92,857,30,37
437,7.4710,stop,1626.89,576.30,700,33,33
437,7.4710,stop,1644.93,526.14,812,36,33
437,7.4710,stop,396.08,451.01,747,35,34
437,7.4710,stop,339.00,442.37,707,31,35
437,7.4710,stop,878.12,395.68,732,34,35
437,7.4710,stop,1121.10,264.86,782,33,36
437,7.4710,stop,1150.79,142.20,794,34,36
437,7.4710,stop,385.84,89.52,686,31,32
437,7.4710,stop,337.29,84.98,691,31,33
437,7.4710,stop,483.03,66.95,810,37,35
437,7.4710,stop,441.84,57.59,931,37,38
438,7.4870,stop,1514.42,1046.12,907,36,37
438,7.4870,stop,1626.85,576.39,701,32,33
438,7.4870,stop,1644.85,526.11,808,37,32
438,7.4870,stop,396.12,451.01,752,35,34
438,7.4870,stop,339.10,442.26,718,31,35
438,7.4870,stop,878.07,395.68,730,34,35
438,7.4870,stop,1121.23,265.06,797,33,36
438,7.4870,stop,1151.86,141.91,816,34,36
438,7.4870,stop,385.75,89.40,700,31,32
438,7.4870,stop,337.25,84.97,693,31,33
438,7.4870,stop,482.96,66.92,812,37,35
438,7.4870,stop,442.70,58.61,872,36,38
439,7.5030,stop,1513.43,1046.04,866,30,37
439,7.5030,stop,1626.87,576.29,697,32,33
439,7.5030,stop,1645.00,526.05,817,36,33
439,7.5030,stop,396.18,450.99,739,35,34
439,7.5030,stop,339.07,442.41,718,31,35
439,7.5030,stop,878.31,395.56,717,33,35
439,7.5030,stop,1121.21,265.29,799,33,36
439,7.5030,stop,1153.34,141.62,824,34,36
439,7.5030,stop,385.92,89.44,687,30,33
439,7.5030,stop,337.18,85.10,690,32,33
439,7.5030,stop,483.05,66.94,808,38,35
439,7.5030,stop,442.51,58.59,875,38,38
440,7.5190,stop,1513.50,1045.90,860,31,37
440,7.5190,stop,1626.89,576.35,697,33,33
440,7.5190,stop,1644.90,526.06,813,36,33
440,7.5190,stop,396.18,451.02,749,35,35
440,7.5190,stop,339.17,442.30,711,31,35
440,7.5190,stop,878.98,395.56,733,33,34
440,7.5190,stop,1121.12,265.44,804,33,36
440,7.5190,stop,1154.78,141.25,815,34,36
440,7.5190,stop,385.79,89.55,686,31,32
440,7.5190,stop,337.14,84.88,693,31,33
440,7.5190,stop,483.24,67.05,813,37,35
440,7.5190,stop,441.80,57.65,931,36,38
441,7.5350,stop,1513.47,1045.94,862,31,38
441,7.5350,stop,1626.88,576.32,701,33,33
441,7.5350,stop,1644.86,526.15,809,36,32
441,7.5350,stop,396.14,451.13,740,35,34
441,7.5350,stop,338.99,442.39,706,31,35
441,7.5350,stop,878.57,394.59,762,33,35
441,7.5350,stop,1121.01,265.57,805,33,36
441,7.5350,stop,1156.31,140.89,815,34,35
441,7.5350,stop,385.66,89.36,689,31,33
441,7.5350,stop,337.11,84.90,694,31,33
441,7.5350,stop,483.56,67.02,796,33,35
441,7.5350,stop,441.90,57.60,924,36,37
442,7.5550,stop,1514.42,1046.15,912,36,37
442,7.5550,stop,1626.92,576.38,697,33,33
442,7.5550,stop,1644.92,526.06,815,36,33
442,7.5550,stop,396.08,451.05,744,35,34
442,7.5550,stop,338.99,442.36,711,31,35
442,7.5550,stop,878.78,393.99,739,33,34
442,7.5550,stop,1120.94,265.45,801,33,37
442,7.5550,stop,1157.56,140.34,812,34,36
442,7.5550,stop,385.99,89.35,689,31,33
442,7.5550,stop,337.32,85.01,697,31,33
442,7.5550,stop,483.57,66.94,797,35,35
442,7.5550,stop,442.50,58.56,882,38,38
443,7.5710,stop,1513.46,1045.94,873,30,37
443,7.5710,stop,1626.83,576.33,699,33,33
443,7.5710,stop,1645.04,526.04,800,36,32
443,7.5710,stop,396.15,451.10,745,35,34
443,7.5710,stop,338.99,442.36,709,31,35
443,7.5710,stop,878.69,393.46,750,33,34
443,7.5710,stop,1120.77,265.27,803,34,36
443,7.5710,stop,1158.64,139.64,794,33,35
443,7.5710,stop,385.64,89.48,689,31,32
443,7.5710,stop,337.26,84.92,685,30,33
443,7.5710,stop,483.36,66.96,812,37,35
443,7.5710,stop,442.66,58.56,869,36,37
444,7.5870,stop,1513.45,1045.97,860,30,37
444,7.5870,stop,1626.81,576.39,699,32,33
444,7.5870,stop,1644.81,526.05,815,36,32
444,7.5870,stop,396.08,451.00,742,35,34
444,7.5870,stop,339.07,442.40,716,31,35
444,7.5870,stop,878.86,393.07,722,33,34
444,7.5870,stop,1120.45,264.82,812,34,36
444,7.5870,stop,1159.39,138.44,756,33,35
444,7.5870,stop,385.64,89.53,690,32,33
444,7.5870,stop,337.03,84.97,684,31,33
444,7.5870,stop,483.49,66.95,793,33,35
444,7.5870,stop,442.67,58.66,863,36,37
445,7.6030,stop,1513.46,1045.97,863,31,37
445,7.6030,stop,1626.81,576.29,698,32,33
445,7.6030,stop,1644.90,526.07,813,36,32
445,7.6030,stop,396.14,451.04,747,35,34
445,7.6030,stop,338.98,442.37,710,31,35
445,7.6030,stop,879.67,393.13,693,34,35
445,7.6030,stop,1120.13,264.41,813,34,36
445,7.6030,stop,1161.04,138.49,788,34,36
445,7.6030,stop,385.75,89.41,691,31,33
445,7.6030,stop,337.11,84.98,686,31,33
445,7.6030,stop,483.34,67.00,796,38,35
445,7.6030,stop,441.84,57.55,930,36,38
446,7.6190,stop,1514.41,1046.15,909,36,37
446,7.6190,stop,1626.81,576.40,700,33,33
446,7.6190,stop,1644.91,526.11,807,36,32
446,7.6190,stop,396.20,450.96,756,35,35
446,7.6190,stop,339.13,442.37,714,31,35
446,7.6190,stop,879.59,392.78,691,33,34
446,7.6190,stop,1119.88,263.98,822,34,36
446,7.6190,stop,1162.02,138.43,806,34,37
446,7.6190,stop,385.86,89.42,683,29,33
446,7.6190,stop,337.09,85.04,694,31,33
446,7.6190,stop,483.08,67.05,812,37,35
446,7.6190,stop,442.65,58.55,869,36,37
447,7.6350,stop,1513.43,1045.88,860,31,37
447,7.6350,stop,1626.72,576.39,708,32,33
447,7.6350,stop,1644.93,526.12,810,36,33
447,7.6350,stop,396.16,450.99,746,35,36
447,7.6350,stop,339.01,442.35,709,31,35
447,7.6350,stop,879.27,392.03,729,33,34
447,7.6350,stop,1119.44,263.44,820,34,35
447,7.6350,stop,1162.71,138.19,794,33,37
447,7.6350,stop,385.80,89.55,690,31,32
447,7.6350,stop,337.18,84.97,700,31,33
447,7.6350,stop,483.50,67.10,801,34,35
447,7.6350,stop,441.74,57.54,943,36,37
448,7.6550,stop,1513.44,1045.98,865,31,37
448,7.6550,stop,1626.79,576.33,700,32,33
448,7.6550,stop,1645.00,526.16,818,36,33
448,7.6550,stop,396.11,451.12,744,35,35
448,7.6550,stop,338.91,442.38,709,31,35
448,7.6550,stop,879.35,391.76,720,33,34
448,7.6550,stop,1119.18,263.34,831,35,35
448,7.6550,stop,1163.71,137.80,807,33,37
448,7.6550,stop,385.65,89.40,682,31,32
448,7.6550,stop,337.18,85.05,685,32,33
448,7.6550,stop,483.16,66.97,810,36,35
448,7.6550,stop,441.82,57.54,935,37,38
449,7.6710,stop,1514.48,1046.16,911,36,37
449,7.6710,stop,1626.72,576.27,698,33,33
449,7.6710,stop,1644.87,526.10,814,36,33
449,7.6710,stop,396.15,450.98,750,35,36
449,7.6710,stop,338.96,442.37,721,31,35
449,7.6710,stop,879.74,391.44,706,33,33
449,7.6710,stop,1119.16,262.38,844,34,36
449,7.6710,stop,1164.36,137.17,781,32,37
449,7.6710,stop,385.70,89.55,685,32,32
449,7.6710,stop,337.23,84.87,699,32,33
449,7.6710,stop,483.13,66.98,809,36,35
449,7.6710,stop,442.65,58.67,875,36,37
450,7.6870,stop,1514.38,1046.15,911,36,38
450,7.6870,stop,1626.77,576.40,708,33,33
450,7.6870,stop,1644.89,526.05,810,36,32
450,7.6870,stop,396.06,451.04,744,35,34
450,7.6870,stop,339.12,442.42,711,31,35
450,7.6870,stop,879.62,391.17,702,33,33
450,7.6870,stop,1118.50,262.42,820,34,36
450,7.6870,stop,1164.07,136.39,742,32,37
450,7.6870,stop,385.78,89.57,688,32,32
450,7.6870,stop,337.24,85.01,695,31,33
450,7.6870,stop,483.05,67.02,809,37,35
450,7.6870,stop,441.79,57.59,937,37,37
451,7.7030,stop,1514.41,1046.07,912,36,37
451,7.7030,stop,1626.78,576.41,701,32,34
451,7.7030,stop,1644.97,526.13,817,36,33
451,7.7030,stop,396.14,451.08,758,35,35
451,7.7030,stop,338.98,442.49,705,31,35
451,7.7030,stop,879.79,391.12,708,33,34
451,7.7030,stop,1118.10,261.86,811,35,35
451,7.7030,stop,1165.30,136.39,789,33,37
451,7.7030,stop,386.02,89.43,700,29,33
451,7.7030,stop,337.00,85.03,687,32,33
451,7.7030,stop,483.26,66.95,810,37,35
451,7.7030,stop,442.61,58.49,879,36,38
452,7.7190,stop,1513.46,1046.00,862,31,37
452,7.7190,stop,1626.88,576.37,707,33,33
452,7.7190,stop,1645.07,526.17,814,36,32
452,7.7190,stop,396.13,450.99,751,35,34
452,7.7190,stop,339.00,442.33,712,31,35
452,7.7190,stop,879.93,390.80,708,33,34
452,7.7190,stop,1118.15,261.06,840,35,35
452,7.7190,stop,1165.55,135.68,776,34,36
452,7.7190,stop,385.83,89.45,693,32,33
452,7.7190,stop,337.23,84.89,685,30,33
452,7.7190,stop,483.12,66.97,815,37,35
452,7.7190,stop,442.58,58.59,871,37,38
453,7.7350,stop,1513.49,1046.05,869,31,37
453,7.7350,stop,1626.82,576.37,710,33,33
453,7.7350,stop,1644.99,525.99,811,36,32
453,7.7350,stop,396.13,451.02,748,35,35
453,7.7350,stop,339.07,442.38,720,31,35
453,7.7350,stop,879.97,390.57,704,32,34
453,7.7350,stop,1117.61,260.57,801,34,35
453,7.7350,stop,1165.78,134.73,795,34,37
453,7.7350,stop,385.90,89.41,692,32,32
453,7.7350,stop,337.05,84.99,685,31,33
453,7.7350,stop,483.48,67.92,756,37,32
453,7.7350,stop,442.62,58.74,865,36,37
454,7.7550,stop,1514.46,1046.15,914,36,37
454,7.7550,stop,1626.80,576.35,704,33,33
454,7.7550,stop,1645.06,526.24,815,36,33
454,7.7550,stop,396.11,451.09,741,35,34
454,7.7550,stop,339.08,442.42,716,31,35
454,7.7550,stop,880.17,390.42,693,32,33
454,7.7550,stop,1117.61,259.29,815,35,35
454,7.7550,stop,1165.71,133.93,795,35,36
454,7.7550,stop,385.81,89.46,695,32,32
454,7.7550,stop,337.22,84.97,687,31,33
454,7.7550,stop,483.04,66.96,815,38,35
454,7.7550,stop,442.67,58.58,869,37,37
455,7.7710,stop,1514.37,1046.14,917,36,37
455,7.7710,stop,1626.81,576.39,703,32,33
455,7.7710,stop,1644.95,526.01,814,36,32
455,7.7710,stop,396.18,450.97,744,35,34
455,7.7710,stop,339.02,442.31,709,31,35
455,7.7710,stop,880.24,390.14,687,32,33
455,7.7710,stop,1117.21,258.64,807,35,34
455,7.7710,stop,1165.60,133.39,806,35,37
455,7.7710,stop,385.93,89.37,697,31,32
455,7.7710,stop,337.09,84.85,688,31,33
455,7.7710,stop,483.16,66.88,805,38,35
455,7.7710,stop,441.80,57.66,936,37,37
456,7.7870,stop,1514.46,1046.09,915,36,37
456,7.7870,stop,1626.77,576.36,704,33,33
456,7.7870,stop,1644.97,526.14,811,36,32
456,7.7870,stop,396.23,451.11,750,35,35
456,7.7870,stop,339.01,442.21,712,31,35
456,7.7870,stop,880.16,389.77,691,33,34
456,7.7870,stop,1116.92,257.72,794,35,34
456,7.7870,stop,1165.19,132.88,814,36,38
456,7.7870,stop,385.85,89.59,688,31,33
456,7.7870,stop,337.11,84.99,687,31,33
456,7.7870,stop,483.65,67.75,761,37,33
456,7.7870,stop,442.69,58.59,873,37,38
457,7.8030,stop,1514.46,1046.14,917,36,37
457,7.8030,stop,1626.79,576.31,702,32,33
457,7.8030,stop,1645.05,526.15,820,36,33
457,7.8030,stop,396.12,451.02,747,35,35
457,7.8030,stop,339.12,442.42,713,31,35
457,7.8030,stop,880.22,389.28,680,33,33
457,7.8030,stop,1116.90,257.00,786,34,34
457,7.8030,stop,1164.51,132.36,797,33,37
457,7.8030,stop,385.79,89.49,696,32,33
457,7.8030,stop,337.11,84.95,686,31,33
457,7.8030,stop,483.06,66.92,811,37,35
457,7.8030,stop,441.82,57.59,931,36,38
458,7.8190,stop,1513.44,1045.98,855,31,37
458,7.8190,stop,1626.84,576.39,703,33,33
458,7.8190,stop,1644.94,526.18,805,36,32
458,7.8190,stop,396.03,451.00,741,35,34
458,7.8190,stop,338.98,442.35,714,31,35
458,7.8190,stop,880.25,389.09,669,33,33
458,7.8190,stop,1116.45,256.36,780,34,33
458,7.8190,stop,1163.95,131.62,809,34,37
458,7.8190,stop,385.78,89.52,691,31,33
458,7.8190,stop,337.15,84.91,692,31,33
458,7.8190,stop,483.55,67.09,793,33,35
458,7.8190,stop,441.77,57.50,924,37,37
459,7.8350,stop,1513.44,1045.99,861,30,37
459,7.8350,stop,1626.73,576.37,708,33,33
459,7.8350,stop,1644.97,526.15,819,36,33
459,7.8350,stop,396.15,450.94,747,35,35
459,7.8350,stop,338.89,442.40,711,31,35
459,7.8350,stop,880.15,388.75,664,32,33
459,7.8350,stop,1116.31,256.01,764,35,33
459,7.8350,stop,1163.29,130.77,821,34,38
459,7.8350,stop,385.82,89.43,689,32,32
459,7.8350,stop,337.21,84.88,693,31,33
459,7.8350,stop,483.48,67.09,787,34,35
459,7.8350,stop,442.56,58.65,871,37,38
460,7.8550,stop,1514.45,1046.08,900,36,37
460,7.8550,stop,1626.83,576.37,701,33,33
460,7.8550,stop,1645.01,526.10,815,36,33
460,7.8550,stop,396.16,451.08,746,35,35
460,7.8550,stop,339.04,442.31,716,31,35
460,7.8550,stop,879.98,388.42,663,32,33
460,7.8550,stop,1116.32,255.38,761,35,32
460,7.8550,stop,1162.68,130.11,831,33,38
460,7.8550,stop,385.72,89.59,691,32,32
460,7.8550,stop,337.13,84.96,703,31,33
460,7.8550,stop,483.45,67.08,789,34,35
460,7.8550,stop,442.63,58.56,871,36,38
461,7.8710,stop,1514.33,1046.01,904,36,37
461,7.8710,stop,1626.79,576.46,704,33,33
461,7.8710,stop,1645.03,526.12,805,36,33
461,7.8710,stop,396.09,451.19,753,35,34
461,7.8710,stop,339.00,442.33,713,31,35
461,7.8710,stop,879.98,388.30,663,32,33
461,7.8710,stop,1116.04,254.82,753,35,31
461,7.8710,stop,1161.73,129.40,832,34,38
461,7.8710,stop,385.97,89.47,694,29,33
461,7.8710,stop,337.20,85.08,690,31,33
461,7.8710,stop,483.06,66.90,804,36,35
461,7.8710,stop,441.90,57.47,933,36,38
462,7.8870,stop,1513.45,1046.07,867,30,37
462,7.8870,stop,1626.87,576.36,702,32,33
462,7.8870,stop,1644.91,526.01,809,36,33
462,7.8870,stop,396.12,450.92,745,35,35
462,7.8870,stop,339.00,442.34,714,31,35
462,7.8870,stop,879.77,388.26,669,32,33
462,7.8870,stop,1116.06,254.06,744,35,31
462,7.8870,stop,1160.96,128.82,837,34,39
462,7.8870,stop,385.85,89.56,691,32,32
462,7.8870,stop,337.25,84.88,691,31,33
462,7.8870,stop,483.08,67.07,808,37,35
462,7.8870,stop,442.63,58.61,867,37,38
463,7.9030,stop,1513.44,1045.94,868,31,37
463,7.9030,stop,1626.85,576.31,701,32,33
463,7.9030,stop,1644.89,526.01,810,36,33
463,7.9030,stop,396.21,450.91,751,35,35
463,7.9030,stop,339.02,442.42,713,31,35
463,7.9030,stop,879.77,388.31,664,32,33
463,7.9030,stop,1116.03,253.49,721,34,30
463,7.9030,stop,1160.41,128.21,847,34,38
463,7.9030,stop,385.82,89.37,702,32,32
463,7.9030,stop,337.14,84.96,687,31,33
463,7.9030,stop,483.58,67.13,791,34,35
463,7.9030,stop,442.59,58.56,874,37,38
464,7.9190,stop,1513.41,1045.92,864,31,37
464,7.9190,stop,1626.82,576.34,702,33,33
464,7.9190,stop,1644.86,526.08,818,36,32
464,7.9190,stop,395.45,451.57,787,35,35
464,7.9190,stop,339.00,442.31,711,31,35
464,7.9190,stop,879.55,388.54,675,33,33
464,7.9190,stop,1116.08,252.73,715,34,30
464,7.9190,stop,1159.26,127.55,852,35,37
464,7.9190,stop,385.68,89.30,697,32,33
464,7.9190,stop,337.14,85.08,697,31,33
464,7.9190,stop,483.09,66.93,802,37,35
464,7.9190,stop,441.90,57.61,941,36,38
465,7.9350,stop,1513.39,1045.95,862,30,37
465,7.9350,stop,1626.74,576.28,700,33,33
465,7.9350,stop,1644.98,526.14,808,36,32
465,7.9350,stop,396.05,451.01,756,35,34
465,7.9350,stop,338.99,442.32,707,31,35
465,7.9350,stop,879.60,388.86,683,32,32
465,7.9350,stop,1115.99,252.71,700,34,30
465,7.9350,stop,1158.47,126.97,850,35,38
465,7.9350,stop,385.81,89.61,692,31,32
465,7.9350,stop,337.11,84.96,681,31,33
465,7.9350,stop,483.55,67.77,772,38,33
465,7.9350,stop,442.68,58.64,878,36,38
466,7.9550,stop,1514.32,1046.02,918,36,37
466,7.9550,stop,1626.93,576.38,701,33,33
466,7.9550,stop,1644.95,526.16,817,36,32
466,7.9550,stop,396.08,451.01,757,35,35
466,7.9550,stop,339.07,442.42,709,31,35
466,7.9550,stop,879.33,389.25,699,33,33
466,7.9550,stop,1115.97,252.54,695,34,30
466,7.9550,stop,1157.60,126.57,834,35,38
466,7.9550,stop,385.80,89.53,690,32,33
466,7.9550,stop,337.15,84.98,684,31,33
466,7.9550,stop,483.65,67.78,759,37,32
466,7.9550,stop,441.90,57.53,934,36,38
467,7.9710,stop,1514.40,1046.11,908,36,37
467,7.9710,stop,1626.84,576.29,689,33,33
467,7.9710,stop,1645.02,526.05,813,36,33
467,7.9710,stop,396.22,451.11,747,35,35
467,7.9710,stop,339.03,442.42,714,31,35
467,7.9710,stop,879.29,389.52,700,33,33
467,7.9710,stop,1116.00,252.50,697,34,30
467,7.9710,stop,1157.00,125.78,838,34,38
467,7.9710,stop,385.78,89.52,694,31,33
467,7.9710,stop,337.20,85.03,694,31,33
467,7.9710,stop,483.52,67.91,754,37,32
467,7.9710,stop,441.71,57.45,939,37,38
468,7.9870,stop,1513.39,1045.86,860,31,37
468,7.9870,stop,1626.75,576.29,699,32,33
468,7.9870,stop,1644.93,526.06,806,36,32
468,7.9870,stop,396.16,451.12,756,35,35
468,7.9870,stop,338.95,442.33,713,31,35
468,7.9870,stop,879.04,389.67,697,33,34
468,7.9870,stop,1116.21,252.49,696,34,30
468,7.9870,stop,1156.35,125.00,826,35,38
468,7.9870,stop,385.80,89.45,697,32,32
468,7.9870,stop,337.30,84.96,701,31,33
468,7.9870,stop,483.02,66.87,808,37,35
468,7.9870,stop,441.93,57.49,933,36,38
469,8.0030,s150,1514.37,1046.14,911,36,37
469,8.0030,s150,1626.89,576.27,700,32,33
469,8.0030,s150,1644.87,526.15,807,36,32
469,8.0030,s150,396.11,450.92,755,35,36
469,8.0030,s150,339.03,442.41,708,31,35
469,8.0030,s150,878.80,389.85,705,33,34
469,8.0030,s150,1116.32,252.78,706,35,29
469,8.0030,s150,1155.60,124.54,818,34,38
469,8.0030,s150,385.82,89.47,691,31,32
469,8.0030,s150,337.26,84.95,693,31,33
469,8.0030,s150,483.03,66.92,812,36,35
469,8.0030,s150,442.59,58.62,875,36,37
470,8.0190,s150,1513.53,1045.98,854,30,37
470,8.0190,s150,1626.79,576.36,707,33,33
470,8.0190,s150,1644.96,526.08,815,36,34
470,8.0190,s150,396.18,451.03,749,35,34
470,8.0190,s150,338.90,442.38,715,31,35
470,8.0190,s150,878.75,390.11,700,32,33
470,8.0190,s150,1116.39,252.98,719,35,30
470,8.0190,s150,1155.48,124.62,783,34,38
470,8.0190,s150,385.72,89.51,679,31,32
470,8.0190,s150,337.23,85.06,691,31,33
470,8.0190,s150,483.01,66.89,816,37,35
470,8.0190,s150,442.65,58.55,875,37,37
471,8.0350,s150,1514.30,1046.03,909,36,37
471,8.0350,s150,1626.80,576.29,703,33,33
471,8.0350,s150,1644.99,526.10,812,36,33
471,8.0350,s150,396.20,451.05,747,35,35
471,8.0350,s150,339.08,442.30,705,31,35
471,8.0350,s150,878.61,390.26,713,33,33
471,8.0350,s150,1116.52,253.50,729,35,30
471,8.0350,s150,1154.81,124.53,769,34,36
471,8.0350,s150,385.80,89.33,691,29,33
471,8.0350,s150,337.17,85.04,689,31,33
471,8.0350,s150,483.11,66.94,810,36,35
471,8.0350,s150,441.76,57.62,934,37,38
472,8.0550,s150,1513.38,1045.92,864,31,37
472,8.0550,s150,1626.92,576.41,707,33,33
472,8.0550,s150,1644.99,526.18,815,36,32
472,8.0550,s150,396.09,451.04,742,35,35
472,8.0550,s150,339.10,442.49,713,31,35
472,8.0550,s150,878.57,390.28,709,33,33
472,8.0550,s150,1116.55,254.17,742,35,32
472,8.0550,s150,1154.75,123.51,768,34,38
472,8.0550,s150,385.76,89.50,699,31,33
472,8.0550,s150,337.14,84.98,683,31,33
472,8.0550,s150,483.84,67.82,759,37,32
472,8.0550,s150,441.79,57.40,937,37,38
473,8.0710,s150,1513.50,1045.98,861,30,38
473,8.0710,s150,1626.82,576.35,703,33,33
473,8.0710,s150,1644.93,526.08,811,36,32
473,8.0710,s150,396.11,451.10,746,35,35
473,8.0710,s150,339.12,442.39,712,31,35
473,8.0710,s150,878.45,390.40,714,33,33
473,8.0710,s150,1116.73,254.82,748,34,32
473,8.0710,s150,1154.39,122.93,755,34,37
473,8.0710,s150,385.81,89.38,687,31,33
473,8.0710,s150,337.02,85.14,683,31,33
473,8.0710,s150,483.16,66.98,816,37,35
473,8.0710,s150,442.54,58.60,877,38,38
474,8.0870,s150,1513.44,1045.90,864,31,37
474,8.0870,s150,1626.76,576.32,707,33,33
474,8.0870,s150,1644.94,526.13,823,36,33
474,8.0870,s150,396.30,451.06,740,35,35
474,8.0870,s150,339.01,442.44,711,31,35
474,8.0870,s150,878.38,390.21,715,33,33
474,8.0870,s150,1116.47,255.67,741,34,32
474,8.0870,s150,1154.07,122.47,756,34,37
474,8.0870,s150,385.88,89.41,698,31,32
474,8.0870,s150,337.16,85.04,702,31,33
474,8.0870,s150,483.04,66.91,823,37,35
474,8.0870,s150,442.63,58.50,879,36,38
475,8.1030,s150,1513.38,1045.97,865,31,37
475,8.1030,s150,1626.74,576.36,704,32,33
475,8.1030,s150,1644.94,525.98,814,36,33
475,8.1030,s150,396.05,450.94,758,35,34
475,8.1030,s150,339.02,442.38,714,31,35
475,8.1030,s150,878.71,390.66,684,33,33
475,8.1030,s150,1116.75,255.50,774,35,32
475,8.1030,s150,1153.76,122.46,739,33,36
475,8.1030,s150,385.82,89.37,700,32,33
475,8.1030,s150,337.20,84.98,688,31,33
475,8.1030,s150,483.02,66.89,809,36,35
475,8.1030,s150,441.85,57.54,933,37,37
476,8.1190,s150,1513.47,1045.98,869,30,37
476,8.1190,s150,1626.84,576.30,698,32,33
476,8.1190,s150,1645.01,526.12,810,36,32
476,8.1190,s150,396.11,450.95,751,35,34
476,8.1190,s150,338.98,442.34,710,31,35
476,8.1190,s150,878.09,389.97,707,33,34
476,8.1190,s150,1116.50,256.34,764,35,33
476,8.1190,s150,1153.48,122.33,741,34,36
476,8.1190,s150,385.74,89.47,690,31,32
476,8.1190,s150,337.18,84.88,692,31,33
476,8.1190,s150,483.19,66.97,814,37,35
476,8.1190,s150,442.61,58.45,874,36,38
477,8.1350,s150,1513.51,1046.21,871,31,37
477,8.1350,s150,1626.75,576.33,702,32,33
477,8.1350,s150,1644.94,526.09,810,36,33
477,8.1350,s150,396.10,451.05,747,35,34
477,8.1350,s150,339.09,442.39,716,31,35
477,8.1350,s150,878.76,390.09,686,33,34
477,8.1350,s150,1116.99,256.55,775,35,33
477,8.1350,s150,1153.58,121.65,736,34,36
477,8.1350,s150,385.74,89.48,690,31,32
477,8.1350,s150,337.09,85.02,691,31,33
477,8.1350,s150,483.70,67.91,763,37,32
477,8.1350,s150,441.78,57.53,937,37,37
478,8.1550,s150,1513.35,1045.99,857,30,37
478,8.1550,s150,1626.87,576.42,704,33,33
478,8.1550,s150,1645.02,526.08,807,36,32
478,8.1550,s150,396.09,451.09,749,35,34
478,8.1550,s150,339.01,442.36,712,31,35
478,8.1550,s150,878.18,389.30,705,33,33
478,8.1550,s150,1117.14,257.02,791,35,33
478,8.1550,s150,1153.80,121.08,729,34,35
478,8.1550,s150,385.84,89.39,693,31,32
478,8.1550,s150,337.12,84.99,687,31,33
478,8.1550,s150,483.52,67.06,784,35,35
478,8.1550,s150,441.79,57.59,940,37,37
479,8.1717,s150,1514.32,1046.05,915,35,38
479,8.1717,s150,1626.74,576.35,701,32,33
479,8.1717,s150,1644.79,526.15,814,36,33
479,8.1717,s150,396.08,451.03,746,35,34
479,8.1717,s150,339.09,442.43,707,31,35
479,8.1717,s150,878.10,388.97,699,33,33
479,8.1717,s150,1116.79,257.78,774,35,33
479,8.1717,s150,1153.91,120.89,738,34,36
479,8.1717,s150,385.87,89.54,695,31,33
479,8.1717,s150,337.20,84.98,692,31,33
479,8.1717,s150,483.12,67.02,816,37,35
479,8.1717,s150,442.58,58.61,875,37,38
480,8.1871,s150,1513.44,1046.01,858,30,37
480,8.1871,s150,1626.81,576.34,701,32,33
480,8.1871,s150,1644.99,526.09,818,36,32
480,8.1871,s150,396.10,451.01,756,35,36
480,8.1871,s150,339.06,442.38,710,31,35
480,8.1871,s150,878.21,388.76,707,33,33
480,8.1871,s150,1116.94,258.22,771,35,33
480,8.1871,s150,1154.11,120.79,737,34,35
480,8.1871,s150,385.89,89.49,687,31,32
480,8.1871,s150,337.23,85.04,690,31,33
480,8.1871,s150,483.67,67.89,760,38,32
480,8.1871,s150,441.80,57.50,939,37,38
481,8.2031,s150,1514.39,1046.04,920,36,37
481,8.2031,s150,1626.89,576.42,703,33,33
481,8.2031,s150,1644.93,526.13,818,36,32
481,8.2031,s150,396.15,450.93,748,35,34
481,8.2031,s150,339.02,442.34,711,31,35
481,8.2031,s150,878.14,388.53,702,33,33
481,8.2031,s150,1117.48,258.34,804,35,34
481,8.2031,s150,1154.42,120.93,745,34,35
481,8.2031,s150,385.81,89.43,691,32,34
481,8.2031,s150,337.12,84.96,689,31,33
481,8.2031,s150,483.12,67.06,808,38,35
481,8.2031,s150,441.86,57.61,932,36,38
482,8.2190,s150,1514.45,1046.12,910,36,37
482,8.2190,s150,1626.78,576.26,705,33,33
482,8.2190,s150,1644.88,526.16,812,36,32
482,8.2190,s150,396.15,450.99,746,35,35
482,8.2190,s150,338.94,442.34,715,31,35
482,8.2190,s150,878.85,388.88,663,33,33
482,8.2190,s150,1117.61,259.00,807,35,34
482,8.2190,s150,1154.86,121.33,747,35,34
482,8.2190,s150,385.79,89.53,693,31,33
482,8.2190,s150,337.16,85.00,703,31,33
482,8.2190,s150,483.12,66.94,812,38,35
482,8.2190,s150,441.79,57.55,936,36,37
483,8.2391,s150,1514.43,1046.01,911,36,37
483,8.2391,s150,1626.76,576.31,700,33,33
483,8.2391,s150,1644.94,526.18,828,36,33
483,8.2391,s150,396.02,450.99,757,35,35
483,8.2391,s150,339.01,442.24,709,31,35
483,8.2391,s150,878.89,388.95,660,33,33
483,8.2391,s150,1117.28,259.86,790,35,34
483,8.2391,s150,1155.23,121.68,753,34,36
483,8.2391,s150,385.77,89.39,695,31,32
483,8.2391,s150,337.19,84.87,691,30,33
483,8.2391,s150,483.06,66.88,818,36,35
483,8.2391,s150,442.59,58.62,883,36,39
484,8.2553,s150,1514.45,1046.20,916,36,37
484,8.2553,s150,1626.75,576.37,700,33,33
484,8.2553,s150,1645.08,526.10,813,36,32
484,8.2553,s150,396.15,451.08,745,35,34
484,8.2553,s150,338.99,442.40,717,31,35
484,8.2553,s150,879.04,389.21,662,33,33
484,8.2553,s150,1117.27,260.32,794,34,35
484,8.2553,s150,1155.70,122.06,768,35,35
484,8.2553,s150,385.85,89.47,692,30,34
484,8.2553,s150,337.18,85.03,682,30,33
484,8.2553,s150,483.59,67.13,792,34,35
484,8.2553,s150,441.93,57.64,928,36,37
485,8.2710,s150,1513.44,1046.00,858,30,37
485,8.2710,s150,1626.75,576.35,704,33,33
485,8.2710,s150,1644.90,526.10,816,36,32
485,8.2710,s150,396.13,450.99,746,35,35
485,8.2710,s150,338.92,442.39,712,31,35
485,8.2710,s150,878.66,388.83,695,33,32
485,8.2710,s150,1117.86,260.10,849,34,35
485,8.2710,s150,1156.20,122.61,770,35,36
485,8.2710,s150,385.85,89.49,696,31,32
485,8.2710,s150,337.15,85.00,691,30,33
485,8.2710,s150,483.04,67.02,816,37,35
485,8.2710,s150,442.65,58.61,866,36,38
486,8.2871,s150,1514.37,1046.12,911,36,37
486,8.2871,s150,1626.74,576.33,708,33,33
486,8.2871,s150,1644.92,526.15,819,36,33
486,8.2871,s150,395.44,451.67,790,35,34
486,8.2871,s150,338.95,442.34,711,31,35
486,8.2871,s150,878.80,389.07,699,34,33
486,8.2871,s150,1117.85,260.26,849,34,35
486,8.2871,s150,1155.92,122.45,799,35,36
486,8.2871,s150,385.75,89.49,694,33,32
486,8.2871,s150,337.11,85.04,686,31,33
486,8.2871,s150,483.13,66.95,807,38,35
486,8.2871,s150,442.71,58.55,880,37,38
487,8.3031,s150,1514.32,1046.15,917,36,37
487,8.3031,s150,1626.84,576.39,707,33,33
487,8.3031,s150,1644.91,526.20,810,36,32
487,8.3031,s150,396.04,451.01,747,35,34
487,8.3031,s150,339.01,442.41,708,31,35
487,8.3031,s150,878.80,389.26,697,33,33
487,8.3031,s150,1117.80,260.23,848,34,35
487,8.3031,s150,1156.57,122.84,814,34,35
487,8.3031,s150,385.76,89.54,690,31,32
487,8.3031,s150,337.41,85.04,681,31,33
487,8.3031,s150,483.18,66.96,817,37,35
487,8.3031,s150,441.82,57.51,939,36,38
488,8.3191,s150,1513.38,1045.96,866,30,37
488,8.3191,s150,1626.85,576.33,706,33,33
488,8.3191,s150,1644.93,526.14,818,36,34
488,8.3191,s150,396.08,450.97,757,35,35
488,8.3191,s150,338.94,442.33,717,31,35
488,8.3191,s150,879.14,389.58,696,33,33
488,8.3191,s150,1117.81,260.07,844,35,35
488,8.3191,s150,1157.04,123.04,833,36,36
488,8.3191,s150,385.79,89.33,695,32,32
488,8.3191,s150,337.12,85.02,685,31,33
488,8.3191,s150,483.23,66.95,809,37,35
488,8.3191,s150,442.67,58.75,868,36,36
489,8.3391,s150,1514.32,1046.24,909,36,37
489,8.3391,s150,1626.90,576.34,702,33,33
489,8.3391,s150,1644.92,526.14,810,36,33
489,8.3391,s150,396.20,451.01,739,35,34
489,8.3391,s150,339.05,442.37,711,31,35
489,8.3391,s150,879.25,389.71,700,33,33
489,8.3391,s150,1117.40,260.19,796,34,35
489,8.3391,s150,1157.55,123.17,823,35,35
489,8.3391,s150,385.87,89.53,697,31,32
489,8.3391,s150,337.10,84.98,699,31,33
489,8.3391,s150,483.21,67.00,808,37,35
489,8.3391,s150,441.91,57.56,935,37,37
490,8.3550,s150,1513.41,1045.97,868,30,37
490,8.3550,s150,1626.77,576.28,707,32,33
490,8.3550,s150,1644.90,526.12,816,36,33
490,8.3550,s150,396.14,450.94,750,35,34
490,8.3550,s150,338.98,442.39,711,31,35
490,8.3550,s150,879.41,389.81,698,33,34
490,8.3550,s150,1117.23,259.85,791,34,34
490,8.3550,s150,1158.00,123.51,829,34,36
490,8.3550,s150,385.80,89.38,696,33,32
490,8.3550,s150,337.21,84.89,686,30,33
490,8.3550,s150,483.03,66.89,812,37,35
490,8.3550,s150,442.53,58.65,872,37,38
491,8.3711,s150,1513.46,1045.95,866,31,37
491,8.3711,s150,1626.82,576.42,701,33,33
491,8.3711,s150,1644.97,526.04,821,36,33
491,8.3711,s150,396.12,450.98,752,35,35
491,8.3711,s150,339.09,442.42,714,31,35
491,8.3711,s150,879.42,389.91,699,33,34
491,8.3711,s150,1117.68,258.94,811,35,34
491,8.3711,s150,1158.50,123.93,826,35,35
491,8.3711,s150,385.82,89.44,693,32,32
491,8.3711,s150,337.18,85.07,691,31,33
491,8.3711,s150,483.64,67.10,795,34,35
491,8.3711,s150,442.56,58.60,875,38,38
492,8.3870,s150,1514.36,1046.16,911,36,37
492,8.3870,s150,1626.95,576.43,698,33,33
492,8.3870,s150,1644.88,526.13,814,36,32
492,8.3870,s150,396.22,451.09,742,35,34
492,8.3870,s150,338.97,442.28,714,31,35
492,8.3870,s150,880.10,390.35,662,33,34
492,8.3870,s150,1117.17,258.91,775,35,34
492,8.3870,s150,1159.10,124.14,818,35,35
492,8.3870,s150,385.72,89.46,693,31,32
492,8.3870,s150,337.12,85.07,682,31,33
492,8.3870,s150,483.73,67.86,760,38,32
492,8.3870,s150,442.51,58.64,881,37,38
493,8.4031,s150,1513.49,1045.99,861,30,37
493,8.4031,s150,1626.97,576.49,706,33,33
493,8.4031,s150,1644.93,526.05,818,36,33
493,8.4031,s150,396.16,450.94,750,35,34
493,8.4031,s150,338.91,442.31,717,31,35
493,8.4031,s150,879.82,389.71,692,32,34
493,8.4031,s150,1117.45,258.09,799,35,35
493,8.4031,s150,1159.54,124.45,816,35,36
493,8.4031,s150,385.76,89.33,693,32,32
493,8.4031,s150,337.06,84.93,691,31,33
493,8.4031,s150,483.07,67.05,805,38,35
493,8.4031,s150,441.94,57.62,938,36,38
494,8.4190,s150,1513.58,1045.95,864,31,37
494,8.4190,s150,1626.95,576.36,701,33,33
494,8.4190,s150,1644.83,525.97,816,36,33
494,8.4190,s150,396.21,451.07,738,35,34
494,8.4190,s150,338.97,442.35,706,31,35
494,8.4190,s150,879.78,389.55,700,33,34
494,8.4190,s150,1117.44,257.75,819,35,34
494,8.4190,s150,1159.92,124.89,812,34,36
494,8.4190,s150,385.71,89.40,688,31,33
494,8.4190,s150,337.25,84.90,697,31,33
494,8.4190,s150,483.05,66.93,815,37,35
494,8.4190,s150,442.52,58.65,870,36,37
495,8.4391,s150,1514.36,1046.10,902,36,37
495,8.4391,s150,1626.74,576.33,702,32,33
495,8.4391,s150,1645.01,526.09,815,36,33
495,8.4391,s150,396.20,451.06,749,35,35
495,8.4391,s150,339.00,442.33,711,31,35
495,8.4391,s150,879.88,389.42,685,32,33
495,8.4391,s150,1117.21,257.54,795,35,34
495,8.4391,s150,1160.29,125.08,808,33,37
495,8.4391,s150,385.80,89.51,698,31,33
495,8.4391,s150,337.12,85.03,690,31,33
495,8.4391,s150,483.00,66.89,810,37,35
495,8.4391,s150,442.58,58.60,878,37,38
496,8.4551,s150,1513.49,1046.08,860,31,37
496,8.4551,s150,1626.85,576.40,701,33,33
496,8.4551,s150,1644.92,526.13,822,36,33
496,8.4551,s150,396.04,450.94,745,35,34
496,8.4551,s150,338.96,442.34,707,31,35
496,8.4551,s150,880.01,389.22,676,32,33
496,8.4551,s150,1116.73,257.20,763,35,33
496,8.4551,s150,1160.50,125.39,818,33,37
496,8.4551,s150,385.76,89.54,694,31,32
496,8.4551,s150,337.17,84.89,692,30,33
496,8.4551,s150,483.26,66.99,792,37,35
496,8.4551,s150,441.80,57.38,942,38,38
497,8.4711,s150,1514.33,1046.15,914,37,37
497,8.4711,s150,1626.91,576.41,704,33,33
497,8.4711,s150,1644.95,526.07,819,36,33
497,8.4711,s150,396.11,450.97,755,35,35
497,8.4711,s150,339.06,442.35,715,31,35
497,8.4711,s150,880.09,388.99,675,32,33
497,8.4711,s150,1116.97,257.11,783,35,33
497,8.4711,s150,1161.10,126.43,787,33,36
497,8.4711,s150,385.67,89.42,690,31,32
497,8.4711,s150,337.16,85.21,685,32,33
497,8.4711,s150,483.16,66.88,815,37,35
497,8.4711,s150,441.85,57.54,933,37,38
498,8.4870,s150,1513.52,1046.06,864,31,37
498,8.4870,s150,1626.82,576.28,700,33,33
498,8.4870,s150,1644.99,526.15,816,36,32
498,8.4870,s150,396.10,450.97,751,35,34
498,8.4870,s150,339.04,442.34,714,31,35
498,8.4870,s150,880.12,388.82,669,32,32
498,8.4870,s150,1116.56,256.63,743,35,31
498,8.4870,s150,1160.76,126.41,824,32,36
498,8.4870,s150,385.75,89.49,693,32,33
498,8.4870,s150,337.24,84.99,693,31,33
498,8.4870,s150,483.07,66.89,805,37,35
498,8.4870,s150,441.76,57.61,935,37,37
499,8.5030,s150,1514.33,1046.13,900,36,37
499,8.5030,s150,1626.90,576.38,701,32,33
499,8.5030,s150,1645.06,526.14,820,36,32
499,8.5030,s150,396.27,450.99,745,35,34
499,8.5030,s150,339.06,442.44,711,31,35
499,8.5030,s150,880.80,389.05,640,32,33
499,8.5030,s150,1116.45,256.66,729,34,30
499,8.5030,s150,1160.58,126.87,827,32,37
499,8.5030,s150,385.83,89.59,695,32,32
499,8.5030,s150,337.08,84.93,697,31,33
499,8.5030,s150,484.16,68.06,741,34,32
499,8.5030,s150,442.74,58.68,869,36,37
500,8.5190,s150,1514.35,1046.13,914,37,37
500,8.5190,s150,1626.88,576.28,699,33,33
500,8.5190,s150,1644.92,526.01,811,36,33
500,8.5190,s150,396.07,451.07,754,35,34
500,8.5190,s150,339.07,442.33,709,31,35
500,8.5190,s150,880.16,388.44,666,32,33
500,8.5190,s150,1116.56,255.80,770,34,33
500,8.5190,s150,1160.65,127.30,827,32,37
500,8.5190,s150,385.72,89.43,692,32,33
500,8.5190,s150,337.16,85.01,688,31,33
500,8.5190,s150,482.95,66.93,811,37,35
500,8.5190,s150,442.55,58.64,872,37,37
501,8.5390,s150,1513.50,1045.95,855,31,37
501,8.5390,s150,1626.72,576.30,703,32,33
501,8.5390,s150,1645.05,526.03,815,36,33
501,8.5390,s150,396.15,450.97,738,35,35
501,8.5390,s150,339.03,442.39,707,31,35
501,8.5390,s150,880.13,388.40,672,32,33
501,8.5390,s150,1116.59,256.21,733,34,31
501,8.5390,s150,1160.27,127.79,845,33,37
501,8.5390,s150,385.80,89.55,703,31,34
501,8.5390,s150,337.14,85.03,684,32,33
501,8.5390,s150,483.51,67.81,766,37,32
501,8.5390,s150,441.92,57.49,932,37,38
502,8.5550,s150,1514.47,1046.14,916,36,37
502,8.5550,s150,1626.87,576.41,706,33,33
502,8.5550,s150,1644.97,526.03,806,36,32
502,8.5550,s150,396.18,450.96,745,35,35
502,8.5550,s150,339.01,442.36,719,31,35
502,8.5550,s150,880.09,388.63,668,32,33
502,8.5550,s150,1116.50,256.11,714,34,33
502,8.5550,s150,1160.20,128.03,846,33,38
502,8.5550,s150,385.67,89.56,691,31,33
502,8.5550,s150,337.21,85.05,699,31,33
502,8.5550,s150,482.88,66.96,807,37,35
502,8.5550,s150,441.88,57.64,935,36,38
503,8.5711,s150,1513.37,1046.01,868,31,37
503,8.5711,s150,1626.89,576.36,697,33,33
503,8.5711,s150,1644.92,526.15,814,36,32
503,8.5711,s150,396.17,451.01,749,35,34
503,8.5711,s150,338.87,442.39,709,31,35
503,8.5711,s150,879.95,388.74,672,32,32
503,8.5711,s150,1115.84,255.33,740,34,32
503,8.5711,s150,1159.86,127.58,864,33,39
503,8.5711,s150,385.88,89.44,696,31,32
503,8.5711,s150,337.24,84.94,688,31,33
503,8.5711,s150,482.92,66.77,808,36,35
503,8.5711,s150,441.89,57.63,932,36,38
504,8.5870,s150,1513.45,1046.07,865,31,37
504,8.5870,s150,1626.73,576.40,706,33,33
504,8.5870,s150,1644.93,526.12,811,36,32
504,8.5870,s150,396.23,450.97,745,35,34
504,8.5870,s150,339.05,442.40,719,31,35
504,8.5870,s150,879.84,389.06,687,32,33
504,8.5870,s150,1115.96,255.10,733,33,32
504,8.5870,s150,1159.54,127.42,888,33,39
504,8.5870,s150,385.67,89.44,693,31,32
504,8.5870,s150,337.15,84.91,679,31,33
504,8.5870,s150,483.07,66.93,816,37,35
504,8.5870,s150,442.61,58.44,875,37,38
505,8.6116,s150,1513.52,1046.02,850,31,37
505,8.6116,s150,1626.82,576.41,697,33,34
505,8.6116,s150,1644.84,526.05,815,36,33
505,8.6116,s150,396.15,451.05,741,35,34
505,8.6116,s150,338.98,442.41,717,31,35
505,8.6116,s150,879.75,389.26,684,32,33
505,8.6116,s150,1115.79,254.94,737,32,31
505,8.6116,s150,1159.11,127.16,895,32,40
505,8.6116,s150,385.79,89.52,697,32,33
505,8.6116,s150,337.15,85.02,682,31,33
505,8.6116,s150,484.14,68.00,739,34,32
505,8.6116,s150,441.94,57.50,945,38,37
506,8.6225,s150,1513.49,1046.01,864,31,37
506,8.6225,s150,1626.65,576.36,704,33,33
506,8.6225,s150,1644.96,526.09,815,36,33
506,8.6225,s150,396.16,450.97,754,35,35
506,8.6225,s150,339.03,442.33,711,31,35
506,8.6225,s150,879.60,389.43,695,34,33
506,8.6225,s150,1115.59,254.76,756,33,32
506,8.6225,s150,1159.00,126.83,884,34,39
506,8.6225,s150,385.90,89.48,691,30,32
506,8.6225,s150,337.15,85.00,683,31,33
506,8.6225,s150,483.17,67.00,810,38,35
506,8.6225,s150,441.84,57.65,934,36,37
507,8.6390,s150,1514.33,1046.11,910,36,37
507,8.6390,s150,1626.75,576.35,703,33,33
507,8.6390,s150,1644.84,526.07,816,36,32
507,8.6390,s150,396.18,451.12,736,35,34
507,8.6390,s150,338.96,442.36,710,31,35
507,8.6390,s150,879.63,389.68,710,34,33
507,8.6390,s150,1115.44,254.49,767,33,33
507,8.6390,s150,1158.65,126.59,895,35,39
507,8.6390,s150,385.90,89.58,695,31,32
507,8.6390,s150,337.18,84.91,690,31,33
507,8.6390,s150,483.23,67.05,810,37,35
507,8.6390,s150,441.80,57.58,944,37,38
508,8.6550,s150,1514.38,1046.12,908,36,37
508,8.6550,s150,1626.83,576.36,702,32,33
508,8.6550,s150,1644.86,526.13,807,36,32
508,8.6550,s150,396.22,450.95,750,35,34
508,8.6550,s150,338.96,442.37,711,31,35
508,8.6550,s150,879.50,389.65,714,34,33
508,8.6550,s150,1115.33,254.08,764,34,34
508,8.6550,s150,1158.15,126.36,910,35,39
508,8.6550,s150,385.85,89.60,695,32,32
508,8.6550,s150,337.17,85.03,690,31,33
508,8.6550,s150,484.24,67.97,740,34,32
508,8.6550,s150,442.68,58.53,871,37,38
509,8.6710,s150,1514.35,1046.11,909,36,37
509,8.6710,s150,1626.76,576.32,700,33,33
509,8.6710,s150,1644.99,526.16,817,36,32
509,8.6710,s150,396.17,450.97,748,35,34
509,8.6710,s150,338.94,442.36,711,31,35
509,8.6710,s150,879.70,389.68,711,33,33
509,8.6710,s150,1115.07,253.93,796,34,34
509,8.6710,s150,1158.50,126.36,884,34,39
509,8.6710,s150,385.65,89.53,691,32,32
509,8.6710,s150,337.21,85.06,697,31,33
509,8.6710,s150,483.56,67.09,790,33,35
509,8.6710,s150,441.80,57.55,937,37,38
510,8.6870,s150,1513.54,1046.00,865,31,37
510,8.6870,s150,1626.82,576.40,706,33,33
510,8.6870,s150,1644.91,526.10,818,36,33
510,8.6870,s150,396.14,451.08,749,35,34
510,8.6870,s150,339.08,442.34,712,31,35
510,8.6870,s150,879.60,389.43,720,33,32
510,8.6870,s150,1114.08,254.32,760,34,35
510,8.6870,s150,1158.53,126.15,871,34,37
510,8.6870,s150,385.62,89.47,688,31,33
510,8.6870,s150,337.24,84.96,692,30,33
510,8.6870,s150,484.04,67.92,745,33,32
510,8.6870,s150,441.80,57.60,930,36,38
511,8.7031,s150,1513.40,1045.95,859,30,37
511,8.7031,s150,1626.79,576.32,703,33,33
511,8.7031,s150,1644.96,526.08,811,36,32
511,8.7031,s150,396.12,451.01,754,35,35
511,8.7031,s150,338.97,442.31,710,31,35
511,8.7031,s150,879.26,389.49,758,33,32
511,8.7031,s150,1114.45,253.57,812,33,35
511,8.7031,s150,1158.12,126.06,847,35,35
511,8.7031,s150,385.71,89.50,696,31,33
511,8.7031,s150,337.13,85.04,686,31,33
511,8.7031,s150,483.66,67.04,798,34,35
511,8.7031,s150,442.54,58.68,867,36,37
512,8.7190,s150,1513.41,1045.97,868,31,37
512,8.7190,s150,1626.86,576.31,694,33,33
512,8.7190,s150,1645.04,526.04,806,36,32
512,8.7190,s150,396.17,451.01,742,35,34
512,8.7190,s150,339.01,442.36,713,31,35
512,8.7190,s150,879.18,389.34,757,32,32
512,8.7190,s150,1114.12,253.45,797,33,35
512,8.7190,s150,1157.81,125.43,829,34,36
512,8.7190,s150,385.85,89.59,693,32,32
512,8.7190,s150,337.20,84.98,684,31,33
512,8.7190,s150,483.53,67.75,752,37,32
512,8.7190,s150,442.62,58.58,877,37,37
513,8.7390,s150,1513.51,1046.10,868,30,37
513,8.7390,s150,1626.85,576.31,702,32,33
513,8.7390,s150,1644.99,526.16,813,36,32
513,8.7390,s150,396.11,450.84,745,35,35
513,8.7390,s150,338.97,442.37,709,31,35
513,8.7390,s150,878.78,389.00,773,33,33
513,8.7390,s150,1114.01,253.25,774,32,35
513,8.7390,s150,1157.72,125.25,796,34,35
513,8.7390,s150,385.82,89.33,699,31,32
513,8.7390,s150,337.12,84.99,690,31,33
513,8.7390,s150,483.63,67.88,756,36,32
513,8.7390,s150,442.59,58.58,880,37,38
514,8.7550,s150,1513.32,1045.82,862,30,37
514,8.7550,s150,1626.80,576.29,703,33,33
514,8.7550,s150,1644.94,526.10,817,36,33
514,8.7550,s150,396.26,451.02,744,35,35
514,8.7550,s150,339.05,442.32,710,31,35
514,8.7550,s150,878.03,389.17,749,34,34
514,8.7550,s150,1113.94,252.99,762,33,36
514,8.7550,s150,1158.08,124.91,774,35,35
514,8.7550,s150,385.85,89.49,689,31,33
514,8.7550,s150,337.18,84.96,685,31,33
514,8.7550,s150,483.50,67.08,789,35,35
514,8.7550,s150,442.52,58.59,871,37,37
515,8.7710,s150,1513.59,1045.94,870,31,37
515,8.7710,s150,1626.82,576.40,704,33,33
515,8.7710,s150,1644.90,526.11,809,36,33
515,8.7710,s150,396.06,450.99,750,35,35
515,8.7710,s150,339.04,442.36,712,31,35
515,8.7710,s150,878.18,388.62,786,34,34
515,8.7710,s150,1113.25,252.56,772,32,36
515,8.7710,s150,1157.96,124.59,741,34,34
515,8.7710,s150,385.80,89.39,698,31,33
515,8.7710,s150,337.35,84.85,691,30,33
515,8.7710,s150,483.18,66.93,813,36,35
515,8.7710,s150,441.91,57.65,930,36,38
516,8.7871,s150,1513.54,1046.01,869,31,37
516,8.7871,s150,1626.85,576.33,702,32,33
516,8.7871,s150,1644.88,526.08,810,36,33
516,8.7871,s150,396.17,451.14,745,35,35
516,8.7871,s150,339.00,442.23,716,31,35
516,8.7871,s150,877.83,389.22,756,33,32
516,8.7871,s150,1112.82,252.02,769,32,36
516,8.7871,s150,1158.38,123.73,708,34,33
516,8.7871,s150,385.66,89.50,691,32,34
516,8.7871,s150,337.20,84.99,686,31,33
516,8.7871,s150,483.26,67.03,802,37,35
516,8.7871,s150,442.66,58.61,870,36,37
517,8.8030,s150,1513.43,1045.98,865,31,38
517,8.8030,s150,1626.87,576.37,697,32,33
517,8.8030,s150,1645.03,526.04,818,36,33
517,8.8030,s150,396.14,450.93,752,35,34
517,8.8030,s150,339.10,442.34,707,31,35
517,8.8030,s150,877.84,388.78,787,33,32
517,8.8030,s150,1112.21,251.33,734,32,35
517,8.8030,s150,1156.47,123.67,606,31,32
517,8.8030,s150,385.76,89.46,693,32,32
517,8.8030,s150,337.20,85.04,691,31,33
517,8.8030,s150,483.66,67.91,752,37,32
517,8.8030,s150,442.59,58.68,873,37,38
518,8.8190,s150,1513.59,1046.07,859,31,37
518,8.8190,s150,1626.82,576.27,701,33,33
518,8.8190,s150,1644.90,526.10,806,36,32
518,8.8190,s150,396.10,451.24,750,35,36
518,8.8190,s150,339.02,442.44,712,31,35
518,8.8190,s150,877.30,388.78,797,34,34
518,8.8190,s150,1111.72,250.25,752,32,36
518,8.8190,s150,1156.41,122.98,560,30,31
518,8.8190,s150,385.89,89.37,694,32,32
518,8.8190,s150,337.19,85.01,686,31,33
518,8.8190,s150,483.61,67.11,789,34,35
518,8.8190,s150,442.66,58.55,869,36,38
519,8.8390,s150,1514.40,1046.11,909,36,37
519,8.8390,s150,1626.84,576.34,698,32,33
519,8.8390,s150,1645.04,526.15,808,36,32
519,8.8390,s150,396.08,451.05,748,35,34
519,8.8390,s150,339.09,442.49,710,31,35
519,8.8390,s150,876.99,389.17,788,34,34
519,8.8390,s150,1110.97,249.22,721,32,35
519,8.8390,s150,1156.04,122.91,535,29,30
519,8.8390,s150,385.82,89.47,696,31,32
519,8.8390,s150,337.12,85.01,691,30,33
519,8.8390,s150,483.68,67.09,789,33,35
519,8.8390,s150,441.83,57.52,937,37,38
520,8.8551,s150,1514.41,1046.18,916,36,37
520,8.8551,s150,1626.82,576.29,701,32,33
520,8.8551,s150,1644.92,526.18,808,36,32
520,8.8551,s150,396.19,451.01,754,35,34
520,8.8551,s150,339.01,442.36,718,31,35
520,8.8551,s150,877.08,390.41,761,35,35
520,8.8551,s150,1110.19,248.38,727,31,35
520,8.8551,s150,1156.41,122.99,567,33,30
520,8.8551,s150,385.62,89.47,690,31,32
520,8.8551,s150,337.31,85.05,691,31,33
520,8.8551,s150,483.15,66.81,802,37,35
520,8.8551,s150,441.90,57.67,931,37,37
521,8.8711,s150,1513.54,1045.92,859,30,37
521,8.8711,s150,1626.80,576.44,704,32,33
521,8.8711,s150,1644.99,526.12,823,36,33
521,8.8711,s150,396.07,450.98,752,35,34
521,8.8711,s150,338.97,442.37,710,31,35
521,8.8711,s150,876.41,390.37,724,35,35
521,8.8711,s150,1108.93,247.00,735,31,35
521,8.8711,s150,1155.16,122.82,514,28,29
521,8.8711,s150,385.77,89.52,691,31,32
521,8.8711,s150,337.17,84.90,686,31,33
521,8.8711,s150,483.18,67.03,809,37,35
521,8.8711,s150,442.51,58.59,878,37,38
522,8.8870,s150,1513.46,1045.93,863,30,37
522,8.8870,s150,1626.92,576.42,703,32,33
522,8.8870,s150,1644.88,526.14,815,36,33
522,8.8870,s150,396.02,451.10,745,35,34
522,8.8870,s150,339.01,442.33,713,31,35
522,8.8870,s150,876.23,390.85,774,34,35
522,8.8870,s150,1107.89,245.84,725,31,36
522,8.8870,s150,1154.50,122.81,490,28,28
522,8.8870,s150,385.79,89.52,696,32,33
522,8.8870,s150,337.21,84.93,696,30,33
522,8.8870,s150,483.01,66.92,806,37,35
522,8.8870,s150,442.58,58.68,879,38,37
523,8.9031,s150,1513.33,1045.92,857,30,37
523,8.9031,s150,1626.64,576.29,703,32,33
523,8.9031,s150,1644.90,526.10,817,36,32
523,8.9031,s150,395.46,451.61,791,35,35
523,8.9031,s150,339.03,442.45,717,31,35
523,8.9031,s150,876.53,391.62,724,33,34
523,8.9031,s150,1106.89,244.47,704,31,35
523,8.9031,s150,1154.96,123.24,497,32,27
523,8.9031,s150,385.80,89.39,692,31,32
523,8.9031,s150,337.09,85.01,681,32,33
523,8.9031,s150,483.09,66.99,811,37,35
523,8.9031,s150,442.57,58.58,874,37,38
524,8.9231,s150,1514.40,1046.04,905,36,37
524,8.9231,s150,1626.80,576.37,705,33,33
524,8.9231,s150,1644.83,526.12,808,36,32
524,8.9231,s150,396.15,450.98,755,35,35
524,8.9231,s150,338.96,442.35,713,31,35
524,8.9231,s150,875.80,391.35,743,33,34
524,8.9231,s150,1105.55,243.09,699,31,35
524,8.9231,s150,1154.59,123.76,452,29,24
524,8.9231,s150,385.61,89.52,691,31,33
524,8.9231,s150,337.23,85.00,687,31,33
524,8.9231,s150,483.40,66.95,791,34,35
524,8.9231,s150,442.54,58.59,868,37,38
525,8.9390,s150,1513.51,1046.01,870,31,37
525,8.9390,s150,1626.78,576.37,704,33,33
525,8.9390,s150,1645.03,526.18,813,36,33
525,8.9390,s150,396.14,451.12,748,35,36
525,8.9390,s150,339.06,442.34,707,31,35
525,8.9390,s150,876.30,391.77,677,32,34
525,8.9390,s150,1103.75,241.37,699,31,35
525,8.9390,s150,1152.35,123.77,376,24,24
525,8.9390,s150,385.71,89.49,692,32,32
525,8.9390,s150,337.26,84.93,679,30,33
525,8.9390,s150,483.77,67.88,762,38,32
525,8.9390,s150,442.63,58.63,878,36,39
526,8.9551,s150,1514.30,1046.12,916,36,37
526,8.9551,s150,1626.82,576.40,702,33,33
526,8.9551,s150,1644.95,526.10,803,36,32
526,8.9551,s150,396.16,451.06,743,35,34
526,8.9551,s150,338.98,442.31,717,31,35
526,8.9551,s150,876.50,391.61,656,32,34
526,8.9551,s150,1102.31,239.22,688,31,35
526,8.9551,s150,1151.95,124.42,367,24,24
526,8.9551,s150,385.79,89.40,689,32,32
526,8.9551,s150,337.11,85.02,691,31,33
526,8.9551,s150,484.17,68.05,735,33,32
526,8.9551,s150,442.59,58.64,864,37,38
527,8.9710,s150,1514.43,1046.04,907,36,38
527,8.9710,s150,1626.80,576.40,705,33,33
527,8.9710,s150,1644.84,526.15,817,36,34
527,8.9710,s150,396.06,450.95,755,35,34
527,8.9710,s150,338.96,442.35,714,31,35
527,8.9710,s150,876.87,391.27,645,31,33
527,8.9710,s150,1100.64,237.45,678,31,35
527,8.9710,s150,1151.71,126.66,357,24,25
527,8.9710,s150,385.74,89.58,687,31,32
527,8.9710,s150,337.31,84.98,689,30,33
527,8.9710,s150,483.53,67.76,759,36,32
527,8.9710,s150,442.54,58.51,878,37,38
528,8.9871,s150,1514.40,1046.11,906,36,37
528,8.9871,s150,1626.89,576.32,703,33,34
528,8.9871,s150,1644.99,526.10,808,36,32
528,8.9871,s150,396.06,451.00,750,35,34
528,8.9871,s150,339.09,442.41,712,31,35
528,8.9871,s150,877.48,390.79,642,30,33
528,8.9871,s150,1098.23,235.94,640,28,35
528,8.9871,s150,1152.16,127.39,370,30,22
528,8.9871,s150,385.76,89.48,695,32,33
528,8.9871,s150,337.17,84.93,687,31,33
528,8.9871,s150,483.05,66.89,805,37,35
528,8.9871,s150,442.53,58.56,884,37,38
529,9.0031,stop,1514.22,1046.12,909,36,37
529,9.0031,stop,1626.98,576.39,705,32,33
529,9.0031,stop,1644.89,526.16,810,36,32
529,9.0031,stop,396.11,451.03,747,35,35
529,9.0031,stop,339.09,442.34,709,31,35
529,9.0031,stop,877.81,390.38,659,30,33
529,9.0031,stop,1096.15,233.94,647,29,35
529,9.0031,stop,1151.15,128.30,355,29,21
529,9.0031,stop,385.86,89.53,698,32,32
529,9.0031,stop,337.10,85.01,689,31,33
529,9.0031,stop,483.59,67.76,753,37,32
529,9.0031,stop,441.81,57.57,929,37,38
530,9.0230,stop,1514.32,1046.23,921,36,37
530,9.0230,stop,1626.86,576.27,702,33,33
530,9.0230,stop,1644.97,526.03,811,36,32
530,9.0230,stop,396.18,451.04,745,35,34
530,9.0230,stop,338.96,442.49,706,31,35
530,9.0230,stop,878.44,389.86,634,29,33
530,9.0230,stop,1093.95,231.71,653,29,35
530,9.0230,stop,1149.08,129.31,331,25,21
530,9.0230,stop,385.79,89.59,690,31,32
530,9.0230,stop,337.25,85.04,690,31,33
530,9.0230,stop,483.14,66.90,807,36,35
530,9.0230,stop,441.78,57.53,937,37,38
531,9.0391,stop,1514.34,1046.16,917,36,37
531,9.0391,stop,1626.75,576.33,700,33,33
531,9.0391,stop,1644.93,526.16,809,36,32
531,9.0391,stop,396.02,451.10,744,35,34
531,9.0391,stop,339.07,442.35,710,31,35
531,9.0391,stop,879.29,389.33,624,27,33
531,9.0391,stop,1091.47,229.54,635,28,35
531,9.0391,stop,1148.60,131.35,369,30,22
531,9.0391,stop,385.71,89.34,690,31,32
531,9.0391,stop,337.10,85.15,686,31,33
531,9.0391,stop,482.95,66.96,814,38,35
531,9.0391,stop,441.79,57.56,936,37,37
532,9.0550,stop,1514.43,1046.24,920,36,37
532,9.0550,stop,1626.86,576.36,698,32,33
532,9.0550,stop,1645.01,526.12,816,36,33
532,9.0550,stop,396.14,451.03,753,35,35
532,9.0550,stop,338.99,442.36,709,31,35
532,9.0550,stop,880.27,388.68,632,28,32
532,9.0550,stop,1089.19,227.11,627,28,35
532,9.0550,stop,1147.58,133.60,376,29,21
532,9.0550,stop,385.80,89.47,695,33,33
532,9.0550,stop,337.24,84.90,688,31,33
532,9.0550,stop,483.59,67.74,758,37,33
532,9.0550,stop,441.85,57.66,926,37,37
533,9.0711,stop,1514.44,1046.13,910,36,38
533,9.0711,stop,1626.85,576.38,704,32,33
533,9.0711,stop,1644.96,526.07,801,36,32
533,9.0711,stop,396.21,450.93,749,35,36
533,9.0711,stop,338.96,442.29,712,31,35
533,9.0711,stop,881.24,387.49,614,28,31
533,9.0711,stop,1086.42,224.38,629,28,34
533,9.0711,stop,1146.43,136.46,391,29,21
533,9.0711,stop,385.72,89.43,702,32,33
533,9.0711,stop,337.26,85.01,692,31,33
533,9.0711,stop,483.16,67.00,805,36,35
533,9.0711,stop,442.62,58.57,876,36,39
534,9.0870,stop,1513.51,1046.08,868,30,37
534,9.0870,stop,1626.81,576.35,701,32,33
534,9.0870,stop,1644.94,526.10,805,36,32
534,9.0870,stop,396.22,451.04,734,35,34
534,9.0870,stop,339.08,442.37,707,31,35
534,9.0870,stop,882.50,386.21,628,28,31
534,9.0870,stop,1085.05,220.53,634,31,34
534,9.0870,stop,1143.49,139.19,339,24,21
534,9.0870,stop,385.76,89.48,698,31,33
534,9.0870,stop,337.24,84.94,690,31,33
534,9.0870,stop,482.96,66.92,800,36,35
534,9.0870,stop,441.73,57.56,942,37,38
535,9.1030,stop,1514.37,1046.11,910,36,37
535,9.1030,stop,1626.72,576.30,699,32,33
535,9.1030,stop,1644.95,526.04,806,36,32
535,9.1030,stop,396.03,451.11,743,35,34
535,9.1030,stop,338.96,442.30,711,31,35
535,9.1030,stop,883.80,385.19,633,28,32
535,9.1030,stop,1081.43,218.26,688,31,35
535,9.1030,stop,1143.34,141.81,382,30,21
535,9.1030,stop,385.78,89.48,690,31,32
535,9.1030,stop,337.33,85.00,700,31,33
535,9.1030,stop,483.05,66.86,806,37,35
535,9.1030,stop,441.79,57.37,946,36,38
536,9.1230,stop,1513.52,1045.97,856,30,37
536,9.1230,stop,1626.83,576.38,703,33,33
536,9.1230,stop,1644.96,525.98,811,36,33
536,9.1230,stop,396.02,450.98,754,35,34
536,9.1230,stop,339.04,442.38,710,31,35
536,9.1230,stop,885.19,383.60,645,30,32
536,9.1230,stop,1078.49,215.57,697,31,34
536,9.1230,stop,1142.29,144.67,378,30,21
536,9.1230,stop,385.67,89.53,691,31,32
536,9.1230,stop,337.04,84.95,685,32,33
536,9.1230,stop,483.20,66.99,811,38,35
536,9.1230,stop,441.84,57.58,932,37,37
537,9.1391,stop,1513.36,1045.98,855,31,37
537,9.1391,stop,1626.66,576.43,708,33,33
537,9.1391,stop,1645.00,526.05,815,37,32
537,9.1391,stop,396.08,451.00,754,35,35
537,9.1391,stop,339.01,442.34,709,31,35
537,9.1391,stop,886.56,381.78,656,30,32
537,9.1391,stop,1075.44,213.32,688,31,35
537,9.1391,stop,1139.36,148.04,349,22,24
537,9.1391,stop,385.79,89.43,688,31,33
537,9.1391,stop,337.27,84.80,702,31,33
537,9.1391,stop,483.86,67.99,754,38,33
537,9.1391,stop,441.80,57.67,931,37,38
538,9.1551,stop,1514.39,1046.12,902,36,37
538,9.1551,stop,1626.80,576.35,704,33,33
538,9.1551,stop,1644.98,526.11,818,36,32
538,9.1551,stop,396.25,451.09,749,35,35
538,9.1551,stop,338.94,442.34,717,31,35
538,9.1551,stop,888.10,380.37,669,30,34
538,9.1551,stop,1071.55,210.71,650,28,35
538,9.1551,stop,1139.51,151.44,428,30,24
538,9.1551,stop,385.84,89.42,696,32,32
538,9.1551,stop,337.08,85.09,696,31,33
538,9.1551,stop,483.48,67.00,787,33,35
538,9.1551,stop,442.50,58.58,869,37,37
539,9.1711,stop,1513.36,1045.99,864,30,37
539,9.1711,stop,1626.85,576.37,701,32,33
539,9.1711,stop,1644.87,526.10,813,36,32
539,9.1711,stop,396.12,451.10,759,35,34
539,9.1711,stop,339.10,442.44,711,31,35
539,9.1711,stop,889.88,378.12,667,31,32
539,9.1711,stop,1068.10,207.66,643,28,34
539,9.1711,stop,1137.11,153.98,358,23,22
539,9.1711,stop,385.78,89.47,694,31,33
539,9.1711,stop,337.13,84.96,692,31,33
539,9.1711,stop,483.25,66.94,810,37,35
539,9.1711,stop,442.62,58.67,871,37,36
540,9.1871,stop,1513.44,1045.97,859,31,37
540,9.1871,stop,1626.82,576.36,704,33,33
540,9.1871,stop,1644.88,526.10,808,36,32
540,9.1871,stop,396.10,451.05,755,35,35
540,9.1871,stop,338.97,442.38,712,31,35
540,9.1871,stop,890.44,376.17,746,33,36
540,9.1871,stop,1064.74,204.74,616,28,34
540,9.1871,stop,1137.85,157.26,441,29,23
540,9.1871,stop,385.85,89.47,688,30,33
540,9.1871,stop,337.14,85.08,691,32,33
540,9.1871,stop,483.68,67.86,756,37,32
540,9.1871,stop,441.89,57.61,930,37,38
541,9.2031,stop,1514.34,1046.16,917,36,38
541,9.2031,stop,1626.78,576.34,703,32,33
541,9.2031,stop,1644.98,526.12,812,36,33
541,9.2031,stop,396.24,451.16,741,35,34
541,9.2031,stop,338.96,442.45,712,31,35
541,9.2031,stop,892.41,373.75,756,34,34
541,9.2031,stop,1061.96,200.31,636,31,35
541,9.2031,stop,1136.77,160.75,465,30,25
541,9.2031,stop,385.86,89.43,687,32,32
541,9.2031,stop,337.21,85.04,694,31,33
541,9.2031,stop,483.07,66.94,818,37,35
541,9.2031,stop,441.87,57.64,932,38,37
542,9.2231,stop,1513.46,1045.98,865,31,37
542,9.2231,stop,1626.91,576.43,701,33,33
542,9.2231,stop,1645.00,526.07,804,36,33
542,9.2231,stop,396.18,451.08,744,35,35
542,9.2231,stop,339.01,442.34,712,31,35
542,9.2231,stop,893.99,371.29,749,33,33
542,9.2231,stop,1058.79,196.16,603,30,35
542,9.2231,stop,1134.02,164.46,460,30,24
542,9.2231,stop,385.73,89.43,696,31,33
542,9.2231,stop,337.12,85.07,680,31,32
542,9.2231,stop,483.73,67.74,758,37,32
542,9.2231,stop,442.62,58.54,872,37,38
543,9.2391,stop,1514.51,1046.16,906,35,37
543,9.2391,stop,1626.77,576.33,703,32,33
543,9.2391,stop,1644.94,526.08,812,36,32
543,9.2391,stop,395.39,451.63,803,35,36
543,9.2391,stop,339.00,442.43,714,31,35
543,9.2391,stop,897.05,368.67,676,30,32
543,9.2391,stop,1055.03,192.57,605,30,34
543,9.2391,stop,1132.23,168.69,464,31,25
543,9.2391,stop,385.87,89.49,690,32,33
543,9.2391,stop,337.27,84.97,706,31,33
543,9.2391,stop,483.06,66.86,825,38,35
543,9.2391,stop,442.65,58.64,866,36,37
544,9.2550,stop,1513.58,1046.02,860,30,38
544,9.2550,stop,1626.80,576.38,703,32,33
544,9.2550,stop,1645.09,526.08,819,36,33
544,9.2550,stop,396.16,451.01,752,35,35
544,9.2550,stop,339.01,442.34,719,31,35
544,9.2550,stop,898.52,365.53,645,30,33
544,9.2550,stop,1050.16,189.52,574,28,34
544,9.2550,stop,1129.22,172.33,412,23,25
544,9.2550,stop,385.80,89.49,692,31,32
544,9.2550,stop,337.11,85.12,685,31,33
544,9.2550,stop,483.19,66.93,814,37,35
544,9.2550,stop,441.82,57.55,948,37,37
545,9.2711,stop,1514.47,1046.22,912,36,37
545,9.2711,stop,1626.87,576.35,699,32,33
545,9.2711,stop,1644.95,526.07,810,36,33
545,9.2711,stop,395.55,451.56,792,35,35
545,9.2711,stop,339.03,442.41,708,31,35
545,9.2711,stop,899.52,362.50,722,33,33
545,9.2711,stop,1045.89,186.42,617,27,34
545,9.2711,stop,1127.73,177.21,401,23,26
545,9.2711,stop,385.74,89.46,685,31,32
545,9.2711,stop,337.16,84.99,693,31,33
545,9.2711,stop,484.07,68.08,734,33,32
545,9.2711,stop,442.55,58.66,870,37,37
546,9.2871,stop,1514.47,1046.17,906,36,37
546,9.2871,stop,1626.75,576.34,707,32,33
546,9.2871,stop,1644.98,526.06,817,36,34
546,9.2871,stop,395.42,451.62,793,35,35
546,9.2871,stop,338.95,442.37,716,31,35
546,9.2871,stop,901.74,360.14,761,33,33
546,9.2871,stop,1126.43,180.52,389,23,24
546,9.2871,stop,1041.87,182.50,601,27,35
546,9.2871,stop,385.78,89.41,692,30,33
546,9.2871,stop,337.25,84.92,693,30,33
546,9.2871,stop,483.63,67.81,753,36,32
546,9.2871,stop,441.87,57.60,936,36,37
547,9.3031,stop,1513.47,1045.98,854,30,37
547,9.3031,stop,1626.82,576.39,698,32,33
547,9.3031,stop,1645.03,526.14,813,36,32
547,9.3031,stop,396.11,450.97,752,35,34
547,9.3031,stop,338.97,442.35,715,31,35
547,9.3031,stop,903.81,357.21,757,33,33
547,9.3031,stop,1124.42,185.09,391,23,26
547,9.3031,stop,1038.05,177.71,558,27,33
547,9.3031,stop,385.85,89.59,695,31,33
547,9.3031,stop,337.24,85.10,688,31,33
547,9.3031,stop,483.07,66.88,809,37,35
547,9.3031,stop,442.58,58.52,870,37,38
548,9.3231,stop,1514.35,1046.10,911,36,37
548,9.3231,stop,1626.82,576.38,695,33,33
548,9.3231,stop,1644.94,526.09,821,36,32
548,9.3231,stop,395.41,451.56,792,35,35
548,9.3231,stop,338.98,442.44,708,31,35
548,9.3231,stop,905.84,354.30,737,33,33
548,9.3231,stop,1122.46,189.49,392,24,25
548,9.3231,stop,1033.84,173.65,559,28,33
548,9.3231,stop,385.76,89.44,693,31,32
548,9.3231,stop,337.29,84.90,693,31,33
548,9.3231,stop,483.59,67.78,754,37,32
548,9.3231,stop,441.83,57.77,932,37,37
549,9.3391,stop,1513.43,1046.02,856,30,37
549,9.3391,stop,1626.78,576.25,693,32,33
549,9.3391,stop,1645.04,526.13,815,36,33
549,9.3391,stop,396.19,451.03,752,35,35
549,9.3391,stop,338.97,442.26,714,31,35
549,9.3391,stop,908.77,351.42,659,29,32
549,9.3391,stop,1121.35,195.65,360,22,23
549,9.3391,stop,1029.48,169.23,567,28,35
549,9.3391,stop,385.85,89.50,692,31,32
549,9.3391,stop,337.01,85.07,682,31,33
549,9.3391,stop,483.65,67.07,786,34,35
549,9.3391,stop,442.58,58.51,868,37,38
550,9.3551,stop,1513.52,1046.00,869,30,38
550,9.3551,stop,1626.80,576.32,697,32,33
550,9.3551,stop,1644.93,526.00,824,36,33
550,9.3551,stop,396.16,451.04,746,35,35
550,9.3551,stop,339.01,442.47,714,31,35
550,9.3551,stop,911.23,347.42,659,30,33
550,9.3551,stop,1118.98,200.78,359,22,24
550,9.3551,stop,1026.00,164.74,601,31,33
550,9.3551,stop,385.71,89.48,687,32,33
550,9.3551,stop,337.20,84.97,689,31,33
550,9.3551,stop,482.99,66.95,803,37,35
550,9.3551,stop,441.75,57.48,934,36,38
551,9.3711,stop,1514.35,1046.11,913,36,37
551,9.3711,stop,1626.78,576.38,703,33,33
551,9.3711,stop,1645.02,526.15,810,36,32
551,9.3711,stop,396.06,451.05,747,35,34
551,9.3711,stop,339.01,442.35,716,31,35
551,9.3711,stop,913.83,343.61,670,29,32
551,9.3711,stop,1116.95,206.34,365,22,24
551,9.3711,stop,1021.29,160.41,605,30,34
551,9.3711,stop,385.85,89.46,685,31,32
551,9.3711,stop,337.26,84.92,694,31,33
551,9.3711,stop,483.12,66.93,811,37,35
551,9.3711,stop,442.54,58.59,877,37,38
552,9.3871,stop,1513.46,1045.92,861,30,37
552,9.3871,stop,1626.81,576.40,704,33,33
552,9.3871,stop,1644.85,526.02,810,36,32
552,9.3871,stop,396.18,451.05,746,35,36
552,9.3871,stop,339.05,442.41,718,31,35
552,9.3871,stop,915.81,340.09,668,29,33
552,9.3871,stop,1114.41,211.25,387,25,24
552,9.3871,stop,1016.02,156.13,555,27,34
552,9.3871,stop,385.76,89.32,694,31,33
552,9.3871,stop,337.22,84.92,698,31,33
552,9.3871,stop,482.96,66.83,814,37,35
552,9.3871,stop,442.51,58.63,879,37,38
553,9.4031,stop,1513.55,1046.09,855,30,37
553,9.4031,stop,1626.85,576.38,698,32,33
553,9.4031,stop,1644.97,526.03,812,36,32
553,9.4031,stop,396.13,450.96,742,35,35
553,9.4031,stop,339.03,442.38,712,31,35
553,9.4031,stop,918.20,336.39,653,30,32
553,9.4031,stop,1111.79,217.09,419,24,30
553,9.4031,stop,1011.13,151.41,543,26,34
553,9.4031,stop,385.65,89.48,683,30,32
553,9.4031,stop,337.18,84.99,694,31,33
553,9.4031,stop,483.61,67.11,786,33,35
553,9.4031,stop,441.83,57.63,926,38,37
554,9.4231,stop,1513.49,1045.96,853,30,37
554,9.4231,stop,1626.88,576.33,695,32,33
554,9.4231,stop,1644.94,526.06,817,36,33
554,9.4231,stop,396.10,451.06,757,35,35
554,9.4231,stop,339.01,442.32,708,31,35
554,9.4231,stop,920.94,332.40,651,29,33
554,9.4231,stop,1109.21,222.47,400,25,29
554,9.4231,stop,1006.83,145.90,596,31,35
554,9.4231,stop,385.91,89.47,699,30,32
554,9.4231,stop,337.21,84.90,690,31,33
554,9.4231,stop,483.19,67.02,810,37,35
554,9.4231,stop,442.61,58.64,865,38,38
555,9.4391,stop,1514.50,1046.16,909,36,37
555,9.4391,stop,1626.87,576.35,692,33,33
555,9.4391,stop,1644.98,526.09,807,36,33
555,9.4391,stop,396.16,451.04,748,35,35
555,9.4391,stop,339.00,442.42,713,31,35
555,9.4391,stop,923.35,328.53,660,29,33
555,9.4391,stop,1105.80,227.10,418,24,28
555,9.4391,stop,1001.21,141.48,562,27,34
555,9.4391,stop,385.69,89.52,688,31,32
555,9.4391,stop,337.19,84.92,689,31,33
555,9.4391,stop,483.54,67.82,758,38,32
555,9.4391,stop,442.53,58.49,869,37,38
556,9.4551,stop,1513.50,1046.00,868,31,37
556,9.4551,stop,1626.88,576.33,699,33,33
556,9.4551,stop,1645.03,526.09,816,36,33
556,9.4551,stop,396.14,451.07,748,35,36
556,9.4551,stop,339.09,442.32,711,31,35
556,9.4551,stop,926.10,324.17,668,30,33
556,9.4551,stop,1103.76,233.49,417,26,25
556,9.4551,stop,996.97,135.84,615,30,34
556,9.4551,stop,385.87,89.36,686,30,33
556,9.4551,stop,337.31,84.86,683,30,33
556,9.4551,stop,483.16,66.87,814,37,35
556,9.4551,stop,441.80,57.54,933,37,38
557,9.4711,stop,1513.49,1045.94,868,30,37
557,9.4711,stop,1626.77,576.31,700,33,33
557,9.4711,stop,1644.98,526.09,814,36,32
557,9.4711,stop,396.20,451.05,737,35,36
557,9.4711,stop,339.02,442.30,712,31,35
557,9.4711,stop,929.08,319.60,625,28,32
557,9.4711,stop,1100.46,238.81,501,26,33
557,9.4711,stop,991.20,131.19,568,27,35
557,9.4711,stop,385.73,89.36,699,31,32
557,9.4711,stop,337.04,85.08,685,31,33
557,9.4711,stop,483.22,66.98,809,37,35
557,9.4711,stop,441.72,57.51,932,36,38
558,9.4871,stop,1513.48,1046.07,856,31,37
558,9.4871,stop,1626.95,576.40,698,32,33
558,9.4871,stop,1644.99,526.10,810,36,33
558,9.4871,stop,396.08,451.00,746,35,34
558,9.4871,stop,338.98,442.27,707,31,35
558,9.4871,stop,931.38,314.77,672,32,33
558,9.4871,stop,1097.98,244.10,443,25,25
558,9.4871,stop,986.08,125.94,575,27,33
558,9.4871,stop,385.83,89.51,700,31,33
558,9.4871,stop,337.21,85.08,685,31,33
558,9.4871,stop,483.62,67.82,757,37,32
558,9.4871,stop,442.55,58.63,879,37,39
559,9.5031,stop,1514.50,1046.10,905,36,37
559,9.5031,stop,1626.83,576.36,703,33,33
559,9.5031,stop,1644.99,526.18,814,37,32
559,9.5031,stop,396.11,451.00,755,35,34
559,9.5031,stop,338.97,442.37,711,31,35
559,9.5031,stop,935.11,310.63,615,28,32
559,9.5031,stop,1093.70,250.69,453,24,28
559,9.5031,stop,981.00,120.62,569,27,36
559,9.5031,stop,385.73,89.52,683,31,33
559,9.5031,stop,337.15,85.03,687,32,33
559,9.5031,stop,483.13,66.96,809,36,35
559,9.5031,stop,442.60,58.70,874,37,37
560,9.5231,stop,1513.52,1045.93,856,31,37
560,9.5231,stop,1626.80,576.34,705,33,33
560,9.5231,stop,1644.90,526.07,812,36,33
560,9.5231,stop,396.20,450.95,745,35,34
560,9.5231,stop,338.95,442.42,709,31,35
560,9.5231,stop,938.46,305.93,625,28,32
560,9.5231,stop,1091.46,259.10,421,24,30
560,9.5231,stop,976.28,113.83,618,30,37
560,9.5231,stop,385.78,89.51,695,31,32
560,9.5231,stop,337.16,84.97,693,32,33
560,9.5231,stop,483.49,67.01,785,35,35
560,9.5231,stop,442.61,58.61,866,36,37
561,9.5391,stop,1513.54,1046.03,861,31,38
561,9.5391,stop,1626.74,576.39,702,32,33
561,9.5391,stop,1644.99,526.00,802,36,32
561,9.5391,stop,396.13,451.11,748,35,35
561,9.5391,stop,339.03,442.32,706,31,35
561,9.5391,stop,941.05,301.38,592,26,32
561,9.5391,stop,1087.27,263.43,437,25,28
561,9.5391,stop,970.34,108.44,687,31,36
561,9.5391,stop,385.92,89.48,692,31,32
561,9.5391,stop,337.21,84.91,687,30,33
561,9.5391,stop,483.16,67.00,811,37,35
561,9.5391,stop,442.69,58.59,869,36,38
562,9.5556,stop,1514.37,1046.11,911,36,37
562,9.5556,stop,1626.87,576.34,706,32,33
562,9.5556,stop,1644.99,526.06,802,36,33
562,9.5556,stop,396.13,451.00,748,35,35
562,9.5556,stop,339.05,442.37,709,31,35
562,9.5556,stop,944.88,296.43,623,28,32
562,9.5556,stop,1085.38,271.28,439,23,32
562,9.5556,stop,965.09,101.94,667,30,34
562,9.5556,stop,385.77,89.45,696,31,33
562,9.5556,stop,337.18,85.05,685,31,33
562,9.5556,stop,483.23,66.86,806,37,35
562,9.5556,stop,441.80,57.54,947,37,38
563,9.5711,stop,1514.48,1046.12,910,36,37
563,9.5711,stop,1626.77,576.26,696,33,33
563,9.5711,stop,1644.89,526.10,815,36,33
563,9.5711,stop,396.18,451.05,748,35,34
563,9.5711,stop,338.97,442.35,710,31,35
563,9.5711,stop,948.20,291.38,654,28,33
563,9.5711,stop,1080.84,279.32,419,22,30
563,9.5711,stop,959.50,95.80,675,29,36
563,9.5711,stop,385.67,89.40,695,31,33
563,9.5711,stop,337.21,84.87,697,31,33
563,9.5711,stop,483.57,67.06,791,34,35
563,9.5711,stop,441.77,57.49,936,38,38
564,9.5871,stop,1513.55,1046.00,865,30,37
564,9.5871,stop,1626.85,576.46,698,33,33
564,9.5871,stop,1644.89,526.14,808,36,32
564,9.5871,stop,396.11,451.16,745,35,34
564,9.5871,stop,339.03,442.43,708,31,35
564,9.5871,stop,1077.32,286.13,406,23,29
564,9.5871,stop,951.52,286.16,644,28,33
564,9.5871,stop,952.95,90.05,726,31,37
564,9.5871,stop,385.65,89.61,685,31,34
564,9.5871,stop,337.09,85.09,685,31,33
564,9.5871,stop,483.12,67.05,819,38,35
564,9.5871,stop,442.67,58.73,868,36,37
565,9.6031,stop,1514.26,1046.00,911,36,37
565,9.6031,stop,1626.87,576.35,697,32,33
565,9.6031,stop,1644.87,526.12,813,36,32
565,9.6031,stop,396.18,451.14,740,35,35
565,9.6031,stop,339.05,442.42,715,31,35
565,9.6031,stop,1073.49,292.96,413,23,31
565,9.6031,stop,955.06,280.82,663,28,35
565,9.6031,stop,385.90,89.36,693,29,32
565,9.6031,stop,337.17,85.02,682,31,33
565,9.6031,stop,946.47,83.63,746,30,37
565,9.6031,stop,483.57,67.88,762,37,32
565,9.6031,stop,441.87,57.63,931,36,37
566,9.6231,stop,1513.43,1046.01,861,30,37
566,9.6231,stop,1626.88,576.34,696,33,33
566,9.6231,stop,1644.97,526.06,811,36,32
566,9.6231,stop,396.15,451.00,749,35,34
566,9.6231,stop,339.03,442.30,707,31,35
566,9.6231,stop,1069.47,300.11,417,22,30
566,9.6231,stop,958.57,275.12,684,29,35
566,9.6231,stop,385.88,89.35,699,32,32
566,9.6231,stop,337.16,85.08,682,31,33
566,9.6231,stop,940.30,77.20,799,32,37
566,9.6231,stop,482.93,66.99,807,36,35
566,9.6231,stop,442.60,58.62,863,37,37
567,9.6391,stop,1513.45,1045.99,864,31,37
567,9.6391,stop,1626.81,576.32,695,33,33
567,9.6391,stop,1644.90,526.07,811,36,32
567,9.6391,stop,396.25,451.06,744,35,35
567,9.6391,stop,339.00,442.25,715,31,35
567,9.6391,stop,1066.34,308.05,450,29,30
567,9.6391,stop,962.47,269.22,654,28,33
567,9.6391,stop,385.74,89.53,696,31,32
567,9.6391,stop,337.11,84.92,694,31,33
567,9.6391,stop,934.10,70.90,865,32,39
567,9.6391,stop,483.07,67.03,805,37,35
567,9.6391,stop,442.58,58.62,867,36,38
568,9.6551,stop,1514.38,1046.15,907,36,37
568,9.6551,stop,1626.84,576.42,705,32,33
568,9.6551,stop,1644.94,526.16,811,36,33
568,9.6551,stop,396.16,451.04,737,35,34
568,9.6551,stop,339.08,442.35,711,31,35
568,9.6551,stop,1060.98,315.13,424,24,27
568,9.6551,stop,966.08,263.56,642,28,32
568,9.6551,stop,385.93,89.40,688,29,33
568,9.6551,stop,337.13,84.98,682,31,33
568,9.6551,stop,483.60,67.09,791,33,34
568,9.6551,stop,927.07,66.13,944,36,38
568,9.6551,stop,441.74,57.49,931,37,38
569,9.6711,stop,1514.43,1046.05,916,36,38
569,9.6711,stop,1626.82,576.27,699,32,33
569,9.6711,stop,1644.87,526.11,818,36,33
569,9.6711,stop,396.18,451.08,743,35,34
569,9.6711,stop,339.07,442.46,710,31,35
569,9.6711,stop,1058.07,323.17,495,30,27
569,9.6711,stop,969.76,258.13,651,28,33
569,9.6711,stop,385.65,89.45,692,31,33
569,9.6711,stop,337.20,85.10,682,31,33
569,9.6711,stop,483.03,66.96,811,36,35
569,9.6711,stop,922.15,66.92,911,34,38
569,9.6711,stop,442.62,58.77,864,36,37
570,9.6871,stop,1513.60,1046.14,873,31,37
570,9.6871,stop,1626.75,576.37,702,32,33
570,9.6871,stop,1645.06,526.13,815,36,33
570,9.6871,stop,396.13,450.93,748,35,34
570,9.6871,stop,339.01,442.31,716,31,35
570,9.6871,stop,1052.71,330.04,576,33,30
570,9.6871,stop,973.68,252.16,622,27,33
570,9.6871,stop,385.70,89.52,692,32,32
570,9.6871,stop,337.19,85.18,685,31,33
570,9.6871,stop,916.40,69.81,786,32,38
570,9.6871,stop,483.10,67.04,812,37,35
570,9.6871,stop,442.53,59.05,864,36,37
571,9.7071,stop,1513.55,1045.95,861,31,37
571,9.7071,stop,1626.91,576.31,694,33,33
571,9.7071,stop,1645.12,526.06,807,36,32
571,9.7071,stop,396.16,450.96,752,35,34
571,9.7071,stop,339.04,442.42,709,31,35
571,9.7071,stop,1048.06,337.97,597,32,31
571,9.7071,stop,977.95,245.84,616,27,33
571,9.7071,stop,385.75,89.48,688,31,32
571,9.7071,stop,337.20,85.12,692,31,33
571,9.7071,stop,910.02,71.38,612,28,33
571,9.7071,stop,483.67,67.89,761,38,33
571,9.7071,stop,442.53,58.95,879,37,39
572,9.7231,stop,1514.46,1046.07,910,35,37
572,9.7231,stop,1626.70,576.30,703,33,33
572,9.7231,stop,1645.02,526.00,808,36,32
572,9.7231,stop,396.20,450.92,743,35,35
572,9.7231,stop,339.05,442.30,719,31,35
572,9.7231,stop,1043.03,346.00,628,32,32
572,9.7231,stop,982.20,239.06,641,28,34
572,9.7231,stop,385.71,89.45,683,31,32
572,9.7231,stop,337.15,84.81,686,30,33
572,9.7231,stop,903.66,71.13,500,27,32
572,9.7231,stop,482.99,66.91,820,37,35
572,9.7231,stop,442.45,58.74,880,38,38
573,9.7391,stop,1514.52,1046.33,907,36,37
573,9.7391,stop,1626.93,576.26,693,33,33
573,9.7391,stop,1644.93,526.24,810,36,33
573,9.7391,stop,396.22,451.07,751,35,35
573,9.7391,stop,339.03,442.47,707,31,35
573,9.7391,stop,1038.21,354.53,683,32,31
573,9.7391,stop,986.06,232.88,664,28,34
573,9.7391,stop,385.77,89.69,688,32,32
573,9.7391,stop,337.11,84.99,687,31,33
573,9.7391,stop,896.86,70.97,387,20,29
573,9.7391,stop,483.56,67.12,791,34,35
573,9.7391,stop,441.72,57.78,929,37,38
574,9.7551,stop,1514.27,1046.08,901,36,37
574,9.7551,stop,1626.85,576.33,700,33,33
574,9.7551,stop,1644.98,526.09,807,36,33
574,9.7551,stop,396.01,450.92,748,35,35
574,9.7551,stop,339.09,442.35,708,31,35
574,9.7551,stop,1033.63,362.76,737,34,31
574,9.7551,stop,990.07,226.32,641,28,34
574,9.7551,stop,385.78,89.50,684,31,34
574,9.7551,stop,337.23,84.99,687,31,33
574,9.7551,stop,894.27,67.87,378,25,31
574,9.7551,stop,483.65,67.13,786,33,35
574,9.7551,stop,442.57,58.55,864,37,37
575,9.7711,stop,1514.45,1046.08,914,37,37
575,9.7711,stop,1626.74,576.36,701,33,33
575,9.7711,stop,1644.91,526.12,807,36,33
575,9.7711,stop,396.12,451.12,761,35,34
575,9.7711,stop,338.95,442.36,714,31,35
575,9.7711,stop,1027.67,370.24,704,28,33
575,9.7711,stop,994.51,219.18,628,27,33
575,9.7711,stop,385.81,89.45,692,31,32
575,9.7711,stop,337.04,84.86,689,31,33
575,9.7711,stop,890.19,66.94,289,26,31
575,9.7711,stop,484.25,68.08,738,33,32
575,9.7711,stop,441.85,57.74,936,37,37
576,9.7871,stop,1513.42,1046.00,869,31,37
576,9.7871,stop,1626.82,576.38,703,32,33
576,9.7871,stop,1644.89,526.01,810,36,32
576,9.7871,stop,396.15,451.00,749,35,35
576,9.7871,stop,338.99,442.27,714,31,35
576,9.7871,stop,1023.39,379.66,824,34,35
576,9.7871,stop,998.82,212.07,646,27,34
576,9.7871,stop,385.77,89.40,693,32,32
576,9.7871,stop,337.25,85.09,688,31,33
576,9.7871,stop,483.60,67.76,764,37,32
576,9.7871,stop,442.69,58.69,863,37,36
577,9.8466,stop,1514.41,1045.99,911,36,37
577,9.8466,stop,1626.83,576.34,701,33,33
577,9.8466,stop,1644.96,526.05,816,36,32
577,9.8466,stop,396.21,450.96,738,35,35
577,9.8466,stop,339.00,442.30,715,31,35
577,9.8466,stop,1018.40,388.10,896,35,38
577,9.8466,stop,1003.33,205.35,686,28,35
577,9.8466,stop,385.74,89.41,688,31,32
577,9.8466,stop,337.25,84.90,684,31,33
577,9.8466,stop,483.63,67.80,759,37,32
577,9.8466,stop,441.79,57.43,933,37,38
578,9.9052,stop,1513.60,1046.14,863,31,37
578,9.9052,stop,1626.81,576.37,705,33,33
578,9.9052,stop,1644.91,526.10,809,36,32
578,9.9052,stop,396.10,450.90,745,35,35
578,9.9052,stop,338.97,442.33,712,31,35
578,9.9052,stop,1013.52,396.64,932,35,37
578,9.9052,stop,1007.59,198.38,671,28,35
578,9.9052,stop,385.78,89.51,689,31,32
578,9.9052,stop,337.23,84.84,687,30,33
578,9.9052,stop,483.64,67.91,770,36,32
578,9.9052,stop,442.63,58.68,868,36,37
579,9.9637,stop,1514.30,1046.12,907,36,37
579,9.9637,stop,1626.88,576.35,702,32,33
579,9.9637,stop,1644.95,526.11,814,36,33
579,9.9637,stop,396.21,451.00,736,35,35
579,9.9637,stop,338.97,442.29,711,31,35
579,9.9637,stop,1008.47,405.46,950,36,38
579,9.9637,stop,1012.01,191.15,677,29,35
579,9.9637,stop,385.90,89.42,690,29,32
579,9.9637,stop,337.15,85.02,682,31,33
579,9.9637,stop,482.96,66.84,804,37,35
579,9.9637,stop,441.96,57.60,932,36,38
580,10.0215,stop,1513.53,1046.00,862,31,37
580,10.0215,stop,1626.81,576.47,700,33,33
580,10.0215,stop,1644.87,526.13,810,36,34
580,10.0215,stop,396.09,451.02,745,35,35
580,10.0215,stop,339.10,442.47,712,31,35
580,10.0215,stop,1003.54,413.45,944,34,39
580,10.0215,stop,1016.80,183.87,713,29,35
580,10.0215,stop,385.88,89.62,689,31,32
580,10.0215,stop,337.19,85.14,695,31,33
580,10.0215,stop,483.15,66.85,816,37,35
580,10.0215,stop,441.88,57.59,938,38,38
581,10.0799,stop,1513.41,1045.94,864,31,37
581,10.0799,stop,1626.84,576.37,707,33,33
581,10.0799,stop,1644.95,526.14,813,36,32
581,10.0799,stop,396.13,451.00,748,35,36
581,10.0799,stop,339.10,442.36,717,31,35
581,10.0799,stop,999.25,421.84,890,34,37
581,10.0799,stop,1021.70,176.43,717,30,36
581,10.0799,stop,385.81,89.44,682,30,32
581,10.0799,stop,337.16,85.08,683,31,33
581,10.0799,stop,872.68,69.11,219,20,22
581,10.0799,stop,483.60,67.13,782,35,35
581,10.0799,stop,442.62,58.52,878,37,38
582,10.0904,stop,1513.41,1045.93,862,30,37
582,10.0904,stop,1626.71,576.33,705,32,33
582,10.0904,stop,1644.93,526.02,813,36,33
582,10.0904,stop,396.16,451.02,741,35,35
582,10.0904,stop,984.80,446.48,768,33,36
582,10.0904,stop,339.07,442.21,707,31,35
582,10.0904,stop,1037.28,152.72,750,31,36
582,10.0904,stop,385.73,89.41,693,31,32
582,10.0904,stop,337.14,84.86,685,31,33
582,10.0904,stop,869.20,65.74,464,23,32
582,10.0904,stop,483.22,66.88,818,38,35
582,10.0904,stop,442.65,58.63,865,38,36
583,10.1006,stop,1513.51,1045.88,860,31,37
583,10.1006,stop,1626.74,576.26,696,32,33
583,10.1006,stop,1644.96,526.09,806,36,32
583,10.1006,stop,965.13,474.51,552,32,31
583,10.1006,stop,396.17,451.07,743,35,34
583,10.1006,stop,339.02,442.43,710,31,35
583,10.1006,stop,1057.07,120.18,840,35,36
583,10.1006,stop,385.76,89.46,689,31,33
583,10.1006,stop,337.23,84.95,683,31,33
583,10.1006,stop,865.70,68.80,757,29,36
583,10.1006,stop,483.63,67.07,790,34,35
583,10.1006,stop,442.64,58.66,871,37,37
584,10.1109,stop,1513.46,1045.99,853,31,37
584,10.1109,stop,1626.80,576.25,701,33,33
584,10.1109,stop,1644.93,526.12,805,36,32
584,10.1109,stop,951.60,493.89,496,29,29
584,10.1109,stop,396.12,450.96,744,35,34
584,10.1109,stop,339.07,442.39,706,31,35
584,10.1109,stop,1074.35,97.05,569,31,29
584,10.1109,stop,385.75,89.37,682,31,33
584,10.1109,stop,337.26,84.93,689,31,33
584,10.1109,stop,859.92,68.67,506,26,30
584,10.1109,stop,483.39,66.98,792,34,35
584,10.1109,stop,441.81,57.49,936,36,37
585,10.1211,stop,1513.41,1046.04,856,31,37
585,10.1211,stop,1626.71,576.34,703,33,33
585,10.1211,stop,1645.10,526.13,805,36,33
585,10.1211,stop,933.84,516.90,480,29,29
585,10.1211,stop,396.04,451.08,751,35,34
585,10.1211,stop,339.03,442.31,715,31,35
585,10.1211,stop,385.72,89.46,686,31,32
585,10.1211,stop,337.02,85.10,681,32,33
585,10.1211,stop,1094.42,66.72,532,33,29
585,10.1211,stop,483.15,67.04,805,37,35
585,10.1211,stop,855.76,66.82,555,25,39
585,10.1211,stop,441.81,57.63,932,37,37
586,10.1316,stop,1514.38,1046.03,911,36,37
586,10.1316,stop,1626.74,576.31,704,33,33
586,10.1316,stop,1644.98,526.00,820,36,34
586,10.1316,stop,929.20,521.47,442,29,28
586,10.1316,stop,396.02,451.01,747,35,34
586,10.1316,stop,339.02,442.26,702,31,35
586,10.1316,stop,385.80,89.38,691,31,33
586,10.1316,stop,337.24,85.01,685,30,33
586,10.1316,stop,1098.07,68.98,702,34,31
586,10.1316,stop,483.62,67.73,752,37,32
586,10.1316,stop,855.86,66.17,565,25,36
586,10.1316,stop,442.57,59.04,875,36,38
587,10.1418,stop,1513.47,1046.12,866,31,37
587,10.1418,stop,1626.74,576.39,703,32,33
587,10.1418,stop,925.48,525.66,485,30,29
587,10.1418,stop,1644.94,526.20,811,36,32
587,10.1418,stop,396.16,451.06,753,35,35
587,10.1418,stop,338.98,442.37,705,31,35
587,10.1418,stop,385.81,89.44,702,31,32
587,10.1418,stop,337.15,85.04,687,31,33
587,10.1418,stop,1101.88,71.87,803,34,36
587,10.1418,stop,483.60,67.10,798,33,35
587,10.1418,stop,856.31,65.43,562,23,35
587,10.1418,stop,442.49,59.23,873,36,38
588,10.1551,stop,1514.33,1046.16,914,36,37
588,10.1551,stop,1626.85,576.31,695,32,33
588,10.1551,stop,921.05,531.29,488,29,31
588,10.1551,stop,1644.92,526.18,809,36,32
588,10.1551,stop,396.08,451.01,742,35,34
588,10.1551,stop,339.06,442.40,706,31,35
588,10.1551,stop,385.81,89.47,681,29,32
588,10.1551,stop,337.14,84.98,680,31,33
588,10.1551,stop,1105.93,74.28,820,33,37
588,10.1551,stop,483.69,67.00,798,34,35
588,10.1551,stop,857.10,64.68,507,23,34
588,10.1551,stop,441.90,58.37,937,38,38
589,10.1711,stop,1514.39,1046.13,912,36,37
589,10.1711,stop,1626.83,576.37,707,33,33
589,10.1711,stop,916.99,535.61,516,32,31
589,10.1711,stop,1645.01,526.09,807,36,32
589,10.1711,stop,396.13,450.91,743,35,34
589,10.1711,stop,339.04,442.46,710,31,35
589,10.1711,stop,385.72,89.42,695,31,32
589,10.1711,stop,337.18,85.04,684,31,33
589,10.1711,stop,1110.18,76.22,729,31,37
589,10.1711,stop,484.26,67.94,735,34,32
589,10.1711,stop,858.30,63.89,483,24,33
589,10.1711,stop,442.68,59.22,878,38,38
590,10.1871,stop,1513.42,1046.08,864,29,37
590,10.1871,stop,1626.85,576.39,704,33,33
590,10.1871,stop,913.40,538.98,505,32,30
590,10.1871,stop,1644.90,526.22,810,36,32
590,10.1871,stop,396.15,451.04,751,35,35
590,10.1871,stop,338.98,442.45,704,31,35
590,10.1871,stop,385.92,89.53,684,31,32
590,10.1871,stop,337.08,85.05,677,31,33
590,10.1871,stop,1115.05,75.88,531,27,31
590,10.1871,stop,483.22,67.02,801,36,35
590,10.1871,stop,859.96,63.18,497,24,31
590,10.1871,stop,441.75,58.02,942,37,38
591,10.2071,stop,1514.41,1046.08,909,36,37
591,10.2071,stop,1626.84,576.26,705,33,33
591,10.2071,stop,910.28,542.60,488,28,30
591,10.2071,stop,1644.94,526.13,811,36,32
591,10.2071,stop,396.24,451.00,741,35,34
591,10.2071,stop,338.95,442.24,711,31,35
591,10.2071,stop,385.71,89.54,693,31,32
591,10.2071,stop,337.25,84.97,694,31,33
591,10.2071,stop,1118.98,77.71,466,25,29
591,10.2071,stop,483.91,67.84,757,36,32
591,10.2071,stop,862.05,63.42,541,26,31
591,10.2071,stop,442.68,58.52,877,36,38
592,10.2231,stop,1513.51,1046.03,859,31,37
592,10.2231,stop,1626.81,576.31,693,32,33
592,10.2231,stop,905.74,544.78,505,33,28
592,10.2231,stop,1644.98,526.12,804,36,32
592,10.2231,stop,395.50,451.55,790,35,34
592,10.2231,stop,339.07,442.49,703,31,35
592,10.2231,stop,385.91,89.50,686,29,32
592,10.2231,stop,337.16,85.08,679,31,33
592,10.2231,stop,1122.44,78.67,401,22,27
592,10.2231,stop,863.69,64.44,614,29,31
592,10.2231,stop,483.26,67.04,811,38,35
592,10.2231,stop,442.73,58.58,869,38,36
593,10.2391,stop,1513.45,1045.92,850,30,37
593,10.2391,stop,1626.96,576.41,705,33,33
593,10.2391,stop,901.80,548.40,519,33,29
593,10.2391,stop,1645.01,526.09,815,36,32
593,10.2391,stop,396.08,451.00,739,35,34
593,10.2391,stop,339.02,442.33,704,31,35
593,10.2391,stop,385.73,89.51,695,31,32
593,10.2391,stop,337.26,84.90,702,31,33
593,10.2391,stop,1125.14,78.78,365,20,27
593,10.2391,stop,484.19,68.05,747,34,32
593,10.2391,stop,864.78,64.86,755,33,34
593,10.2391,stop,442.67,58.44,875,38,38
594,10.2551,stop,1513.52,1045.99,867,31,37
594,10.2551,stop,1626.78,576.33,700,32,33
594,10.2551,stop,897.97,551.43,542,33,29
594,10.2551,stop,1644.89,526.01,810,36,32
594,10.2551,stop,396.09,451.03,747,35,34
594,10.2551,stop,339.11,442.40,704,31,35
594,10.2551,stop,385.64,89.46,690,32,32
594,10.2551,stop,337.16,85.16,695,32,33
594,10.2551,stop,1127.78,78.82,316,18,26
594,10.2551,stop,483.74,67.88,756,36,32
594,10.2551,stop,866.31,65.89,835,33,35
594,10.2551,stop,442.79,58.66,872,37,37
595,10.2711,stop,1514.36,1046.21,918,36,37
595,10.2711,stop,1626.73,576.32,698,32,33
595,10.2711,stop,894.77,554.40,541,32,30
595,10.2711,stop,1644.98,526.05,815,36,33
595,10.2711,stop,396.12,451.09,751,35,35
595,10.2711,stop,339.05,442.46,708,31,35
595,10.2711,stop,385.86,89.43,682,29,32
595,10.2711,stop,337.27,84.84,687,30,33
595,10.2711,stop,1129.86,78.81,318,18,27
595,10.2711,stop,484.20,68.05,741,35,32
595,10.2711,stop,868.31,66.93,871,33,36
595,10.2711,stop,442.01,57.52,929,37,37
596,10.2871,stop,1514.12,1046.00,911,36,38
596,10.2871,stop,1626.84,576.38,700,33,33
596,10.2871,stop,892.47,557.44,507,28,30
596,10.2871,stop,1644.83,526.11,812,36,33
596,10.2871,stop,396.03,451.06,749,35,34
596,10.2871,stop,339.04,442.27,707,31,35
596,10.2871,stop,385.84,89.43,694,31,32
596,10.2871,stop,337.14,84.81,697,31,33
596,10.2871,stop,1131.66,79.76,294,20,26
596,10.2871,stop,483.89,67.77,760,37,33
596,10.2871,stop,870.17,67.36,852,34,39
596,10.2871,stop,442.76,58.59,869,37,37
597,10.3071,stop,1513.48,1046.07,857,31,37
597,10.3071,stop,1626.85,576.36,698,33,33
597,10.3071,stop,888.93,560.20,503,27,32
597,10.3071,stop,1644.86,526.15,809,36,32
597,10.3071,stop,396.13,451.00,756,35,34
597,10.3071,stop,338.97,442.45,704,31,35
597,10.3071,stop,385.78,89.49,686,31,32
597,10.3071,stop,337.45,84.94,698,30,33
597,10.3071,stop,1133.18,79.36,278,18,25
597,10.3071,stop,872.27,68.14,807,33,37
597,10.3071,stop,483.67,67.13,788,33,35
597,10.3071,stop,442.04,57.55,932,37,38
598,10.3231,stop,1513.45,1046.00,864,31,37
598,10.3231,stop,1626.78,576.36,697,33,33
598,10.3231,stop,886.00,563.15,529,27,34
598,10.3231,stop,1645.01,526.06,808,36,32
598,10.3231,stop,396.20,451.13,745,35,34
598,10.3231,stop,339.11,442.35,713,31,35
598,10.3231,stop,385.83,89.54,690,31,32
598,10.3231,stop,337.29,84.99,689,30,33
598,10.3231,stop,1135.74,78.60,210,21,23
598,10.3231,stop,483.08,66.90,812,37,35
598,10.3231,stop,873.62,68.23,814,33,39
598,10.3231,stop,442.80,58.58,873,37,37
599,10.3391,stop,1513.40,1045.91,861,31,38
599,10.3391,stop,1626.79,576.35,699,33,33
599,10.3391,stop,883.14,566.20,526,27,33
599,10.3391,stop,1644.93,526.15,809,36,32
599,10.3391,stop,396.23,451.01,751,35,36
599,10.3391,stop,339.00,442.35,716,31,35
599,10.3391,stop,385.71,89.41,686,31,32
599,10.3391,stop,337.17,84.88,687,31,33
599,10.3391,stop,1135.25,80.44,281,21,28
599,10.3391,stop,483.20,66.87,811,37,35
599,10.3391,stop,874.82,68.03,819,33,39
599,10.3391,stop,442.75,58.53,871,38,37
600,10.3552,stop,1513.29,1045.98,867,31,37
600,10.3552,stop,1626.74,576.41,697,32,33
600,10.3552,stop,880.34,569.14,530,27,35
600,10.3552,stop,1644.91,526.09,807,36,32
600,10.3552,stop,396.11,450.98,742,35,34
600,10.3552,stop,339.06,442.40,715,31,35
600,10.3552,stop,385.67,89.67,683,31,32
600,10.3552,stop,337.19,85.08,679,30,33
600,10.3552,stop,1135.43,82.10,345,23,31
600,10.3552,stop,483.08,66.90,803,37,35
600,10.3552,stop,876.25,68.10,840,33,39
600,10.3552,stop,442.65,58.56,872,37,38
601,10.3711,stop,1513.46,1046.00,855,31,37
601,10.3711,stop,1626.80,576.31,710,32,33
601,10.3711,stop,878.13,570.86,506,27,31
601,10.3711,stop,1645.01,526.08,807,36,32
601,10.3711,stop,396.16,451.05,751,35,35
601,10.3711,stop,339.01,442.34,705,31,35
601,10.3711,stop,385.71,89.51,690,32,32
601,10.3711,stop,1136.44,84.82,309,25,26
601,10.3711,stop,337.25,84.85,685,30,33
601,10.3711,stop,483.13,66.91,813,36,35
601,10.3711,stop,877.11,67.57,861,33,39
601,10.3711,stop,442.68,58.59,866,37,36
602,10.3911,stop,1513.35,1046.00,861,31,37
602,10.3911,stop,1626.83,576.40,699,33,33
602,10.3911,stop,875.68,573.29,501,27,30
602,10.3911,stop,1645.04,526.08,808,36,32
602,10.3911,stop,396.14,451.02,751,35,35
602,10.3911,stop,338.99,442.35,709,31,35
602,10.3911,stop,385.67,89.51,692,31,32
602,10.3911,stop,1135.75,85.67,341,27,26
602,10.3911,stop,337.32,84.86,701,30,33
602,10.3911,stop,483.63,67.07,787,35,35
602,10.3911,stop,878.49,67.09,848,34,39
602,10.3911,stop,442.62,58.58,872,37,38
603,10.4071,stop,1514.26,1046.05,915,36,37
603,10.4071,stop,873.30,575.65,498,26,30
603,10.4071,stop,1626.82,576.42,707,32,33
603,10.4071,stop,1644.99,526.04,814,36,33
603,10.4071,stop,396.09,450.98,752,35,35
603,10.4071,stop,339.07,442.41,714,31,35
603,10.4071,stop,1134.04,87.46,378,26,25
603,10.4071,stop,385.89,89.51,685,32,32
603,10.4071,stop,337.17,84.92,693,31,33
603,10.4071,stop,483.67,67.08,798,34,35
603,10.4071,stop,879.57,66.50,834,33,37
603,10.4071,stop,441.91,57.55,927,36,38
604,10.4231,stop,1513.33,1045.94,869,31,37
604,10.4231,stop,871.59,578.05,511,27,30
604,10.4231,stop,1626.88,576.35,701,33,33
604,10.4231,stop,1644.95,526.21,808,36,32
604,10.4231,stop,396.19,451.10,740,35,34
604,10.4231,stop,338.95,442.40,709,31,35
604,10.4231,stop,1134.09,88.93,490,32,27
604,10.4231,stop,385.88,89.65,701,31,33
604,10.4231,stop,337.19,84.94,687,31,33
604,10.4231,stop,483.55,66.98,786,34,35
604,10.4231,stop,880.52,65.98,826,35,36
604,10.4231,stop,442.75,58.63,868,38,37
605,10.4391,stop,1513.52,1045.94,865,31,37
605,10.4391,stop,869.85,580.21,529,28,31
605,10.4391,stop,1626.79,576.32,696,33,33
605,10.4391,stop,1644.98,526.12,805,36,33
605,10.4391,stop,396.11,451.10,746,35,36
605,10.4391,stop,338.96,442.21,713,31,35
605,10.4391,stop,1133.20,90.51,557,32,28
605,10.4391,stop,385.75,89.53,691,31,33
605,10.4391,stop,337.31,84.90,693,31,33
605,10.4391,stop,483.19,66.92,811,37,35
605,10.4391,stop,881.51,65.88,813,33,36
605,10.4391,stop,442.62,58.62,863,37,36
606,10.4551,stop,1514.31,1046.14,915,36,37
606,10.4551,stop,867.98,582.38,528,28,31
606,10.4551,stop,1626.83,576.41,699,32,33
606,10.4551,stop,1644.90,526.10,812,36,32
606,10.4551,stop,396.23,450.99,747,35,35
606,10.4551,stop,339.11,442.34,710,31,35
606,10.4551,stop,1132.50,92.92,661,32,29
606,10.4551,stop,385.77,89.50,691,31,33
606,10.4551,stop,337.18,85.05,685,30,33
606,10.4551,stop,483.17,67.05,813,37,35
606,10.4551,stop,882.56,66.05,826,33,36
606,10.4551,stop,442.65,58.61,874,38,37
607,10.4711,stop,1514.27,1046.06,899,36,37
607,10.4711,stop,866.42,584.02,517,27,31
607,10.4711,stop,1626.87,576.35,697,33,33
607,10.4711,stop,1644.95,526.14,816,36,32
607,10.4711,stop,396.14,451.02,738,35,36
607,10.4711,stop,338.99,442.40,710,31,35
607,10.4711,stop,1130.80,95.10,790,33,33
607,10.4711,stop,385.90,89.58,676,29,32
607,10.4711,stop,337.23,84.95,684,30,33
607,10.4711,stop,483.68,67.81,768,37,32
607,10.4711,stop,883.67,66.67,821,33,36
607,10.4711,stop,442.66,58.58,869,36,37
608,10.4911,stop,1513.43,1045.90,867,31,37
608,10.4911,stop,864.91,586.07,522,28,31
608,10.4911,stop,1626.87,576.27,703,33,33
608,10.4911,stop,1644.81,526.12,809,36,33
608,10.4911,stop,396.11,451.02,749,35,35
608,10.4911,stop,338.98,442.32,714,31,35
608,10.4911,stop,1130.42,97.40,836,33,35
608,10.4911,stop,385.80,89.42,688,31,32
608,10.4911,stop,337.09,85.06,677,31,33
608,10.4911,stop,884.65,67.21,839,33,37
608,10.4911,stop,483.18,67.03,810,36,35
608,10.4911,stop,442.64,58.56,864,37,38
609,10.5072,stop,1514.40,1046.19,917,36,37
609,10.5072,stop,863.91,587.78,550,28,31
609,10.5072,stop,1626.84,576.33,701,32,33
609,10.5072,stop,1644.84,526.14,810,36,32
609,10.5072,stop,396.12,451.09,744,35,34
609,10.5072,stop,338.97,442.35,709,31,35
609,10.5072,stop,1130.33,99.52,845,33,36
609,10.5072,stop,385.76,89.49,688,32,32
609,10.5072,stop,337.30,85.15,680,30,33
609,10.5072,stop,483.62,67.86,758,37,32
609,10.5072,stop,885.45,67.56,827,33,37
609,10.5072,stop,442.69,58.60,868,37,37
610,10.5231,stop,1514.33,1046.18,908,36,37
610,10.5231,stop,863.06,589.75,601,29,31
610,10.5231,stop,1626.74,576.31,702,33,33
610,10.5231,stop,1645.02,526.05,804,36,32
610,10.5231,stop,396.09,451.13,748,35,35
610,10.5231,stop,338.98,442.32,707,31,35
610,10.5231,stop,1130.54,101.98,854,34,37
610,10.5231,stop,385.81,89.59,687,31,33
610,10.5231,stop,337.17,84.93,682,31,33
610,10.5231,stop,483.21,66.94,815,36,34
610,10.5231,stop,886.13,67.65,828,33,37
610,10.5231,stop,442.70,58.56,870,37,37
611,10.5391,stop,1514.32,1046.14,916,36,37
611,10.5391,stop,861.18,590.71,650,32,31
611,10.5391,stop,1626.82,576.32,705,32,33
611,10.5391,stop,1644.85,526.19,806,36,32
611,10.5391,stop,396.18,451.05,748,35,35
611,10.5391,stop,339.04,442.45,710,31,35
611,10.5391,stop,1130.03,103.82,880,35,37
611,10.5391,stop,385.78,89.57,693,31,33
611,10.5391,stop,337.27,84.92,682,30,33
611,10.5391,stop,886.87,67.58,818,33,37
611,10.5391,stop,483.22,66.90,804,36,35
611,10.5391,stop,442.62,58.65,862,37,37
612,10.5551,stop,1514.41,1046.18,916,36,37
612,10.5551,stop,860.47,592.48,588,31,32
612,10.5551,stop,1626.75,576.31,695,32,33
612,10.5551,stop,1644.94,526.04,802,36,33
612,10.5551,stop,396.10,451.09,752,35,34
612,10.5551,stop,338.96,442.38,708,31,35
612,10.5551,stop,1130.31,105.27,869,33,36
612,10.5551,stop,385.81,89.54,689,31,32
612,10.5551,stop,337.16,85.13,679,31,33
612,10.5551,stop,887.28,67.56,826,33,37
612,10.5551,stop,483.06,66.98,811,37,35
612,10.5551,stop,441.86,57.61,936,37,37
613,10.5711,stop,1514.35,1046.08,902,36,37
613,10.5711,stop,859.14,593.55,616,33,31
613,10.5711,stop,1626.69,576.37,702,33,33
613,10.5711,stop,1644.89,526.16,814,36,32
613,10.5711,stop,396.24,451.02,746,35,35
613,10.5711,stop,338.99,442.33,713,31,35
613,10.5711,stop,1130.33,106.58,840,33,36
613,10.5711,stop,385.80,89.42,693,31,32
613,10.5711,stop,337.15,85.02,687,31,33
613,10.5711,stop,484.10,67.95,740,33,32
613,10.5711,stop,887.71,67.29,808,33,37
613,10.5711,stop,441.91,57.60,931,37,38
614,10.5911,stop,1514.37,1046.12,909,36,37
614,10.5911,stop,858.50,594.69,633,32,31
614,10.5911,stop,1626.79,576.40,705,33,33
614,10.5911,stop,1644.84,526.13,806,36,32
614,10.5911,stop,396.09,451.17,747,35,35
614,10.5911,stop,339.04,442.33,712,31,35
614,10.5911,stop,1130.48,108.24,790,34,35
614,10.5911,stop,385.70,89.61,694,31,32
614,10.5911,stop,337.01,85.05,692,31,33
614,10.5911,stop,888.13,66.92,815,33,36
614,10.5911,stop,483.11,66.95,804,37,35
614,10.5911,stop,442.69,58.60,868,36,37
615,10.6071,stop,1513.39,1045.89,868,31,37
615,10.6071,stop,858.14,596.02,637,33,32
615,10.6071,stop,1626.80,576.37,697,32,33
615,10.6071,stop,1644.95,526.06,805,36,32
615,10.6071,stop,396.25,450.98,736,35,36
615,10.6071,stop,339.07,442.32,712,31,35
615,10.6071,stop,1130.32,109.44,755,34,34
615,10.6071,stop,385.68,89.47,688,31,32
615,10.6071,stop,337.23,84.94,696,31,33
615,10.6071,stop,888.52,66.78,806,32,36
615,10.6071,stop,483.09,66.90,808,37,35
615,10.6071,stop,442.75,58.53,871,36,38
616,10.6231,stop,1514.42,1046.06,911,36,37
616,10.6231,stop,858.23,597.79,682,33,32
616,10.6231,stop,1626.89,576.35,691,32,33
616,10.6231,stop,1645.00,526.17,809,36,32
616,10.6231,stop,396.09,450.98,748,35,34
616,10.6231,stop,339.02,442.47,708,31,35
616,10.6231,stop,1130.10,110.72,682,34,32
616,10.6231,stop,385.78,89.57,689,31,32
616,10.6231,stop,337.29,84.99,688,30,33
616,10.6231,stop,888.79,66.75,827,33,36
616,10.6231,stop,483.63,67.07,794,34,35
616,10.6231,stop,441.84,57.60,929,38,37
617,10.6391,stop,1513.48,1045.87,864,31,37
617,10.6391,stop,857.31,598.72,657,34,31
617,10.6391,stop,1626.82,576.31,698,32,33
617,10.6391,stop,1644.90,526.15,813,36,33
617,10.6391,stop,396.04,450.91,751,35,35
617,10.6391,stop,339.05,442.32,715,31,35
617,10.6391,stop,1129.61,112.14,641,33,30
617,10.6391,stop,385.87,89.55,687,30,32
617,10.6391,stop,337.23,84.94,688,31,33
617,10.6391,stop,483.74,67.78,756,37,32
617,10.6391,stop,888.24,67.28,779,33,36
617,10.6391,stop,442.68,58.57,870,38,37
618,10.6551,stop,1514.34,1046.12,909,36,37
618,10.6551,stop,856.87,599.86,656,33,32
618,10.6551,stop,1626.85,576.37,691,33,33
618,10.6551,stop,1644.96,526.11,816,36,32
618,10.6551,stop,396.13,450.97,754,35,35
618,10.6551,stop,339.09,442.34,703,31,35
618,10.6551,stop,1129.85,114.27,573,32,29
618,10.6551,stop,385.80,89.60,696,31,32
618,10.6551,stop,337.11,84.99,681,31,33
618,10.6551,stop,888.81,66.83,811,33,36
618,10.6551,stop,483.67,67.11,789,34,35
618,10.6551,stop,442.65,58.69,860,36,37
619,10.6711,stop,1514.43,1046.32,899,35,37
619,10.6711,stop,857.27,601.55,688,33,32
619,10.6711,stop,1626.74,576.36,699,33,33
619,10.6711,stop,1644.80,526.18,810,36,32
619,10.6711,stop,396.17,451.13,750,35,34
619,10.6711,stop,339.03,442.33,709,31,35
619,10.6711,stop,1128.65,115.54,615,32,28
619,10.6711,stop,385.77,89.50,681,31,32
619,10.6711,stop,337.05,85.12,673,31,33
619,10.6711,stop,888.11,67.33,745,33,36
619,10.6711,stop,483.11,67.06,818,36,35
619,10.6711,stop,442.52,58.75,872,38,36
620,10.6911,stop,1514.39,1046.02,909,36,37
620,10.6911,stop,857.01,602.41,689,33,31
620,10.6911,stop,1626.83,576.34,696,32,33
620,10.6911,stop,1644.99,526.05,807,36,33
620,10.6911,stop,396.05,451.02,750,35,34
620,10.6911,stop,339.06,442.38,713,31,35
620,10.6911,stop,1127.50,117.58,642,32,29
620,10.6911,stop,385.76,89.53,681,31,33
620,10.6911,stop,337.23,84.99,678,30,33
620,10.6911,stop,887.89,67.13,722,32,36
620,10.6911,stop,483.21,66.94,810,37,35
620,10.6911,stop,442.60,58.63,875,37,38
621,10.7071,stop,1513.53,1046.05,863,30,37
621,10.7071,stop,856.86,603.34,697,33,31
621,10.7071,stop,1626.81,576.42,699,32,33
621,10.7071,stop,1644.98,526.10,813,36,32
621,10.7071,stop,396.08,451.21,746,35,35
621,10.7071,stop,339.00,442.39,707,31,35
621,10.7071,stop,1126.71,119.85,712,32,31
621,10.7071,stop,385.75,89.55,694,32,32
621,10.7071,stop,337.25,85.04,689,31,33
621,10.7071,stop,887.80,67.16,726,32,36
621,10.7071,stop,483.29,66.97,800,36,35
621,10.7071,stop,441.85,57.61,928,36,37
622,10.7231,stop,1514.27,1046.08,903,34,37
622,10.7231,stop,857.06,604.12,731,33,32
622,10.7231,stop,1626.77,576.29,699,33,33
622,10.7231,stop,1645.00,526.06,806,36,32
622,10.7231,stop,395.60,451.47,784,35,34
622,10.7231,stop,338.97,442.33,709,31,35
622,10.7231,stop,1126.19,122.35,746,33,33
622,10.7231,stop,385.83,89.40,683,29,32
622,10.7231,stop,337.16,84.98,686,30,33
622,10.7231,stop,888.28,66.54,764,32,36
622,10.7231,stop,483.26,66.89,804,36,35
622,10.7231,stop,442.57,58.54,867,36,38
623,10.7391,stop,1513.40,1046.01,851,30,37
623,10.7391,stop,856.52,604.25,704,33,33
623,10.7391,stop,1626.83,576.30,692,33,33
623,10.7391,stop,1644.87,526.05,807,36,33
623,10.7391,stop,396.21,450.94,746,35,36
623,10.7391,stop,339.03,442.32,706,31,35
623,10.7391,stop,1125.95,124.47,784,32,35
623,10.7391,stop,385.81,89.52,689,30,33
623,10.7391,stop,337.35,84.93,684,30,33
623,10.7391,stop,887.59,67.00,723,32,36
623,10.7391,stop,483.73,67.11,793,35,35
623,10.7391,stop,441.86,57.51,924,37,37
624,10.7551,stop,1514.48,1046.23,912,36,37
624,10.7551,stop,856.90,605.32,729,33,33
624,10.7551,stop,1626.74,576.32,694,32,33
624,10.7551,stop,1644.89,526.19,807,36,32
624,10.7551,stop,396.10,451.02,750,35,35
624,10.7551,stop,339.07,442.33,712,31,35
624,10.7551,stop,1125.52,127.16,796,32,36
624,10.7551,stop,385.75,89.54,685,31,32
624,10.7551,stop,337.21,84.89,690,31,33
624,10.7551,stop,888.14,66.54,774,34,36
624,10.7551,stop,483.16,67.00,802,38,35
624,10.7551,stop,442.57,58.58,867,37,37
625,10.7712,stop,1513.34,1045.87,854,30,38
625,10.7712,stop,856.87,606.21,734,33,32
625,10.7712,stop,1626.85,576.43,703,33,33
625,10.7712,stop,1644.89,526.03,805,36,32
625,10.7712,stop,396.13,450.91,750,35,34
625,10.7712,stop,339.05,442.31,706,31,35
625,10.7712,stop,1124.97,129.78,822,33,36
625,10.7712,stop,385.67,89.54,685,31,32
625,10.7712,stop,337.11,84.98,673,31,33
625,10.7712,stop,887.56,66.54,760,32,36
625,10.7712,stop,483.18,66.93,805,38,35
625,10.7712,stop,442.63,58.63,871,38,38
626,10.7911,stop,1513.40,1046.02,856,31,37
626,10.7911,stop,856.88,606.93,732,33,33
626,10.7911,stop,1626.79,576.33,695,32,33
626,10.7911,stop,1644.93,526.10,809,36,33
626,10.7911,stop,396.16,451.05,748,35,34
626,10.7911,stop,338.96,442.35,708,31,35
626,10.7911,stop,1124.77,131.69,828,33,36
626,10.7911,stop,385.93,89.52,684,29,32
626,10.7911,stop,337.31,85.03,691,31,33
626,10.7911,stop,887.36,66.61,773,32,36
626,10.7911,stop,483.14,66.87,807,36,35
626,10.7911,stop,442.65,58.58,867,36,37
627,10.8071,stop,1514.49,1046.08,908,35,37
627,10.8071,stop,856.53,606.90,713,33,33
627,10.8071,stop,1626.77,576.33,694,32,33
627,10.8071,stop,1645.04,526.14,794,36,32
627,10.8071,stop,396.29,451.00,747,35,35
627,10.8071,stop,338.99,442.30,708,31,35
627,10.8071,stop,1124.65,133.55,807,34,36
627,10.8071,stop,385.79,89.53,691,32,33
627,10.8071,stop,337.18,84.95,687,31,33
627,10.8071,stop,887.30,66.52,769,33,36
627,10.8071,stop,483.05,66.96,808,37,35
627,10.8071,stop,442.71,58.56,866,36,37
628,10.8231,stop,1514.33,1046.12,914,36,37
628,10.8231,stop,856.53,607.26,721,34,33
628,10.8231,stop,1626.86,576.28,696,33,33
628,10.8231,stop,1645.01,526.10,809,36,32
628,10.8231,stop,396.30,451.01,744,35,34
628,10.8231,stop,338.94,442.41,706,31,35
628,10.8231,stop,1124.30,135.40,780,34,36
628,10.8231,stop,385.77,89.48,685,31,32
628,10.8231,stop,337.01,85.07,674,30,33
628,10.8231,stop,887.00,66.47,771,34,35
628,10.8231,stop,483.65,67.03,785,33,35
628,10.8231,stop,441.85,57.57,933,38,37
629,10.8391,stop,1513.39,1045.94,870,31,38
629,10.8391,stop,856.53,607.61,722,34,34
629,10.8391,stop,1626.77,576.25,701,32,33
629,10.8391,stop,1644.90,526.11,811,36,32
629,10.8391,stop,396.17,451.06,736,35,34
629,10.8391,stop,338.96,442.48,704,31,35
629,10.8391,stop,1124.02,137.05,761,34,35
629,10.8391,stop,385.64,89.63,683,31,32
629,10.8391,stop,337.11,85.05,681,31,33
629,10.8391,stop,483.75,67.83,764,36,32
629,10.8391,stop,886.80,66.52,780,34,36
629,10.8391,stop,441.82,57.46,941,36,37
630,10.8551,stop,1513.55,1045.91,862,31,37
630,10.8551,stop,856.35,608.06,727,34,33
630,10.8551,stop,1626.80,576.38,701,32,33
630,10.8551,stop,1644.95,526.06,803,36,33
630,10.8551,stop,396.12,451.01,742,35,34
630,10.8551,stop,339.08,442.36,710,31,35
630,10.8551,stop,1123.65,138.39,735,33,35
630,10.8551,stop,385.76,89.43,678,30,32
630,10.8551,stop,336.99,85.00,679,31,33
630,10.8551,stop,886.53,66.47,780,34,36
630,10.8551,stop,483.35,67.10,799,36,35
630,10.8551,stop,442.73,58.63,870,38,37
631,10.8712,stop,1514.48,1046.11,902,36,37
631,10.8712,stop,856.13,608.31,730,33,33
631,10.8712,stop,1626.90,576.44,703,33,33
631,10.8712,stop,1644.93,526.22,811,36,32
631,10.8712,stop,396.15,451.09,751,35,34
631,10.8712,stop,339.05,442.40,707,31,35
631,10.8712,stop,1122.44,139.85,683,31,35
631,10.8712,stop,385.85,89.55,690,31,32
631,10.8712,stop,337.25,85.12,690,31,33
631,10.8712,stop,886.15,66.37,773,35,36
631,10.8712,stop,483.36,66.99,797,37,35
631,10.8712,stop,442.59,58.59,869,36,38
632,10.8911,stop,1513.43,1045.89,851,31,37
632,10.8911,stop,856.01,608.46,719,33,33
632,10.8911,stop,1626.83,576.31,701,32,33
632,10.8911,stop,1645.00,526.10,800,36,32
632,10.8911,stop,396.09,451.06,749,35,35
632,10.8911,stop,339.07,442.39,711,31,35
632,10.8911,stop,1122.49,141.70,720,33,35
632,10.8911,stop,385.73,89.56,686,31,32
632,10.8911,stop,337.19,85.03,684,31,33
632,10.8911,stop,885.98,66.28,785,34,36
632,10.8911,stop,483.57,67.06,795,33,35
632,10.8911,stop,442.67,58.58,867,37,37
633,10.9071,stop,1514.44,1046.21,909,36,37
633,10.9071,stop,855.96,608.82,716,34,33
633,10.9071,stop,1626.82,576.34,691,32,33
633,10.9071,stop,1645.00,526.16,809,36,32
633,10.9071,stop,396.19,450.96,751,35,34
633,10.9071,stop,339.03,442.38,706,31,35
633,10.9071,stop,1121.61,143.51,738,33,36
633,10.9071,stop,385.70,89.47,690,31,32
633,10.9071,stop,337.16,84.92,688,31,33
633,10.9071,stop,885.52,66.38,791,34,36
633,10.9071,stop,483.58,67.17,783,34,35
633,10.9071,stop,442.66,58.65,869,36,37
634,10.9231,stop,1514.33,1046.09,907,36,37
634,10.9231,stop,856.14,609.05,721,34,33
634,10.9231,stop,1626.82,576.31,706,33,33
634,10.9231,stop,1644.95,526.06,816,36,34
634,10.9231,stop,396.28,451.01,737,35,34
634,10.9231,stop,339.06,442.43,709,31,35
634,10.9231,stop,1120.69,145.20,733,34,35
634,10.9231,stop,385.84,89.45,691,31,32
634,10.9231,stop,337.25,84.93,681,30,33
634,10.9231,stop,885.29,66.38,789,34,36
634,10.9231,stop,483.23,66.93,800,37,35
634,10.9231,stop,442.68,58.61,858,37,37
635,10.9392,stop,1513.39,1046.06,862,31,37
635,10.9392,stop,856.18,609.64,740,34,33
635,10.9392,stop,1626.79,576.35,698,32,33
635,10.9392,stop,1645.03,526.09,809,37,32
635,10.9392,stop,396.15,451.08,737,35,34
635,10.9392,stop,339.20,442.40,714,31,35
635,10.9392,stop,1119.77,146.94,740,33,35
635,10.9392,stop,385.66,89.54,683,31,32
635,10.9392,stop,337.05,85.12,669,30,33
635,10.9392,stop,884.73,66.63,789,35,36
635,10.9392,stop,483.29,66.91,806,38,35
635,10.9392,stop,442.61,58.52,870,37,37
636,10.9551,stop,1513.47,1046.02,860,30,37
636,10.9551,stop,855.43,609.51,705,33,33
636,10.9551,stop,1626.85,576.42,698,32,33
636,10.9551,stop,1645.06,526.06,804,36,32
636,10.9551,stop,396.20,451.06,747,35,35
636,10.9551,stop,339.08,442.41,711,31,35
636,10.9551,stop,1118.58,148.29,747,33,36
636,10.9551,stop,385.85,89.46,687,32,33
636,10.9551,stop,337.20,84.98,682,30,33
636,10.9551,stop,884.52,66.51,791,34,36
636,10.9551,stop,483.07,66.95,817,36,35
636,10.9551,stop,442.68,58.69,872,37,37
637,10.9711,stop,1514.35,1046.14,913,36,37
637,10.9711,stop,855.38,609.65,700,34,32
637,10.9711,stop,1626.73,576.31,698,32,33
637,10.9711,stop,1645.07,526.06,804,36,33
637,10.9711,stop,396.08,451.02,744,35,34
637,10.9711,stop,339.08,442.31,713,31,35
637,10.9711,stop,1117.60,149.77,750,33,36
637,10.9711,stop,385.76,89.55,689,31,32
637,10.9711,stop,337.20,85.16,679,31,33
637,10.9711,stop,483.74,67.76,758,36,33
637,10.9711,stop,884.17,66.66,806,35,36
637,10.9711,stop,441.95,57.62,920,36,38
638,10.9911,stop,1513.48,1045.97,856,31,37
638,10.9911,stop,855.32,609.68,704,34,32
638,10.9911,stop,1626.76,576.33,702,33,33
638,10.9911,stop,1644.80,526.15,808,36,32
638,10.9911,stop,396.26,450.98,744,35,34
638,10.9911,stop,339.02,442.45,705,31,35
638,10.9911,stop,1115.68,150.94,720,31,35
638,10.9911,stop,385.81,89.63,691,31,32
638,10.9911,stop,337.16,84.91,674,30,33
638,10.9911,stop,483.72,67.88,765,37,32
638,10.9911,stop,883.74,66.62,795,35,36
638,10.9911,stop,442.59,58.59,870,36,37
639,11.0071,s150,1513.47,1045.95,863,31,37
639,11.0071,s150,855.55,610.16,722,33,32
639,11.0071,s150,1626.87,576.38,702,33,33
639,11.0071,s150,1644.93,526.01,819,36,33
639,11.0071,s150,396.10,451.01,743,35,35
639,11.0071,s150,339.04,442.29,710,31,35
639,11.0071,s150,1115.09,152.50,768,34,36
639,11.0071,s150,385.85,89.39,692,31,33
639,11.0071,s150,337.16,84.88,680,31,33
639,11.0071,s150,483.83,67.77,768,38,32
639,11.0071,s150,883.61,66.51,794,34,36
639,11.0071,s150,441.89,57.46,932,36,38
640,11.0231,s150,1514.41,1046.24,916,36,37
640,11.0231,s150,855.09,609.92,697,35,32
640,11.0231,s150,1626.85,576.34,700,33,33
640,11.0231,s150,1644.92,526.16,808,36,32
640,11.0231,s150,395.37,451.73,792,35,35
640,11.0231,s150,339.00,442.36,713,31,35
640,11.0231,s150,1113.09,153.92,737,33,35
640,11.0231,s150,385.69,89.45,676,31,32
640,11.0231,s150,337.16,85.01,686,31,33
640,11.0231,s150,484.29,67.99,747,34,32
640,11.0231,s150,883.26,66.68,790,35,36
640,11.0231,s150,442.70,58.67,868,38,36
641,11.0391,s150,1513.48,1046.01,854,31,37
641,11.0391,s150,855.36,610.31,717,33,33
641,11.0391,s150,1626.78,576.20,697,32,33
641,11.0391,s150,1644.93,526.08,804,36,32
641,11.0391,s150,396.14,451.02,741,35,34
641,11.0391,s150,339.04,442.39,710,31,35
641,11.0391,s150,1111.61,155.36,749,32,36
641,11.0391,s150,385.76,89.46,688,32,32
641,11.0391,s150,337.10,84.94,679,30,33
641,11.0391,s150,883.07,66.62,787,35,36
641,11.0391,s150,483.55,67.05,794,34,35
641,11.0391,s150,442.67,58.52,865,37,37
642,11.0552,s150,1513.40,1046.03,860,31,37
642,11.0552,s150,855.45,610.15,723,35,33
642,11.0552,s150,1626.73,576.32,705,33,33
642,11.0552,s150,1645.01,526.00,805,36,33
642,11.0552,s150,396.16,451.00,752,35,35
642,11.0552,s150,338.97,442.22,710,31,35
642,11.0552,s150,1110.15,156.40,753,33,36
642,11.0552,s150,385.82,89.44,697,32,32
642,11.0552,s150,337.22,85.01,681,31,33
642,11.0552,s150,484.20,67.98,736,33,32
642,11.0552,s150,883.02,66.60,791,34,36
642,11.0552,s150,442.70,58.59,860,37,37
643,11.0711,s150,1513.53,1045.97,871,31,37
643,11.0711,s150,855.44,610.10,723,35,32
643,11.0711,s150,1626.88,576.27,700,33,33
643,11.0711,s150,1644.98,526.18,803,36,32
643,11.0711,s150,396.20,451.06,745,35,34
643,11.0711,s150,339.07,442.43,710,31,35
643,11.0711,s150,1108.67,157.65,744,32,36
643,11.0711,s150,385.83,89.50,685,31,33
643,11.0711,s150,337.16,85.06,683,31,33
643,11.0711,s150,882.65,66.57,782,34,36
643,11.0711,s150,483.26,67.05,801,37,35
643,11.0711,s150,442.70,58.68,875,37,36
644,11.0911,s150,1513.41,1045.87,861,30,37
644,11.0911,s150,855.24,610.02,725,33,32
644,11.0911,s150,1626.80,576.36,705,32,33
644,11.0911,s150,1644.98,526.06,802,36,32
644,11.0911,s150,396.22,450.90,733,35,34
644,11.0911,s150,339.00,442.30,704,31,35
644,11.0911,s150,1107.74,158.82,785,33,36
644,11.0911,s150,385.85,89.48,684,31,32
644,11.0911,s150,337.07,84.94,676,31,33
644,11.0911,s150,882.55,66.42,781,34,36
644,11.0911,s150,483.58,67.12,783,33,35
644,11.0911,s150,442.64,58.58,870,36,37
645,11.1071,s150,1514.41,1046.04,911,36,37
645,11.1071,s150,855.39,609.90,731,35,33
645,11.1071,s150,1626.82,576.37,702,32,33
645,11.1071,s150,1644.91,526.11,805,36,32
645,11.1071,s150,396.22,451.09,744,35,34
645,11.1071,s150,339.09,442.41,705,31,35
645,11.1071,s150,1106.20,160.12,787,33,35
645,11.1071,s150,385.73,89.60,681,31,32
645,11.1071,s150,337.24,85.00,685,31,32
645,11.1071,s150,882.60,66.38,781,34,36
645,11.1071,s150,483.59,67.19,792,35,35
645,11.1071,s150,442.69,58.66,871,36,37
646,11.1231,s150,1513.50,1045.94,863,30,37
646,11.1231,s150,855.04,609.35,704,35,33
646,11.1231,s150,1626.85,576.39,698,33,33
646,11.1231,s150,1645.01,526.13,808,35,32
646,11.1231,s150,396.12,451.04,746,35,34
646,11.1231,s150,339.00,442.35,706,31,35
646,11.1231,s150,1103.91,161.04,771,33,35
646,11.1231,s150,385.78,89.56,684,31,32
646,11.1231,s150,337.10,85.01,685,31,33
646,11.1231,s150,484.18,67.90,744,34,33
646,11.1231,s150,882.70,66.30,768,34,35
646,11.1231,s150,442.70,58.52,869,37,38
647,11.1392,s150,1513.42,1046.04,860,31,37
647,11.1392,s150,854.96,609.15,703,33,33
647,11.1392,s150,1626.95,576.37,692,33,33
647,11.1392,s150,1644.81,526.05,807,36,32
647,11.1392,s150,396.22,451.10,744,35,34
647,11.1392,s150,339.06,442.26,708,31,35
647,11.1392,s150,1102.72,162.15,807,33,36
647,11.1392,s150,385.73,89.49,683,32,32
647,11.1392,s150,337.30,85.02,684,31,33
647,11.1392,s150,484.22,68.13,741,34,32
647,11.1392,s150,882.71,66.35,773,34,36
647,11.1392,s150,442.61,58.70,870,36,36
648,11.1551,s150,1514.26,1046.08,904,36,37
648,11.1551,s150,855.45,609.45,730,33,33
648,11.1551,s150,1626.81,576.34,696,33,33
648,11.1551,s150,1644.83,526.19,810,36,32
648,11.1551,s150,396.13,450.98,747,35,36
648,11.1551,s150,338.98,442.35,700,31,35
648,11.1551,s150,1100.75,163.44,823,33,36
648,11.1551,s150,385.78,89.45,692,31,33
648,11.1551,s150,337.07,84.99,687,31,33
648,11.1551,s150,483.08,66.93,819,37,35
648,11.1551,s150,882.89,66.21,776,34,36
648,11.1551,s150,442.70,58.57,870,36,38
649,11.1751,s150,1513.43,1045.98,865,31,38
649,11.1751,s150,855.68,609.01,743,35,34
649,11.1751,s150,1626.78,576.30,695,33,33
649,11.1751,s150,1644.92,526.15,800,36,32
649,11.1751,s150,396.14,451.15,745,35,35
649,11.1751,s150,339.02,442.32,706,31,35
649,11.1751,s150,1099.46,164.16,820,33,35
649,11.1751,s150,385.84,89.59,687,31,32
649,11.1751,s150,337.18,84.90,685,31,33
649,11.1751,s150,483.63,67.06,788,33,35
649,11.1751,s150,883.14,66.29,789,35,37
649,11.1751,s150,441.88,57.57,934,36,37
650,11.1911,s150,1513.53,1045.95,851,30,37
650,11.1911,s150,855.38,608.55,714,35,34
650,11.1911,s150,1626.77,576.31,702,33,33
650,11.1911,s150,1644.96,526.11,807,36,32
650,11.1911,s150,396.26,451.01,739,35,34
650,11.1911,s150,339.11,442.42,712,31,35
650,11.1911,s150,1097.47,165.33,824,32,36
650,11.1911,s150,385.78,89.57,685,32,32
650,11.1911,s150,337.04,84.94,680,31,33
650,11.1911,s150,483.63,67.07,790,34,35
650,11.1911,s150,883.32,66.27,796,35,37
650,11.1911,s150,442.54,58.58,864,37,37
651,11.2072,s150,1514.24,1046.05,907,36,37
651,11.2072,s150,855.45,608.30,706,33,33
651,11.2072,s150,1626.85,576.24,695,33,33
651,11.2072,s150,1644.99,526.13,805,36,33
651,11.2072,s150,395.54,451.64,786,35,34
651,11.2072,s150,339.02,442.38,714,31,35
651,11.2072,s150,1095.95,166.24,825,33,36
651,11.2072,s150,385.78,89.54,694,31,32
651,11.2072,s150,337.10,85.01,679,31,33
651,11.2072,s150,483.57,67.04,791,33,35
651,11.2072,s150,883.45,66.27,778,34,37
651,11.2072,s150,442.72,58.62,869,36,37
652,11.2231,s150,1513.36,1045.93,867,30,37
652,11.2231,s150,855.71,608.01,723,34,33
652,11.2231,s150,1626.83,576.29,698,33,33
652,11.2231,s150,1645.06,526.16,808,36,32
652,11.2231,s150,396.13,450.97,750,35,35
652,11.2231,s150,339.01,442.33,706,31,35
652,11.2231,s150,1094.43,166.76,820,33,36
652,11.2231,s150,385.76,89.53,677,32,32
652,11.2231,s150,337.18,85.00,688,31,33
652,11.2231,s150,483.15,66.92,809,38,35
652,11.2231,s150,883.55,66.25,791,34,37
652,11.2231,s150,442.62,58.60,865,37,38
653,11.2392,s150,1514.33,1046.06,911,36,37
653,11.2392,s150,855.67,607.81,732,35,34
653,11.2392,s150,1626.75,576.36,697,33,33
653,11.2392,s150,1644.93,526.09,810,36,32
653,11.2392,s150,396.09,451.05,751,35,34
653,11.2392,s150,339.07,442.46,711,31,35
653,11.2392,s150,1092.92,167.22,816,33,36
653,11.2392,s150,385.76,89.43,689,30,32
653,11.2392,s150,337.28,85.04,679,30,33
653,11.2392,s150,483.72,67.90,757,37,32
653,11.2392,s150,883.86,66.08,784,34,37
653,11.2392,s150,442.71,58.66,863,36,37
654,11.2551,s150,1514.36,1046.09,909,36,37
654,11.2551,s150,855.85,607.51,734,35,34
654,11.2551,s150,1626.80,576.40,699,33,33
654,11.2551,s150,1644.98,526.06,807,36,32
654,11.2551,s150,396.16,451.06,740,35,34
654,11.2551,s150,338.99,442.30,707,31,35
654,11.2551,s150,1091.23,168.02,821,33,36
654,11.2551,s150,385.79,89.55,684,31,32
654,11.2551,s150,337.17,84.97,684,31,33
654,11.2551,s150,483.43,66.83,795,36,34
654,11.2551,s150,883.91,66.14,786,35,37
654,11.2551,s150,442.72,58.58,876,38,37
655,11.2751,s150,1513.48,1046.01,864,31,37
655,11.2751,s150,856.01,607.07,734,34,33
655,11.2751,s150,1626.87,576.33,697,33,33
655,11.2751,s150,1644.90,526.05,813,36,32
655,11.2751,s150,396.22,451.01,738,35,34
655,11.2751,s150,339.05,442.46,716,31,35
655,11.2751,s150,1090.08,169.04,792,33,37
655,11.2751,s150,385.80,89.49,681,29,33
655,11.2751,s150,337.17,84.97,681,30,33
655,11.2751,s150,483.85,67.94,749,37,32
655,11.2751,s150,884.18,66.14,798,35,37
655,11.2751,s150,442.63,58.57,868,37,37
656,11.2911,s150,1514.29,1046.15,910,36,37
656,11.2911,s150,855.89,606.85,734,33,34
656,11.2911,s150,1626.82,576.43,700,32,33
656,11.2911,s150,1644.95,526.08,809,36,32
656,11.2911,s150,396.18,451.01,733,35,35
656,11.2911,s150,338.99,442.27,703,31,35
656,11.2911,s150,1088.00,169.48,837,33,36
656,11.2911,s150,385.71,89.53,682,31,32
656,11.2911,s150,337.17,84.98,687,31,33
656,11.2911,s150,483.25,66.98,806,37,35
656,11.2911,s150,884.27,66.20,793,35,37
656,11.2911,s150,442.67,58.54,868,37,38
657,11.3071,s150,1513.37,1046.01,863,30,37
657,11.3071,s150,855.99,606.36,739,33,34
657,11.3071,s150,1626.85,576.38,693,32,33
657,11.3071,s150,1644.95,526.18,809,36,32
657,11.3071,s150,396.15,451.00,744,35,34
657,11.3071,s150,339.01,442.41,705,31,35
657,11.3071,s150,1086.98,170.44,800,33,36
657,11.3071,s150,385.82,89.40,702,32,32
657,11.3071,s150,337.16,85.12,680,30,33
657,11.3071,s150,483.64,67.21,780,34,35
657,11.3071,s150,884.62,66.24,797,35,37
657,11.3071,s150,441.90,57.56,926,36,37
658,11.3232,s150,1513.40,1045.95,858,31,37
658,11.3232,s150,855.96,605.67,739,33,34
658,11.3232,s150,1626.86,576.45,702,33,33
658,11.3232,s150,1645.06,526.05,811,36,33
658,11.3232,s150,396.18,450.94,734,35,36
658,11.3232,s150,338.99,442.24,713,31,35
658,11.3232,s150,1085.30,170.61,793,33,36
658,11.3232,s150,385.89,89.43,680,30,32
658,11.3232,s150,337.29,84.97,682,30,33
658,11.3232,s150,483.55,67.03,784,33,35
658,11.3232,s150,884.74,66.15,789,34,37
658,11.3232,s150,441.79,57.44,929,36,37
659,11.3392,s150,1513.40,1045.90,851,30,37
659,11.3392,s150,855.96,605.31,758,34,34
659,11.3392,s150,1626.91,576.33,702,33,33
659,11.3392,s150,1644.98,526.16,802,36,32
659,11.3392,s150,396.21,451.11,744,35,36
659,11.3392,s150,339.07,442.45,704,31,35
659,11.3392,s150,1083.80,171.05,772,33,35
659,11.3392,s150,385.71,89.65,682,31,32
659,11.3392,s150,337.20,84.98,691,31,33
659,11.3392,s150,484.22,67.92,740,36,33
659,11.3392,s150,884.91,66.23,792,34,37
659,11.3392,s150,442.66,58.63,862,37,36
660,11.3552,s150,1513.48,1045.98,853,30,37
660,11.3552,s150,856.30,604.97,719,34,34
660,11.3552,s150,1626.83,576.33,700,33,33
660,11.3552,s150,1644.93,526.05,818,37,32
660,11.3552,s150,396.14,451.06,747,35,34
660,11.3552,s150,339.03,442.44,708,31,35
660,11.3552,s150,1081.73,171.05,806,34,35
660,11.3552,s150,385.84,89.58,678,30,32
660,11.3552,s150,337.10,85.04,685,31,33
660,11.3552,s150,483.55,67.15,787,35,35
660,11.3552,s150,884.94,66.25,798,34,37
660,11.3552,s150,442.73,58.59,862,37,37
661,11.3752,s150,1513.32,1045.97,861,31,37
661,11.3752,s150,855.79,604.11,751,34,35
661,11.3752,s150,1626.88,576.37,701,33,33
661,11.3752,s150,1644.91,526.04,807,36,32
661,11.3752,s150,396.20,451.14,748,35,35
661,11.3752,s150,339.06,442.38,713,31,35
661,11.3752,s150,1080.01,171.12,813,36,35
661,11.3752,s150,385.76,89.47,684,32,33
661,11.3752,s150,337.19,84.99,693,31,33
661,11.3752,s150,885.15,66.17,795,35,36
661,11.3752,s150,483.16,67.04,795,37,35
661,11.3752,s150,441.93,57.59,934,37,38
662,11.3911,s150,1514.45,1046.20,913,36,38
662,11.3911,s150,856.28,604.06,716,34,34
662,11.3911,s150,1626.83,576.27,698,33,33
662,11.3911,s150,1644.97,526.12,807,36,32
662,11.3911,s150,396.33,450.99,743,35,34
662,11.3911,s150,339.05,442.29,707,31,35
662,11.3911,s150,1079.18,171.47,758,32,35
662,11.3911,s150,385.88,89.48,689,32,32
662,11.3911,s150,337.17,85.01,679,30,33
662,11.3911,s150,885.41,66.63,799,34,36
662,11.3911,s150,483.54,67.16,784,33,35
662,11.3911,s150,441.90,57.58,922,37,37
663,11.4072,s150,1513.46,1045.96,862,30,37
663,11.4072,s150,855.69,603.25,740,34,34
663,11.4072,s150,1626.78,576.28,702,33,33
663,11.4072,s150,1644.93,526.16,807,36,32
663,11.4072,s150,396.06,451.16,741,35,34
663,11.4072,s150,339.05,442.30,705,31,35
663,11.4072,s150,1077.67,171.44,757,33,35
663,11.4072,s150,385.88,89.47,678,29,32
663,11.4072,s150,337.07,84.94,674,32,33
663,11.4072,s150,885.55,67.06,791,33,36
663,11.4072,s150,483.53,67.04,787,34,35
663,11.4072,s150,442.63,58.46,862,36,37
664,11.4232,s150,1513.40,1046.04,857,31,37
664,11.4232,s150,855.52,603.07,746,34,35
664,11.4232,s150,1626.90,576.44,702,33,33
664,11.4232,s150,1645.04,526.15,810,36,32
664,11.4232,s150,396.16,451.05,745,35,34
664,11.4232,s150,339.07,442.42,719,31,35
664,11.4232,s150,1076.24,171.70,755,33,36
664,11.4232,s150,385.69,89.55,684,31,32
664,11.4232,s150,337.13,85.04,685,31,33
664,11.4232,s150,483.82,67.92,759,36,32
664,11.4232,s150,885.67,67.19,792,33,36
664,11.4232,s150,442.52,58.58,866,36,37
665,11.4392,s150,1514.30,1046.01,911,36,37
665,11.4392,s150,855.86,603.14,773,34,35
665,11.4392,s150,1626.79,576.30,697,32,33
665,11.4392,s150,1644.97,526.18,802,36,32
665,11.4392,s150,396.08,450.93,756,35,34
665,11.4392,s150,339.06,442.33,711,31,35
665,11.4392,s150,1074.94,171.72,749,32,35
665,11.4392,s150,385.68,89.47,683,31,32
665,11.4392,s150,337.17,84.97,689,31,33
665,11.4392,s150,885.74,67.21,780,32,34
665,11.4392,s150,483.61,67.07,784,33,35
665,11.4392,s150,441.89,57.65,917,36,37
666,11.4552,s150,1513.51,1045.98,857,30,37
666,11.4552,s150,855.93,603.04,771,34,35
666,11.4552,s150,1626.75,576.37,704,32,33
666,11.4552,s150,1644.97,526.13,803,36,32
666,11.4552,s150,396.21,450.99,738,35,35
666,11.4552,s150,339.04,442.47,715,31,35
666,11.4552,s150,1073.30,172.03,760,35,35
666,11.4552,s150,385.87,89.56,683,31,32
666,11.4552,s150,337.19,85.05,679,30,33
666,11.4552,s150,483.69,67.80,765,37,32
666,11.4552,s150,884.84,67.51,745,30,34
666,11.4552,s150,442.65,58.62,869,37,37
667,11.4753,s150,1513.35,1045.96,862,31,37
667,11.4753,s150,855.88,603.04,780,35,35
667,11.4753,s150,1626.82,576.34,699,32,33
667,11.4753,s150,1645.09,526.17,801,36,32
667,11.4753,s150,396.15,451.12,749,35,35
667,11.4753,s150,339.02,442.30,706,31,35
667,11.4753,s150,1072.12,172.14,759,33,35
667,11.4753,s150,385.72,89.40,683,31,32
667,11.4753,s150,337.06,84.82,693,31,33
667,11.4753,s150,483.66,67.81,769,37,32
667,11.4753,s150,885.33,67.29,784,32,34
667,11.4753,s150,442.64,58.56,861,37,37
668,11.4912,s150,1513.45,1045.97,860,31,37
668,11.4912,s150,855.59,602.94,775,34,35
668,11.4912,s150,1626.91,576.41,695,33,33
668,11.4912,s150,1644.92,526.04,814,36,33
668,11.4912,s150,396.33,451.00,741,35,35
668,11.4912,s150,339.13,442.28,703,31,35
668,11.4912,s150,1071.08,172.08,745,32,35
668,11.4912,s150,385.83,89.45,686,31,32
668,11.4912,s150,337.18,85.08,673,30,33
668,11.4912,s150,885.34,67.08,777,34,34
668,11.4912,s150,483.14,66.97,802,37,35
668,11.4912,s150,441.99,57.63,921,36,37
669,11.5072,s150,1513.50,1045.99,860,31,37
669,11.5072,s150,854.75,602.52,730,33,35
669,11.5072,s150,1626.77,576.45,707,33,33
669,11.5072,s150,1644.97,526.20,808,36,32
669,11.5072,s150,396.17,451.21,748,35,35
669,11.5072,s150,339.06,442.45,698,31,35
669,11.5072,s150,1069.49,172.65,781,33,36
669,11.5072,s150,385.85,89.53,692,31,33
669,11.5072,s150,337.23,84.92,683,30,33
669,11.5072,s150,484.12,68.11,729,33,32
669,11.5072,s150,884.97,66.66,776,35,35
669,11.5072,s150,441.88,57.55,932,36,37
670,11.5232,s150,1513.44,1046.07,852,31,37
670,11.5232,s150,855.32,602.71,721,35,34
670,11.5232,s150,1626.80,576.35,697,32,33
670,11.5232,s150,1644.81,526.16,802,36,32
670,11.5232,s150,396.09,450.86,750,35,35
670,11.5232,s150,339.05,442.34,704,31,35
670,11.5232,s150,1068.51,172.93,771,33,36
670,11.5232,s150,385.84,89.49,684,31,32
670,11.5232,s150,337.17,84.98,684,31,33
670,11.5232,s150,483.71,67.91,759,38,32
670,11.5232,s150,884.72,66.55,787,35,36
670,11.5232,s150,442.74,58.63,862,37,37
671,11.5392,s150,1513.47,1045.97,850,31,37
671,11.5392,s150,855.80,603.04,756,35,34
671,11.5392,s150,1626.85,576.35,697,33,33
671,11.5392,s150,1644.82,526.10,800,36,32
671,11.5392,s150,396.21,451.09,740,35,34
671,11.5392,s150,339.04,442.41,705,31,35
671,11.5392,s150,1067.84,173.05,764,33,35
671,11.5392,s150,385.81,89.58,682,31,32
671,11.5392,s150,337.11,84.98,672,30,33
671,11.5392,s150,884.85,67.13,762,34,33
671,11.5392,s150,483.14,66.97,807,36,35
671,11.5392,s150,442.65,58.60,862,36,36
672,11.5552,s150,1513.53,1046.03,858,30,37
672,11.5552,s150,855.30,602.83,776,34,34
672,11.5552,s150,1626.91,576.33,687,32,33
672,11.5552,s150,1645.03,526.10,807,36,32
672,11.5552,s150,396.06,450.95,747,35,34
672,11.5552,s150,339.08,442.35,713,31,35
672,11.5552,s150,1066.60,173.34,776,33,35
672,11.5552,s150,385.84,89.51,682,31,32
672,11.5552,s150,337.20,85.00,685,31,33
672,11.5552,s150,484.11,68.04,733,34,32
672,11.5552,s150,884.56,65.84,782,33,36
672,11.5552,s150,442.74,58.57,871,37,38
673,11.5752,s150,1513.40,1046.05,860,31,37
673,11.5752,s150,855.57,603.55,762,34,35
673,11.5752,s150,1626.78,576.35,698,33,33
673,11.5752,s150,1644.90,526.10,807,36,32
673,11.5752,s150,396.26,451.07,742,35,34
673,11.5752,s150,339.05,442.32,698,31,35
673,11.5752,s150,1065.72,173.83,792,33,36
673,11.5752,s150,385.67,89.45,685,31,33
673,11.5752,s150,337.12,85.07,684,31,33
673,11.5752,s150,483.58,67.03,795,34,35
673,11.5752,s150,884.40,65.70,794,32,35
673,11.5752,s150,441.93,57.56,927,37,37
674,11.5912,s150,1513.44,1046.07,858,29,37
674,11.5912,s150,855.07,603.27,713,35,34
674,11.5912,s150,1626.93,576.39,696,33,33
674,11.5912,s150,1644.90,526.18,810,36,32
674,11.5912,s150,396.21,451.08,746,35,34
674,11.5912,s150,339.00,442.43,710,31,35
674,11.5912,s150,1064.53,174.15,786,33,37
674,11.5912,s150,385.82,89.46,686,31,32
674,11.5912,s150,337.17,84.96,681,31,33
674,11.5912,s150,483.30,66.92,801,36,35
674,11.5912,s150,884.36,65.31,777,33,36
674,11.5912,s150,442.66,58.55,857,36,37
675,11.6072,s150,1514.38,1046.20,909,35,37
675,11.6072,s150,854.55,603.59,774,35,32
675,11.6072,s150,1626.84,576.24,693,33,33
675,11.6072,s150,1644.95,526.09,804,36,32
675,11.6072,s150,396.17,451.05,743,35,35
675,11.6072,s150,339.10,442.35,707,31,35
675,11.6072,s150,1063.51,174.23,793,33,35
675,11.6072,s150,385.87,89.53,690,31,33
675,11.6072,s150,337.30,84.92,693,30,33
675,11.6072,s150,483.55,67.02,786,34,35
675,11.6072,s150,884.63,65.33,744,34,35
675,11.6072,s150,442.63,58.60,865,38,37
676,11.6232,s150,1513.51,1045.94,851,31,37
676,11.6232,s150,854.40,603.49,774,35,33
676,11.6232,s150,1626.80,576.38,694,33,33
676,11.6232,s150,1645.01,526.08,802,36,32
676,11.6232,s150,396.12,451.13,742,35,34
676,11.6232,s150,339.02,442.31,705,31,35
676,11.6232,s150,1062.58,174.14,794,34,34
676,11.6232,s150,385.74,89.58,679,31,32
676,11.6232,s150,337.20,85.07,682,31,32
676,11.6232,s150,483.71,67.76,758,38,33
676,11.6232,s150,884.21,66.36,681,34,33
676,11.6232,s150,442.68,58.64,867,37,38
677,11.6392,s150,1514.26,1046.19,902,36,37
677,11.6392,s150,854.42,603.98,815,36,32
677,11.6392,s150,1626.75,576.40,701,33,33
677,11.6392,s150,1644.83,526.12,805,36,32
677,11.6392,s150,396.19,451.05,747,35,36
677,11.6392,s150,339.02,442.39,708,31,35
677,11.6392,s150,1061.71,173.21,816,33,35
677,11.6392,s150,385.88,89.41,696,31,32
677,11.6392,s150,337.10,85.06,682,31,33
677,11.6392,s150,483.48,67.07,789,33,35
677,11.6392,s150,884.68,65.34,692,32,35
677,11.6392,s150,441.83,57.56,927,37,37
678,11.6552,s150,1513.43,1045.97,851,30,37
678,11.6552,s150,854.83,604.49,811,34,33
678,11.6552,s150,1626.73,576.35,699,32,33
678,11.6552,s150,1644.95,526.08,801,36,32
678,11.6552,s150,396.17,451.10,746,35,34
678,11.6552,s150,339.01,442.35,706,31,35
678,11.6552,s150,1060.50,172.86,817,34,35
678,11.6552,s150,385.77,89.49,688,31,33
678,11.6552,s150,337.09,85.15,680,31,32
678,11.6552,s150,483.50,67.10,786,34,35
678,11.6552,s150,884.72,65.53,668,32,35
678,11.6552,s150,442.69,58.58,866,36,36
679,11.6752,s150,1514.42,1046.15,907,36,37
679,11.6752,s150,855.18,604.86,816,35,35
679,11.6752,s150,1626.78,576.29,694,32,33
679,11.6752,s150,1644.99,526.06,807,36,33
679,11.6752,s150,396.16,451.02,741,35,35
679,11.6752,s150,339.00,442.25,710,31,35
679,11.6752,s150,1059.12,173.11,797,34,32
679,11.6752,s150,385.70,89.56,683,31,32
679,11.6752,s150,337.02,85.12,674,31,33
679,11.6752,s150,884.60,66.16,602,32,31
679,11.6752,s150,483.61,67.19,784,34,35
679,11.6752,s150,442.71,58.62,868,37,38
680,11.6912,s150,1513.44,1046.04,859,29,37
680,11.6912,s150,855.49,604.97,800,35,35
680,11.6912,s150,1626.91,576.35,698,33,33
680,11.6912,s150,1644.93,526.14,807,36,32
680,11.6912,s150,396.18,450.97,749,35,34
680,11.6912,s150,338.98,442.23,709,31,35
680,11.6912,s150,1057.96,172.31,796,34,33
680,11.6912,s150,385.73,89.44,684,32,32
680,11.6912,s150,337.18,84.99,684,31,33
680,11.6912,s150,884.94,66.16,577,32,31
680,11.6912,s150,483.33,66.95,801,36,35
680,11.6912,s150,442.64,58.60,865,37,38
681,11.7072,s150,1513.38,1045.90,862,30,37
681,11.7072,s150,855.41,605.60,785,35,34
681,11.7072,s150,1626.86,576.31,699,33,33
681,11.7072,s150,1644.84,526.14,807,36,32
681,11.7072,s150,396.18,451.03,738,35,34
681,11.7072,s150,339.03,442.37,715,31,35
681,11.7072,s150,1056.86,171.87,787,34,35
681,11.7072,s150,385.78,89.56,679,31,32
681,11.7072,s150,337.34,85.06,676,30,33
681,11.7072,s150,484.16,67.99,741,34,32
681,11.7072,s150,885.79,65.28,598,32,34
681,11.7072,s150,442.76,58.60,865,37,36
682,11.7232,s150,1513.47,1045.89,851,30,37
682,11.7232,s150,855.88,605.77,755,34,34
682,11.7232,s150,1626.87,576.29,697,33,33
682,11.7232,s150,1644.84,526.11,813,36,32
682,11.7232,s150,396.14,451.12,741,35,34
682,11.7232,s150,339.03,442.35,710,31,35
682,11.7232,s150,1055.63,171.41,794,33,36
682,11.7232,s150,385.74,89.47,676,30,32
682,11.7232,s150,337.23,85.06,676,31,33
682,11.7232,s150,483.41,67.17,793,37,35
682,11.7232,s150,886.20,65.24,560,31,32
682,11.7232,s150,442.72,58.65,866,36,36
683,11.7392,s150,1513.42,1046.07,868,30,37
683,11.7392,s150,855.48,606.47,783,34,34
683,11.7392,s150,1626.90,576.42,697,33,33
683,11.7392,s150,1644.91,526.10,801,36,32
683,11.7392,s150,396.23,451.07,737,35,35
683,11.7392,s150,339.01,442.36,709,31,35
683,11.7392,s150,1054.74,170.28,799,33,36
683,11.7392,s150,385.75,89.56,681,32,32
683,11.7392,s150,337.10,85.04,672,31,33
683,11.7392,s150,483.67,67.09,791,34,35
683,11.7392,s150,887.05,65.12,551,32,32
683,11.7392,s150,442.67,58.58,869,36,37
684,11.7552,s150,1513.40,1045.90,855,30,37
684,11.7552,s150,855.74,606.78,799,33,34
684,11.7552,s150,1626.78,576.33,706,33,33
684,11.7552,s150,1644.87,526.14,807,36,32
684,11.7552,s150,396.11,451.08,732,35,35
684,11.7552,s150,339.00,442.39,702,31,35
684,11.7552,s150,1053.80,169.41,784,33,36
684,11.7552,s150,385.64,89.40,684,32,33
684,11.7552,s150,337.11,85.07,675,31,33
684,11.7552,s150,483.61,67.07,787,34,35
684,11.7552,s150,887.82,64.92,526,32,31
684,11.7552,s150,441.88,57.53,921,37,37
685,11.7752,s150,1514.31,1046.11,907,35,37
685,11.7752,s150,855.15,607.18,748,31,34
685,11.7752,s150,1626.82,576.43,695,32,33
685,11.7752,s150,1644.90,526.11,810,36,32
685,11.7752,s150,396.20,451.03,748,35,34
685,11.7752,s150,339.12,442.34,705,31,35
685,11.7752,s150,1052.87,169.04,787,33,36
685,11.7752,s150,385.84,89.42,695,31,32
685,11.7752,s150,337.10,85.01,675,31,33
685,11.7752,s150,888.00,65.94,468,31,27
685,11.7752,s150,483.33,66.96,802,37,35
685,11.7752,s150,442.79,58.58,863,37,37
686,11.7912,s150,1514.36,1046.18,901,35,37
686,11.7912,s150,856.26,607.12,793,33,34
686,11.7912,s150,1626.79,576.34,698,33,33
686,11.7912,s150,1645.00,526.20,803,36,32
686,11.7912,s150,396.23,451.07,742,35,34
686,11.7912,s150,339.03,442.38,706,31,35
686,11.7912,s150,1051.76,168.41,762,33,35
686,11.7912,s150,385.74,89.57,688,31,32
686,11.7912,s150,337.06,85.06,679,31,33
686,11.7912,s150,484.31,68.08,734,33,32
686,11.7912,s150,889.48,64.97,479,32,29
686,11.7912,s150,442.76,58.62,859,37,37
687,11.8072,s150,1513.38,1045.93,863,31,37
687,11.8072,s150,857.25,607.09,755,33,34
687,11.8072,s150,1626.74,576.27,692,32,33
687,11.8072,s150,1644.93,526.14,797,36,32
687,11.8072,s150,396.25,451.05,739,35,34
687,11.8072,s150,339.13,442.31,705,31,35
687,11.8072,s150,1050.83,167.39,771,33,36
687,11.8072,s150,385.82,89.51,689,32,32
687,11.8072,s150,337.26,85.01,687,31,33
687,11.8072,s150,889.93,65.85,405,32,25
687,11.8072,s150,483.18,66.90,803,37,35
687,11.8072,s150,442.68,58.69,864,37,36
688,11.8232,s150,1513.51,1046.11,866,31,37
688,11.8232,s150,856.65,607.34,768,33,35
688,11.8232,s150,1626.90,576.37,697,33,33
688,11.8232,s150,1645.00,526.13,811,36,32
688,11.8232,s150,396.19,451.11,754,35,35
688,11.8232,s150,338.96,442.45,707,31,35
688,11.8232,s150,1050.12,166.61,754,33,36
688,11.8232,s150,385.82,89.57,682,31,32
688,11.8232,s150,337.17,84.93,684,30,33
688,11.8232,s150,891.19,66.16,367,32,23
688,11.8232,s150,484.18,67.95,742,35,32
688,11.8232,s150,442.66,58.70,872,38,36
689,11.8392,s150,1513.44,1045.98,852,30,37
689,11.8392,s150,856.64,607.71,762,34,33
689,11.8392,s150,1626.78,576.31,698,32,33
689,11.8392,s150,1645.07,526.11,805,36,32
689,11.8392,s150,396.23,451.13,739,35,35
689,11.8392,s150,339.06,442.37,711,31,35
689,11.8392,s150,1050.21,165.90,715,31,36
689,11.8392,s150,385.78,89.52,686,31,32
689,11.8392,s150,337.19,85.00,683,31,32
689,11.8392,s150,893.05,65.85,393,31,27
689,11.8392,s150,483.78,67.86,751,36,33
689,11.8392,s150,442.64,58.66,865,37,36
690,11.8592,s150,1514.39,1046.13,898,36,37
690,11.8592,s150,856.31,607.92,704,34,32
690,11.8592,s150,1626.75,576.41,699,32,33
690,11.8592,s150,1644.86,526.03,811,36,32
690,11.8592,s150,396.18,451.08,740,35,34
690,11.8592,s150,339.12,442.29,705,31,35
690,11.8592,s150,1049.64,165.37,710,32,36
690,11.8592,s150,385.74,89.44,687,31,32
690,11.8592,s150,337.14,85.13,671,31,33
690,11.8592,s150,893.71,67.57,340,31,23
690,11.8592,s150,483.57,67.19,790,33,35
690,11.8592,s150,441.93,57.66,930,36,37
691,11.8752,s150,1513.45,1045.97,857,31,37
691,11.8752,s150,856.94,608.71,635,33,32
691,11.8752,s150,1626.85,576.32,691,32,33
691,11.8752,s150,1645.00,526.07,800,36,32
691,11.8752,s150,396.11,451.08,746,35,34
691,11.8752,s150,339.00,442.47,706,31,35
691,11.8752,s150,1049.19,164.93,674,32,33
691,11.8752,s150,385.67,89.47,690,31,32
691,11.8752,s150,337.25,84.83,689,30,33
691,11.8752,s150,896.50,68.20,295,25,21
691,11.8752,s150,484.12,67.79,743,34,32
691,11.8752,s150,442.69,58.68,862,36,36
692,11.8912,s150,1513.38,1046.00,856,30,37
692,11.8912,s150,856.57,608.82,616,33,30
692,11.8912,s150,1626.69,576.32,700,33,33
692,11.8912,s150,1644.93,526.07,816,36,33
692,11.8912,s150,396.21,451.06,747,35,35
692,11.8912,s150,339.02,442.31,706,31,35
692,11.8912,s150,1048.88,164.15,645,32,32
692,11.8912,s150,385.65,89.42,686,31,33
692,11.8912,s150,336.95,85.09,679,31,33
692,11.8912,s150,898.64,68.10,308,24,24
692,11.8912,s150,483.65,67.01,779,34,35
692,11.8912,s150,442.70,58.56,871,36,38
693,11.9072,s150,1513.35,1045.92,857,31,37
693,11.9072,s150,857.02,609.15,533,30,28
693,11.9072,s150,1626.78,576.39,694,33,33
693,11.9072,s150,1644.89,526.03,808,36,33
693,11.9072,s150,396.10,451.04,746,35,36
693,11.9072,s150,339.11,442.45,704,31,35
693,11.9072,s150,1048.88,163.33,595,32,30
693,11.9072,s150,385.81,89.67,683,32,33
693,11.9072,s150,337.22,84.96,682,30,33
693,11.9072,s150,899.49,70.33,279,24,21
693,11.9072,s150,483.47,67.08,782,33,35
693,11.9072,s150,442.75,58.59,868,37,37
694,11.9232,s150,1513.44,1045.96,852,30,37
694,11.9232,s150,857.33,608.76,492,29,27
694,11.9232,s150,1626.85,576.31,698,33,33
694,11.9232,s150,1644.96,526.17,812,36,32
694,11.9232,s150,396.15,451.17,738,35,34
694,11.9232,s150,339.05,442.36,704,31,35
694,11.9232,s150,1048.56,162.58,510,32,27
694,11.9232,s150,385.83,89.51,675,30,33
694,11.9232,s150,337.16,85.01,684,31,33
694,11.9232,s150,900.91,72.05,264,22,21
694,11.9232,s150,483.70,67.83,756,36,32
694,11.9232,s150,441.83,57.58,924,37,37
695,11.9392,s150,1513.53,1045.85,859,30,37
695,11.9392,s150,857.05,608.74,447,29,26
695,11.9392,s150,1626.80,576.27,691,32,33
695,11.9392,s150,1644.98,526.06,807,36,32
695,11.9392,s150,396.23,451.08,741,35,34
695,11.9392,s150,339.10,442.25,713,31,35
695,11.9392,s150,1046.78,162.13,387,26,25
695,11.9392,s150,385.93,89.53,683,30,32
695,11.9392,s150,337.13,85.11,672,31,33
695,11.9392,s150,902.59,73.38,263,23,20
695,11.9392,s150,483.14,66.98,800,36,35
695,11.9392,s150,442.75,58.56,869,36,37
696,11.9592,s150,1513.43,1045.94,853,30,37
696,11.9592,s150,857.04,608.62,408,28,25
696,11.9592,s150,1626.84,576.36,702,33,33
696,11.9592,s150,1645.13,526.07,807,36,33
696,11.9592,s150,396.12,451.12,746,35,34
696,11.9592,s150,339.04,442.35,702,31,35
696,11.9592,s150,1047.13,160.75,338,24,22
696,11.9592,s150,385.73,89.64,682,31,32
696,11.9592,s150,337.13,85.04,671,31,33
696,11.9592,s150,904.36,75.27,274,25,21
696,11.9592,s150,483.03,66.91,812,36,35
696,11.9592,s150,441.91,57.52,933,36,37
697,11.9752,s150,1513.46,1046.01,849,31,37
697,11.9752,s150,856.92,608.54,390,27,24
697,11.9752,s150,1626.84,576.35,690,32,33
697,11.9752,s150,1645.03,526.09,806,36,32
697,11.9752,s150,396.21,451.14,739,35,35
697,11.9752,s150,339.10,442.36,712,31,35
697,11.9752,s150,1046.54,159.45,242,21,21
697,11.9752,s150,385.80,89.49,681,30,32
697,11.9752,s150,337.16,85.00,682,30,33
697,11.9752,s150,906.10,77.06,274,24,21
697,11.9752,s150,483.17,66.95,804,37,35
697,11.9752,s150,441.97,57.55,929,38,37
698,11.9912,s150,1513.34,1045.88,858,30,37
698,11.9912,s150,857.08,607.98,345,26,23
698,11.9912,s150,1626.88,576.30,697,32,33
698,11.9912,s150,1644.94,526.04,805,36,32
698,11.9912,s150,396.11,451.01,748,35,35
698,11.9912,s150,339.05,442.30,709,31,35
698,11.9912,s150,385.63,89.52,680,31,32
698,11.9912,s150,907.94,79.19,272,22,21
698,11.9912,s150,337.10,84.97,680,31,33
698,11.9912,s150,483.72,67.84,761,38,32
698,11.9912,s150,442.63,58.50,867,36,37
699,12.0527,stop,1514.31,1046.17,897,36,37
699,12.0527,stop,856.95,607.01,334,26,23
699,12.0527,stop,1626.79,576.30,697,32,33
699,12.0527,stop,1644.93,526.14,809,36,33
699,12.0527,stop,395.51,451.62,791,35,34
699,12.0527,stop,339.00,442.35,710,31,35
699,12.0527,stop,385.75,89.61,676,31,32
699,12.0527,stop,909.81,81.70,258,22,20
699,12.0527,stop,337.06,85.04,674,31,33
699,12.0527,stop,484.20,68.02,737,34,32
699,12.0527,stop,442.61,58.63,866,37,38
700,12.1119,stop,1514.39,1046.15,904,36,37
700,12.1119,stop,856.97,605.72,316,22,22
700,12.1119,stop,1626.78,576.34,699,32,33
700,12.1119,stop,1644.93,526.16,804,36,33
700,12.1119,stop,396.05,451.00,745,35,34
700,12.1119,stop,339.04,442.30,707,31,35
700,12.1119,stop,911.69,83.93,261,22,20
700,12.1119,stop,385.74,89.52,688,31,32
700,12.1119,stop,337.25,85.01,682,31,33
700,12.1119,stop,483.46,67.11,788,34,35
700,12.1119,stop,442.66,58.62,869,36,36
701,12.1708,stop,1513.44,1045.91,861,31,37
701,12.1708,stop,857.54,604.21,312,23,23
701,12.1708,stop,1626.73,576.22,694,32,33
701,12.1708,stop,1644.95,526.18,805,36,32
701,12.1708,stop,396.20,450.79,742,35,35
701,12.1708,stop,339.08,442.40,710,31,35
701,12.1708,stop,913.47,86.44,258,22,22
701,12.1708,stop,385.58,89.59,673,31,32
701,12.1708,stop,337.26,85.02,682,31,33
701,12.1708,stop,484.07,67.96,738,33,32
701,12.1708,stop,441.90,57.65,926,36,37
702,12.2298,stop,1513.34,1045.95,858,30,37
702,12.2298,stop,857.75,602.77,314,22,23
702,12.2298,stop,1626.84,576.39,699,32,33
702,12.2298,stop,1644.91,526.14,812,36,32
702,12.2298,stop,396.23,450.95,743,35,34
702,12.2298,stop,338.92,442.37,712,31,35
702,12.2298,stop,915.13,89.20,269,22,20
702,12.2298,stop,385.72,89.48,681,31,32
702,12.2298,stop,337.18,85.17,684,31,33
702,12.2298,stop,483.72,67.90,756,37,32
702,12.2298,stop,442.72,58.56,869,36,37
703,12.2890,stop,1513.43,1045.95,857,29,37
703,12.2890,stop,858.74,600.34,325,21,23
703,12.2890,stop,1626.83,576.31,700,32,33
703,12.2890,stop,1644.93,526.09,805,36,32
703,12.2890,stop,396.17,450.99,745,35,35
703,12.2890,stop,338.98,442.36,712,31,35
703,12.2890,stop,916.73,91.97,272,21,22
703,12.2890,stop,385.85,89.53,684,32,32
703,12.2890,stop,337.14,85.17,676,31,33
703,12.2890,stop,483.60,66.97,792,34,35
703,12.2890,stop,442.76,58.64,869,38,37
704,12.3481,stop,1513.43,1045.90,870,30,38
704,12.3481,stop,863.74,592.42,464,25,29
704,12.3481,stop,1626.72,576.30,694,32,33
704,12.3481,stop,1644.92,526.11,805,36,33
704,12.3481,stop,396.22,450.82,746,35,34
704,12.3481,stop,339.07,442.33,700,31,35
704,12.3481,stop,924.79,105.14,259,20,20
704,12.3481,stop,385.80,89.55,684,30,32
704,12.3481,stop,337.19,84.92,686,31,33
704,12.3481,stop,483.54,67.02,782,33,35
704,12.3481,stop,442.60,58.58,870,36,38
705,12.4109,stop,1513.40,1046.02,858,31,37
705,12.4109,stop,867.91,584.50,504,25,30
705,12.4109,stop,1626.88,576.32,696,33,33
705,12.4109,stop,1645.00,525.99,801,36,32
705,12.4109,stop,396.19,450.99,737,35,34
705,12.4109,stop,339.03,442.31,703,31,35
705,12.4109,stop,1059.18,178.48,307,23,21
705,12.4109,stop,931.18,115.73,231,19,19
705,12.4109,stop,385.83,89.59,681,31,32
705,12.4109,stop,337.16,85.03,683,31,33
705,12.4109,stop,483.90,67.80,748,36,32
705,12.4109,stop,442.62,58.60,873,37,37
706,12.4211,stop,1514.23,1046.16,908,35,37
706,12.4211,stop,1626.79,576.34,698,32,33
706,12.4211,stop,875.81,572.34,557,27,31
706,12.4211,stop,1644.90,526.04,799,36,32
706,12.4211,stop,396.18,450.86,737,35,34
706,12.4211,stop,339.03,442.38,711,31,35
706,12.4211,stop,1068.01,189.56,400,26,25
706,12.4211,stop,937.64,133.99,319,28,20
706,12.4211,stop,385.66,89.52,683,31,32
706,12.4211,stop,337.09,84.99,679,31,33
706,12.4211,stop,483.33,67.03,802,36,35
706,12.4211,stop,441.94,57.57,926,37,37
707,12.4312,stop,1513.44,1045.99,853,30,37
707,12.4312,stop,1626.92,576.37,704,32,33
707,12.4312,stop,883.37,563.46,525,26,30
707,12.4312,stop,1644.98,526.07,801,36,32
707,12.4312,stop,396.17,451.06,750,35,36
707,12.4312,stop,339.06,442.34,702,31,35
707,12.4312,stop,1074.37,198.78,319,21,22
707,12.4312,stop,947.87,146.56,291,21,26
707,12.4312,stop,385.78,89.42,697,31,32
707,12.4312,stop,337.16,84.99,673,31,32
707,12.4312,stop,483.29,66.93,803,36,35
707,12.4312,stop,441.84,57.48,922,36,37
708,12.4423,stop,1513.48,1045.94,845,30,37
708,12.4423,stop,1626.80,576.31,698,32,33
708,12.4423,stop,896.17,553.57,514,26,30
708,12.4423,stop,1644.90,526.14,803,36,32
708,12.4423,stop,396.12,451.00,739,35,35
708,12.4423,stop,339.11,442.37,698,31,35
708,12.4423,stop,1079.68,213.29,233,19,23
708,12.4423,stop,959.05,169.55,261,19,21
708,12.4423,stop,385.78,89.62,690,32,32
708,12.4423,stop,337.11,84.99,682,31,33
708,12.4423,stop,483.30,67.04,807,37,35
708,12.4423,stop,442.70,58.62,869,36,38
709,12.4524,stop,1513.47,1046.05,857,31,37
709,12.4524,stop,1626.91,576.35,692,33,33
709,12.4524,stop,910.66,542.23,473,26,30
709,12.4524,stop,1644.96,526.12,807,36,32
709,12.4524,stop,396.21,450.96,743,35,34
709,12.4524,stop,339.11,442.33,701,31,35
709,12.4524,stop,1082.27,231.67,303,21,29
709,12.4524,stop,974.46,191.95,347,21,27
709,12.4524,stop,385.62,89.40,670,30,32
709,12.4524,stop,337.08,85.05,675,31,32
709,12.4524,stop,483.79,67.85,765,37,32
709,12.4524,stop,442.67,58.66,868,38,37
710,12.4620,stop,1513.47,1046.10,857,31,38
710,12.4620,stop,1626.86,576.35,695,32,33
710,12.4620,stop,914.77,538.79,488,25,30
710,12.4620,stop,1644.83,526.07,801,36,32
710,12.4620,stop,396.07,451.13,743,35,34
710,12.4620,stop,338.96,442.37,699,31,35
710,12.4620,stop,1082.76,236.43,319,21,27
710,12.4620,stop,978.17,197.71,358,20,27
710,12.4620,stop,385.58,89.49,684,31,32
710,12.4620,stop,337.31,85.07,682,31,33
710,12.4620,stop,483.14,66.95,807,36,35
710,12.4620,stop,442.66,58.66,858,37,37
711,12.4752,stop,1513.47,1045.96,858,30,37
711,12.4752,stop,1626.87,576.33,698,33,33
711,12.4752,stop,918.97,535.18,478,25,29
711,12.4752,stop,1644.92,525.99,811,36,33
711,12.4752,stop,396.21,450.91,752,35,35
711,12.4752,stop,339.07,442.29,707,31,35
711,12.4752,stop,1083.19,241.10,322,20,28
711,12.4752,stop,981.91,204.47,357,21,27
711,12.4752,stop,385.82,89.41,678,31,32
711,12.4752,stop,337.17,85.04,696,31,33
711,12.4752,stop,483.64,67.88,765,36,32
711,12.4752,stop,442.66,58.62,862,36,36
712,12.4912,stop,1513.54,1045.97,845,31,37
712,12.4912,stop,1626.72,576.34,698,32,33
712,12.4912,stop,922.55,531.05,543,32,29
712,12.4912,stop,1644.95,526.08,803,36,32
712,12.4912,stop,396.27,451.01,744,35,34
712,12.4912,stop,338.99,442.37,707,31,35
712,12.4912,stop,1083.51,246.35,344,21,30
712,12.4912,stop,986.20,211.41,341,22,27
712,12.4912,stop,385.77,89.45,679,31,32
712,12.4912,stop,337.20,85.12,680,31,33
712,12.4912,stop,484.28,68.11,731,34,32
712,12.4912,stop,442.69,58.61,874,36,37
713,12.5072,stop,1513.35,1046.00,854,31,37
713,12.5072,stop,1626.78,576.42,701,33,33
713,12.5072,stop,926.87,527.25,582,32,30
713,12.5072,stop,1644.87,526.13,802,36,32
713,12.5072,stop,396.21,450.90,740,35,34
713,12.5072,stop,339.01,442.46,707,31,35
713,12.5072,stop,1083.86,250.89,334,20,24
713,12.5072,stop,989.72,219.10,315,21,22
713,12.5072,stop,385.73,89.55,681,31,33
713,12.5072,stop,337.14,85.00,680,31,33
713,12.5072,stop,483.65,67.84,754,37,32
713,12.5072,stop,442.60,58.60,855,37,37
714,12.5232,stop,1514.38,1046.14,896,36,37
714,12.5232,stop,1626.75,576.27,695,32,33
714,12.5232,stop,1644.87,526.19,809,36,32
714,12.5232,stop,931.46,523.07,581,32,29
714,12.5232,stop,396.24,451.18,734,35,34
714,12.5232,stop,339.09,442.34,705,31,35
714,12.5232,stop,1084.12,256.54,348,21,23
714,12.5232,stop,994.08,225.78,326,22,22
714,12.5232,stop,385.74,89.47,690,31,32
714,12.5232,stop,337.23,84.97,674,30,33
714,12.5232,stop,484.20,67.99,738,33,32
714,12.5232,stop,442.70,58.50,869,38,38
715,12.5392,stop,1513.48,1046.02,852,31,37
715,12.5392,stop,1626.80,576.31,692,32,33
715,12.5392,stop,1644.98,526.13,815,36,32
715,12.5392,stop,936.17,519.04,611,33,30
715,12.5392,stop,396.19,451.17,742,35,35
715,12.5392,stop,339.06,442.32,712,31,35
715,12.5392,stop,1084.40,262.57,358,21,23
715,12.5392,stop,997.95,232.50,353,23,23
715,12.5392,stop,385.74,89.56,687,31,32
715,12.5392,stop,337.10,85.10,674,31,33
715,12.5392,stop,484.16,67.96,739,33,32
715,12.5392,stop,442.75,58.70,867,36,38
716,12.5592,stop,1514.47,1046.17,901,36,37
716,12.5592,stop,1626.83,576.26,696,32,33
716,12.5592,stop,1644.89,526.21,803,36,32
716,12.5592,stop,941.19,514.72,599,32,30
716,12.5592,stop,396.14,451.04,752,35,34
716,12.5592,stop,339.09,442.38,705,31,35
716,12.5592,stop,1084.51,268.69,378,22,23
716,12.5592,stop,1002.15,239.29,393,25,25
716,12.5592,stop,385.98,89.49,687,31,33
716,12.5592,stop,337.09,85.02,678,31,33
716,12.5592,stop,483.52,67.12,787,34,35
716,12.5592,stop,442.73,58.52,863,37,37
717,12.5752,stop,1514.30,1046.11,900,36,37
717,12.5752,stop,1626.85,576.34,698,32,33
717,12.5752,stop,1644.95,526.25,805,36,32
717,12.5752,stop,946.56,510.26,609,31,31
717,12.5752,stop,396.17,450.95,748,35,35
717,12.5752,stop,339.08,442.32,711,31,35
717,12.5752,stop,1084.70,274.81,393,23,25
717,12.5752,stop,1006.85,246.57,402,25,24
717,12.5752,stop,385.76,89.51,685,32,32
717,12.5752,stop,337.05,84.94,677,31,33
717,12.5752,stop,483.71,67.79,761,38,32
717,12.5752,stop,442.63,58.51,863,36,37
718,12.5912,stop,1514.40,1046.16,901,36,37
718,12.5912,stop,1626.88,576.38,689,32,33
718,12.5912,stop,1644.96,526.12,816,36,32
718,12.5912,stop,951.95,506.19,591,31,30
718,12.5912,stop,396.18,451.13,744,35,34
718,12.5912,stop,339.07,442.31,699,31,35
718,12.5912,stop,1084.23,280.56,442,22,28
718,12.5912,stop,1011.24,253.21,406,25,24
718,12.5912,stop,385.89,89.54,683,31,32
718,12.5912,stop,337.12,85.02,676,31,33
718,12.5912,stop,483.51,67.08,780,33,35
718,12.5912,stop,442.71,58.62,866,38,37
719,12.6072,stop,1513.35,1045.99,862,31,37
719,12.6072,stop,1626.76,576.28,695,32,33
719,12.6072,stop,1644.89,526.16,797,36,32
719,12.6072,stop,957.48,502.09,568,33,30
719,12.6072,stop,395.08,452.67,722,35,32
719,12.6072,stop,339.04,442.40,701,31,35
719,12.6072,stop,1084.07,286.89,482,22,29
719,12.6072,stop,1015.22,261.31,472,30,26
719,12.6072,stop,385.75,89.55,684,31,33
719,12.6072,stop,337.10,85.11,671,30,33
719,12.6072,stop,484.22,67.90,731,33,32
719,12.6072,stop,442.75,58.64,863,36,37
720,12.6232,stop,1514.40,1046.14,908,36,37
720,12.6232,stop,1626.90,576.31,687,33,33
720,12.6232,stop,1644.83,526.11,807,36,32
720,12.6232,stop,963.22,496.90,604,29,31
720,12.6232,stop,396.13,451.02,738,35,35
720,12.6232,stop,339.10,442.34,700,31,35
720,12.6232,stop,1083.92,293.39,487,22,29
720,12.6232,stop,1020.51,269.06,507,30,25
720,12.6232,stop,385.81,89.52,686,31,32
720,12.6232,stop,337.18,84.93,679,31,33
720,12.6232,stop,483.73,67.75,763,37,32
720,12.6232,stop,442.68,58.55,870,38,37
721,12.6432,stop,1514.27,1046.14,908,36,37
721,12.6432,stop,1626.79,576.42,700,32,33
721,12.6432,stop,1645.03,526.17,799,36,32
721,12.6432,stop,968.10,491.50,669,32,31
721,12.6432,stop,396.33,451.06,735,35,34
721,12.6432,stop,339.07,442.37,704,31,35
721,12.6432,stop,1084.02,300.04,482,23,29
721,12.6432,stop,1026.34,276.15,555,30,29
721,12.6432,stop,385.73,89.49,676,29,33
721,12.6432,stop,337.18,84.99,668,30,33
721,12.6432,stop,484.09,68.06,748,34,32
721,12.6432,stop,441.92,57.54,925,36,38
722,12.6592,stop,1513.51,1046.10,855,31,37
722,12.6592,stop,1626.88,576.36,696,33,33
722,12.6592,stop,1645.04,526.12,805,36,32
722,12.6592,stop,974.34,486.87,638,29,30
722,12.6592,stop,396.05,451.01,746,35,34
722,12.6592,stop,339.15,442.29,702,31,35
722,12.6592,stop,1083.80,306.39,459,23,28
722,12.6592,stop,1032.07,283.75,565,30,30
722,12.6592,stop,385.76,89.52,689,31,32
722,12.6592,stop,337.17,85.00,673,31,33
722,12.6592,stop,483.76,67.87,755,37,32
722,12.6592,stop,442.64,58.57,868,36,38
723,12.6752,stop,1513.45,1045.99,850,31,37
723,12.6752,stop,1626.88,576.34,688,32,33
723,12.6752,stop,1645.02,526.13,808,36,32
723,12.6752,stop,979.14,480.71,659,33,31
723,12.6752,stop,396.16,451.06,745,35,34
723,12.6752,stop,339.11,442.36,709,31,35
723,12.6752,stop,1082.50,312.46,502,25,30
723,12.6752,stop,1037.32,291.08,593,30,31
723,12.6752,stop,385.72,89.41,690,31,34
723,12.6752,stop,337.29,85.03,676,31,33
723,12.6752,stop,484.28,68.02,747,34,32
723,12.6752,stop,442.71,58.64,866,36,38
724,12.6912,stop,1513.38,1045.99,852,30,37
724,12.6912,stop,1626.76,576.36,695,33,33
724,12.6912,stop,1644.93,526.16,811,36,33
724,12.6912,stop,984.96,475.48,687,32,31
724,12.6912,stop,396.12,450.96,753,35,34
724,12.6912,stop,338.99,442.29,707,31,35
724,12.6912,stop,1081.72,318.88,494,25,30
724,12.6912,stop,1042.98,298.63,634,31,31
724,12.6912,stop,385.72,89.47,688,32,32
724,12.6912,stop,337.14,85.05,675,31,33
724,12.6912,stop,484.27,68.00,733,33,32
724,12.6912,stop,442.69,58.50,865,38,38
725,12.7072,stop,1513.48,1045.96,851,30,37
725,12.7072,stop,1626.85,576.21,698,33,33
725,12.7072,stop,1644.86,526.17,801,36,32
725,12.7072,stop,991.02,469.95,719,33,32
725,12.7072,stop,396.19,450.99,736,35,34
725,12.7072,stop,339.03,442.46,711,31,35
725,12.7072,stop,1082.87,326.29,487,24,30
725,12.7072,stop,1047.06,305.76,675,32,32
725,12.7072,stop,385.75,89.57,686,31,32
725,12.7072,stop,337.18,85.05,670,30,33
725,12.7072,stop,483.25,66.99,813,36,35
725,12.7072,stop,442.64,58.57,862,37,37
726,12.7233,stop,1513.35,1045.92,850,30,37
726,12.7233,stop,1626.76,576.31,696,32,33
726,12.7233,stop,1644.95,526.20,806,36,32
726,12.7233,stop,997.04,464.09,752,33,33
726,12.7233,stop,396.20,451.06,739,35,35
726,12.7233,stop,339.11,442.39,704,31,35
726,12.7233,stop,1084.55,334.52,469,23,31
726,12.7233,stop,1049.70,312.24,694,33,32
726,12.7233,stop,385.76,89.45,691,32,32
726,12.7233,stop,337.24,85.06,680,31,33
726,12.7233,stop,483.82,67.84,762,36,32
726,12.7233,stop,442.59,58.50,869,38,38
727,12.7432,stop,1513.37,1045.94,861,30,37
727,12.7432,stop,1626.80,576.23,697,32,33
727,12.7432,stop,1645.01,526.04,811,36,33
727,12.7432,stop,1002.95,458.28,768,33,33
727,12.7432,stop,396.14,450.97,745,35,35
727,12.7432,stop,338.98,442.37,708,31,35
727,12.7432,stop,1086.39,342.58,436,23,31
727,12.7432,stop,1051.83,318.63,644,32,31
727,12.7432,stop,385.77,89.56,678,32,32
727,12.7432,stop,337.00,85.01,675,31,33
727,12.7432,stop,483.74,67.85,751,36,32
727,12.7432,stop,442.66,58.60,865,36,37
728,12.7592,stop,1513.37,1045.96,856,30,37
728,12.7592,stop,1626.78,576.34,691,32,33
728,12.7592,stop,1645.02,526.03,799,36,32
728,12.7592,stop,1009.14,452.45,796,33,34
728,12.7592,stop,396.21,450.95,734,35,35
728,12.7592,stop,339.01,442.38,711,31,35
728,12.7592,stop,1088.56,351.20,418,22,30
728,12.7592,stop,1054.02,324.63,639,32,30
728,12.7592,stop,385.84,89.47,679,31,32
728,12.7592,stop,337.11,85.01,677,31,33
728,12.7592,stop,483.58,67.08,784,34,35
728,12.7592,stop,442.65,58.55,863,37,37
729,12.7752,stop,1513.40,1045.93,858,31,37
729,12.7752,stop,1626.83,576.33,700,33,33
729,12.7752,stop,1644.93,526.10,813,36,32
729,12.7752,stop,396.26,450.99,734,35,34
729,12.7752,stop,1015.39,446.12,835,33,34
729,12.7752,stop,339.03,442.34,710,31,35
729,12.7752,stop,1090.34,360.05,393,20,30
729,12.7752,stop,1057.08,330.27,630,31,31
729,12.7752,stop,385.78,89.49,677,31,32
729,12.7752,stop,337.14,85.12,669,30,33
729,12.7752,stop,483.63,67.11,784,33,34
729,12.7752,stop,442.72,58.55,871,38,37
730,12.7912,stop,1513.40,1045.97,862,30,37
730,12.7912,stop,1626.85,576.38,697,32,33
730,12.7912,stop,1644.99,526.11,803,36,32
730,12.7912,stop,396.18,450.93,743,35,35
730,12.7912,stop,338.99,442.31,701,31,35
730,12.7912,stop,1021.79,439.87,896,34,35
730,12.7912,stop,1091.86,368.43,368,20,31
730,12.7912,stop,1059.72,336.71,695,33,31
730,12.7912,stop,385.83,89.47,686,32,33
730,12.7912,stop,337.10,85.20,683,32,32
730,12.7912,stop,483.66,67.13,785,33,35
730,12.7912,stop,441.85,57.50,923,37,38
731,12.8072,stop,1513.30,1045.93,864,30,38
731,12.8072,stop,1626.78,576.25,697,32,33
731,12.8072,stop,1644.89,526.19,804,36,33
731,12.8072,stop,395.45,451.64,787,35,35
731,12.8072,stop,338.94,442.36,710,31,35
731,12.8072,stop,1027.91,433.41,948,36,38
731,12.8072,stop,1093.21,377.13,339,19,28
731,12.8072,stop,1062.49,342.95,734,32,33
731,12.8072,stop,385.96,89.43,695,32,32
731,12.8072,stop,337.10,85.03,674,31,33
731,12.8072,stop,483.66,67.03,791,33,35
731,12.8072,stop,442.63,58.58,864,36,38
732,12.8232,stop,1513.34,1045.95,853,31,37
732,12.8232,stop,1626.82,576.39,697,33,33
732,12.8232,stop,1644.92,526.11,808,36,32
732,12.8232,stop,396.15,451.12,744,35,35
732,12.8232,stop,339.03,442.27,715,31,35
732,12.8232,stop,1034.17,427.15,952,36,36
732,12.8232,stop,1094.11,385.79,324,18,29
732,12.8232,stop,1065.20,348.96,759,33,34
732,12.8232,stop,385.73,89.39,683,30,32
732,12.8232,stop,337.07,85.05,683,30,33
732,12.8232,stop,483.21,66.98,802,36,34
732,12.8232,stop,442.60,58.55,868,37,37
733,12.8432,stop,1513.40,1046.03,856,30,37
733,12.8432,stop,1626.88,576.36,693,33,33
733,12.8432,stop,1644.93,526.16,806,36,32
733,12.8432,stop,396.18,450.88,739,35,34
733,12.8432,stop,339.02,442.33,710,31,35
733,12.8432,stop,1041.12,420.53,905,34,37
733,12.8432,stop,1094.57,394.60,333,17,29
733,12.8432,stop,1068.18,355.35,808,33,35
733,12.8432,stop,385.85,89.60,685,32,32
733,12.8432,stop,337.21,85.05,685,31,33
733,12.8432,stop,484.09,68.01,737,33,32
733,12.8432,stop,441.83,57.47,931,36,38
734,12.8592,stop,1513.42,1045.94,859,30,37
734,12.8592,stop,1626.80,576.24,696,33,33
734,12.8592,stop,1644.96,526.12,807,36,33
734,12.8592,stop,396.26,450.98,740,35,34
734,12.8592,stop,338.99,442.37,704,31,35
734,12.8592,stop,1048.18,414.36,832,33,35
734,12.8592,stop,1094.32,402.80,350,17,30
734,12.8592,stop,1071.31,361.79,858,33,36
734,12.8592,stop,385.71,89.47,686,33,32
734,12.8592,stop,337.13,85.10,669,31,33
734,12.8592,stop,484.19,67.95,742,34,32
734,12.8592,stop,442.63,58.53,871,37,37
735,12.8752,stop,1514.33,1046.18,909,36,37
735,12.8752,stop,1626.84,576.32,690,32,33
735,12.8752,stop,1644.93,526.16,804,36,32
735,12.8752,stop,396.19,451.04,740,35,35
735,12.8752,stop,339.06,442.43,712,31,35
735,12.8752,stop,1095.53,410.95,393,22,30
735,12.8752,stop,1053.58,407.34,773,32,33
735,12.8752,stop,1074.63,368.36,907,33,36
735,12.8752,stop,385.73,89.43,685,32,33
735,12.8752,stop,337.20,84.95,675,31,33
735,12.8752,stop,483.25,66.87,803,36,35
735,12.8752,stop,441.87,57.49,932,36,37
736,12.8912,stop,1513.44,1045.87,851,30,37
736,12.8912,stop,1626.83,576.34,693,32,33
736,12.8912,stop,1644.98,526.15,807,36,32
736,12.8912,stop,396.14,451.11,738,35,34
736,12.8912,stop,339.02,442.30,706,31,35
736,12.8912,stop,1098.31,419.09,375,23,30
736,12.8912,stop,1078.55,373.65,888,34,35
736,12.8912,stop,1055.56,402.71,734,32,34
736,12.8912,stop,385.65,89.45,685,31,32
736,12.8912,stop,337.22,84.98,684,30,33
736,12.8912,stop,484.29,67.90,739,33,32
736,12.8912,stop,442.64,58.55,860,37,36
737,12.9072,stop,1513.53,1046.01,866,31,37
737,12.9072,stop,1626.90,576.37,694,32,33
737,12.9072,stop,1644.96,526.22,803,36,32
737,12.9072,stop,396.17,451.15,743,35,34
737,12.9072,stop,338.99,442.34,714,31,35
737,12.9072,stop,1101.33,427.78,335,21,29
737,12.9072,stop,1055.19,401.14,788,34,35
737,12.9072,stop,1084.39,375.14,839,32,33
737,12.9072,stop,385.66,89.60,675,31,32
737,12.9072,stop,337.21,85.03,672,30,33
737,12.9072,stop,483.61,67.10,783,34,35
737,12.9072,stop,442.58,58.62,864,36,37
738,12.9232,stop,1513.48,1046.01,854,31,37
738,12.9232,stop,1626.81,576.27,696,32,33
738,12.9232,stop,1644.99,526.07,807,36,33
738,12.9232,stop,396.17,450.96,746,35,34
738,12.9232,stop,339.02,442.31,711,31,35
738,12.9232,stop,1103.85,436.63,330,20,29
738,12.9232,stop,1054.28,400.19,821,34,35
738,12.9232,stop,1090.59,376.04,781,33,33
738,12.9232,stop,385.85,89.46,685,31,32
738,12.9232,stop,337.15,84.81,683,30,33
738,12.9232,stop,483.64,67.84,755,37,32
738,12.9232,stop,442.73,58.64,862,37,36
739,12.9432,stop,1513.28,1045.96,857,30,37
739,12.9432,stop,1626.90,576.36,696,33,33
739,12.9432,stop,1645.02,526.16,807,36,32
739,12.9432,stop,396.30,451.03,739,35,34
739,12.9432,stop,1105.93,445.12,319,20,27
739,12.9432,stop,339.03,442.38,710,31,35
739,12.9432,stop,1053.68,397.77,852,34,36
739,12.9432,stop,1097.07,377.80,767,33,34
739,12.9432,stop,385.67,89.45,689,31,32
739,12.9432,stop,337.17,84.96,675,30,33
739,12.9432,stop,483.20,66.91,813,36,35
739,12.9432,stop,442.58,58.57,863,37,38
740,12.9592,stop,1514.20,1046.09,912,36,37
740,12.9592,stop,1626.81,576.38,694,32,33
740,12.9592,stop,1644.99,526.05,803,36,32
740,12.9592,stop,1107.35,453.83,315,20,27
740,12.9592,stop,396.19,450.93,740,35,35
740,12.9592,stop,339.00,442.40,709,31,35
740,12.9592,stop,1053.66,395.69,821,33,36
740,12.9592,stop,1103.13,379.36,722,33,34
740,12.9592,stop,385.91,89.55,689,31,33
740,12.9592,stop,337.18,84.97,673,30,33
740,12.9592,stop,483.20,66.97,806,36,35
740,12.9592,stop,442.65,58.58,865,37,37
741,12.9752,stop,1513.34,1045.89,859,31,37
741,12.9752,stop,1626.87,576.24,689,32,33
741,12.9752,stop,1644.94,526.12,809,36,32
741,12.9752,stop,1108.56,462.98,338,20,29
741,12.9752,stop,396.12,451.20,741,35,35
741,12.9752,stop,339.12,442.32,702,31,35
741,12.9752,stop,1054.03,394.45,758,33,36
741,12.9752,stop,1109.37,380.51,659,30,33
741,12.9752,stop,385.83,89.39,691,32,32
741,12.9752,stop,337.18,85.07,682,30,33
741,12.9752,stop,483.62,67.14,788,33,35
741,12.9752,stop,442.65,58.56,868,38,37
742,12.9912,stop,1513.38,1045.92,860,31,37
742,12.9912,stop,1626.78,576.41,697,32,33
742,12.9912,stop,1644.93,526.02,808,36,32
742,12.9912,stop,1109.71,471.33,336,21,27
742,12.9912,stop,396.14,451.10,734,35,34
742,12.9912,stop,339.07,442.46,705,31,35
742,12.9912,stop,1054.19,392.06,738,33,36
742,12.9912,stop,1115.28,381.96,561,28,32
742,12.9912,stop,385.72,89.53,680,31,32
742,12.9912,stop,337.26,84.95,701,31,33
742,12.9912,stop,484.19,68.03,733,34,32
742,12.9912,stop,441.92,57.47,919,36,37
743,13.0072,stop,1513.47,1046.02,864,31,37
743,13.0072,stop,1626.72,576.35,700,33,33
743,13.0072,stop,1645.00,526.02,806,36,32
743,13.0072,stop,1110.35,480.46,356,22,27
743,13.0072,stop,396.27,451.07,739,35,36
743,13.0072,stop,339.01,442.39,711,31,35
743,13.0072,stop,1054.60,389.79,726,33,35
743,13.0072,stop,1121.21,383.14,490,25,31
743,13.0072,stop,385.80,89.59,684,31,32
743,13.0072,stop,337.13,84.93,683,30,33
743,13.0072,stop,483.39,66.96,786,33,35
743,13.0072,stop,442.68,58.56,863,36,37
744,13.0232,stop,1513.41,1046.06,854,30,37
744,13.0232,stop,1626.80,576.34,699,32,33
744,13.0232,stop,1644.87,526.02,802,36,32
744,13.0232,stop,1110.56,489.17,388,23,28
744,13.0232,stop,396.10,450.97,746,35,35
744,13.0232,stop,339.07,442.31,705,31,35
744,13.0232,stop,1127.19,384.47,409,24,28
744,13.0232,stop,1055.43,387.69,712,33,34
744,13.0232,stop,385.83,89.66,689,32,32
744,13.0232,stop,337.23,85.03,687,30,33
744,13.0232,stop,483.72,67.19,787,34,35
744,13.0232,stop,442.69,58.70,864,37,36
745,13.0432,stop,1514.47,1046.12,915,36,37
745,13.0432,stop,1626.75,576.41,699,33,33
745,13.0432,stop,1644.92,526.20,806,36,32
745,13.0432,stop,1110.67,497.94,431,25,29
745,13.0432,stop,396.31,451.01,747,35,34
745,13.0432,stop,339.11,442.44,705,31,35
745,13.0432,stop,1132.23,386.63,345,22,24
745,13.0432,stop,1056.39,385.84,668,33,33
745,13.0432,stop,385.85,89.54,677,31,32
745,13.0432,stop,337.08,85.08,675,31,33
745,13.0432,stop,483.34,67.00,809,37,35
745,13.0432,stop,441.92,57.58,921,37,37
746,13.0592,stop,1513.43,1046.00,854,31,37
746,13.0592,stop,1626.77,576.28,696,33,33
746,13.0592,stop,1644.95,526.16,811,36,32
746,13.0592,stop,1110.22,505.93,465,25,31
746,13.0592,stop,396.12,450.99,747,35,35
746,13.0592,stop,339.04,442.41,702,31,35
746,13.0592,stop,1136.88,388.65,314,20,26
746,13.0592,stop,1056.95,384.12,643,32,31
746,13.0592,stop,385.84,89.50,680,30,32
746,13.0592,stop,337.22,85.01,680,31,33
746,13.0592,stop,483.46,67.02,787,34,35
746,13.0592,stop,442.59,58.59,870,37,36
747,13.0752,stop,1514.46,1046.26,899,36,37
747,13.0752,stop,1626.78,576.33,694,33,33
747,13.0752,stop,1644.92,526.18,803,36,32
747,13.0752,stop,1109.79,514.41,502,25,31
747,13.0752,stop,396.17,451.03,746,35,34
747,13.0752,stop,339.08,442.47,711,31,35
747,13.0752,stop,1140.85,390.21,300,19,28
747,13.0752,stop,1057.90,382.71,632,33,32
747,13.0752,stop,385.74,89.59,685,31,32
747,13.0752,stop,337.17,85.08,682,31,33
747,13.0752,stop,483.08,66.96,809,37,35
747,13.0752,stop,442.69,58.53,861,37,38
748,13.0912,stop,1513.51,1046.03,857,30,37
748,13.0912,stop,1626.77,576.32,693,32,33
748,13.0912,stop,1645.01,526.13,796,36,32
748,13.0912,stop,1109.44,522.94,501,26,30
748,13.0912,stop,396.22,451.07,744,35,34
748,13.0912,stop,339.10,442.45,705,31,35
748,13.0912,stop,1145.75,394.88,201,19,22
748,13.0912,stop,1058.93,381.59,617,33,30
748,13.0912,stop,385.82,89.55,680,31,33
748,13.0912,stop,337.17,84.98,678,31,33
748,13.0912,stop,483.65,67.12,785,33,35
748,13.0912,stop,442.72,58.52,863,36,37
749,13.1072,stop,1514.36,1046.15,905,35,37
749,13.1072,stop,1626.88,576.32,702,33,33
749,13.1072,stop,1108.82,531.12,511,25,29
749,13.1072,stop,1644.99,526.06,797,36,32
749,13.1072,stop,396.09,451.06,746,35,34
749,13.1072,stop,339.06,442.42,711,31,35
749,13.1072,stop,1059.77,380.93,620,33,31
749,13.1072,stop,385.70,89.57,682,31,32
749,13.1072,stop,337.10,84.94,681,31,33
749,13.1072,stop,483.70,67.83,755,37,32
749,13.1072,stop,442.70,58.73,857,36,36
750,13.1680,stop,1513.54,1045.99,856,31,37
750,13.1680,stop,1626.86,576.33,699,32,33
750,13.1680,stop,1107.68,538.67,510,27,28
750,13.1680,stop,1644.96,526.04,802,36,32
750,13.1680,stop,396.33,450.93,743,35,35
750,13.1680,stop,339.08,442.34,707,31,35
750,13.1680,stop,1060.62,380.27,629,33,30
750,13.1680,stop,385.66,89.54,683,32,32
750,13.1680,stop,337.24,85.03,686,31,33
750,13.1680,stop,483.66,67.18,783,34,35
750,13.1680,stop,442.64,58.50,872,37,38
751,13.2257,stop,1514.37,1046.15,899,36,37
751,13.2257,stop,1626.98,576.41,700,33,33
751,13.2257,stop,1106.60,546.97,514,28,27
751,13.2257,stop,1644.88,526.06,803,36,32
751,13.2257,stop,396.09,451.09,747,35,34
751,13.2257,stop,339.18,442.33,709,31,35
751,13.2257,stop,1061.45,379.95,651,34,31
751,13.2257,stop,385.83,89.57,689,31,32
751,13.2257,stop,337.18,85.07,677,31,32
751,13.2257,stop,483.13,66.94,805,38,35
751,13.2257,stop,442.64,58.63,863,36,38
752,13.2928,stop,1513.37,1046.07,865,31,37
752,13.2928,stop,1626.82,576.42,695,32,33
752,13.2928,stop,1105.58,554.54,515,29,27
752,13.2928,stop,1644.96,526.12,808,36,32
752,13.2928,stop,396.20,450.98,734,35,35
752,13.2928,stop,339.08,442.30,707,31,35
752,13.2928,stop,1062.28,379.67,676,34,31
752,13.2928,stop,385.76,89.66,678,32,32
752,13.2928,stop,337.11,85.01,681,31,33
752,13.2928,stop,483.60,67.82,763,38,32
752,13.2928,stop,442.68,58.69,866,37,36
753,13.3516,stop,1513.48,1045.87,870,31,38
753,13.3516,stop,1626.84,576.37,696,32,33
753,13.3516,stop,1104.22,561.80,512,30,26
753,13.3516,stop,1645.04,526.18,805,36,32
753,13.3516,stop,396.20,450.92,752,35,35
753,13.3516,stop,339.08,442.30,703,31,35
753,13.3516,stop,1063.09,379.81,701,34,33
753,13.3516,stop,385.79,89.43,682,31,32
753,13.3516,stop,337.16,85.04,682,31,33
753,13.3516,stop,483.64,67.79,760,37,32
753,13.3516,stop,442.61,58.65,852,36,36
754,13.4117,stop,1514.26,1046.16,907,36,37
754,13.4117,stop,1626.87,576.33,695,33,33
754,13.4117,stop,1102.94,569.02,508,29,28
754,13.4117,stop,1644.91,526.07,814,36,32
754,13.4117,stop,396.19,451.06,744,35,34
754,13.4117,stop,339.07,442.35,706,31,35
754,13.4117,stop,1162.73,401.62,310,20,28
754,13.4117,stop,1063.98,379.96,705,34,32
754,13.4117,stop,385.77,89.57,676,31,32
754,13.4117,stop,337.12,85.16,666,31,33
754,13.4117,stop,483.79,67.78,758,36,32
754,13.4117,stop,442.69,58.57,864,37,38
755,13.4218,stop,1513.51,1045.98,852,30,37
755,13.4218,stop,1098.03,588.44,443,28,25
755,13.4218,stop,1626.79,576.34,701,33,33
755,13.4218,stop,1645.07,526.09,808,36,32
755,13.4218,stop,396.15,451.09,738,35,35
755,13.4218,stop,339.06,442.32,706,31,35
755,13.4218,stop,1165.84,407.42,554,27,33
755,13.4218,stop,1067.51,381.60,763,34,35
755,13.4218,stop,385.82,89.52,677,31,32
755,13.4218,stop,337.18,85.00,672,30,33
755,13.4218,stop,484.15,67.95,747,36,32
755,13.4218,stop,442.72,58.61,870,37,38
756,13.4321,stop,1513.46,1046.00,857,31,37
756,13.4321,stop,1089.10,616.32,405,29,24
756,13.4321,stop,1626.80,576.36,698,32,33
756,13.4321,stop,1644.94,526.08,811,36,32
756,13.4321,stop,396.18,450.98,736,35,35
756,13.4321,stop,339.05,442.36,696,31,35
756,13.4321,stop,1169.11,417.25,647,29,32
756,13.4321,stop,1073.43,385.38,788,35,35
756,13.4321,stop,385.70,89.49,672,31,32
756,13.4321,stop,337.14,84.95,683,30,33
756,13.4321,stop,483.42,67.01,794,34,35
756,13.4321,stop,442.68,58.61,866,36,37
757,13.4427,stop,1513.38,1046.03,857,31,37
757,13.4427,stop,1083.07,630.30,372,29,23
757,13.4427,stop,1626.79,576.29,703,32,33
757,13.4427,stop,1644.91,526.11,804,36,32
757,13.4427,stop,396.07,450.97,733,35,34
757,13.4427,stop,339.07,442.27,709,31,35
757,13.4427,stop,1169.82,422.38,698,31,34
757,13.4427,stop,1076.82,386.60,835,34,35
757,13.4427,stop,385.73,89.47,688,31,32
757,13.4427,stop,337.11,85.06,678,32,33
757,13.4427,stop,483.22,67.03,801,37,35
757,13.4427,stop,441.90,57.57,924,37,37
758,13.4527,stop,1513.44,1045.97,860,31,37
758,13.4527,stop,1077.53,644.31,309,23,21
758,13.4527,stop,1626.78,576.28,699,33,33
758,13.4527,stop,1645.06,526.07,800,36,32
758,13.4527,stop,396.13,451.07,744,35,34
758,13.4527,stop,339.07,442.41,708,31,35
758,13.4527,stop,1169.99,428.99,734,32,34
758,13.4527,stop,1081.54,388.00,783,34,35
758,13.4527,stop,385.76,89.47,684,31,33
758,13.4527,stop,337.12,84.96,683,31,33
758,13.4527,stop,483.11,66.98,809,37,35
758,13.4527,stop,442.76,58.47,873,38,38
759,13.4623,stop,1513.42,1045.96,861,30,37
759,13.4623,stop,1075.49,647.05,314,23,22
759,13.4623,stop,1626.82,576.35,698,32,33
759,13.4623,stop,1644.90,526.03,797,36,32
759,13.4623,stop,396.15,451.10,743,35,34
759,13.4623,stop,339.03,442.34,707,31,35
759,13.4623,stop,1169.75,430.52,729,33,34
759,13.4623,stop,1083.02,388.89,814,34,35
759,13.4623,stop,385.68,89.54,683,32,32
759,13.4623,stop,337.32,85.12,685,31,33
759,13.4623,stop,483.58,67.04,779,33,35
759,13.4623,stop,442.59,58.71,866,36,36
760,13.4753,stop,1513.46,1045.98,857,30,37
760,13.4753,stop,1073.34,649.38,325,23,23
760,13.4753,stop,1626.81,576.31,689,32,33
760,13.4753,stop,1645.07,526.13,811,36,32
760,13.4753,stop,396.11,451.07,740,34,35
760,13.4753,stop,339.00,442.36,715,31,35
760,13.4753,stop,1169.74,432.16,736,33,33
760,13.4753,stop,1084.32,388.96,812,34,35
760,13.4753,stop,385.77,89.59,684,32,32
760,13.4753,stop,337.06,85.12,674,31,33
760,13.4753,stop,484.24,68.05,744,33,32
760,13.4753,stop,442.77,58.70,862,37,36
761,13.4913,stop,1514.43,1046.09,903,36,37
761,13.4913,stop,1071.35,651.47,355,25,24
761,13.4913,stop,1626.81,576.40,701,33,33
761,13.4913,stop,1644.85,526.02,799,36,33
761,13.4913,stop,396.14,450.96,748,35,35
761,13.4913,stop,339.02,442.24,703,31,35
761,13.4913,stop,1169.79,433.82,744,33,34
761,13.4913,stop,1085.24,388.07,768,34,34
761,13.4913,stop,385.73,89.48,688,31,33
761,13.4913,stop,337.20,84.92,687,31,33
761,13.4913,stop,484.29,68.00,738,33,32
761,13.4913,stop,442.68,58.52,868,38,37
762,13.5073,stop,1513.52,1046.07,857,31,37
762,13.5073,stop,1069.97,653.82,411,28,25
762,13.5073,stop,1626.83,576.34,693,32,33
762,13.5073,stop,1644.88,526.16,801,36,32
762,13.5073,stop,396.13,450.94,742,35,35
762,13.5073,stop,339.11,442.38,705,31,35
762,13.5073,stop,1169.84,435.27,735,34,34
762,13.5073,stop,1086.33,387.85,771,34,35
762,13.5073,stop,385.83,89.57,685,31,32
762,13.5073,stop,337.20,85.03,687,31,33
762,13.5073,stop,483.54,66.99,785,33,35
762,13.5073,stop,441.87,57.63,927,37,37
763,13.5273,stop,1513.49,1046.08,858,31,37
763,13.5273,stop,1067.99,655.74,440,31,27
763,13.5273,stop,1626.86,576.37,698,32,33
763,13.5273,stop,1645.02,526.08,804,36,32
763,13.5273,stop,396.25,451.07,744,35,35
763,13.5273,stop,338.99,442.35,705,31,35
763,13.5273,stop,1169.93,436.66,732,34,34
763,13.5273,stop,1087.74,388.12,807,34,35
763,13.5273,stop,385.81,89.55,684,32,32
763,13.5273,stop,337.15,85.04,683,31,33
763,13.5273,stop,483.11,66.88,810,36,35
763,13.5273,stop,442.67,58.55,871,38,38
764,13.5432,stop,1513.29,1045.95,850,30,37
764,13.5432,stop,1065.77,657.61,466,31,26
764,13.5432,stop,1626.89,576.28,696,33,33
764,13.5432,stop,1644.91,526.11,808,36,33
764,13.5432,stop,396.14,451.07,742,35,34
764,13.5432,stop,338.99,442.34,701,31,35
764,13.5432,stop,1169.90,438.27,745,34,33
764,13.5432,stop,1088.17,387.27,773,35,35
764,13.5432,stop,385.89,89.47,683,31,32
764,13.5432,stop,337.24,85.03,678,31,33
764,13.5432,stop,483.30,66.91,803,36,35
764,13.5432,stop,442.65,58.65,860,36,37
765,13.5593,stop,1513.34,1046.03,859,31,38
765,13.5593,stop,1063.84,658.95,487,31,27
765,13.5593,stop,1626.83,576.36,698,33,33
765,13.5593,stop,1645.04,526.09,803,36,32
765,13.5593,stop,396.16,451.03,746,35,34
765,13.5593,stop,339.04,442.49,704,31,35
765,13.5593,stop,1170.59,439.66,779,34,33
765,13.5593,stop,1089.09,386.91,758,34,35
765,13.5593,stop,385.77,89.51,678,32,33
765,13.5593,stop,337.22,85.21,673,31,33
765,13.5593,stop,483.60,67.09,788,34,35
765,13.5593,stop,442.67,58.58,874,36,38
766,13.5752,stop,1513.47,1046.09,846,29,37
766,13.5752,stop,1062.12,660.33,497,31,28
766,13.5752,stop,1626.85,576.42,700,33,33
766,13.5752,stop,1644.84,526.10,808,36,32
766,13.5752,stop,396.20,450.96,742,35,35
766,13.5752,stop,1170.11,441.72,755,34,34
766,13.5752,stop,339.08,442.32,703,31,35
766,13.5752,stop,1090.59,386.62,810,34,35
766,13.5752,stop,385.79,89.47,678,31,32
766,13.5752,stop,337.15,84.95,682,30,33
766,13.5752,stop,483.68,67.10,788,33,35
766,13.5752,stop,442.73,58.62,860,36,36
767,13.5913,stop,1514.41,1046.12,902,36,37
767,13.5913,stop,1060.45,661.56,503,32,28
767,13.5913,stop,1626.83,576.40,695,32,33
767,13.5913,stop,1645.01,526.11,811,36,32
767,13.5913,stop,396.14,451.00,738,35,34
767,13.5913,stop,1170.82,442.88,784,34,33
767,13.5913,stop,339.04,442.33,704,31,35
767,13.5913,stop,1091.32,385.95,816,34,35
767,13.5913,stop,385.81,89.43,686,31,32
767,13.5913,stop,337.24,85.11,679,30,33
767,13.5913,stop,483.61,67.07,793,33,35
767,13.5913,stop,442.69,58.63,867,36,37
768,13.6073,stop,1513.43,1046.04,862,31,37
768,13.6073,stop,1058.93,662.57,508,31,28
768,13.6073,stop,1626.89,576.38,692,32,33
768,13.6073,stop,1644.91,526.12,802,36,32
768,13.6073,stop,396.16,450.88,750,35,35
768,13.6073,stop,1170.87,444.30,785,34,34
768,13.6073,stop,338.91,442.36,707,31,35
768,13.6073,stop,1092.08,385.40,817,34,36
768,13.6073,stop,385.75,89.42,686,32,32
768,13.6073,stop,337.16,84.89,685,30,33
768,13.6073,stop,484.17,67.92,735,34,32
768,13.6073,stop,441.90,57.58,921,36,37
769,13.6273,stop,1513.55,1046.05,863,30,37
769,13.6273,stop,1057.71,663.87,524,32,31
769,13.6273,stop,1626.86,576.26,695,33,33
769,13.6273,stop,1645.00,526.13,795,36,32
769,13.6273,stop,396.25,450.96,745,35,35
769,13.6273,stop,1170.66,445.75,778,34,33
769,13.6273,stop,339.08,442.32,709,31,35
769,13.6273,stop,1092.21,384.50,784,34,35
769,13.6273,stop,385.75,89.48,690,31,32
769,13.6273,stop,337.29,85.11,679,30,33
769,13.6273,stop,484.23,67.97,728,33,32
769,13.6273,stop,442.66,58.58,864,36,37
770,13.6432,stop,1513.40,1045.95,855,31,37
770,13.6432,stop,1055.98,665.24,609,33,32
770,13.6432,stop,1626.76,576.35,701,32,33
770,13.6432,stop,1645.01,526.13,795,36,32
770,13.6432,stop,396.24,451.01,735,35,35
770,13.6432,stop,1171.31,446.94,735,34,33
770,13.6432,stop,338.97,442.28,709,31,35
770,13.6432,stop,1093.24,384.33,807,34,34
770,13.6432,stop,385.67,89.46,688,31,32
770,13.6432,stop,337.20,85.06,681,30,33
770,13.6432,stop,483.14,66.98,796,37,35
770,13.6432,stop,442.70,58.64,869,36,36
771,13.6593,stop,1513.36,1046.02,856,30,37
771,13.6593,stop,1055.30,666.62,589,32,32
771,13.6593,stop,1626.77,576.33,702,32,33
771,13.6593,stop,1644.94,526.09,801,36,32
771,13.6593,stop,395.49,451.71,780,35,34
771,13.6593,stop,1170.66,448.89,770,34,34
771,13.6593,stop,339.08,442.44,712,31,35
771,13.6593,stop,1093.91,383.94,812,34,35
771,13.6593,stop,385.65,89.43,685,32,33
771,13.6593,stop,337.07,85.08,675,31,33
771,13.6593,stop,484.16,67.97,738,33,32
771,13.6593,stop,441.90,57.60,933,36,38
772,13.6752,stop,1513.40,1045.96,855,31,37
772,13.6752,stop,1053.47,666.81,642,32,33
772,13.6752,stop,1626.86,576.34,696,33,33
772,13.6752,stop,1645.03,526.15,812,36,33
772,13.6752,stop,396.25,451.04,736,35,35
772,13.6752,stop,1170.36,450.61,787,34,34
772,13.6752,stop,339.00,442.38,708,31,35
772,13.6752,stop,1094.69,382.75,807,34,35
772,13.6752,stop,385.77,89.51,685,31,32
772,13.6752,stop,337.19,84.86,680,30,33
772,13.6752,stop,483.13,66.93,813,36,35
772,13.6752,stop,442.64,58.61,864,37,38
773,13.6913,stop,1513.49,1045.97,861,31,37
773,13.6913,stop,1052.43,667.70,663,32,33
773,13.6913,stop,1626.71,576.34,704,32,33
773,13.6913,stop,1644.90,526.15,807,36,32
773,13.6913,stop,1170.26,451.96,778,34,34
773,13.6913,stop,396.07,450.89,740,35,35
773,13.6913,stop,339.03,442.32,704,31,35
773,13.6913,stop,1094.84,382.06,837,34,35
773,13.6913,stop,385.76,89.38,690,32,32
773,13.6913,stop,337.14,85.21,675,31,32
773,13.6913,stop,483.21,67.02,800,37,35
773,13.6913,stop,441.92,57.52,935,37,38
774,13.7073,stop,1514.33,1046.02,911,36,37
774,13.7073,stop,1052.18,668.62,625,32,34
774,13.7073,stop,1626.79,576.38,696,32,33
774,13.7073,stop,1645.01,526.10,804,36,32
774,13.7073,stop,1170.60,453.22,761,35,34
774,13.7073,stop,396.20,451.05,748,35,35
774,13.7073,stop,339.12,442.30,707,31,35
774,13.7073,stop,1095.62,381.16,802,34,35
774,13.7073,stop,385.70,89.52,679,31,32
774,13.7073,stop,337.14,85.00,692,31,33
774,13.7073,stop,483.28,66.96,798,36,35
774,13.7073,stop,441.89,57.57,927,36,37
775,13.7273,stop,1513.37,1046.03,871,30,37
775,13.7273,stop,1051.20,668.97,650,33,34
775,13.7273,stop,1626.91,576.31,699,33,33
775,13.7273,stop,1644.90,526.09,808,36,33
775,13.7273,stop,1170.24,454.90,775,34,34
775,13.7273,stop,396.18,451.03,751,35,34
775,13.7273,stop,339.03,442.30,709,31,35
775,13.7273,stop,1095.85,380.53,818,34,36
775,13.7273,stop,385.77,89.54,679,31,32
775,13.7273,stop,337.16,85.12,680,31,32
775,13.7273,stop,483.67,67.13,782,33,35
775,13.7273,stop,441.86,57.61,921,36,37
776,13.7433,stop,1513.51,1045.98,854,31,37
776,13.7433,stop,1050.53,669.16,666,33,35
776,13.7433,stop,1626.85,576.29,699,32,33
776,13.7433,stop,1644.90,526.11,810,36,32
776,13.7433,stop,1170.20,456.03,783,34,34
776,13.7433,stop,396.24,451.06,740,35,34
776,13.7433,stop,339.07,442.30,712,31,35
776,13.7433,stop,1096.20,379.66,811,34,36
776,13.7433,stop,385.79,89.43,688,32,32
776,13.7433,stop,337.05,85.01,683,31,33
776,13.7433,stop,483.59,67.01,786,34,35
776,13.7433,stop,442.67,58.46,865,37,37
777,13.7593,stop,1513.43,1045.92,862,30,37
777,13.7593,stop,1049.88,669.44,656,34,34
777,13.7593,stop,1626.82,576.28,701,32,33
777,13.7593,stop,1644.93,526.08,808,36,33
777,13.7593,stop,1170.18,457.24,740,34,34
777,13.7593,stop,396.16,451.01,745,35,34
777,13.7593,stop,339.02,442.28,709,31,35
777,13.7593,stop,1096.32,378.95,819,35,35
777,13.7593,stop,385.80,89.44,685,32,32
777,13.7593,stop,337.06,84.97,673,31,33
777,13.7593,stop,483.64,67.06,785,33,35
777,13.7593,stop,442.73,58.56,875,37,37
778,13.7753,stop,1514.42,1046.14,895,36,37
778,13.7753,stop,1049.34,669.65,673,33,34
778,13.7753,stop,1626.80,576.36,697,33,33
778,13.7753,stop,1644.94,526.10,808,36,32
778,13.7753,stop,1170.19,458.49,745,33,35
778,13.7753,stop,396.16,451.02,740,35,34
778,13.7753,stop,339.01,442.38,712,31,35
778,13.7753,stop,1096.72,378.07,833,34,35
778,13.7753,stop,385.70,89.47,677,31,32
778,13.7753,stop,337.14,84.94,684,31,33
778,13.7753,stop,483.19,66.91,805,37,35
778,13.7753,stop,442.66,58.59,870,37,38
779,13.7913,stop,1513.37,1045.92,864,30,37
779,13.7913,stop,1048.77,670.17,679,34,35
779,13.7913,stop,1626.83,576.29,696,32,33
779,13.7913,stop,1645.01,526.13,802,36,32
779,13.7913,stop,1170.47,459.92,754,33,34
779,13.7913,stop,396.23,450.99,742,35,35
779,13.7913,stop,339.01,442.37,706,31,35
779,13.7913,stop,1096.96,377.00,825,34,35
779,13.7913,stop,385.82,89.46,681,31,33
779,13.7913,stop,337.19,85.09,674,31,33
779,13.7913,stop,484.19,68.00,737,33,32
779,13.7913,stop,441.95,57.62,932,37,37
780,13.8073,stop,1513.51,1045.90,855,30,37
780,13.8073,stop,1048.38,670.76,669,33,34
780,13.8073,stop,1626.84,576.43,699,33,33
780,13.8073,stop,1644.93,526.14,804,36,33
780,13.8073,stop,1170.66,461.36,746,34,34
780,13.8073,stop,396.19,450.97,750,35,34
780,13.8073,stop,339.08,442.36,712,31,35
780,13.8073,stop,1097.49,376.61,795,35,35
780,13.8073,stop,385.82,89.41,680,31,32
780,13.8073,stop,337.23,85.06,688,31,33
780,13.8073,stop,483.56,67.15,789,35,35
780,13.8073,stop,442.57,58.51,865,37,37
781,13.8273,stop,1513.40,1046.10,862,31,37
781,13.8273,stop,1048.69,671.42,670,33,34
781,13.8273,stop,1626.90,576.27,699,32,33
781,13.8273,stop,1644.98,526.13,804,36,32
781,13.8273,stop,1170.73,462.34,728,34,34
781,13.8273,stop,396.24,450.91,739,35,34
781,13.8273,stop,339.00,442.38,706,31,35
781,13.8273,stop,1097.23,375.56,827,35,34
781,13.8273,stop,385.81,89.49,686,31,32
781,13.8273,stop,337.08,84.88,685,31,33
781,13.8273,stop,484.19,67.99,735,34,32
781,13.8273,stop,442.57,58.55,861,37,38
782,13.8432,stop,1513.44,1045.95,862,31,37
782,13.8432,stop,1048.22,671.95,671,33,34
782,13.8432,stop,1626.74,576.30,701,33,33
782,13.8432,stop,1644.95,526.07,806,36,32
782,13.8432,stop,1170.67,463.17,729,34,34
782,13.8432,stop,396.11,450.96,739,35,35
782,13.8432,stop,339.04,442.36,701,31,35
782,13.8432,stop,1097.30,374.82,825,35,35
782,13.8432,stop,385.55,89.44,679,31,32
782,13.8432,stop,337.09,85.09,676,31,33
782,13.8432,stop,483.25,66.96,804,37,35
782,13.8432,stop,442.72,58.60,863,36,38
783,13.8593,stop,1513.51,1045.96,861,31,37
783,13.8593,stop,1047.80,672.27,641,32,34
783,13.8593,stop,1626.89,576.34,699,32,33
783,13.8593,stop,1645.01,526.04,806,36,33
783,13.8593,stop,1170.58,464.10,716,33,34
783,13.8593,stop,396.20,451.01,745,35,34
783,13.8593,stop,338.98,442.39,701,31,35
783,13.8593,stop,1097.90,374.30,794,35,35
783,13.8593,stop,385.80,89.48,683,32,32
783,13.8593,stop,337.23,84.94,685,31,33
783,13.8593,stop,483.18,66.86,811,37,35
783,13.8593,stop,442.72,58.67,861,36,36
784,13.8753,stop,1514.39,1046.09,913,36,37
784,13.8753,stop,1048.16,673.52,701,34,35
784,13.8753,stop,1626.81,576.41,701,33,33
784,13.8753,stop,1644.94,526.05,798,36,32
784,13.8753,stop,1170.85,465.36,707,33,34
784,13.8753,stop,396.17,451.00,746,35,34
784,13.8753,stop,338.99,442.32,713,31,35
784,13.8753,stop,1098.01,372.87,817,35,35
784,13.8753,stop,385.71,89.47,677,31,32
784,13.8753,stop,337.15,85.09,685,31,33
784,13.8753,stop,483.55,67.12,778,34,35
784,13.8753,stop,442.70,58.63,862,38,37
785,13.8913,stop,1513.45,1045.99,860,31,37
785,13.8913,stop,1047.62,673.81,677,34,35
785,13.8913,stop,1626.85,576.35,692,33,33
785,13.8913,stop,1644.94,526.05,811,36,33
785,13.8913,stop,1170.69,466.35,700,33,34
785,13.8913,stop,396.08,451.02,748,35,34
785,13.8913,stop,339.05,442.37,705,31,35
785,13.8913,stop,1098.26,372.01,808,35,34
785,13.8913,stop,385.85,89.57,679,30,33
785,13.8913,stop,337.23,84.93,683,31,33
785,13.8913,stop,483.33,67.00,809,38,35
785,13.8913,stop,441.98,57.60,928,36,38
786,13.9072,stop,1513.45,1046.04,856,30,37
786,13.9072,stop,1048.53,674.99,716,34,34
786,13.9072,stop,1626.82,576.36,706,33,33
786,13.9072,stop,1644.89,526.07,805,36,32
786,13.9072,stop,1170.54,466.87,692,33,34
786,13.9072,stop,396.16,451.05,746,35,35
786,13.9072,stop,338.93,442.29,705,31,35
786,13.9072,stop,1099.01,371.77,764,34,34
786,13.9072,stop,385.81,89.53,679,31,32
786,13.9072,stop,337.16,84.94,684,30,33
786,13.9072,stop,484.25,68.01,747,34,32
786,13.9072,stop,441.91,57.63,920,36,37
787,13.9273,stop,1513.40,1045.94,856,30,37
787,13.9273,stop,1048.09,675.28,675,34,35
787,13.9273,stop,1626.84,576.36,699,32,33
787,13.9273,stop,1644.88,526.14,809,36,32
787,13.9273,stop,1170.20,467.37,692,33,34
787,13.9273,stop,396.26,451.03,730,35,34
787,13.9273,stop,339.10,442.27,706,31,35
787,13.9273,stop,1099.26,371.05,750,33,33
787,13.9273,stop,385.81,89.54,680,32,32
787,13.9273,stop,337.12,85.07,676,31,33
787,13.9273,stop,483.03,66.84,813,37,35
787,13.9273,stop,441.90,57.53,935,38,38
788,13.9433,stop,1514.39,1046.08,904,36,37
788,13.9433,stop,1048.34,676.21,694,34,35
788,13.9433,stop,1626.82,576.42,697,33,33
788,13.9433,stop,1644.98,526.15,813,36,32
788,13.9433,stop,1169.99,468.01,683,32,34
788,13.9433,stop,396.13,450.98,748,35,35
788,13.9433,stop,339.00,442.32,711,31,35
788,13.9433,stop,1099.77,370.58,762,34,34
788,13.9433,stop,385.98,89.49,692,31,32
788,13.9433,stop,337.14,85.01,677,30,33
788,13.9433,stop,483.70,67.92,761,37,32
788,13.9433,stop,442.68,58.57,866,36,38
789,13.9593,stop,1514.26,1046.15,907,36,37
789,13.9593,stop,1047.98,676.92,725,34,35
789,13.9593,stop,1626.88,576.25,697,32,33
789,13.9593,stop,1644.88,526.13,811,36,32
789,13.9593,stop,1170.07,468.67,674,32,33
789,13.9593,stop,396.15,451.10,738,35,34
789,13.9593,stop,339.00,442.34,708,31,35
789,13.9593,stop,1100.17,369.94,756,33,34
789,13.9593,stop,385.74,89.52,682,31,32
789,13.9593,stop,337.21,85.05,681,31,32
789,13.9593,stop,483.14,66.95,799,37,35
789,13.9593,stop,442.72,58.70,870,36,37
790,13.9753,stop,1513.35,1046.06,860,29,37
790,13.9753,stop,1048.37,677.89,702,34,35
790,13.9753,stop,1626.79,576.37,696,32,33
790,13.9753,stop,1644.96,525.97,806,36,33
790,13.9753,stop,1170.20,469.26,665,32,34
790,13.9753,stop,396.21,451.02,742,35,34
790,13.9753,stop,339.07,442.37,713,31,35
790,13.9753,stop,1100.83,369.26,751,34,34
790,13.9753,stop,385.80,89.48,675,30,32
790,13.9753,stop,337.17,85.10,675,31,33
790,13.9753,stop,483.70,67.76,757,37,32
790,13.9753,stop,442.65,58.54,869,38,38
791,13.9913,stop,1513.46,1045.97,857,31,37
791,13.9913,stop,1048.70,678.49,706,33,34
791,13.9913,stop,1626.80,576.34,692,32,33
791,13.9913,stop,1645.04,526.08,810,36,32
791,13.9913,stop,1170.03,469.46,675,33,34
791,13.9913,stop,396.30,451.04,742,35,35
791,13.9913,stop,338.97,442.33,710,31,35
791,13.9913,stop,1101.03,368.80,764,35,34
791,13.9913,stop,385.93,89.47,691,30,32
791,13.9913,stop,337.32,85.16,682,31,32
791,13.9913,stop,484.31,68.00,733,33,32
791,13.9913,stop,442.58,58.67,865,38,37
792,14.0112,s200,1513.41,1045.98,853,31,37
792,14.0112,s200,1049.04,679.31,710,34,34
792,14.0112,s200,1626.77,576.32,698,32,33
792,14.0112,s200,1644.93,526.12,803,36,32
792,14.0112,s200,1169.99,469.68,674,34,33
792,14.0112,s200,396.16,451.01,741,35,34
792,14.0112,s200,339.03,442.34,703,31,35
792,14.0112,s200,1101.60,368.24,739,34,33
792,14.0112,s200,385.82,89.49,688,31,32
792,14.0112,s200,337.16,85.14,676,31,33
792,14.0112,s200,483.58,67.02,786,33,35
792,14.0112,s200,442.62,58.57,869,36,37
793,14.0273,s200,1513.50,1046.06,869,31,37
793,14.0273,s200,1049.38,680.13,693,33,34
793,14.0273,s200,1626.87,576.37,701,33,33
793,14.0273,s200,1644.91,526.08,817,36,33
793,14.0273,s200,1170.13,470.26,686,33,34
793,14.0273,s200,396.12,451.01,739,35,36
793,14.0273,s200,339.04,442.41,709,31,35
793,14.0273,s200,1101.93,367.94,752,34,33
793,14.0273,s200,386.04,89.50,694,31,32
793,14.0273,s200,337.26,85.05,680,31,33
793,14.0273,s200,483.18,66.92,807,36,35
793,14.0273,s200,441.91,57.47,931,36,38
794,14.0433,s200,1513.45,1046.07,862,31,37
794,14.0433,s200,1049.37,681.25,683,34,34
794,14.0433,s200,1626.78,576.33,692,32,33
794,14.0433,s200,1644.96,526.07,809,36,32
794,14.0433,s200,1170.21,470.41,684,34,34
794,14.0433,s200,396.14,451.12,750,35,35
794,14.0433,s200,339.15,442.35,703,31,35
794,14.0433,s200,1102.27,367.50,744,35,34
794,14.0433,s200,385.80,89.44,676,29,32
794,14.0433,s200,337.28,85.07,674,30,33
794,14.0433,s200,483.44,67.01,787,33,35
794,14.0433,s200,441.96,57.58,926,37,38
795,14.0593,s200,1513.49,1046.05,859,30,37
795,14.0593,s200,1049.43,681.90,675,32,34
795,14.0593,s200,1626.81,576.34,695,32,33
795,14.0593,s200,1644.87,526.07,804,36,33
795,14.0593,s200,1170.29,470.51,681,33,34
795,14.0593,s200,396.17,451.10,743,35,34
795,14.0593,s200,338.99,442.39,708,31,35
795,14.0593,s200,1102.82,367.33,748,35,34
795,14.0593,s200,385.76,89.50,689,31,32
795,14.0593,s200,337.18,84.94,682,31,33
795,14.0593,s200,483.65,67.81,758,38,32
795,14.0593,s200,442.63,58.54,861,36,37
796,14.0753,s200,1513.52,1046.01,850,30,37
796,14.0753,s200,1049.60,682.02,664,32,34
796,14.0753,s200,1626.88,576.34,694,33,33
796,14.0753,s200,1645.12,526.04,806,36,32
796,14.0753,s200,1170.17,470.33,697,34,34
796,14.0753,s200,396.13,450.91,753,35,34
796,14.0753,s200,339.10,442.40,715,31,35
796,14.0753,s200,1103.30,367.51,746,34,34
796,14.0753,s200,385.86,89.54,678,29,32
796,14.0753,s200,337.05,84.94,684,31,33
796,14.0753,s200,483.72,67.79,766,37,32
796,14.0753,s200,442.72,58.52,868,37,37
797,14.0913,s200,1513.43,1045.96,859,30,37
797,14.0913,s200,1049.65,682.81,660,32,33
797,14.0913,s200,1626.77,576.29,693,32,33
797,14.0913,s200,1644.92,526.04,811,36,33
797,14.0913,s200,1170.15,470.03,696,34,34
797,14.0913,s200,396.09,451.02,739,35,35
797,14.0913,s200,339.07,442.36,710,31,35
797,14.0913,s200,1104.17,367.52,758,34,34
797,14.0913,s200,385.82,89.52,690,32,32
797,14.0913,s200,337.06,84.91,683,31,33
797,14.0913,s200,483.66,67.06,797,33,35
797,14.0913,s200,442.59,58.60,870,37,37
798,14.1113,s200,1514.32,1046.07,897,36,37
798,14.1113,s200,1049.45,683.51,672,32,33
798,14.1113,s200,1626.77,576.34,700,33,33
798,14.1113,s200,1644.94,526.16,804,36,32
798,14.1113,s200,1170.00,469.48,683,34,34
798,14.1113,s200,396.16,450.99,743,35,34
798,14.1113,s200,338.96,442.41,704,31,35
798,14.1113,s200,1104.42,367.59,755,34,34
798,14.1113,s200,385.67,89.37,687,32,32
798,14.1113,s200,337.19,84.93,679,30,33
798,14.1113,s200,483.12,66.94,805,37,35
798,14.1113,s200,442.60,58.54,865,37,37
799,14.1273,s200,1513.43,1045.91,847,30,37
799,14.1273,s200,1049.14,684.18,665,32,33
799,14.1273,s200,1626.84,576.29,701,32,33
799,14.1273,s200,1644.80,526.10,805,36,32
799,14.1273,s200,1170.11,469.18,690,34,34
799,14.1273,s200,396.22,451.01,743,35,35
799,14.1273,s200,339.02,442.38,707,31,35
799,14.1273,s200,1104.82,368.08,753,35,34
799,14.1273,s200,385.85,89.40,687,31,32
799,14.1273,s200,337.08,85.00,684,31,33
799,14.1273,s200,483.62,67.05,794,33,35
799,14.1273,s200,442.60,58.56,867,37,38
800,14.1433,s200,1513.56,1046.18,855,30,37
800,14.1433,s200,1048.85,684.74,660,32,33
800,14.1433,s200,1626.75,576.30,705,33,33
800,14.1433,s200,1645.03,526.22,809,36,32
800,14.1433,s200,1169.89,468.63,698,33,35
800,14.1433,s200,396.09,451.01,743,35,34
800,14.1433,s200,339.14,442.43,707,31,35
800,14.1433,s200,1105.35,368.56,768,34,35
800,14.1433,s200,385.63,89.52,686,31,33
800,14.1433,s200,337.17,85.08,684,31,33
800,14.1433,s200,483.80,67.76,756,36,32
800,14.1433,s200,442.70,58.57,870,36,37
801,14.1593,s200,1513.43,1045.97,865,31,37
801,14.1593,s200,1048.57,685.22,662,32,33
801,14.1593,s200,1626.76,576.35,704,33,33
801,14.1593,s200,1644.91,526.09,799,36,34
801,14.1593,s200,1169.77,468.39,688,33,34
801,14.1593,s200,396.17,451.09,735,35,35
801,14.1593,s200,339.04,442.40,701,31,35
801,14.1593,s200,1106.09,369.18,777,35,36
801,14.1593,s200,385.68,89.42,680,31,32
801,14.1593,s200,337.10,85.02,683,31,33
801,14.1593,s200,483.67,67.84,765,37,32
801,14.1593,s200,441.91,57.57,920,37,37
802,14.1758,s200,1513.51,1046.03,863,31,37
802,14.1758,s200,1048.15,685.90,651,31,33
802,14.1758,s200,1626.85,576.32,696,33,33
802,14.1758,s200,1645.03,526.11,803,36,32
802,14.1758,s200,1170.10,467.71,704,34,35
802,14.1758,s200,396.16,451.02,752,35,35
802,14.1758,s200,339.06,442.37,706,31,35
802,14.1758,s200,1106.57,369.65,768,34,36
802,14.1758,s200,385.68,89.51,683,31,32
802,14.1758,s200,337.17,84.99,679,30,33
802,14.1758,s200,483.57,67.17,793,34,35
802,14.1758,s200,442.01,57.58,930,36,37
803,14.1913,s200,1513.39,1045.97,861,30,37
803,14.1913,s200,1047.73,686.33,644,32,33
803,14.1913,s200,1626.80,576.37,693,33,33
803,14.1913,s200,1644.99,526.10,811,36,34
803,14.1913,s200,1170.28,467.25,713,33,34
803,14.1913,s200,396.11,451.06,748,35,34
803,14.1913,s200,339.09,442.32,704,31,35
803,14.1913,s200,1106.82,370.00,800,35,36
803,14.1913,s200,385.76,89.52,683,30,32
803,14.1913,s200,337.18,85.04,677,31,33
803,14.1913,s200,483.88,67.90,753,37,32
803,14.1913,s200,442.69,58.61,867,37,37
804,14.2113,s200,1514.34,1046.12,910,36,37
804,14.2113,s200,1047.31,687.14,645,32,32
804,14.2113,s200,1626.78,576.24,695,33,33
804,14.2113,s200,1644.96,526.11,800,36,32
804,14.2113,s200,1170.46,466.84,712,34,35
804,14.2113,s200,396.09,451.02,749,35,35
804,14.2113,s200,339.00,442.34,712,31,35
804,14.2113,s200,1107.27,370.13,792,34,36
804,14.2113,s200,385.90,89.47,679,30,32
804,14.2113,s200,337.21,85.02,679,31,33
804,14.2113,s200,483.26,67.03,805,37,35
804,14.2113,s200,442.64,58.69,864,37,36
805,14.2273,s200,1513.50,1046.07,852,30,37
805,14.2273,s200,1046.65,687.78,642,32,32
805,14.2273,s200,1626.87,576.33,702,32,33
805,14.2273,s200,1644.96,526.08,809,36,32
805,14.2273,s200,1170.54,466.04,719,35,34
805,14.2273,s200,396.15,451.18,747,35,34
805,14.2273,s200,338.99,442.32,707,31,35
805,14.2273,s200,1107.47,370.10,793,34,35
805,14.2273,s200,385.75,89.52,679,31,32
805,14.2273,s200,337.16,85.00,686,31,33
805,14.2273,s200,483.75,67.84,764,37,32
805,14.2273,s200,442.70,58.71,866,37,36
806,14.2433,s200,1513.43,1045.91,855,31,37
806,14.2433,s200,1045.83,688.03,662,32,32
806,14.2433,s200,1626.85,576.41,694,33,33
806,14.2433,s200,1644.90,526.13,811,36,32
806,14.2433,s200,1170.71,465.26,719,34,34
806,14.2433,s200,396.24,451.08,740,35,35
806,14.2433,s200,339.11,442.38,708,31,35
806,14.2433,s200,1107.96,370.26,799,34,35
806,14.2433,s200,385.83,89.51,689,31,32
806,14.2433,s200,337.17,84.97,685,31,33
806,14.2433,s200,483.81,67.80,759,38,32
806,14.2433,s200,442.62,58.54,867,38,37
807,14.2593,s200,1513.53,1045.89,858,31,38
807,14.2593,s200,1045.56,688.25,664,32,32
807,14.2593,s200,1626.82,576.26,694,32,33
807,14.2593,s200,1644.89,526.01,809,36,33
807,14.2593,s200,1169.97,465.06,741,33,35
807,14.2593,s200,396.24,450.99,741,35,34
807,14.2593,s200,339.06,442.37,702,31,35
807,14.2593,s200,1108.46,370.23,812,34,35
807,14.2593,s200,385.69,89.55,674,32,33
807,14.2593,s200,337.27,85.18,690,31,33
807,14.2593,s200,483.67,67.08,788,35,35
807,14.2593,s200,441.83,57.49,937,36,38
808,14.2755,s200,1513.48,1046.04,864,31,37
808,14.2755,s200,1044.70,688.50,683,32,32
808,14.2755,s200,1626.79,576.35,706,32,33
808,14.2755,s200,1645.00,526.12,810,36,32
808,14.2755,s200,1170.39,463.71,711,33,35
808,14.2755,s200,396.15,450.84,752,35,36
808,14.2755,s200,339.02,442.35,710,31,35
808,14.2755,s200,1108.70,369.86,817,35,35
808,14.2755,s200,385.89,89.48,687,31,32
808,14.2755,s200,337.19,84.94,680,30,33
808,14.2755,s200,484.01,67.90,755,37,32
808,14.2755,s200,441.84,57.58,934,37,37
809,14.2913,s200,1514.45,1046.09,905,35,37
809,14.2913,s200,1044.27,688.18,671,33,33
809,14.2913,s200,1626.83,576.32,693,33,33
809,14.2913,s200,1644.96,526.04,812,36,33
809,14.2913,s200,1169.77,463.47,742,34,34
809,14.2913,s200,396.13,451.11,745,35,35
809,14.2913,s200,339.08,442.46,698,31,35
809,14.2913,s200,1109.14,369.74,816,34,35
809,14.2913,s200,385.68,89.54,680,31,32
809,14.2913,s200,337.27,84.98,681,30,33
809,14.2913,s200,483.10,66.92,811,38,35
809,14.2913,s200,441.92,57.59,934,36,37
810,14.3113,s200,1513.47,1045.94,858,31,37
810,14.3113,s200,1043.34,688.08,681,33,33
810,14.3113,s200,1626.83,576.31,697,32,33
810,14.3113,s200,1645.05,526.03,810,36,33
810,14.3113,s200,1169.76,462.67,738,34,34
810,14.3113,s200,396.21,450.99,747,35,34
810,14.3113,s200,339.11,442.39,704,31,35
810,14.3113,s200,1109.51,369.15,812,34,35
810,14.3113,s200,385.85,89.48,676,29,32
810,14.3113,s200,337.27,84.94,691,30,33
810,14.3113,s200,484.20,67.99,737,34,32
810,14.3113,s200,442.75,58.52,860,36,37
811,14.3275,s200,1513.38,1045.99,860,31,37
811,14.3275,s200,1042.61,688.28,688,33,33
811,14.3275,s200,1626.85,576.31,696,33,33
811,14.3275,s200,1644.88,526.16,803,36,32
811,14.3275,s200,1169.74,461.82,734,34,34
811,14.3275,s200,396.19,450.96,739,35,34
811,14.3275,s200,339.03,442.32,717,31,35
811,14.3275,s200,1110.08,369.13,787,35,35
811,14.3275,s200,385.77,89.48,685,31,33
811,14.3275,s200,337.19,84.86,684,31,33
811,14.3275,s200,483.12,66.86,804,36,35
811,14.3275,s200,442.65,58.69,873,36,37
812,14.3439,s200,1514.33,1046.13,900,36,37
812,14.3439,s200,1042.09,688.06,701,34,33
812,14.3439,s200,1626.80,576.35,700,32,33
812,14.3439,s200,1644.99,526.11,806,36,32
812,14.3439,s200,1169.67,461.31,732,34,34
812,14.3439,s200,396.14,450.92,754,35,34
812,14.3439,s200,339.12,442.38,702,31,35
812,14.3439,s200,1109.95,368.26,827,34,35
812,14.3439,s200,385.80,89.49,694,30,32
812,14.3439,s200,337.21,84.97,681,30,33
812,14.3439,s200,484.12,68.07,725,33,32
812,14.3439,s200,441.87,57.56,924,36,37
813,14.3594,s200,1513.42,1045.93,862,30,37
813,14.3594,s200,1041.49,687.92,684,33,33
813,14.3594,s200,1626.71,576.23,697,33,33
813,14.3594,s200,1644.91,526.21,803,36,32
813,14.3594,s200,1169.85,460.57,726,34,34
813,14.3594,s200,396.22,450.93,751,35,34
813,14.3594,s200,339.16,442.47,706,31,35
813,14.3594,s200,1110.22,367.84,816,34,34
813,14.3594,s200,385.73,89.54,692,31,32
813,14.3594,s200,337.26,84.96,682,30,33
813,14.3594,s200,484.18,68.07,745,35,32
813,14.3594,s200,442.03,57.61,929,37,38
814,14.3757,s200,1513.40,1045.95,855,31,37
814,14.3757,s200,1041.00,687.44,660,32,34
814,14.3757,s200,1626.84,576.34,699,33,33
814,14.3757,s200,1644.93,526.11,798,36,32
814,14.3757,s200,1169.87,459.92,721,33,33
814,14.3757,s200,396.16,451.08,742,35,34
814,14.3757,s200,339.13,442.38,706,31,35
814,14.3757,s200,1110.21,367.38,829,35,35
814,14.3757,s200,385.89,89.44,690,31,32
814,14.3757,s200,337.19,85.01,681,31,33
814,14.3757,s200,483.19,66.96,808,36,35
814,14.3757,s200,442.70,58.64,871,36,37
815,14.3913,s200,1513.48,1045.96,862,31,37
815,14.3913,s200,1040.78,687.50,662,34,33
815,14.3913,s200,1626.85,576.35,695,32,33
815,14.3913,s200,1645.05,526.06,801,36,32
815,14.3913,s200,1169.94,459.16,696,33,33
815,14.3913,s200,396.17,451.11,739,35,35
815,14.3913,s200,339.08,442.37,708,31,35
815,14.3913,s200,1110.49,367.10,834,35,35
815,14.3913,s200,385.90,89.41,693,32,32
815,14.3913,s200,337.18,84.99,691,31,33
815,14.3913,s200,483.16,66.98,811,37,35
815,14.3913,s200,442.67,58.53,869,37,37
816,14.4113,s200,1513.42,1046.09,860,30,37
816,14.4113,s200,1039.37,687.26,709,34,34
816,14.4113,s200,1626.87,576.38,700,33,33
816,14.4113,s200,1644.89,526.06,807,36,32
816,14.4113,s200,1170.00,458.47,702,33,33
816,14.4113,s200,396.12,451.00,739,35,34
816,14.4113,s200,339.06,442.32,701,31,35
816,14.4113,s200,1110.66,366.81,835,35,35
816,14.4113,s200,385.95,89.45,696,32,33
816,14.4113,s200,337.15,84.96,680,31,33
816,14.4113,s200,483.56,67.17,783,33,35
816,14.4113,s200,442.67,58.67,869,36,37
817,14.4273,s200,1513.42,1045.91,863,31,37
817,14.4273,s200,1038.43,686.90,711,34,34
817,14.4273,s200,1626.84,576.30,695,32,33
817,14.4273,s200,1645.02,526.07,803,36,32
817,14.4273,s200,1169.80,458.35,705,34,32
817,14.4273,s200,396.19,451.01,746,35,36
817,14.4273,s200,338.92,442.38,715,31,35
817,14.4273,s200,1111.08,366.84,816,35,35
817,14.4273,s200,385.90,89.50,686,30,32
817,14.4273,s200,337.15,84.91,685,31,33
817,14.4273,s200,483.61,67.88,764,37,32
817,14.4273,s200,442.69,58.61,864,37,37
818,14.4434,s200,1514.25,1046.26,919,36,37
818,14.4434,s200,1037.71,686.26,714,34,34
818,14.4434,s200,1626.83,576.32,700,33,33
818,14.4434,s200,1644.99,526.19,806,36,32
818,14.4434,s200,1169.77,457.71,697,34,32
818,14.4434,s200,396.10,450.93,744,35,35
818,14.4434,s200,339.06,442.35,704,31,35
818,14.4434,s200,1111.25,366.47,812,35,36
818,14.4434,s200,385.62,89.55,682,31,33
818,14.4434,s200,337.17,85.09,682,30,33
818,14.4434,s200,483.11,66.91,809,38,35
818,14.4434,s200,442.66,58.61,871,37,37
819,14.4593,s200,1513.41,1046.03,854,30,37
819,14.4593,s200,1037.21,685.48,722,34,34
819,14.4593,s200,1626.77,576.33,697,32,33
819,14.4593,s200,1644.92,526.13,806,36,32
819,14.4593,s200,1169.41,458.12,659,34,32
819,14.4593,s200,396.16,450.99,741,35,34
819,14.4593,s200,339.06,442.35,702,31,35
819,14.4593,s200,1111.08,365.87,845,34,35
819,14.4593,s200,385.92,89.61,683,30,33
819,14.4593,s200,337.08,84.92,672,30,33
819,14.4593,s200,483.16,66.95,799,36,35
819,14.4593,s200,441.90,57.59,932,36,37
820,14.4756,s200,1514.43,1046.18,908,36,37
820,14.4756,s200,1036.94,685.42,691,35,34
820,14.4756,s200,1626.80,576.38,703,32,33
820,14.4756,s200,1644.92,526.11,812,36,33
820,14.4756,s200,1170.01,457.30,689,34,32
820,14.4756,s200,396.05,451.11,751,35,34
820,14.4756,s200,338.90,442.32,706,31,35
820,14.4756,s200,1111.05,365.47,855,34,36
820,14.4756,s200,385.75,89.41,683,31,32
820,14.4756,s200,336.92,85.13,676,31,33
820,14.4756,s200,483.62,67.81,750,36,32
820,14.4756,s200,442.68,58.51,871,36,37
821,14.4913,s200,1514.39,1046.19,910,36,37
821,14.4913,s200,1036.28,685.10,677,34,35
821,14.4913,s200,1626.81,576.37,700,33,33
821,14.4913,s200,1644.99,526.13,816,36,33
821,14.4913,s200,1169.97,457.16,697,34,32
821,14.4913,s200,396.20,451.11,742,35,34
821,14.4913,s200,339.05,442.42,711,31,35
821,14.4913,s200,1111.17,365.12,854,34,37
821,14.4913,s200,385.84,89.50,687,31,32
821,14.4913,s200,337.24,84.90,678,30,33
821,14.4913,s200,483.80,67.85,755,37,32
821,14.4913,s200,441.86,57.60,939,38,38
822,14.5113,s200,1513.47,1046.00,861,31,37
822,14.5113,s200,1035.46,684.85,645,34,35
822,14.5113,s200,1626.84,576.41,692,32,33
822,14.5113,s200,1644.97,526.04,808,36,32
822,14.5113,s200,1170.06,457.20,703,35,32
822,14.5113,s200,396.08,451.06,754,35,36
822,14.5113,s200,339.07,442.39,709,31,35
822,14.5113,s200,1111.14,364.58,855,34,37
822,14.5113,s200,385.67,89.52,684,32,32
822,14.5113,s200,336.94,85.05,671,31,33
822,14.5113,s200,483.23,66.93,801,36,35
822,14.5113,s200,442.69,58.63,867,36,37
823,14.5273,s200,1514.41,1046.12,912,36,37
823,14.5273,s200,1035.04,684.52,652,34,35
823,14.5273,s200,1626.81,576.39,697,32,33
823,14.5273,s200,1645.03,526.13,802,36,32
823,14.5273,s200,1170.19,457.14,702,35,32
823,14.5273,s200,396.11,451.10,744,35,34
823,14.5273,s200,339.02,442.38,701,31,35
823,14.5273,s200,1111.31,363.94,850,35,37
823,14.5273,s200,385.83,89.47,679,30,32
823,14.5273,s200,337.26,85.08,682,30,33
823,14.5273,s200,483.63,67.83,755,37,32
823,14.5273,s200,442.07,57.68,927,36,38
824,14.5436,s200,1513.40,1046.00,860,31,37
824,14.5436,s200,1034.51,684.20,634,34,35
824,14.5436,s200,1626.82,576.38,703,32,33
824,14.5436,s200,1644.96,526.13,801,36,32
824,14.5436,s200,1170.08,457.30,710,35,32
824,14.5436,s200,396.16,451.17,748,35,35
824,14.5436,s200,339.07,442.41,708,31,35
824,14.5436,s200,1111.42,363.33,853,34,37
824,14.5436,s200,385.91,89.62,680,29,32
824,14.5436,s200,337.18,84.97,682,30,33
824,14.5436,s200,483.11,67.02,810,37,35
824,14.5436,s200,442.72,58.66,868,37,36
825,14.5594,s200,1514.50,1046.11,909,35,37
825,14.5594,s200,1034.21,684.29,638,34,35
825,14.5594,s200,1626.71,576.32,707,33,33
825,14.5594,s200,1644.99,526.08,809,36,32
825,14.5594,s200,1169.68,458.10,704,35,33
825,14.5594,s200,396.11,451.04,745,35,34
825,14.5594,s200,339.01,442.31,703,31,35
825,14.5594,s200,1111.59,362.82,848,33,37
825,14.5594,s200,385.80,89.49,688,31,32
825,14.5594,s200,337.06,84.96,676,31,33
825,14.5594,s200,483.65,67.07,789,33,35
825,14.5594,s200,442.75,58.58,868,36,36
826,14.5788,s200,1513.45,1045.93,861,30,37
826,14.5788,s200,1033.75,684.50,627,34,34
826,14.5788,s200,1626.88,576.41,701,33,33
826,14.5788,s200,1644.93,526.04,805,36,32
826,14.5788,s200,1169.70,458.52,726,35,33
826,14.5788,s200,396.13,451.08,746,35,34
826,14.5788,s200,339.05,442.34,711,31,35
826,14.5788,s200,1111.38,362.80,821,33,36
826,14.5788,s200,385.90,89.42,669,31,32
826,14.5788,s200,337.13,84.85,678,31,33
826,14.5788,s200,483.68,67.04,790,34,35
826,14.5788,s200,442.65,58.60,871,38,37
827,14.5913,s200,1514.37,1046.11,904,36,37
827,14.5913,s200,1033.90,685.15,652,35,34
827,14.5913,s200,1626.89,576.36,691,33,33
827,14.5913,s200,1644.98,526.13,811,36,33
827,14.5913,s200,1169.95,458.80,740,35,34
827,14.5913,s200,396.22,451.03,741,35,34
827,14.5913,s200,339.04,442.43,705,31,35
827,14.5913,s200,1111.38,362.82,834,33,36
827,14.5913,s200,385.86,89.47,686,31,33
827,14.5913,s200,337.11,85.02,676,30,33
827,14.5913,s200,483.14,66.92,816,38,35
827,14.5913,s200,442.67,58.62,871,36,37
828,14.6113,s200,1513.49,1046.01,857,31,37
828,14.6113,s200,1032.91,684.59,668,34,34
828,14.6113,s200,1626.79,576.35,697,33,33
828,14.6113,s200,1644.98,526.10,805,36,32
828,14.6113,s200,1170.19,459.28,739,34,34
828,14.6113,s200,396.16,450.93,753,35,36
828,14.6113,s200,339.02,442.42,709,31,35
828,14.6113,s200,1111.56,362.78,852,32,37
828,14.6113,s200,385.89,89.62,693,32,32
828,14.6113,s200,337.18,84.93,673,30,33
828,14.6113,s200,483.58,66.99,788,35,35
828,14.6113,s200,442.61,58.56,873,37,37
829,14.6274,s200,1513.52,1046.08,867,30,37
829,14.6274,s200,1033.70,685.88,671,33,34
829,14.6274,s200,1626.81,576.32,700,33,33
829,14.6274,s200,1644.89,526.07,813,36,33
829,14.6274,s200,1170.57,459.43,738,34,33
829,14.6274,s200,396.11,450.97,747,35,35
829,14.6274,s200,339.10,442.39,711,31,35
829,14.6274,s200,1112.13,363.03,869,35,36
829,14.6274,s200,385.88,89.53,686,32,32
829,14.6274,s200,337.14,85.08,673,31,33
829,14.6274,s200,483.60,66.99,783,33,35
829,14.6274,s200,442.73,58.67,862,36,36
830,14.6433,s200,1513.57,1046.08,861,30,37
830,14.6433,s200,1034.24,686.41,685,32,33
830,14.6433,s200,1626.77,576.34,701,32,33
830,14.6433,s200,1645.10,526.04,803,36,33
830,14.6433,s200,1170.65,459.78,747,34,34
830,14.6433,s200,396.16,451.03,741,35,34
830,14.6433,s200,339.08,442.28,709,31,35
830,14.6433,s200,1112.39,362.81,848,35,35
830,14.6433,s200,385.63,89.48,694,32,33
830,14.6433,s200,337.12,85.03,689,31,33
830,14.6433,s200,483.19,66.97,812,37,35
830,14.6433,s200,442.65,58.48,864,38,38
831,14.6593,s200,1513.50,1046.06,861,31,37
831,14.6593,s200,1033.78,686.66,688,32,34
831,14.6593,s200,1626.83,576.31,702,32,33
831,14.6593,s200,1645.05,526.11,805,36,32
831,14.6593,s200,1170.57,460.41,746,34,33
831,14.6593,s200,396.23,450.95,750,35,35
831,14.6593,s200,339.05,442.28,705,31,35
831,14.6593,s200,1112.54,362.67,845,34,34
831,14.6593,s200,385.73,89.51,682,32,32
831,14.6593,s200,337.15,85.03,681,31,33
831,14.6593,s200,483.44,67.06,784,34,35
831,14.6593,s200,442.69,58.62,865,36,37
832,14.6753,s200,1514.38,1045.99,905,36,37
832,14.6753,s200,1033.58,686.70,684,29,34
832,14.6753,s200,1626.86,576.38,702,33,33
832,14.6753,s200,1644.95,526.15,810,36,32
832,14.6753,s200,1170.69,460.79,746,33,32
832,14.6753,s200,396.27,450.97,747,35,35
832,14.6753,s200,338.92,442.38,708,31,35
832,14.6753,s200,1112.82,363.08,843,35,33
832,14.6753,s200,385.86,89.52,687,31,32
832,14.6753,s200,337.19,85.05,674,30,33
832,14.6753,s200,483.48,67.06,786,36,35
832,14.6753,s200,442.71,58.52,868,37,38
833,14.6913,s200,1513.45,1045.98,864,31,37
833,14.6913,s200,1033.19,686.79,652,29,33
833,14.6913,s200,1626.77,576.29,707,32,33
833,14.6913,s200,1644.95,526.15,808,36,32
833,14.6913,s200,1170.61,460.60,781,33,33
833,14.6913,s200,396.20,450.99,745,35,35
833,14.6913,s200,339.05,442.38,713,31,35
833,14.6913,s200,1113.39,363.23,827,34,33
833,14.6913,s200,385.83,89.50,695,31,32
833,14.6913,s200,337.18,84.95,694,31,33
833,14.6913,s200,483.26,66.91,808,37,35
833,14.6913,s200,442.63,58.51,861,37,38
834,14.7113,s200,1514.41,1046.18,898,36,37
834,14.7113,s200,1032.53,687.27,709,30,33
834,14.7113,s200,1626.87,576.33,693,32,33
834,14.7113,s200,1644.99,526.08,814,36,32
834,14.7113,s200,1170.22,461.00,796,33,33
834,14.7113,s200,396.05,451.02,746,35,34
834,14.7113,s200,339.13,442.42,704,31,35
834,14.7113,s200,1113.80,363.38,835,35,33
834,14.7113,s200,385.84,89.43,691,31,32
834,14.7113,s200,337.20,85.06,681,31,33
834,14.7113,s200,483.52,67.03,789,36,35
834,14.7113,s200,442.63,58.61,859,36,37
835,14.7273,s200,1513.41,1045.99,851,30,37
835,14.7273,s200,1033.46,687.31,754,33,34
835,14.7273,s200,1626.75,576.39,709,33,33
835,14.7273,s200,1644.97,526.10,798,36,32
835,14.7273,s200,1169.74,461.58,813,34,33
835,14.7273,s200,396.25,450.95,741,35,34
835,14.7273,s200,339.05,442.39,710,31,35
835,14.7273,s200,1114.25,363.67,832,35,33
835,14.7273,s200,385.76,89.51,686,31,32
835,14.7273,s200,337.17,85.10,680,31,33
835,14.7273,s200,483.26,66.94,806,36,35
835,14.7273,s200,442.74,58.66,862,36,37
836,14.7433,s200,1514.47,1046.08,917,36,38
836,14.7433,s200,1033.56,687.21,758,34,34
836,14.7433,s200,1626.90,576.31,701,32,33
836,14.7433,s200,1645.05,525.99,807,36,32
836,14.7433,s200,1169.66,461.97,806,34,33
836,14.7433,s200,396.23,450.97,744,35,35
836,14.7433,s200,339.03,442.43,711,31,35
836,14.7433,s200,1114.75,364.19,819,34,34
836,14.7433,s200,385.80,89.44,688,31,32
836,14.7433,s200,337.17,84.95,680,30,33
836,14.7433,s200,483.21,66.98,811,39,35
836,14.7433,s200,441.88,57.55,933,38,37
837,14.7593,s200,1514.47,1046.13,910,36,37
837,14.7593,s200,1033.85,687.28,735,35,33
837,14.7593,s200,1626.94,576.34,695,33,33
837,14.7593,s200,1644.97,526.08,807,36,32
837,14.7593,s200,1169.79,461.98,792,34,35
837,14.7593,s200,396.16,451.07,741,35,34
837,14.7593,s200,338.98,442.28,709,31,35
837,14.7593,s200,1115.49,364.63,797,33,35
837,14.7593,s200,385.76,89.57,689,32,33
837,14.7593,s200,337.26,85.09,681,30,33
837,14.7593,s200,483.70,67.18,789,34,35
837,14.7593,s200,442.73,58.62,863,36,37
838,14.7753,s200,1514.33,1046.13,913,36,37
838,14.7753,s200,1034.43,686.73,686,34,30
838,14.7753,s200,1626.80,576.29,696,33,33
838,14.7753,s200,1644.97,526.07,806,36,32
838,14.7753,s200,1169.63,462.01,803,34,35
838,14.7753,s200,396.21,450.99,741,35,35
838,14.7753,s200,339.09,442.45,708,31,35
838,14.7753,s200,1116.17,364.82,785,32,35
838,14.7753,s200,385.71,89.60,687,31,32
838,14.7753,s200,337.16,84.99,673,31,33
838,14.7753,s200,483.68,67.15,792,33,35
838,14.7753,s200,442.68,58.60,863,37,37
839,14.7953,stop,1513.51,1046.03,852,31,37
839,14.7953,stop,1034.61,686.92,669,33,28
839,14.7953,stop,1626.79,576.35,694,32,33
839,14.7953,stop,1645.04,526.20,813,36,33
839,14.7953,stop,1169.60,462.00,814,34,33
839,14.7953,stop,396.03,450.99,746,35,35
839,14.7953,stop,339.05,442.26,697,31,35
839,14.7953,stop,1116.66,364.79,754,32,34
839,14.7953,stop,385.71,89.51,679,31,32
839,14.7953,stop,337.19,84.96,684,31,33
839,14.7953,stop,484.25,68.03,741,33,32
839,14.7953,stop,441.85,57.60,930,37,38
840,14.8113,stop,1513.46,1045.92,866,30,37
840,14.8113,stop,1034.78,686.54,690,33,31
840,14.8113,stop,1626.82,576.39,695,32,33
840,14.8113,stop,1644.93,526.07,802,36,33
840,14.8113,stop,1169.58,461.81,801,33,32
840,14.8113,stop,396.14,450.88,758,35,34
840,14.8113,stop,339.04,442.31,707,31,35
840,14.8113,stop,1116.34,364.38,685,32,34
840,14.8113,stop,385.76,89.41,688,31,32
840,14.8113,stop,337.26,84.97,688,30,33
840,14.8113,stop,483.62,67.04,788,33,35
840,14.8113,stop,441.92,57.56,934,37,37
841,14.8274,stop,1513.47,1045.97,857,31,37
841,14.8274,stop,1034.73,686.63,695,33,32
841,14.8274,stop,1626.83,576.30,694,33,33
841,14.8274,stop,1645.00,526.20,810,36,32
841,14.8274,stop,1169.45,461.74,805,33,33
841,14.8274,stop,396.30,451.05,744,35,34
841,14.8274,stop,338.94,442.36,710,31,35
841,14.8274,stop,1116.62,364.11,654,31,34
841,14.8274,stop,385.69,89.53,688,31,32
841,14.8274,stop,337.19,85.02,682,30,33
841,14.8274,stop,483.26,66.98,811,37,35
841,14.8274,stop,442.69,58.62,863,36,37
842,14.8433,stop,1513.49,1045.98,857,31,37
842,14.8433,stop,1034.59,686.80,695,34,33
842,14.8433,stop,1626.84,576.38,698,33,33
842,14.8433,stop,1644.93,526.13,814,36,32
842,14.8433,stop,1169.13,461.88,821,33,33
842,14.8433,stop,396.18,451.12,738,35,35
842,14.8433,stop,338.98,442.34,710,31,35
842,14.8433,stop,1116.95,363.78,614,28,34
842,14.8433,stop,385.71,89.50,676,29,32
842,14.8433,stop,337.14,84.96,683,31,33
842,14.8433,stop,483.52,67.10,792,34,35
842,14.8433,stop,442.72,58.61,865,37,36
843,14.8594,stop,1513.49,1046.00,851,31,37
843,14.8594,stop,1034.85,686.19,706,35,33
843,14.8594,stop,1626.76,576.30,693,32,33
843,14.8594,stop,1644.93,526.10,811,36,32
843,14.8594,stop,1169.38,461.99,823,34,33
843,14.8594,stop,396.11,451.05,752,35,34
843,14.8594,stop,339.03,442.38,704,31,35
843,14.8594,stop,1116.94,363.70,569,27,33
843,14.8594,stop,385.85,89.50,686,32,32
843,14.8594,stop,337.25,85.17,683,30,33
843,14.8594,stop,483.68,67.06,783,33,35
843,14.8594,stop,442.75,58.62,870,36,38
844,14.8753,stop,1513.54,1046.02,858,30,37
844,14.8753,stop,1035.48,686.63,669,35,34
844,14.8753,stop,1626.83,576.28,694,33,33
844,14.8753,stop,1645.00,526.10,808,36,33
844,14.8753,stop,1169.50,462.11,811,35,34
844,14.8753,stop,396.13,451.15,750,35,36
844,14.8753,stop,339.08,442.37,714,31,35
844,14.8753,stop,1117.02,363.52,542,26,32
844,14.8753,stop,385.89,89.60,683,31,32
844,14.8753,stop,337.15,84.87,691,31,33
844,14.8753,stop,483.72,67.80,759,37,32
844,14.8753,stop,442.58,58.51,875,37,38
845,14.8953,stop,1513.40,1045.87,858,31,37
845,14.8953,stop,1035.33,686.47,638,34,34
845,14.8953,stop,1626.82,576.34,699,32,33
845,14.8953,stop,1644.93,526.12,814,36,32
845,14.8953,stop,1169.82,462.16,801,35,34
845,14.8953,stop,396.12,450.98,745,35,34
845,14.8953,stop,339.01,442.31,714,31,35
845,14.8953,stop,1117.02,363.06,507,25,32
845,14.8953,stop,385.64,89.59,685,31,33
845,14.8953,stop,337.20,84.96,696,31,33
845,14.8953,stop,483.13,66.94,812,37,35
845,14.8953,stop,442.70,58.59,870,37,37
846,14.9113,stop,1513.49,1046.01,853,31,37
846,14.9113,stop,1035.74,686.68,643,33,33
846,14.9113,stop,1626.78,576.44,700,33,33
846,14.9113,stop,1644.94,526.13,813,36,32
846,14.9113,stop,1169.99,462.14,798,34,34
846,14.9113,stop,396.18,450.95,748,35,34
846,14.9113,stop,339.12,442.48,706,31,35
846,14.9113,stop,1116.67,362.75,487,25,32
846,14.9113,stop,385.79,89.59,683,31,32
846,14.9113,stop,337.28,85.03,681,30,33
846,14.9113,stop,484.20,68.00,739,33,32
846,14.9113,stop,442.69,58.62,871,36,37
847,14.9273,stop,1514.30,1046.19,901,36,37
847,14.9273,stop,1035.75,686.25,610,33,33
847,14.9273,stop,1626.82,576.40,702,33,33
847,14.9273,stop,1644.97,526.12,811,36,32
847,14.9273,stop,1170.65,461.96,753,32,35
847,14.9273,stop,396.07,450.94,752,35,35
847,14.9273,stop,338.99,442.41,705,31,35
847,14.9273,stop,1115.96,362.81,464,24,31
847,14.9273,stop,385.95,89.49,689,31,32
847,14.9273,stop,337.08,85.01,678,31,33
847,14.9273,stop,483.08,66.94,812,37,35
847,14.9273,stop,442.61,58.51,866,36,38
848,14.9433,stop,1513.53,1045.91,858,30,37
848,14.9433,stop,1035.48,685.01,555,32,32
848,14.9433,stop,1626.81,576.40,700,32,33
848,14.9433,stop,1644.91,526.14,803,36,32
848,14.9433,stop,1170.59,461.55,737,33,35
848,14.9433,stop,396.06,450.98,745,35,34
848,14.9433,stop,339.07,442.40,712,31,35
848,14.9433,stop,1114.96,363.32,479,24,31
848,14.9433,stop,385.78,89.55,687,31,32
848,14.9433,stop,337.14,84.96,680,30,33
848,14.9433,stop,483.13,66.91,812,37,35
848,14.9433,stop,441.79,57.58,926,36,37
849,14.9593,stop,1514.27,1046.07,905,36,37
849,14.9593,stop,1037.03,685.34,526,29,31
849,14.9593,stop,1626.79,576.23,703,33,33
849,14.9593,stop,1644.95,526.19,806,36,32
849,14.9593,stop,1170.99,460.84,733,32,34
849,14.9593,stop,396.22,450.98,751,35,36
849,14.9593,stop,338.97,442.36,713,31,35
849,14.9593,stop,1114.03,362.92,459,24,31
849,14.9593,stop,385.77,89.52,690,31,32
849,14.9593,stop,337.30,84.81,687,30,33
849,14.9593,stop,483.64,67.65,761,37,32
849,14.9593,stop,442.66,58.58,869,37,36
850,14.9753,stop,1514.28,1045.99,904,36,37
850,14.9753,stop,1037.43,685.28,508,29,31
850,14.9753,stop,1626.79,576.40,697,33,33
850,14.9753,stop,1645.05,526.17,807,36,32
850,14.9753,stop,1170.94,460.35,698,32,33
850,14.9753,stop,396.19,451.14,748,35,34
850,14.9753,stop,339.01,442.34,708,31,35
850,14.9753,stop,1112.47,363.29,472,24,31
850,14.9753,stop,385.78,89.43,692,32,32
850,14.9753,stop,337.26,84.96,689,31,33
850,14.9753,stop,483.79,67.87,760,37,32
850,14.9753,stop,442.61,58.58,870,36,36
851,14.9953,stop,1513.49,1045.96,857,31,37
851,14.9953,stop,1038.39,685.42,469,27,30
851,14.9953,stop,1626.80,576.29,697,32,33
851,14.9953,stop,1644.86,526.00,813,36,33
851,14.9953,stop,1170.45,459.87,654,32,33
851,14.9953,stop,396.15,451.09,751,35,34
851,14.9953,stop,339.07,442.42,710,31,35
851,14.9953,stop,1111.30,362.90,466,25,31
851,14.9953,stop,385.71,89.46,685,32,32
851,14.9953,stop,337.14,85.03,680,31,33
851,14.9953,stop,483.14,66.97,808,36,35
851,14.9953,stop,441.92,57.54,935,37,38
852,15.0113,stop,1513.46,1045.95,860,30,37
852,15.0113,stop,1038.99,685.27,477,27,31
852,15.0113,stop,1626.86,576.41,702,33,33
852,15.0113,stop,1644.89,526.07,812,36,32
852,15.0113,stop,1170.57,459.37,609,31,33
852,15.0113,stop,396.07,450.98,755,35,36
852,15.0113,stop,339.03,442.28,706,31,35
852,15.0113,stop,1109.24,363.35,484,25,32
852,15.0113,stop,385.79,89.58,684,31,32
852,15.0113,stop,337.13,84.97,688,31,33
852,15.0113,stop,483.39,67.02,785,34,35
852,15.0113,stop,441.87,57.49,929,36,37
853,15.0273,stop,1513.42,1045.95,863,31,37
853,15.0273,stop,1039.59,685.21,446,27,29
853,15.0273,stop,1626.86,576.38,701,33,33
853,15.0273,stop,1645.02,526.14,808,36,32
853,15.0273,stop,1170.15,458.62,590,31,31
853,15.0273,stop,396.25,451.04,742,35,35
853,15.0273,stop,339.01,442.35,710,31,35
853,15.0273,stop,1107.38,363.45,497,25,35
853,15.0273,stop,385.76,89.51,691,32,32
853,15.0273,stop,337.32,84.92,691,31,33
853,15.0273,stop,483.06,67.03,816,38,35
853,15.0273,stop,442.71,58.55,868,37,37
854,15.0433,stop,1514.22,1046.14,912,35,37
854,15.0433,stop,1040.83,685.30,427,25,29
854,15.0433,stop,1626.76,576.32,703,32,33
854,15.0433,stop,1644.98,526.07,818,36,32
854,15.0433,stop,1169.77,456.65,541,30,30
854,15.0433,stop,396.18,450.98,747,35,34
854,15.0433,stop,339.07,442.43,707,31,35
854,15.0433,stop,1105.40,363.39,499,26,35
854,15.0433,stop,385.71,89.46,684,31,32
854,15.0433,stop,337.17,85.05,677,30,33
854,15.0433,stop,484.21,68.07,735,34,32
854,15.0433,stop,442.67,58.60,864,37,36
855,15.0593,stop,1513.51,1046.00,855,31,37
855,15.0593,stop,1041.77,684.85,419,25,29
855,15.0593,stop,1626.75,576.37,697,33,33
855,15.0593,stop,1644.98,526.05,809,36,32
855,15.0593,stop,1168.01,456.73,550,27,31
855,15.0593,stop,396.16,451.09,744,35,35
855,15.0593,stop,339.09,442.40,707,31,35
855,15.0593,stop,1103.14,364.13,484,26,33
855,15.0593,stop,385.86,89.48,690,31,32
855,15.0593,stop,337.26,85.15,669,30,32
855,15.0593,stop,483.91,67.86,764,38,32
855,15.0593,stop,441.80,57.63,931,37,38
856,15.0753,stop,1514.39,1046.08,906,36,37
856,15.0753,stop,1042.67,683.58,442,26,30
856,15.0753,stop,1626.81,576.33,699,33,33
856,15.0753,stop,1644.99,526.11,810,36,32
856,15.0753,stop,1168.44,453.94,524,29,30
856,15.0753,stop,396.23,451.00,749,35,34
856,15.0753,stop,339.11,442.28,704,31,35
856,15.0753,stop,1101.44,363.57,439,25,30
856,15.0753,stop,385.70,89.54,678,31,32
856,15.0753,stop,337.10,85.05,686,31,33
856,15.0753,stop,483.25,66.93,805,38,35
856,15.0753,stop,441.86,57.50,936,36,38
857,15.0953,stop,1513.43,1045.93,857,31,37
857,15.0953,stop,1044.06,682.62,459,26,30
857,15.0953,stop,1626.87,576.35,700,32,33
857,15.0953,stop,1644.95,526.01,807,36,32
857,15.0953,stop,1167.07,453.89,530,30,31
857,15.0953,stop,396.09,450.98,739,35,35
857,15.0953,stop,338.98,442.34,711,31,35
857,15.0953,stop,1098.62,365.03,450,26,33
857,15.0953,stop,385.95,89.47,697,32,32
857,15.0953,stop,337.12,84.98,677,30,33
857,15.0953,stop,483.56,67.15,784,34,35
857,15.0953,stop,442.69,58.58,872,36,38
858,15.1113,stop,1513.39,1045.98,857,30,37
858,15.1113,stop,1045.38,681.64,447,27,30
858,15.1113,stop,1626.83,576.41,704,33,33
858,15.1113,stop,1644.97,526.15,810,36,33
858,15.1113,stop,1166.07,452.69,548,29,32
858,15.1113,stop,396.20,451.07,741,35,35
858,15.1113,stop,339.08,442.37,709,31,35
858,15.1113,stop,1096.75,365.18,467,27,33
858,15.1113,stop,385.86,89.59,683,31,33
858,15.1113,stop,337.06,85.00,685,31,33
858,15.1113,stop,483.10,66.91,807,37,35
858,15.1113,stop,442.74,58.59,868,37,37
859,15.1273,stop,1513.44,1045.98,853,31,37
859,15.1273,stop,1047.06,680.64,447,27,29
859,15.1273,stop,1626.87,576.37,695,32,33
859,15.1273,stop,1644.92,526.12,817,36,33
859,15.1273,stop,1163.96,451.66,514,25,32
859,15.1273,stop,396.09,451.12,747,35,34
859,15.1273,stop,338.99,442.36,705,31,35
859,15.1273,stop,1094.66,366.25,444,27,26
859,15.1273,stop,385.79,89.62,685,32,32
859,15.1273,stop,337.02,84.98,667,31,33
859,15.1273,stop,484.23,67.90,735,34,32
859,15.1273,stop,442.61,58.53,868,37,38
860,15.1433,stop,1514.41,1046.22,898,36,37
860,15.1433,stop,1048.21,678.60,409,26,26
860,15.1433,stop,1626.85,576.36,703,32,33
860,15.1433,stop,1644.86,526.09,814,36,33
860,15.1433,stop,1163.41,449.81,561,30,32
860,15.1433,stop,396.06,450.94,747,35,35
860,15.1433,stop,339.11,442.35,706,31,35
860,15.1433,stop,1091.52,366.69,445,24,28
860,15.1433,stop,385.79,89.49,676,31,33
860,15.1433,stop,337.15,85.05,670,30,33
860,15.1433,stop,483.52,67.03,795,34,35
860,15.1433,stop,441.95,57.55,929,38,37
861,15.1593,stop,1513.39,1046.03,869,31,37
861,15.1593,stop,1050.03,677.41,418,26,27
861,15.1593,stop,1626.80,576.37,702,33,33
861,15.1593,stop,1644.90,526.06,807,36,33
861,15.1593,stop,396.13,451.06,746,35,34
861,15.1593,stop,1161.20,449.08,533,26,33
861,15.1593,stop,339.03,442.32,709,31,35
861,15.1593,stop,1089.10,368.07,495,30,28
861,15.1593,stop,385.70,89.68,679,31,33
861,15.1593,stop,337.12,85.02,683,31,33
861,15.1593,stop,483.20,67.00,802,37,35
861,15.1593,stop,442.72,58.51,868,37,38
862,15.1753,stop,1514.31,1046.11,901,36,37
862,15.1753,stop,1052.08,676.06,413,27,27
862,15.1753,stop,1626.85,576.33,697,32,33
862,15.1753,stop,1644.88,526.00,817,36,33
862,15.1753,stop,396.13,451.22,740,35,35
862,15.1753,stop,1159.15,447.19,527,27,34
862,15.1753,stop,339.14,442.39,706,31,35
862,15.1753,stop,1086.67,369.33,464,31,27
862,15.1753,stop,385.81,89.53,693,31,32
862,15.1753,stop,337.05,85.05,678,31,33
862,15.1753,stop,483.68,67.79,761,37,32
862,15.1753,stop,442.65,58.60,862,37,37
863,15.1954,stop,1514.33,1046.13,903,35,37
863,15.1954,stop,1054.11,674.52,414,27,26
863,15.1954,stop,1626.76,576.30,697,32,33
863,15.1954,stop,1644.93,526.05,805,37,32
863,15.1954,stop,396.14,451.05,748,35,34
863,15.1954,stop,1157.41,445.60,519,26,34
863,15.1954,stop,339.04,442.38,717,31,35
863,15.1954,stop,1082.09,370.51,431,26,26
863,15.1954,stop,385.84,89.52,685,30,32
863,15.1954,stop,337.13,85.09,677,31,33
863,15.1954,stop,483.11,66.90,810,37,35
863,15.1954,stop,441.90,57.62,924,37,37
864,15.2113,stop,1513.42,1045.97,861,30,37
864,15.2113,stop,1056.43,672.89,427,28,27
864,15.2113,stop,1626.82,576.28,695,33,33
864,15.2113,stop,1644.96,526.18,807,36,33
864,15.2113,stop,396.10,451.10,742,35,34
864,15.2113,stop,1155.28,443.85,529,26,33
864,15.2113,stop,339.13,442.33,705,31,35
864,15.2113,stop,1079.27,372.43,433,24,26
864,15.2113,stop,385.82,89.46,673,29,32
864,15.2113,stop,337.12,85.13,684,31,33
864,15.2113,stop,483.57,67.17,791,34,35
864,15.2113,stop,441.89,57.59,928,36,37
865,15.2273,stop,1514.49,1046.17,906,36,37
865,15.2273,stop,1058.54,671.55,428,27,27
865,15.2273,stop,1626.74,576.38,698,32,33
865,15.2273,stop,1644.92,526.18,799,36,32
865,15.2273,stop,396.33,451.05,738,35,34
865,15.2273,stop,1152.95,442.18,533,27,34
865,15.2273,stop,339.05,442.34,711,31,35
865,15.2273,stop,1075.47,374.03,433,26,26
865,15.2273,stop,385.85,89.51,689,30,33
865,15.2273,stop,337.04,85.07,682,31,33
865,15.2273,stop,484.11,67.90,729,33,32
865,15.2273,stop,442.69,58.64,864,36,36
866,15.2433,stop,1513.44,1045.95,861,31,37
866,15.2433,stop,1060.42,669.36,413,26,26
866,15.2433,stop,1626.82,576.34,700,33,33
866,15.2433,stop,1644.93,526.15,805,36,33
866,15.2433,stop,396.20,451.13,747,35,34
866,15.2433,stop,1150.61,440.37,519,26,33
866,15.2433,stop,338.98,442.35,712,31,35
866,15.2433,stop,1073.31,376.72,486,31,26
866,15.2433,stop,385.87,89.60,683,31,32
866,15.2433,stop,337.25,84.97,683,31,33
866,15.2433,stop,483.18,66.89,810,37,35
866,15.2433,stop,441.90,57.61,936,37,38
867,15.2593,stop,1513.51,1045.97,855,31,37
867,15.2593,stop,1063.00,667.43,418,26,26
867,15.2593,stop,1626.82,576.29,699,32,33
867,15.2593,stop,1644.87,526.03,819,36,33
867,15.2593,stop,396.08,450.98,756,35,35
867,15.2593,stop,338.96,442.29,712,31,35
867,15.2593,stop,1148.02,438.59,524,26,33
867,15.2593,stop,1071.00,378.63,452,31,26
867,15.2593,stop,385.70,89.61,689,31,32
867,15.2593,stop,337.12,85.05,673,30,33
867,15.2593,stop,483.08,66.89,809,36,35
867,15.2593,stop,442.66,58.64,867,36,38
868,15.2753,stop,1513.48,1045.94,856,31,37
868,15.2753,stop,1065.78,665.31,431,27,27
868,15.2753,stop,1626.74,576.31,700,33,33
868,15.2753,stop,1644.99,526.11,811,36,33
868,15.2753,stop,396.12,451.15,746,35,34
868,15.2753,stop,339.06,442.35,711,31,35
868,15.2753,stop,1145.20,436.45,523,26,33
868,15.2753,stop,1067.87,380.84,455,30,25
868,15.2753,stop,385.89,89.56,695,31,32
868,15.2753,stop,337.12,85.01,690,31,33
868,15.2753,stop,483.15,66.93,804,37,35
868,15.2753,stop,442.68,58.66,866,36,37
869,15.2953,stop,1513.39,1045.85,866,30,38
869,15.2953,stop,1068.53,662.90,447,28,27
869,15.2953,stop,1626.77,576.27,697,33,33
869,15.2953,stop,1644.90,526.12,810,36,32
869,15.2953,stop,396.29,451.01,745,35,34
869,15.2953,stop,339.04,442.31,707,31,35
869,15.2953,stop,1142.49,434.65,524,26,33
869,15.2953,stop,1064.84,384.74,452,31,23
869,15.2953,stop,385.84,89.52,693,31,33
869,15.2953,stop,337.19,85.08,687,31,33
869,15.2953,stop,483.69,67.11,794,33,35
869,15.2953,stop,441.95,57.53,932,37,37
870,15.3113,stop,1513.47,1046.01,856,31,37
870,15.3113,stop,1071.07,660.57,450,29,27
870,15.3113,stop,1626.78,576.32,695,32,33
870,15.3113,stop,1644.84,526.11,805,36,32
870,15.3113,stop,396.27,451.07,738,35,34
870,15.3113,stop,339.14,442.27,709,31,35
870,15.3113,stop,1139.40,432.25,521,27,32
870,15.3113,stop,1061.41,387.97,464,30,23
870,15.3113,stop,385.86,89.49,687,32,32
870,15.3113,stop,337.19,84.82,688,30,33
870,15.3113,stop,484.37,67.91,733,33,32
870,15.3113,stop,441.81,57.36,946,37,37
871,15.3273,stop,1514.38,1046.12,908,36,38
871,15.3273,stop,1073.81,657.70,437,28,25
871,15.3273,stop,1626.83,576.35,704,33,33
871,15.3273,stop,1645.06,526.09,808,36,33
871,15.3273,stop,396.19,451.02,742,35,34
871,15.3273,stop,339.02,442.32,713,31,35
871,15.3273,stop,1136.66,428.86,453,26,28
871,15.3273,stop,1057.45,391.10,455,31,23
871,15.3273,stop,385.79,89.51,685,31,32
871,15.3273,stop,337.12,84.96,690,31,33
871,15.3273,stop,483.61,67.79,762,37,32
871,15.3273,stop,442.62,58.68,869,36,37
872,15.3433,stop,1513.43,1045.96,853,29,37
872,15.3433,stop,1076.67,655.40,447,28,27
872,15.3433,stop,1626.90,576.31,697,33,33
872,15.3433,stop,1644.81,526.18,809,36,32
872,15.3433,stop,396.26,451.12,742,35,35
872,15.3433,stop,339.08,442.39,705,31,35
872,15.3433,stop,1133.51,426.69,457,26,28
872,15.3433,stop,1053.40,394.38,460,33,24
872,15.3433,stop,385.82,89.48,698,32,32
872,15.3433,stop,337.19,85.08,684,31,33
872,15.3433,stop,483.81,67.73,761,37,32
872,15.3433,stop,442.63,58.62,871,37,37
873,15.3594,stop,1513.55,1045.97,866,31,37
873,15.3594,stop,1079.59,652.62,454,27,27
873,15.3594,stop,1626.85,576.35,696,33,33
873,15.3594,stop,1644.94,526.13,812,36,33
873,15.3594,stop,396.14,451.02,743,35,34
873,15.3594,stop,339.14,442.43,710,31,35
873,15.3594,stop,1130.25,424.62,455,25,28
873,15.3594,stop,1049.74,397.56,465,31,24
873,15.3594,stop,385.83,89.54,683,30,32
873,15.3594,stop,337.28,84.96,693,31,33
873,15.3594,stop,483.68,67.83,764,37,32
873,15.3594,stop,442.00,57.56,926,37,37
874,15.3753,stop,1514.40,1046.01,916,36,37
874,15.3753,stop,1082.48,649.74,446,25,27
874,15.3753,stop,1626.86,576.36,699,32,33
874,15.3753,stop,1644.84,526.16,810,36,32
874,15.3753,stop,396.21,451.00,744,35,34
874,15.3753,stop,339.02,442.36,710,31,35
874,15.3753,stop,1126.48,422.84,433,25,27
874,15.3753,stop,1045.51,401.27,465,32,25
874,15.3753,stop,385.69,89.51,688,32,32
874,15.3753,stop,337.16,84.95,680,31,33
874,15.3753,stop,483.10,66.86,823,37,35
874,15.3753,stop,442.59,58.60,877,37,38
875,15.3953,stop,1513.43,1045.96,860,31,37
875,15.3953,stop,1085.07,646.55,426,25,27
875,15.3953,stop,1626.88,576.40,698,33,33
875,15.3953,stop,1644.97,526.05,808,36,33
875,15.3953,stop,396.16,451.06,747,35,35
875,15.3953,stop,339.11,442.43,711,31,35
875,15.3953,stop,1122.83,420.25,446,25,28
875,15.3953,stop,1042.14,404.86,477,31,25
875,15.3953,stop,385.85,89.47,691,31,32
875,15.3953,stop,337.13,84.97,683,31,33
875,15.3953,stop,483.69,67.84,766,37,32
875,15.3953,stop,442.69,58.68,872,38,37
876,15.4113,stop,1513.39,1045.97,855,31,37
876,15.4113,stop,1088.28,643.40,454,28,26
876,15.4113,stop,1626.84,576.30,707,33,33
876,15.4113,stop,1645.09,526.11,806,36,32
876,15.4113,stop,396.05,451.05,743,35,34
876,15.4113,stop,339.07,442.33,709,31,35
876,15.4113,stop,1119.06,417.64,442,26,28
876,15.4113,stop,1037.97,409.18,522,33,26
876,15.4113,stop,385.93,89.49,693,32,32
876,15.4113,stop,337.27,84.99,689,31,33
876,15.4113,stop,483.18,66.84,808,36,35
876,15.4113,stop,441.92,57.49,930,36,37
877,15.4273,stop,1514.43,1046.25,901,35,37
877,15.4273,stop,1091.42,640.16,458,28,26
877,15.4273,stop,1626.76,576.29,694,32,33
877,15.4273,stop,1644.87,526.20,820,36,33
877,15.4273,stop,396.23,451.05,741,35,34
877,15.4273,stop,339.01,442.28,712,31,35
877,15.4273,stop,1115.12,414.85,428,25,28
877,15.4273,stop,1033.43,413.40,556,33,26
877,15.4273,stop,385.81,89.47,689,32,33
877,15.4273,stop,337.22,85.04,678,30,33
877,15.4273,stop,483.48,67.09,791,34,35
877,15.4273,stop,442.71,58.46,870,36,38
878,15.4433,stop,1513.48,1045.98,862,31,37
878,15.4433,stop,1094.52,636.37,463,28,26
878,15.4433,stop,1626.80,576.36,698,33,33
878,15.4433,stop,1645.01,526.04,808,36,32
878,15.4433,stop,396.20,450.98,749,35,35
878,15.4433,stop,339.05,442.31,707,31,35
878,15.4433,stop,1029.22,416.72,617,33,29
878,15.4433,stop,1111.23,412.06,431,24,27
878,15.4433,stop,385.69,89.42,688,31,33
878,15.4433,stop,337.20,85.07,694,31,33
878,15.4433,stop,483.59,67.86,765,38,32
878,15.4433,stop,441.90,57.50,927,37,38
879,15.4593,stop,1514.37,1046.03,912,36,37
879,15.4593,stop,1097.95,632.70,479,29,27
879,15.4593,stop,1626.90,576.41,707,33,33
879,15.4593,stop,1645.02,526.22,810,36,32
879,15.4593,stop,396.20,451.11,752,35,35
879,15.4593,stop,339.05,442.37,705,31,35
879,15.4593,stop,1024.98,421.65,707,34,30
879,15.4593,stop,1107.99,408.90,459,28,26
879,15.4593,stop,385.79,89.59,688,31,33
879,15.4593,stop,337.13,85.02,682,31,33
879,15.4593,stop,483.03,66.98,813,37,35
879,15.4593,stop,442.61,58.63,862,36,36
880,15.4793,stop,1514.44,1046.17,908,35,37
880,15.4793,stop,1101.26,628.85,505,30,27
880,15.4793,stop,1626.76,576.34,707,33,33
880,15.4793,stop,1645.01,526.03,813,36,32
880,15.4793,stop,396.22,450.98,738,35,34
880,15.4793,stop,339.09,442.39,719,31,35
880,15.4793,stop,1021.02,425.69,778,35,31
880,15.4793,stop,1102.24,406.18,423,23,26
880,15.4793,stop,385.77,89.46,693,31,33
880,15.4793,stop,337.28,85.03,695,31,33
880,15.4793,stop,483.28,67.00,803,38,35
880,15.4793,stop,442.71,58.68,873,36,37
881,15.4953,stop,1513.42,1046.07,859,30,37
881,15.4953,stop,1104.74,625.32,549,30,29
881,15.4953,stop,1626.83,576.40,701,33,33
881,15.4953,stop,1644.87,526.08,810,36,32
881,15.4953,stop,396.23,450.96,754,35,35
881,15.4953,stop,338.99,442.39,713,31,35
881,15.4953,stop,1016.89,430.41,827,36,33
881,15.4953,stop,1097.70,403.00,432,24,26
881,15.4953,stop,385.85,89.60,693,31,32
881,15.4953,stop,337.11,85.07,692,31,33
881,15.4953,stop,483.04,67.00,812,36,35
881,15.4953,stop,441.80,57.46,923,36,38
882,15.5113,stop,1513.45,1045.94,854,30,38
882,15.5113,stop,1107.90,621.18,604,32,31
882,15.5113,stop,1626.79,576.36,703,33,34
882,15.5113,stop,1644.97,526.13,807,36,33
882,15.5113,stop,396.13,451.03,740,34,34
882,15.5113,stop,339.01,442.32,706,31,35
882,15.5113,stop,1013.17,434.98,857,35,37
882,15.5113,stop,1093.12,399.67,433,25,27
882,15.5113,stop,385.85,89.47,690,30,33
882,15.5113,stop,337.17,84.96,686,31,33
882,15.5113,stop,483.08,66.97,814,36,35
882,15.5113,stop,442.64,58.64,872,37,37
883,15.5273,stop,1513.35,1045.95,855,30,37
883,15.5273,stop,1111.04,617.10,685,32,32
883,15.5273,stop,1626.74,576.25,701,33,33
883,15.5273,stop,1644.88,526.06,803,36,33
883,15.5273,stop,396.17,450.84,747,35,34
883,15.5273,stop,339.05,442.39,711,31,35
883,15.5273,stop,1009.47,439.88,869,35,35
883,15.5273,stop,1088.97,395.81,478,30,27
883,15.5273,stop,385.75,89.49,687,31,32
883,15.5273,stop,337.16,84.99,690,31,33
883,15.5273,stop,484.21,67.98,738,34,32
883,15.5273,stop,441.83,57.43,939,37,37
884,15.5434,stop,1513.44,1046.00,863,31,37
884,15.5434,stop,1114.22,613.01,733,33,33
884,15.5434,stop,1626.82,576.30,700,32,33
884,15.5434,stop,1644.83,526.05,804,36,33
884,15.5434,stop,396.14,451.03,750,35,34
884,15.5434,stop,1005.68,444.79,866,35,36
884,15.5434,stop,338.98,442.33,708,31,35
884,15.5434,stop,1083.71,392.72,480,26,28
884,15.5434,stop,385.62,89.54,696,32,32
884,15.5434,stop,337.11,85.03,676,31,33
884,15.5434,stop,483.60,66.95,794,34,35
884,15.5434,stop,442.58,58.62,863,38,37
885,15.5594,stop,1514.34,1046.09,910,36,37
885,15.5594,stop,1117.45,608.72,765,34,34
885,15.5594,stop,1626.73,576.35,705,33,33
885,15.5594,stop,1644.91,526.09,812,36,32
885,15.5594,stop,396.14,451.07,746,35,35
885,15.5594,stop,1002.24,449.72,871,34,36
885,15.5594,stop,339.06,442.41,713,31,35
885,15.5594,stop,1078.88,389.08,504,27,28
885,15.5594,stop,385.82,89.55,694,30,33
885,15.5594,stop,337.19,85.03,672,30,33
885,15.5594,stop,483.60,67.87,754,37,32
885,15.5594,stop,442.74,58.59,870,36,37
886,15.5793,stop,1513.58,1046.00,874,31,37
886,15.5793,stop,1120.82,604.45,730,33,33
886,15.5793,stop,1626.79,576.37,694,32,33
886,15.5793,stop,1644.97,526.08,813,37,33
886,15.5793,stop,998.27,454.74,830,33,35
886,15.5793,stop,396.07,451.00,743,35,34
886,15.5793,stop,339.02,442.35,710,31,35
886,15.5793,stop,1074.41,385.57,569,31,31
886,15.5793,stop,385.90,89.46,689,31,32
886,15.5793,stop,337.04,85.06,678,31,33
886,15.5793,stop,483.02,66.94,814,37,35
886,15.5793,stop,441.91,57.48,925,37,38
887,15.5953,stop,1513.41,1046.02,860,30,38
887,15.5953,stop,1123.63,599.41,695,32,34
887,15.5953,stop,1626.78,576.35,707,32,33
887,15.5953,stop,1644.98,526.10,805,36,32
887,15.5953,stop,995.10,459.48,804,32,35
887,15.5953,stop,396.15,451.11,749,35,36
887,15.5953,stop,339.02,442.32,709,31,35
887,15.5953,stop,1068.47,382.36,723,32,33
887,15.5953,stop,385.88,89.47,699,32,32
887,15.5953,stop,337.12,85.06,680,31,33
887,15.5953,stop,483.08,67.02,811,37,35
887,15.5953,stop,442.71,58.62,872,38,37
888,15.6113,stop,1513.50,1045.97,867,31,37
888,15.6113,stop,1127.04,595.55,669,32,33
888,15.6113,stop,1626.75,576.29,705,33,33
888,15.6113,stop,1644.96,526.04,810,36,33
888,15.6113,stop,991.87,464.10,786,33,33
888,15.6113,stop,396.16,450.96,759,35,35
888,15.6113,stop,339.08,442.44,707,31,35
888,15.6113,stop,1062.79,378.23,807,34,35
888,15.6113,stop,385.88,89.57,692,31,32
888,15.6113,stop,337.14,85.09,688,31,33
888,15.6113,stop,483.35,67.00,805,37,35
888,15.6113,stop,442.61,58.67,866,37,36
889,15.6273,stop,1514.31,1046.16,919,36,37
889,15.6273,stop,1129.99,591.30,619,29,32
889,15.6273,stop,1626.83,576.35,700,33,33
889,15.6273,stop,1644.97,526.14,812,36,32
889,15.6273,stop,988.82,468.83,771,32,34
889,15.6273,stop,396.17,450.88,750,35,35
889,15.6273,stop,338.98,442.35,710,31,35
889,15.6273,stop,1056.90,374.19,877,36,36
889,15.6273,stop,385.79,89.55,689,31,32
889,15.6273,stop,337.24,85.13,688,31,33
889,15.6273,stop,483.75,67.06,792,33,35
889,15.6273,stop,442.63,58.56,867,38,38
890,15.6434,stop,1514.38,1046.13,908,36,37
890,15.6434,stop,1132.98,587.00,602,29,32
890,15.6434,stop,1626.82,576.45,702,32,33
890,15.6434,stop,1644.90,526.20,808,36,33
890,15.6434,stop,985.99,473.40,697,32,32
890,15.6434,stop,396.19,450.81,747,35,34
890,15.6434,stop,339.08,442.35,713,31,35
890,15.6434,stop,1051.73,370.46,916,37,36
890,15.6434,stop,385.67,89.49,690,31,32
890,15.6434,stop,337.12,85.04,689,31,33
890,15.6434,stop,483.12,67.05,815,37,35
890,15.6434,stop,441.84,57.53,935,37,38
891,15.6593,stop,1513.44,1045.90,861,31,37
891,15.6593,stop,1136.03,583.39,588,29,31
891,15.6593,stop,1626.87,576.37,706,32,33
891,15.6593,stop,1645.00,526.02,813,36,33
891,15.6593,stop,983.55,477.66,630,29,32
891,15.6593,stop,396.10,450.92,752,35,35
891,15.6593,stop,339.18,442.44,712,31,35
891,15.6593,stop,1046.66,366.41,881,35,36
891,15.6593,stop,385.85,89.42,690,31,33
891,15.6593,stop,337.15,85.12,694,31,33
891,15.6593,stop,483.26,67.08,807,37,35
891,15.6593,stop,442.60,58.67,867,37,38
892,15.6793,stop,1513.44,1045.91,859,31,37
892,15.6793,stop,1138.92,579.56,582,28,31
892,15.6793,stop,1626.80,576.38,699,32,33
892,15.6793,stop,1644.94,526.11,809,36,33
892,15.6793,stop,980.60,481.98,616,28,31
892,15.6793,stop,396.31,451.01,748,35,35
892,15.6793,stop,339.07,442.39,715,31,35
892,15.6793,stop,1041.06,362.06,818,33,35
892,15.6793,stop,385.87,89.38,692,33,32
892,15.6793,stop,337.19,84.81,689,31,33
892,15.6793,stop,483.72,67.75,761,37,32
892,15.6793,stop,441.80,57.57,937,36,38
893,15.6953,stop,1514.38,1046.09,921,36,37
893,15.6953,stop,1626.83,576.30,699,33,33
893,15.6953,stop,1141.53,575.62,563,27,31
893,15.6953,stop,1644.95,526.03,804,36,32
893,15.6953,stop,977.83,486.45,624,28,32
893,15.6953,stop,396.25,451.05,740,35,35
893,15.6953,stop,339.02,442.38,710,31,35
893,15.6953,stop,1036.48,357.50,711,32,35
893,15.6953,stop,385.84,89.47,692,31,32
893,15.6953,stop,337.22,84.87,684,30,33
893,15.6953,stop,483.65,67.83,758,36,32
893,15.6953,stop,441.88,57.55,933,37,37
894,15.7113,stop,1513.37,1045.94,859,30,37
894,15.7113,stop,1626.76,576.28,701,32,33
894,15.7113,stop,1144.13,572.01,542,28,30
894,15.7113,stop,1644.92,526.17,807,36,32
894,15.7113,stop,975.14,490.92,611,29,31
894,15.7113,stop,396.18,450.96,739,35,34
894,15.7113,stop,339.14,442.40,711,31,35
894,15.7113,stop,1031.00,353.10,608,29,33
894,15.7113,stop,385.70,89.47,693,31,33
894,15.7113,stop,337.30,85.00,696,31,33
894,15.7113,stop,483.70,67.14,779,33,34
894,15.7113,stop,441.89,57.51,927,37,38
895,15.7274,stop,1513.52,1046.12,860,31,37
895,15.7274,stop,1626.81,576.34,698,32,33
895,15.7274,stop,1146.26,568.41,527,27,31
895,15.7274,stop,1644.96,526.12,818,36,33
895,15.7274,stop,972.70,494.86,607,29,31
895,15.7274,stop,396.18,451.04,748,35,34
895,15.7274,stop,339.07,442.38,714,31,35
895,15.7274,stop,1026.76,348.80,552,28,31
895,15.7274,stop,385.85,89.47,690,31,32
895,15.7274,stop,337.37,84.99,684,32,33
895,15.7274,stop,483.75,67.68,750,37,32
895,15.7274,stop,442.63,58.49,874,36,38
896,15.7434,stop,1514.38,1046.15,910,36,37
896,15.7434,stop,1626.83,576.33,704,33,33
896,15.7434,stop,1148.45,564.94,506,27,30
896,15.7434,stop,1645.05,526.08,816,36,32
896,15.7434,stop,970.83,498.26,603,29,31
896,15.7434,stop,396.14,450.91,756,35,36
896,15.7434,stop,338.94,442.33,708,31,35
896,15.7434,stop,1022.00,344.80,508,27,31
896,15.7434,stop,385.84,89.53,692,32,32
896,15.7434,stop,337.30,84.98,692,30,33
896,15.7434,stop,483.73,67.79,761,39,32
896,15.7434,stop,441.94,57.57,931,36,38
897,15.7594,stop,1514.34,1046.09,910,36,37
897,15.7594,stop,1626.81,576.38,705,32,33
897,15.7594,stop,1150.89,562.63,457,26,28
897,15.7594,stop,1644.88,526.13,806,36,32
897,15.7594,stop,967.81,501.25,634,32,30
897,15.7594,stop,396.23,451.12,750,35,36
897,15.7594,stop,339.03,442.44,713,31,35
897,15.7594,stop,1017.44,340.98,479,24,30
897,15.7594,stop,385.87,89.38,689,30,33
897,15.7594,stop,337.26,85.00,691,31,33
897,15.7594,stop,482.92,66.98,807,36,35
897,15.7594,stop,442.65,58.53,868,36,37
898,15.7794,stop,1514.37,1046.12,913,36,37
898,15.7794,stop,1626.84,576.34,703,33,33
898,15.7794,stop,1152.75,559.23,440,26,27
898,15.7794,stop,1644.86,526.08,803,36,32
898,15.7794,stop,966.10,504.26,612,32,30
898,15.7794,stop,396.16,451.02,755,35,34
898,15.7794,stop,339.02,442.38,719,31,35
898,15.7794,stop,1013.17,337.17,445,24,31
898,15.7794,stop,385.84,89.39,684,30,32
898,15.7794,stop,337.16,84.96,693,31,33
898,15.7794,stop,483.88,67.85,750,36,33
898,15.7794,stop,441.95,57.62,927,36,37
899,15.7953,stop,1514.53,1046.14,903,35,37
899,15.7953,stop,1626.74,576.25,697,33,33
899,15.7953,stop,1154.37,555.93,445,28,28
899,15.7953,stop,1644.94,526.09,807,36,32
899,15.7953,stop,963.96,507.16,612,32,30
899,15.7953,stop,396.18,451.03,743,35,36
899,15.7953,stop,339.02,442.36,702,31,35
899,15.7953,stop,1008.95,332.99,435,23,31
899,15.7953,stop,385.77,89.55,685,31,33
899,15.7953,stop,337.26,84.89,693,31,33
899,15.7953,stop,483.72,67.85,764,37,32
899,15.7953,stop,442.65,58.59,867,38,38
900,15.8114,stop,1513.51,1045.99,863,31,37
900,15.8114,stop,1626.68,576.27,702,32,33
900,15.8114,stop,1155.93,552.96,460,26,28
900,15.8114,stop,1644.99,526.14,815,36,33
900,15.8114,stop,962.13,509.87,622,33,31
900,15.8114,stop,396.23,450.94,751,35,34
900,15.8114,stop,339.04,442.31,711,31,35
900,15.8114,stop,1005.06,328.83,420,22,31
900,15.8114,stop,385.84,89.38,694,33,32
900,15.8114,stop,337.15,84.94,690,31,33
900,15.8114,stop,483.25,66.92,808,37,35
900,15.8114,stop,442.68,58.60,862,36,37
901,15.8274,stop,1514.33,1046.11,916,36,37
901,15.8274,stop,1626.85,576.41,710,33,33
901,15.8274,stop,1157.40,549.79,458,27,28
901,15.8274,stop,1645.13,526.07,809,36,33
901,15.8274,stop,959.86,512.43,586,32,31
901,15.8274,stop,396.08,451.04,746,35,35
901,15.8274,stop,339.10,442.32,711,31,35
901,15.8274,stop,1001.56,324.68,410,21,31
901,15.8274,stop,385.65,89.55,689,32,33
901,15.8274,stop,337.32,84.99,690,31,33
901,15.8274,stop,483.36,67.06,796,36,35
901,15.8274,stop,442.65,58.63,874,36,37
902,15.8434,stop,1513.36,1045.94,861,30,38
902,15.8434,stop,1626.75,576.39,705,33,33
902,15.8434,stop,1158.53,546.48,453,27,27
902,15.8434,stop,1644.75,526.14,817,36,33
902,15.8434,stop,958.24,515.17,581,31,31
902,15.8434,stop,396.17,450.96,754,35,35
902,15.8434,stop,339.07,442.46,715,31,35
902,15.8434,stop,998.26,320.64,402,21,31
902,15.8434,stop,385.83,89.56,689,31,32
902,15.8434,stop,337.12,84.94,692,31,33
902,15.8434,stop,483.16,66.95,823,37,35
902,15.8434,stop,442.73,58.61,869,37,37
903,15.8594,stop,1514.32,1046.12,908,36,37
903,15.8594,stop,1626.81,576.33,698,33,33
903,15.8594,stop,1159.38,543.20,463,28,27
903,15.8594,stop,1644.89,526.11,811,36,32
903,15.8594,stop,956.75,517.53,574,32,31
903,15.8594,stop,396.26,450.93,741,35,35
903,15.8594,stop,338.98,442.40,707,31,35
903,15.8594,stop,995.53,316.77,398,22,30
903,15.8594,stop,385.76,89.53,687,31,33
903,15.8594,stop,337.23,84.94,679,30,33
903,15.8594,stop,483.13,66.90,804,37,35
903,15.8594,stop,442.66,58.46,872,36,37
904,15.8794,stop,1513.55,1045.93,857,31,37
904,15.8794,stop,1626.86,576.28,695,33,33
904,15.8794,stop,1161.12,540.66,517,33,27
904,15.8794,stop,1644.96,526.15,820,36,32
904,15.8794,stop,955.44,519.99,565,32,31
904,15.8794,stop,396.13,450.85,750,35,34
904,15.8794,stop,339.12,442.34,713,31,35
904,15.8794,stop,993.06,312.98,396,22,30
904,15.8794,stop,385.65,89.40,692,32,33
904,15.8794,stop,337.21,85.16,685,31,33
904,15.8794,stop,483.04,66.96,810,37,35
904,15.8794,stop,442.71,58.57,872,36,38
905,15.8953,stop,1513.52,1045.97,859,31,37
905,15.8953,stop,1626.79,576.38,703,32,33
905,15.8953,stop,1161.04,537.62,488,28,28
905,15.8953,stop,1644.97,526.13,818,36,32
905,15.8953,stop,954.56,522.25,575,32,31
905,15.8953,stop,396.21,450.89,747,35,35
905,15.8953,stop,339.08,442.37,702,31,35
905,15.8953,stop,990.51,308.90,420,23,31
905,15.8953,stop,385.69,89.61,687,30,32
905,15.8953,stop,337.16,84.89,698,31,33
905,15.8953,stop,483.95,68.00,758,38,32
905,15.8953,stop,442.72,58.63,876,38,37
906,15.9114,stop,1513.42,1046.15,862,31,37
906,15.9114,stop,1626.78,576.33,700,33,33
906,15.9114,stop,1161.83,535.07,473,29,26
906,15.9114,stop,1644.99,526.12,812,36,32
906,15.9114,stop,954.32,524.10,539,29,31
906,15.9114,stop,396.13,450.96,749,35,35
906,15.9114,stop,339.03,442.34,716,31,35
906,15.9114,stop,988.50,304.97,423,23,31
906,15.9114,stop,385.74,89.56,687,31,32
906,15.9114,stop,337.32,84.99,695,30,33
906,15.9114,stop,483.60,67.11,792,35,35
906,15.9114,stop,442.75,58.48,867,36,37
907,15.9274,stop,1513.42,1046.01,855,31,37
907,15.9274,stop,1626.84,576.39,697,33,34
907,15.9274,stop,1163.32,532.84,508,33,26
907,15.9274,stop,953.43,525.54,558,30,30
907,15.9274,stop,1644.98,526.11,817,36,32
907,15.9274,stop,396.25,451.00,752,35,36
907,15.9274,stop,339.06,442.29,710,31,35
907,15.9274,stop,986.41,301.49,443,23,34
907,15.9274,stop,385.89,89.35,687,29,32
907,15.9274,stop,337.14,84.97,691,31,33
907,15.9274,stop,483.63,67.14,791,33,35
907,15.9274,stop,442.70,58.54,868,36,38
908,15.9434,stop,1514.39,1046.22,907,35,37
908,15.9434,stop,1626.83,576.26,706,33,33
908,15.9434,stop,1162.92,530.51,469,30,27
908,15.9434,stop,952.45,527.18,564,30,30
908,15.9434,stop,1644.97,526.04,812,36,32
908,15.9434,stop,396.20,451.03,751,35,34
908,15.9434,stop,339.00,442.31,710,31,35
908,15.9434,stop,984.57,297.59,457,24,34
908,15.9434,stop,385.86,89.40,691,30,32
908,15.9434,stop,337.13,85.05,678,31,33
908,15.9434,stop,483.29,66.85,813,37,35
908,15.9434,stop,442.64,58.57,874,36,38
909,15.9594,stop,1514.30,1046.09,908,36,37
909,15.9594,stop,1626.89,576.29,696,33,33
909,15.9594,stop,1164.59,528.80,501,33,27
909,15.9594,stop,951.66,528.52,566,31,30
909,15.9594,stop,1644.89,526.10,811,36,32
909,15.9594,stop,396.12,451.00,745,35,36
909,15.9594,stop,339.06,442.32,716,31,35
909,15.9594,stop,982.70,293.47,501,26,34
909,15.9594,stop,385.81,89.48,692,33,33
909,15.9594,stop,337.30,84.95,680,30,33
909,15.9594,stop,484.23,68.03,748,34,32
909,15.9594,stop,442.61,58.52,871,36,37
910,15.9794,stop,1513.40,1045.92,853,31,37
910,15.9794,stop,1626.80,576.33,701,33,33
910,15.9794,stop,950.52,529.40,599,32,30
910,15.9794,stop,1164.87,526.91,509,33,26
910,15.9794,stop,1644.93,526.10,812,36,32
910,15.9794,stop,396.20,451.01,747,35,34
910,15.9794,stop,339.13,442.34,712,31,35
910,15.9794,stop,980.07,290.44,551,29,33
910,15.9794,stop,385.80,89.43,698,31,32
910,15.9794,stop,337.33,84.98,692,31,33
910,15.9794,stop,483.12,66.92,808,37,35
910,15.9794,stop,441.82,57.46,934,36,38
911,15.9954,stop,1514.28,1046.09,906,35,37
911,15.9954,stop,1626.92,576.42,697,33,33
911,15.9954,stop,949.89,530.26,600,33,30
911,15.9954,stop,1165.04,525.28,511,33,26
911,15.9954,stop,1644.87,526.15,816,36,33
911,15.9954,stop,396.07,451.08,752,35,35
911,15.9954,stop,339.03,442.40,713,31,35
911,15.9954,stop,978.57,286.86,567,30,33
911,15.9954,stop,385.72,89.46,695,32,32
911,15.9954,stop,337.23,85.08,685,31,33
911,15.9954,stop,483.19,66.98,813,37,35
911,15.9954,stop,441.97,57.64,928,36,38
912,16.0114,stop,1514.34,1046.16,907,36,37
912,16.0114,stop,1626.73,576.39,710,33,33
912,16.0114,stop,949.28,531.13,615,33,30
912,16.0114,stop,1165.45,523.86,516,34,26
912,16.0114,stop,1644.92,526.05,814,36,33
912,16.0114,stop,396.08,451.05,743,35,35
912,16.0114,stop,339.09,442.43,714,31,35
912,16.0114,stop,977.50,283.26,559,30,33
912,16.0114,stop,385.88,89.42,684,30,32
912,16.0114,stop,337.14,85.05,688,31,33
912,16.0114,stop,483.09,66.89,810,36,35
912,16.0114,stop,442.56,58.46,866,36,37
913,16.0274,stop,1513.41,1046.03,869,30,37
913,16.0274,stop,1626.80,576.29,705,33,33
913,16.0274,stop,948.55,531.51,620,33,31
913,16.0274,stop,1644.99,526.13,811,36,32
913,16.0274,stop,1165.78,522.75,526,33,27
913,16.0274,stop,396.12,451.17,743,35,34
913,16.0274,stop,338.96,442.39,711,31,35
913,16.0274,stop,977.51,278.73,487,27,33
913,16.0274,stop,385.89,89.38,689,31,33
913,16.0274,stop,337.28,84.94,694,31,33
913,16.0274,stop,483.14,66.97,816,37,35
913,16.0274,stop,441.89,57.54,936,36,37
914,16.0434,stop,1513.54,1045.99,863,30,37
914,16.0434,stop,1626.77,576.33,697,33,33
914,16.0434,stop,948.02,531.70,635,33,31
914,16.0434,stop,1644.93,526.22,806,36,32
914,16.0434,stop,1166.16,521.57,545,34,27
914,16.0434,stop,396.14,451.06,742,35,34
914,16.0434,stop,338.94,442.32,714,31,35
914,16.0434,stop,976.22,276.15,441,28,27
914,16.0434,stop,385.77,89.57,694,32,32
914,16.0434,stop,337.20,85.09,690,31,33
914,16.0434,stop,483.05,66.93,810,37,35
914,16.0434,stop,442.79,58.47,879,37,38
915,16.0594,stop,1513.49,1045.95,862,30,37
915,16.0594,stop,1626.73,576.35,704,33,33
915,16.0594,stop,947.59,531.66,653,34,31
915,16.0594,stop,1644.87,526.13,810,36,33
915,16.0594,stop,1166.58,520.83,539,33,28
915,16.0594,stop,396.26,451.16,745,35,34
915,16.0594,stop,339.06,442.43,704,31,35
915,16.0594,stop,975.49,272.55,430,27,26
915,16.0594,stop,385.87,89.40,691,32,32
915,16.0594,stop,337.11,84.91,692,31,33
915,16.0594,stop,483.03,66.91,816,37,35
915,16.0594,stop,441.77,57.47,933,37,38
916,16.0794,stop,1514.42,1046.20,896,36,37
916,16.0794,stop,1626.91,576.35,699,33,33
916,16.0794,stop,947.04,531.99,685,33,32
916,16.0794,stop,1644.88,526.11,812,36,33
916,16.0794,stop,1166.96,520.29,550,33,28
916,16.0794,stop,396.00,451.01,749,35,35
916,16.0794,stop,339.03,442.36,716,31,35
916,16.0794,stop,975.01,268.50,454,28,31
916,16.0794,stop,385.72,89.60,690,31,32
916,16.0794,stop,337.22,85.09,687,31,33
916,16.0794,stop,483.61,67.03,800,34,35
916,16.0794,stop,442.65,58.58,873,38,38
917,16.0954,stop,1514.34,1046.07,909,36,37
917,16.0954,stop,1626.78,576.28,695,32,33
917,16.0954,stop,946.51,532.02,693,34,32
917,16.0954,stop,1644.92,526.17,821,36,32
917,16.0954,stop,1167.38,519.78,567,34,28
917,16.0954,stop,396.20,451.25,748,35,35
917,16.0954,stop,338.89,442.27,711,31,35
917,16.0954,stop,974.14,266.09,421,28,26
917,16.0954,stop,385.72,89.44,698,32,33
917,16.0954,stop,337.25,85.08,690,31,33
917,16.0954,stop,483.16,66.89,819,36,35
917,16.0954,stop,441.94,57.51,935,36,38
918,16.1114,stop,1514.48,1046.12,917,36,37
918,16.1114,stop,1626.84,576.34,700,33,33
918,16.1114,stop,945.84,532.53,711,34,33
918,16.1114,stop,1644.85,526.09,805,36,32
918,16.1114,stop,1167.75,519.42,566,33,28
918,16.1114,stop,396.10,451.07,751,35,34
918,16.1114,stop,339.14,442.42,709,31,35
918,16.1114,stop,973.48,263.20,413,28,25
918,16.1114,stop,385.85,89.41,688,31,33
918,16.1114,stop,337.13,84.98,698,31,33
918,16.1114,stop,483.66,67.81,754,37,33
918,16.1114,stop,442.68,58.60,868,37,37
919,16.1274,stop,1513.49,1046.06,870,31,37
919,16.1274,stop,1626.86,576.33,701,32,33
919,16.1274,stop,945.56,532.66,716,34,33
919,16.1274,stop,1644.86,526.09,807,36,33
919,16.1274,stop,1168.33,519.22,578,34,28
919,16.1274,stop,396.25,451.01,744,35,35
919,16.1274,stop,339.09,442.44,711,31,35
919,16.1274,stop,973.09,260.48,409,28,26
919,16.1274,stop,385.82,89.56,692,31,32
919,16.1274,stop,337.21,85.06,689,31,33
919,16.1274,stop,483.80,67.79,773,38,32
919,16.1274,stop,441.90,57.52,938,37,38
920,16.1434,stop,1513.55,1046.09,864,31,37
920,16.1434,stop,1626.78,576.30,706,33,33
920,16.1434,stop,945.23,532.73,718,34,33
920,16.1434,stop,1644.90,526.21,807,36,33
920,16.1434,stop,1168.88,519.05,595,35,28
920,16.1434,stop,396.11,451.00,745,35,34
920,16.1434,stop,339.08,442.31,713,31,35
920,16.1434,stop,972.73,257.73,401,28,25
920,16.1434,stop,385.74,89.39,690,31,32
920,16.1434,stop,337.15,84.97,693,31,33
920,16.1434,stop,483.07,66.88,819,38,35
920,16.1434,stop,442.66,58.51,876,37,38
921,16.1594,stop,1514.33,1046.09,918,36,37
921,16.1594,stop,1626.86,576.39,698,33,33
921,16.1594,stop,944.75,532.52,717,34,33
921,16.1594,stop,1644.95,526.15,813,36,32
921,16.1594,stop,1168.66,518.42,641,34,30
921,16.1594,stop,396.11,451.03,744,35,34
921,16.1594,stop,338.99,442.39,716,31,35
921,16.1594,stop,972.21,255.03,389,27,25
921,16.1594,stop,385.75,89.37,686,32,33
921,16.1594,stop,337.25,84.96,686,31,33
921,16.1594,stop,483.58,66.96,796,35,35
921,16.1594,stop,441.87,57.62,929,37,37
922,16.1794,stop,1513.40,1045.98,864,31,37
922,16.1794,stop,1626.81,576.27,701,32,33
922,16.1794,stop,944.55,532.66,710,34,33
922,16.1794,stop,1644.95,526.08,808,36,33
922,16.1794,stop,1169.31,518.70,652,34,30
922,16.1794,stop,396.07,451.02,756,35,34
922,16.1794,stop,338.96,442.47,715,31,35
922,16.1794,stop,971.95,252.53,364,25,24
922,16.1794,stop,385.74,89.63,691,33,32
922,16.1794,stop,337.25,84.97,692,31,33
922,16.1794,stop,483.69,67.72,770,36,32
922,16.1794,stop,442.62,58.57,865,37,37
923,16.1954,stop,1513.44,1046.07,854,31,37
923,16.1954,stop,1626.86,576.36,702,33,33
923,16.1954,stop,944.13,532.94,723,35,34
923,16.1954,stop,1644.87,526.15,805,36,32
923,16.1954,stop,1169.65,519.07,683,34,31
923,16.1954,stop,396.24,451.08,739,35,34
923,16.1954,stop,338.98,442.41,708,31,35
923,16.1954,stop,971.64,250.31,351,26,24
923,16.1954,stop,385.75,89.59,690,31,32
923,16.1954,stop,337.15,84.93,693,31,33
923,16.1954,stop,483.09,66.92,798,37,35
923,16.1954,stop,441.81,57.53,935,36,38
924,16.2114,stop,1514.38,1046.20,905,36,37
924,16.2114,stop,1626.74,576.34,704,32,33
924,16.2114,stop,943.92,532.90,713,34,33
924,16.2114,stop,1644.98,526.06,810,36,33
924,16.2114,stop,1170.42,519.42,689,34,31
924,16.2114,stop,395.54,451.61,783,35,35
924,16.2114,stop,339.05,442.41,709,31,35
924,16.2114,stop,971.26,248.55,353,25,24
924,16.2114,stop,385.81,89.52,695,31,32
924,16.2114,stop,337.04,85.09,679,30,33
924,16.2114,stop,484.20,68.01,733,33,32
924,16.2114,stop,441.84,57.56,930,36,38
925,16.2274,stop,1513.52,1045.91,860,31,37
925,16.2274,stop,1626.87,576.41,700,33,33
925,16.2274,stop,943.69,533.00,719,34,33
925,16.2274,stop,1644.95,526.03,816,36,33
925,16.2274,stop,1170.74,519.96,711,34,31
925,16.2274,stop,396.22,450.96,750,35,35
925,16.2274,stop,338.98,442.29,713,31,35
925,16.2274,stop,970.74,246.57,342,24,25
925,16.2274,stop,385.87,89.52,694,32,33
925,16.2274,stop,337.23,84.95,695,30,33
925,16.2274,stop,483.62,67.81,761,38,32
925,16.2274,stop,442.64,58.56,871,37,38
926,16.2437,stop,1513.33,1045.86,861,30,37
926,16.2437,stop,1626.87,576.32,709,33,33
926,16.2437,stop,943.45,532.95,718,34,33
926,16.2437,stop,1644.92,526.12,810,36,33
926,16.2437,stop,1170.90,520.49,727,34,32
926,16.2437,stop,396.11,451.03,755,35,35
926,16.2437,stop,338.96,442.33,712,31,35
926,16.2437,stop,970.02,244.55,328,24,22
926,16.2437,stop,385.76,89.46,691,32,32
926,16.2437,stop,337.19,85.04,684,31,33
926,16.2437,stop,483.32,66.97,804,37,35
926,16.2437,stop,442.63,58.55,875,36,37
927,16.2634,stop,1514.38,1046.16,908,36,37
927,16.2634,stop,1626.78,576.33,700,32,33
927,16.2634,stop,943.55,532.99,723,34,34
927,16.2634,stop,1644.91,526.10,813,36,33
927,16.2634,stop,1170.56,521.16,735,35,33
927,16.2634,stop,396.15,451.02,748,35,35
927,16.2634,stop,339.00,442.34,710,31,35
927,16.2634,stop,969.89,243.53,326,24,23
927,16.2634,stop,385.71,89.53,696,31,32
927,16.2634,stop,337.18,85.00,695,30,33
927,16.2634,stop,483.05,66.96,814,37,35
927,16.2634,stop,442.69,58.62,869,37,37
928,16.2794,stop,1514.51,1046.06,909,36,37
928,16.2794,stop,1626.82,576.36,706,33,33
928,16.2794,stop,943.46,532.88,714,34,33
928,16.2794,stop,1644.89,526.11,806,36,32
928,16.2794,stop,1170.36,522.02,751,35,33
928,16.2794,stop,396.21,451.14,748,35,35
928,16.2794,stop,339.03,442.37,710,31,35
928,16.2794,stop,968.95,242.06,332,24,23
928,16.2794,stop,385.75,89.39,697,31,33
928,16.2794,stop,337.19,84.93,681,31,33
928,16.2794,stop,483.78,67.84,764,37,32
928,16.2794,stop,442.66,58.59,867,36,37
929,16.2954,stop,1513.45,1045.94,862,31,38
929,16.2954,stop,1626.86,576.38,696,32,33
929,16.2954,stop,943.59,532.87,724,34,33
929,16.2954,stop,1645.04,526.05,815,36,33
929,16.2954,stop,1169.80,522.76,753,34,34
929,16.2954,stop,396.13,451.05,754,35,36
929,16.2954,stop,339.05,442.39,713,31,35
929,16.2954,stop,968.29,241.18,335,23,23
929,16.2954,stop,385.67,89.62,681,31,32
929,16.2954,stop,337.17,85.04,689,31,33
929,16.2954,stop,483.65,67.78,762,37,32
929,16.2954,stop,441.86,57.56,926,38,37
930,16.3114,stop,1514.44,1046.10,907,36,37
930,16.3114,stop,1626.87,576.37,707,33,33
930,16.3114,stop,943.65,532.90,722,34,33
930,16.3114,stop,1644.93,526.17,814,36,33
930,16.3114,stop,1169.37,523.72,766,35,34
930,16.3114,stop,396.23,450.94,743,35,34
930,16.3114,stop,339.11,442.40,714,31,35
930,16.3114,stop,967.55,240.17,332,24,24
930,16.3114,stop,385.93,89.36,698,32,33
930,16.3114,stop,337.33,84.99,688,31,33
930,16.3114,stop,484.05,68.05,748,37,32
930,16.3114,stop,442.67,58.60,870,37,38
931,16.3274,stop,1513.36,1045.95,868,30,37
931,16.3274,stop,1626.86,576.41,702,33,33
931,16.3274,stop,944.04,532.80,721,35,33
931,16.3274,stop,1644.95,526.14,815,36,32
931,16.3274,stop,1169.50,525.14,748,35,34
931,16.3274,stop,396.16,451.04,747,35,34
931,16.3274,stop,339.01,442.36,712,31,35
931,16.3274,stop,966.47,239.58,348,24,23
931,16.3274,stop,385.82,89.45,686,31,33
931,16.3274,stop,337.39,85.00,691,30,33
931,16.3274,stop,483.74,67.95,758,36,32
931,16.3274,stop,442.66,58.48,874,36,38
932,16.3434,stop,1513.44,1045.98,849,30,37
932,16.3434,stop,1626.86,576.37,700,32,33
932,16.3434,stop,944.39,532.70,732,34,33
932,16.3434,stop,1644.97,526.09,808,36,32
932,16.3434,stop,1168.97,526.11,760,35,35
932,16.3434,stop,396.18,451.08,745,35,35
932,16.3434,stop,338.98,442.30,710,31,35
932,16.3434,stop,963.79,239.07,425,32,24
932,16.3434,stop,385.91,89.50,701,31,32
932,16.3434,stop,337.26,84.92,698,30,33
932,16.3434,stop,483.74,67.89,754,37,32
932,16.3434,stop,441.89,57.52,937,36,38
933,16.3634,stop,1514.38,1046.22,911,36,37
933,16.3634,stop,1626.79,576.41,705,33,33
933,16.3634,stop,944.63,532.65,728,34,33
933,16.3634,stop,1644.92,526.06,810,36,32
933,16.3634,stop,1168.81,527.13,765,35,35
933,16.3634,stop,396.12,450.97,756,35,34
933,16.3634,stop,339.14,442.44,706,31,35
933,16.3634,stop,962.81,238.37,431,32,25
933,16.3634,stop,385.94,89.43,702,31,32
933,16.3634,stop,337.30,85.03,694,31,33
933,16.3634,stop,483.69,67.16,789,34,35
933,16.3634,stop,442.63,58.56,875,37,37
934,16.3794,stop,1514.41,1046.12,902,36,37
934,16.3794,stop,1626.78,576.38,706,32,33
934,16.3794,stop,944.80,532.62,736,35,33
934,16.3794,stop,1168.89,528.09,768,35,34
934,16.3794,stop,1644.97,526.12,820,36,33
934,16.3794,stop,395.43,451.62,796,35,34
934,16.3794,stop,338.97,442.37,713,31,35
934,16.3794,stop,961.68,237.87,442,32,25
934,16.3794,stop,385.84,89.49,688,31,33
934,16.3794,stop,337.28,85.02,685,31,33
934,16.3794,stop,483.04,67.00,809,37,35
934,16.3794,stop,442.58,58.53,874,36,37
935,16.3954,stop,1514.30,1046.17,912,36,37
935,16.3954,stop,1626.80,576.24,701,33,33
935,16.3954,stop,945.33,532.48,724,34,34
935,16.3954,stop,1168.21,528.46,794,35,34
935,16.3954,stop,1645.03,526.10,809,36,32
935,16.3954,stop,396.17,450.95,753,35,34
935,16.3954,stop,338.99,442.35,715,31,35
935,16.3954,stop,960.57,237.57,451,33,26
935,16.3954,stop,385.81,89.37,692,32,34
935,16.3954,stop,337.12,85.01,681,30,33
935,16.3954,stop,483.23,67.11,807,38,35
935,16.3954,stop,442.74,58.52,877,36,38
936,16.4114,stop,1514.42,1046.10,914,36,37
936,16.4114,stop,1626.85,576.39,697,33,33
936,16.4114,stop,945.80,532.40,731,34,34
936,16.4114,stop,1168.11,529.64,783,35,34
936,16.4114,stop,1645.00,525.97,818,36,33
936,16.4114,stop,396.06,451.06,742,35,34
936,16.4114,stop,339.03,442.31,712,31,35
936,16.4114,stop,959.49,237.66,468,31,26
936,16.4114,stop,385.70,89.48,691,32,32
936,16.4114,stop,337.18,84.92,694,31,33
936,16.4114,stop,483.70,67.78,759,36,32
936,16.4114,stop,442.57,58.59,866,37,37
937,16.4274,stop,1513.47,1046.07,857,31,37
937,16.4274,stop,1626.90,576.36,699,33,33
937,16.4274,stop,946.16,532.18,743,35,34
937,16.4274,stop,1168.04,530.47,711,34,34
937,16.4274,stop,1644.97,526.10,807,36,32
937,16.4274,stop,396.01,450.92,744,35,34
937,16.4274,stop,339.05,442.34,705,31,35
937,16.4274,stop,958.55,237.79,482,33,27
937,16.4274,stop,385.67,89.41,693,31,33
937,16.4274,stop,337.25,85.00,694,31,33
937,16.4274,stop,483.12,66.92,819,37,35
937,16.4274,stop,442.70,58.53,876,38,38
938,16.4434,stop,1513.54,1045.91,855,31,37
938,16.4434,stop,1626.91,576.44,704,33,33
938,16.4434,stop,946.46,532.11,738,35,34
938,16.4434,stop,1167.55,530.91,728,34,34
938,16.4434,stop,1644.92,526.08,811,36,33
938,16.4434,stop,395.45,451.63,796,35,34
938,16.4434,stop,338.98,442.36,715,31,35
938,16.4434,stop,957.58,238.07,515,33,27
938,16.4434,stop,385.84,89.48,695,32,33
938,16.4434,stop,337.21,84.98,683,31,33
938,16.4434,stop,483.55,67.02,791,36,35
938,16.4434,stop,441.92,57.50,939,37,38
939,16.4634,stop,1513.46,1046.01,863,31,37
939,16.4634,stop,1626.73,576.29,707,32,34
939,16.4634,stop,946.81,531.91,730,34,34
939,16.4634,stop,1168.11,531.98,686,35,34
939,16.4634,stop,1644.97,526.11,815,36,33
939,16.4634,stop,396.17,451.04,754,35,35
939,16.4634,stop,339.03,442.45,714,31,35
939,16.4634,stop,956.33,238.44,530,33,28
939,16.4634,stop,385.76,89.42,693,32,32
939,16.4634,stop,337.28,84.85,698,31,33
939,16.4634,stop,483.19,66.89,819,37,35
939,16.4634,stop,442.64,58.60,869,36,37
940,16.4794,stop,1513.48,1046.03,860,31,37
940,16.4794,stop,1626.82,576.34,707,33,33
940,16.4794,stop,1167.57,532.08,713,35,34
940,16.4794,stop,947.26,531.57,740,35,34
940,16.4794,stop,1644.90,526.08,818,36,33
940,16.4794,stop,396.21,451.09,746,35,34
940,16.4794,stop,339.03,442.37,709,31,35
940,16.4794,stop,955.32,239.19,550,32,29
940,16.4794,stop,385.84,89.42,696,31,33
940,16.4794,stop,337.19,85.01,684,31,33
940,16.4794,stop,483.65,67.76,768,36,32
940,16.4794,stop,441.97,57.49,939,36,37
941,16.4954,stop,1514.43,1046.14,919,36,37
941,16.4954,stop,1626.87,576.32,698,33,33
941,16.4954,stop,1168.29,533.16,755,35,33
941,16.4954,stop,947.62,531.53,732,34,34
941,16.4954,stop,1644.93,526.01,805,36,32
941,16.4954,stop,396.28,451.02,748,35,34
941,16.4954,stop,339.11,442.49,704,31,35
941,16.4954,stop,954.88,238.99,592,33,31
941,16.4954,stop,385.80,89.55,682,30,32
941,16.4954,stop,337.16,84.98,688,31,33
941,16.4954,stop,483.23,67.03,813,38,35
941,16.4954,stop,442.71,58.58,879,38,37
942,16.5114,stop,1514.38,1046.05,917,36,37
942,16.5114,stop,1626.76,576.37,701,32,33
942,16.5114,stop,1167.87,533.08,725,35,33
942,16.5114,stop,947.88,531.29,734,34,34
942,16.5114,stop,1645.00,526.04,810,36,32
942,16.5114,stop,396.24,450.99,746,35,34
942,16.5114,stop,338.98,442.37,715,31,35
942,16.5114,stop,953.94,239.57,606,33,31
942,16.5114,stop,385.78,89.56,695,31,32
942,16.5114,stop,337.12,85.03,679,31,33
942,16.5114,stop,483.21,66.95,809,38,35
942,16.5114,stop,442.63,58.52,872,36,38
943,16.5274,stop,1513.47,1046.01,864,31,37
943,16.5274,stop,1626.80,576.31,699,33,33
943,16.5274,stop,1168.44,534.06,759,35,33
943,16.5274,stop,948.35,530.99,740,35,34
943,16.5274,stop,1644.93,526.08,817,36,33
943,16.5274,stop,396.12,450.96,741,35,35
943,16.5274,stop,339.04,442.44,721,31,35
943,16.5274,stop,953.16,240.14,619,32,32
943,16.5274,stop,385.88,89.46,687,30,32
943,16.5274,stop,337.21,85.02,691,31,33
943,16.5274,stop,483.61,67.11,777,33,35
943,16.5274,stop,442.71,58.55,869,36,38
944,16.5434,stop,1513.50,1046.06,854,31,37
944,16.5434,stop,1626.91,576.33,689,33,33
944,16.5434,stop,1168.88,534.47,754,35,33
944,16.5434,stop,948.71,530.78,741,35,34
944,16.5434,stop,1644.96,526.12,818,36,32
944,16.5434,stop,396.25,451.02,745,35,34
944,16.5434,stop,338.97,442.45,718,31,35
944,16.5434,stop,952.26,240.70,617,32,32
944,16.5434,stop,385.82,89.40,702,31,32
944,16.5434,stop,337.21,85.00,686,31,33
944,16.5434,stop,484.26,68.01,740,33,33
944,16.5434,stop,442.68,58.56,873,36,37
945,16.5634,stop,1513.36,1045.90,851,30,37
945,16.5634,stop,1626.79,576.34,698,33,33
945,16.5634,stop,1169.01,534.78,762,34,32
945,16.5634,stop,948.89,530.38,744,34,35
945,16.5634,stop,1644.89,526.11,813,36,32
945,16.5634,stop,395.46,451.63,794,35,36
945,16.5634,stop,339.09,442.39,716,31,35
945,16.5634,stop,951.67,241.35,641,33,33
945,16.5634,stop,385.82,89.34,685,29,33
945,16.5634,stop,337.13,84.89,692,31,33
945,16.5634,stop,483.05,66.93,796,37,35
945,16.5634,stop,442.56,58.55,874,37,38
946,16.5794,stop,1513.45,1045.89,862,31,37
946,16.5794,stop,1626.84,576.37,703,32,33
946,16.5794,stop,1169.22,535.27,759,35,33
946,16.5794,stop,949.04,530.14,742,34,34
946,16.5794,stop,1644.83,526.09,812,36,32
946,16.5794,stop,395.49,451.64,788,35,34
946,16.5794,stop,339.09,442.38,715,31,35
946,16.5794,stop,951.12,242.10,644,32,33
946,16.5794,stop,385.80,89.38,695,31,32
946,16.5794,stop,337.20,85.01,692,31,33
946,16.5794,stop,483.50,67.02,796,34,35
946,16.5794,stop,441.87,57.56,935,37,37
947,16.5954,stop,1514.34,1046.14,912,36,37
947,16.5954,stop,1626.86,576.38,701,33,33
947,16.5954,stop,1169.36,535.32,760,35,33
947,16.5954,stop,949.39,529.56,744,35,35
947,16.5954,stop,1644.99,526.16,811,36,32
947,16.5954,stop,396.00,451.08,745,35,34
947,16.5954,stop,339.08,442.29,712,31,35
947,16.5954,stop,950.66,242.76,638,32,34
947,16.5954,stop,385.87,89.55,697,31,34
947,16.5954,stop,337.35,84.87,691,32,33
947,16.5954,stop,483.65,67.84,763,38,32
947,16.5954,stop,441.91,57.55,928,36,37
948,16.6114,stop,1513.50,1046.09,865,31,37
948,16.6114,stop,1626.85,576.42,701,32,33
948,16.6114,stop,1169.30,535.35,764,35,33
948,16.6114,stop,949.53,529.12,753,35,34
948,16.6114,stop,1644.94,526.13,818,36,32
948,16.6114,stop,396.12,450.99,747,35,34
948,16.6114,stop,339.06,442.40,708,31,35
948,16.6114,stop,950.37,243.61,648,32,34
948,16.6114,stop,385.83,89.52,694,31,33
948,16.6114,stop,337.16,84.96,685,31,33
948,16.6114,stop,483.61,67.74,763,37,32
948,16.6114,stop,442.69,58.53,878,36,38
949,16.6274,stop,1513.46,1045.95,858,30,37
949,16.6274,stop,1626.84,576.41,701,33,33
949,16.6274,stop,1169.36,535.24,765,35,33
949,16.6274,stop,949.90,528.39,747,34,35
949,16.6274,stop,1644.90,526.05,810,37,33
949,16.6274,stop,396.11,450.96,747,35,34
949,16.6274,stop,339.03,442.35,714,31,35
949,16.6274,stop,950.32,244.46,655,32,35
949,16.6274,stop,385.84,89.56,684,32,32
949,16.6274,stop,337.33,85.02,683,30,33
949,16.6274,stop,483.47,67.05,783,33,35
949,16.6274,stop,442.68,58.54,868,36,37
950,16.6434,stop,1514.36,1046.05,911,36,37
950,16.6434,stop,1626.89,576.38,702,33,33
950,16.6434,stop,1169.27,534.93,760,34,33
950,16.6434,stop,1644.90,526.14,818,36,32
950,16.6434,stop,950.23,528.01,770,34,35
950,16.6434,stop,396.12,451.05,738,35,35
950,16.6434,stop,339.03,442.39,709,31,35
950,16.6434,stop,950.32,245.18,660,32,34
950,16.6434,stop,385.82,89.47,700,31,33
950,16.6434,stop,337.29,84.93,694,31,33
950,16.6434,stop,483.55,67.16,790,34,35
950,16.6434,stop,442.69,58.60,874,37,37
951,16.6634,stop,1513.31,1045.94,860,30,37
951,16.6634,stop,1626.77,576.28,699,33,33
951,16.6634,stop,1168.27,534.13,726,35,34
951,16.6634,stop,1644.79,526.16,812,36,32
951,16.6634,stop,950.33,527.31,775,34,34
951,16.6634,stop,396.21,451.11,752,35,35
951,16.6634,stop,339.01,442.33,706,31,35
951,16.6634,stop,950.44,245.77,678,31,35
951,16.6634,stop,385.71,89.51,686,32,33
951,16.6634,stop,337.17,85.02,698,31,33
951,16.6634,stop,483.52,67.05,790,34,35
951,16.6634,stop,442.64,58.52,873,37,38
952,16.6794,stop,1513.50,1046.02,865,31,37
952,16.6794,stop,1626.72,576.30,707,33,33
952,16.6794,stop,1167.97,533.80,742,35,33
952,16.6794,stop,1644.92,526.15,816,36,34
952,16.6794,stop,950.30,526.45,775,34,34
952,16.6794,stop,396.01,451.02,750,35,36
952,16.6794,stop,338.97,442.40,715,31,35
952,16.6794,stop,950.64,246.43,682,32,35
952,16.6794,stop,385.87,89.47,689,30,32
952,16.6794,stop,337.09,84.96,689,31,33
952,16.6794,stop,483.69,67.13,793,35,35
952,16.6794,stop,442.70,58.57,874,36,38
953,16.6954,stop,1514.29,1046.16,905,36,37
953,16.6954,stop,1626.80,576.29,703,33,33
953,16.6954,stop,1167.93,533.56,740,35,33
953,16.6954,stop,1644.92,526.15,809,36,32
953,16.6954,stop,950.39,525.79,770,34,35
953,16.6954,stop,396.13,450.99,755,35,35
953,16.6954,stop,339.13,442.36,715,31,35
953,16.6954,stop,951.14,246.77,684,32,35
953,16.6954,stop,385.81,89.46,684,32,32
953,16.6954,stop,337.13,85.02,679,31,33
953,16.6954,stop,483.68,67.85,765,37,32
953,16.6954,stop,441.94,57.52,931,38,38
954,16.7114,stop,1513.40,1045.92,864,30,37
954,16.7114,stop,1626.73,576.37,703,33,33
954,16.7114,stop,1168.14,533.65,778,35,34
954,16.7114,stop,1644.98,526.22,811,36,32
954,16.7114,stop,950.31,525.15,764,34,34
954,16.7114,stop,396.15,450.88,752,35,35
954,16.7114,stop,339.04,442.28,709,31,35
954,16.7114,stop,951.34,247.37,700,33,35
954,16.7114,stop,385.77,89.44,690,31,32
954,16.7114,stop,337.15,84.84,685,30,33
954,16.7114,stop,483.10,66.86,820,37,35
954,16.7114,stop,441.81,57.43,944,37,38
955,16.7274,stop,1514.39,1046.15,912,36,38
955,16.7274,stop,1626.81,576.31,701,32,33
955,16.7274,stop,1167.98,533.38,783,34,34
955,16.7274,stop,1644.91,526.12,819,36,32
955,16.7274,stop,950.71,524.91,738,34,34
955,16.7274,stop,396.31,451.13,744,35,34
955,16.7274,stop,338.96,442.27,717,31,35
955,16.7274,stop,952.05,247.72,702,32,35
955,16.7274,stop,385.76,89.40,690,32,32
955,16.7274,stop,337.27,84.89,693,31,33
955,16.7274,stop,483.00,66.94,807,37,35
955,16.7274,stop,442.61,58.63,865,37,36
956,16.7434,stop,1513.51,1046.07,863,29,37
956,16.7434,stop,1626.81,576.30,697,33,33
956,16.7434,stop,1167.82,533.19,785,35,33
956,16.7434,stop,1644.98,526.04,818,36,34
956,16.7434,stop,950.12,523.77,759,34,34
956,16.7434,stop,396.14,451.01,747,35,34
956,16.7434,stop,338.98,442.36,717,31,35
956,16.7434,stop,952.51,248.43,728,32,35
956,16.7434,stop,385.80,89.40,691,32,32
956,16.7434,stop,337.09,85.01,690,31,33
956,16.7434,stop,483.71,67.83,760,37,32
956,16.7434,stop,441.88,57.54,935,37,38
957,16.7634,stop,1513.39,1045.87,869,30,37
957,16.7634,stop,1626.77,576.27,704,33,33
957,16.7634,stop,1167.04,532.61,754,35,34
957,16.7634,stop,1644.86,526.11,813,36,33
957,16.7634,stop,949.96,523.08,759,34,34
957,16.7634,stop,396.12,451.04,746,35,35
957,16.7634,stop,339.05,442.33,711,31,35
957,16.7634,stop,953.16,248.75,741,33,35
957,16.7634,stop,385.72,89.59,681,30,32
957,16.7634,stop,337.24,85.05,686,31,33
957,16.7634,stop,483.27,67.04,809,37,35
957,16.7634,stop,442.69,58.56,877,37,37
958,16.7794,stop,1513.52,1046.01,862,31,37
958,16.7794,stop,1626.85,576.26,705,33,33
958,16.7794,stop,1166.96,532.44,760,35,34
958,16.7794,stop,1645.00,526.08,818,36,33
958,16.7794,stop,949.84,522.22,752,34,34
958,16.7794,stop,396.14,451.18,751,35,34
958,16.7794,stop,338.97,442.29,711,31,35
958,16.7794,stop,954.24,248.91,735,33,36
958,16.7794,stop,385.74,89.41,681,31,32
958,16.7794,stop,337.20,85.10,692,31,33
958,16.7794,stop,483.59,67.06,797,35,35
958,16.7794,stop,442.66,58.55,871,36,38
959,16.7954,s200,1514.39,1046.11,911,36,38
959,16.7954,s200,1626.81,576.27,707,32,33
959,16.7954,s200,1167.20,532.53,795,35,34
959,16.7954,s200,1644.97,526.00,819,36,33
959,16.7954,s200,949.97,522.28,720,35,33
959,16.7954,s200,396.13,451.05,750,35,34
959,16.7954,s200,339.04,442.28,716,31,35
959,16.7954,s200,954.95,249.13,760,34,36
959,16.7954,s200,385.75,89.55,695,31,33
959,16.7954,s200,337.15,85.02,683,31,33
959,16.7954,s200,483.52,67.07,798,34,35
959,16.7954,s200,442.59,58.59,872,37,38
960,16.8114,s200,1513.46,1045.98,859,31,37
960,16.8114,s200,1626.81,576.39,707,32,33
960,16.8114,s200,1167.22,532.20,798,35,33
960,16.8114,s200,1644.91,526.08,811,36,33
960,16.8114,s200,949.74,521.87,713,35,34
960,16.8114,s200,396.15,450.96,746,35,35
960,16.8114,s200,339.11,442.43,717,31,35
960,16.8114,s200,955.93,249.12,762,34,36
960,16.8114,s200,385.77,89.48,683,31,33
960,16.8114,s200,337.13,85.07,689,31,33
960,16.8114,s200,483.70,67.92,763,36,32
960,16.8114,s200,442.59,58.55,873,36,38
961,16.8274,s200,1513.45,1046.01,859,31,37
961,16.8274,s200,1626.83,576.52,702,33,33
961,16.8274,s200,1167.22,531.72,806,35,34
961,16.8274,s200,1644.98,526.19,817,36,32
961,16.8274,s200,949.13,521.18,739,35,33
961,16.8274,s200,396.18,451.16,748,35,34
961,16.8274,s200,339.00,442.32,717,31,35
961,16.8274,s200,956.59,249.10,792,34,36
961,16.8274,s200,385.79,89.42,688,31,33
961,16.8274,s200,337.32,84.95,690,30,33
961,16.8274,s200,484.25,67.99,740,33,32
961,16.8274,s200,442.62,58.66,873,37,36
962,16.8434,s200,1513.47,1045.96,866,30,37
962,16.8434,s200,1626.80,576.30,703,33,33
962,16.8434,s200,1166.91,531.27,790,34,34
962,16.8434,s200,1644.97,526.19,819,36,32
962,16.8434,s200,949.39,521.41,714,34,33
962,16.8434,s200,396.16,450.99,752,35,35
962,16.8434,s200,339.04,442.38,709,31,35
962,16.8434,s200,957.40,248.78,779,34,36
962,16.8434,s200,385.81,89.51,689,31,32
962,16.8434,s200,337.27,85.04,693,31,33
962,16.8434,s200,483.73,67.09,785,33,35
962,16.8434,s200,442.64,58.67,876,36,38
963,16.8634,s200,1514.30,1046.11,912,36,37
963,16.8634,s200,1626.88,576.30,700,33,33
963,16.8634,s200,1166.95,530.82,811,34,34
963,16.8634,s200,1644.85,526.19,813,36,33
963,16.8634,s200,949.28,521.33,708,34,33
963,16.8634,s200,396.12,451.07,745,35,35
963,16.8634,s200,339.02,442.46,720,31,35
963,16.8634,s200,958.28,248.33,776,34,35
963,16.8634,s200,385.84,89.60,691,31,32
963,16.8634,s200,337.20,84.95,700,31,33
963,16.8634,s200,483.61,67.83,757,37,32
963,16.8634,s200,442.51,58.63,870,37,38
964,16.8794,s200,1514.36,1046.20,916,36,37
964,16.8794,s200,1626.91,576.33,704,33,33
964,16.8794,s200,1167.41,530.63,782,35,34
964,16.8794,s200,1644.97,526.07,807,36,32
964,16.8794,s200,949.20,521.34,713,35,33
964,16.8794,s200,396.23,450.97,755,35,34
964,16.8794,s200,339.04,442.24,710,31,35
964,16.8794,s200,959.23,247.77,766,33,35
964,16.8794,s200,385.77,89.49,690,31,32
964,16.8794,s200,337.17,84.90,695,31,33
964,16.8794,s200,483.19,66.86,816,36,35
964,16.8794,s200,442.65,58.61,876,37,37
965,16.8954,s200,1513.50,1045.98,864,31,37
965,16.8954,s200,1626.87,576.33,704,32,33
965,16.8954,s200,1166.97,529.64,813,34,34
965,16.8954,s200,1644.92,526.15,822,36,33
965,16.8954,s200,948.94,521.41,716,35,33
965,16.8954,s200,396.10,451.14,752,35,35
965,16.8954,s200,339.06,442.44,718,31,35
965,16.8954,s200,960.04,247.49,765,33,35
965,16.8954,s200,385.76,89.37,698,31,32
965,16.8954,s200,337.25,84.97,690,31,33
965,16.8954,s200,483.23,66.97,815,38,35
965,16.8954,s200,442.75,58.60,868,37,37
966,16.9114,s200,1513.36,1045.97,866,31,37
966,16.9114,s200,1626.95,576.41,711,33,33
966,16.9114,s200,1167.57,529.44,781,34,35
966,16.9114,s200,1644.80,526.13,808,36,32
966,16.9114,s200,948.33,521.36,754,34,34
966,16.9114,s200,396.14,450.97,751,35,34
966,16.9114,s200,339.09,442.35,712,31,35
966,16.9114,s200,960.15,247.39,716,34,35
966,16.9114,s200,385.72,89.46,687,31,32
966,16.9114,s200,337.21,84.99,689,31,33
966,16.9114,s200,484.33,68.03,743,34,33
966,16.9114,s200,441.88,57.54,930,38,37
967,16.9274,s200,1513.59,1045.97,852,29,37
967,16.9274,s200,1626.83,576.39,705,32,33
967,16.9274,s200,1167.69,528.97,792,35,35
967,16.9274,s200,1645.03,526.05,805,36,32
967,16.9274,s200,948.59,522.11,722,34,33
967,16.9274,s200,396.19,451.17,745,35,34
967,16.9274,s200,339.09,442.30,713,31,35
967,16.9274,s200,960.79,246.83,720,34,34
967,16.9274,s200,385.87,89.54,703,32,32
967,16.9274,s200,337.00,85.11,686,31,33
967,16.9274,s200,483.53,67.09,784,34,35
967,16.9274,s200,442.65,58.65,869,37,37
968,16.9474,s200,1513.39,1046.01,861,31,37
968,16.9474,s200,1626.79,576.35,709,33,33
968,16.9474,s200,1167.22,528.38,811,35,34
968,16.9474,s200,1644.94,526.02,823,36,33
968,16.9474,s200,948.42,522.64,723,34,34
968,16.9474,s200,396.18,450.98,751,35,35
968,16.9474,s200,338.97,442.37,715,31,35
968,16.9474,s200,961.32,246.32,712,34,34
968,16.9474,s200,385.86,89.37,690,29,32
968,16.9474,s200,337.31,85.01,678,30,33
968,16.9474,s200,483.07,66.99,814,37,35
968,16.9474,s200,442.71,58.53,872,36,38
969,16.9634,s200,1513.41,1045.96,870,30,37
969,16.9634,s200,1626.90,576.36,702,33,33
969,16.9634,s200,1645.00,526.08,808,36,32
969,16.9634,s200,1167.39,528.26,816,35,35
969,16.9634,s200,947.80,522.70,767,34,33
969,16.9634,s200,396.14,451.05,747,35,34
969,16.9634,s200,338.96,442.37,707,31,35
969,16.9634,s200,961.79,245.76,708,33,34
969,16.9634,s200,385.85,89.52,689,32,32
969,16.9634,s200,337.33,84.90,686,30,33
969,16.9634,s200,483.61,67.14,791,33,35
969,16.9634,s200,442.67,58.54,876,36,38
970,16.9794,s200,1514.40,1045.98,917,36,37
970,16.9794,s200,1626.76,576.32,700,32,33
970,16.9794,s200,1167.91,528.47,789,35,35
970,16.9794,s200,1644.84,526.12,810,36,33
970,16.9794,s200,947.89,523.40,766,35,34
970,16.9794,s200,396.22,450.92,755,35,35
970,16.9794,s200,339.04,442.45,716,31,35
970,16.9794,s200,962.23,245.04,701,34,34
970,16.9794,s200,385.72,89.52,691,32,32
970,16.9794,s200,337.22,84.97,704,31,33
970,16.9794,s200,483.77,67.89,765,37,33
970,16.9794,s200,442.73,58.57,877,36,37
971,16.9954,s200,1513.36,1045.95,865,31,37
971,16.9954,s200,1626.77,576.39,700,33,33
971,16.9954,s200,1644.85,526.12,815,36,32
971,16.9954,s200,1167.67,527.92,810,35,35
971,16.9954,s200,947.85,524.11,768,35,34
971,16.9954,s200,396.24,450.96,748,35,34
971,16.9954,s200,339.14,442.38,709,31,35
971,16.9954,s200,962.30,244.16,683,34,33
971,16.9954,s200,385.83,89.51,684,30,32
971,16.9954,s200,337.28,84.98,690,31,33
971,16.9954,s200,483.11,66.88,820,38,35
971,16.9954,s200,441.90,57.59,936,36,37
972,17.0114,s200,1514.48,1046.24,923,36,37
972,17.0114,s200,1626.71,576.33,701,33,33
972,17.0114,s200,1168.36,528.36,764,34,35
972,17.0114,s200,1644.96,526.10,816,36,34
972,17.0114,s200,948.22,525.01,744,35,34
972,17.0114,s200,395.57,451.67,787,35,34
972,17.0114,s200,339.03,442.33,716,31,35
972,17.0114,s200,962.48,243.45,682,33,33
972,17.0114,s200,385.91,89.49,687,30,32
972,17.0114,s200,337.22,85.01,694,32,33
972,17.0114,s200,483.60,67.01,799,33,35
972,17.0114,s200,441.91,57.46,932,36,38
973,17.0274,s200,1513.39,1045.96,868,31,37
973,17.0274,s200,1626.90,576.35,701,33,33
973,17.0274,s200,1169.24,528.46,729,32,34
973,17.0274,s200,1644.94,526.09,822,36,33
973,17.0274,s200,948.30,525.45,743,35,34
973,17.0274,s200,395.56,451.58,796,35,34
973,17.0274,s200,339.09,442.36,717,31,35
973,17.0274,s200,962.49,242.63,674,33,33
973,17.0274,s200,385.76,89.45,683,31,33
973,17.0274,s200,337.17,85.11,687,31,33
973,17.0274,s200,483.57,67.06,789,34,35
973,17.0274,s200,442.68,58.51,872,38,38
974,17.0474,s200,1513.53,1046.04,859,31,38
974,17.0474,s200,1626.81,576.36,702,33,33
974,17.0474,s200,1168.84,528.70,765,35,34
974,17.0474,s200,1645.08,526.18,817,36,32
974,17.0474,s200,948.38,525.94,758,35,35
974,17.0474,s200,396.28,451.03,749,35,34
974,17.0474,s200,338.92,442.37,709,31,35
974,17.0474,s200,962.39,241.95,694,33,33
974,17.0474,s200,385.71,89.53,690,31,32
974,17.0474,s200,337.28,84.88,683,30,33
974,17.0474,s200,483.36,67.03,806,36,35
974,17.0474,s200,442.68,58.64,870,37,36
975,17.0634,s200,1513.36,1046.00,864,31,37
975,17.0634,s200,1626.86,576.38,705,33,33
975,17.0634,s200,1168.44,528.63,798,35,34
975,17.0634,s200,1645.00,526.08,808,36,32
975,17.0634,s200,947.92,526.04,782,34,35
975,17.0634,s200,396.12,451.08,746,35,34
975,17.0634,s200,339.02,442.33,710,31,35
975,17.0634,s200,962.34,241.38,676,32,32
975,17.0634,s200,385.73,89.56,696,32,32
975,17.0634,s200,337.29,84.88,696,31,33
975,17.0634,s200,483.50,67.08,792,34,35
975,17.0634,s200,441.90,57.62,932,36,37
976,17.0794,s200,1513.42,1045.96,869,31,37
976,17.0794,s200,1626.90,576.35,697,33,33
976,17.0794,s200,1168.60,528.95,797,35,34
976,17.0794,s200,1644.91,526.06,803,36,32
976,17.0794,s200,948.14,526.45,782,34,34
976,17.0794,s200,396.19,450.92,751,35,34
976,17.0794,s200,339.04,442.46,716,31,35
976,17.0794,s200,961.94,240.70,680,33,32
976,17.0794,s200,385.67,89.54,688,31,32
976,17.0794,s200,337.18,85.00,691,31,33
976,17.0794,s200,483.18,66.92,818,37,35
976,17.0794,s200,441.89,57.68,922,36,38
977,17.0954,s200,1514.45,1046.17,914,36,37
977,17.0954,s200,1626.84,576.27,700,33,33
977,17.0954,s200,1168.83,529.48,788,34,34
977,17.0954,s200,1644.96,526.06,812,36,32
977,17.0954,s200,947.68,526.68,763,34,35
977,17.0954,s200,396.11,451.05,749,35,36
977,17.0954,s200,339.02,442.44,710,31,35
977,17.0954,s200,961.46,239.80,662,34,31
977,17.0954,s200,385.82,89.41,701,31,32
977,17.0954,s200,337.10,85.00,694,31,33
977,17.0954,s200,483.50,67.09,792,34,35
977,17.0954,s200,442.68,58.61,858,37,36
978,17.1114,s200,1513.44,1046.01,858,30,37
978,17.1114,s200,1626.82,576.36,705,32,33
978,17.1114,s200,1169.62,530.27,757,35,34
978,17.1114,s200,1644.88,526.16,818,36,32
978,17.1114,s200,948.40,527.59,786,35,35
978,17.1114,s200,396.16,451.10,747,35,34
978,17.1114,s200,339.08,442.33,718,31,35
978,17.1114,s200,961.02,239.13,656,33,31
978,17.1114,s200,385.89,89.52,686,30,32
978,17.1114,s200,337.17,85.07,695,31,33
978,17.1114,s200,483.60,67.07,795,33,35
978,17.1114,s200,442.66,58.60,873,36,37
979,17.1274,s200,1514.43,1046.21,904,36,37
979,17.1274,s200,1626.81,576.31,705,33,33
979,17.1274,s200,1169.18,530.38,783,35,34
979,17.1274,s200,1644.98,526.18,811,36,33
979,17.1274,s200,948.19,527.61,758,35,35
979,17.1274,s200,396.14,451.13,741,35,34
979,17.1274,s200,339.05,442.42,718,31,35
979,17.1274,s200,960.55,238.85,648,33,31
979,17.1274,s200,385.80,89.46,696,31,33
979,17.1274,s200,337.23,85.05,689,31,33
979,17.1274,s200,483.13,66.92,812,37,35
979,17.1274,s200,442.63,58.51,868,37,37
980,17.1474,s200,1513.43,1046.01,863,30,37
980,17.1474,s200,1626.74,576.33,700,32,33
980,17.1474,s200,1168.74,530.54,744,35,34
980,17.1474,s200,948.59,528.26,788,35,34
980,17.1474,s200,1644.96,526.05,807,36,33
980,17.1474,s200,396.13,451.14,751,35,35
980,17.1474,s200,339.09,442.48,713,31,35
980,17.1474,s200,960.06,238.37,633,33,32
980,17.1474,s200,385.99,89.48,693,31,33
980,17.1474,s200,337.14,84.93,693,31,33
980,17.1474,s200,483.53,66.99,790,34,35
980,17.1474,s200,442.66,58.53,873,36,38
981,17.1634,s200,1513.47,1046.06,869,31,37
981,17.1634,s200,1626.89,576.32,702,32,33
981,17.1634,s200,1169.34,531.28,768,35,33
981,17.1634,s200,948.49,528.33,758,35,35
981,17.1634,s200,1645.00,526.03,806,36,32
981,17.1634,s200,396.15,451.07,747,35,34
981,17.1634,s200,339.11,442.36,711,31,35
981,17.1634,s200,959.15,238.03,632,33,31
981,17.1634,s200,385.82,89.52,698,31,32
981,17.1634,s200,337.21,85.06,698,31,33
981,17.1634,s200,483.13,66.91,810,36,35
981,17.1634,s200,442.68,58.57,866,36,37
982,17.1794,s200,1514.40,1046.25,916,36,37
982,17.1794,s200,1626.84,576.39,702,33,33
982,17.1794,s200,1169.33,531.66,785,35,34
982,17.1794,s200,948.74,528.45,753,35,35
982,17.1794,s200,1644.95,526.07,805,36,33
982,17.1794,s200,396.13,450.96,755,35,34
982,17.1794,s200,338.97,442.35,717,31,35
982,17.1794,s200,959.00,237.41,601,34,30
982,17.1794,s200,385.83,89.34,702,31,33
982,17.1794,s200,337.24,84.85,703,31,33
982,17.1794,s200,483.19,66.91,818,39,35
982,17.1794,s200,441.87,57.60,931,36,38
983,17.1954,s200,1513.42,1046.02,861,31,37
983,17.1954,s200,1626.77,576.33,702,32,33
983,17.1954,s200,1169.45,532.07,772,35,33
983,17.1954,s200,948.81,528.47,755,34,35
983,17.1954,s200,1644.98,526.02,808,36,33
983,17.1954,s200,396.13,451.02,757,35,35
983,17.1954,s200,339.14,442.40,713,31,35
983,17.1954,s200,958.47,236.97,634,34,30
983,17.1954,s200,385.80,89.52,684,31,32
983,17.1954,s200,337.18,85.03,694,31,33
983,17.1954,s200,484.14,67.97,745,34,32
983,17.1954,s200,442.74,58.64,865,36,36
984,17.2114,s200,1513.33,1046.07,868,31,37
984,17.2114,s200,1626.88,576.38,699,33,33
984,17.2114,s200,1168.77,531.84,734,35,33
984,17.2114,s200,948.99,528.37,752,34,35
984,17.2114,s200,1644.95,526.09,813,36,33
984,17.2114,s200,396.20,450.96,744,35,34
984,17.2114,s200,339.04,442.37,705,31,35
984,17.2114,s200,957.13,237.62,613,34,31
984,17.2114,s200,385.79,89.59,692,31,32
984,17.2114,s200,337.27,85.00,685,31,33
984,17.2114,s200,483.22,67.00,812,37,35
984,17.2114,s200,442.71,58.45,871,37,38
985,17.2274,s200,1514.40,1046.10,910,36,37
985,17.2274,s200,1626.84,576.36,700,33,33
985,17.2274,s200,1168.69,531.85,735,35,33
985,17.2274,s200,949.43,528.07,756,35,34
985,17.2274,s200,1644.85,526.09,817,36,33
985,17.2274,s200,396.13,450.99,755,35,34
985,17.2274,s200,339.09,442.35,707,31,35
985,17.2274,s200,956.78,237.39,664,34,31
985,17.2274,s200,385.72,89.50,692,31,32
985,17.2274,s200,337.31,84.85,690,30,33
985,17.2274,s200,483.19,66.99,815,37,35
985,17.2274,s200,442.71,58.51,872,36,37
986,17.2474,s200,1514.19,1046.21,916,36,37
986,17.2474,s200,1626.75,576.31,705,33,33
986,17.2474,s200,1168.83,532.02,736,35,34
986,17.2474,s200,1644.89,526.02,814,36,32
986,17.2474,s200,949.52,527.78,755,35,35
986,17.2474,s200,396.17,451.03,748,35,34
986,17.2474,s200,338.99,442.32,715,31,35
986,17.2474,s200,956.12,237.72,668,34,32
986,17.2474,s200,385.77,89.38,691,31,32
986,17.2474,s200,337.21,84.98,683,31,33
986,17.2474,s200,484.27,67.99,737,33,33
986,17.2474,s200,442.58,58.57,874,36,38
987,17.2634,s200,1514.36,1046.12,911,36,37
987,17.2634,s200,1626.82,576.28,698,33,33
987,17.2634,s200,1168.74,531.96,730,35,34
987,17.2634,s200,1644.96,526.13,813,36,32
987,17.2634,s200,949.77,527.30,759,35,35
987,17.2634,s200,396.14,451.10,743,35,35
987,17.2634,s200,339.00,442.33,710,31,35
987,17.2634,s200,955.35,238.10,689,34,32
987,17.2634,s200,385.97,89.34,692,30,32
987,17.2634,s200,337.27,84.99,697,31,33
987,17.2634,s200,483.20,66.93,809,37,35
987,17.2634,s200,442.63,58.50,866,37,38
988,17.2794,s200,1514.28,1046.15,912,35,37
988,17.2794,s200,1626.91,576.30,698,33,33
988,17.2794,s200,1168.81,531.99,729,35,34
988,17.2794,s200,1645.03,526.24,805,36,32
988,17.2794,s200,949.84,526.66,766,34,34
988,17.2794,s200,396.32,450.90,745,35,34
988,17.2794,s200,338.97,442.46,719,31,35
988,17.2794,s200,954.72,238.67,688,34,33
988,17.2794,s200,385.70,89.40,692,31,33
988,17.2794,s200,337.23,85.05,692,31,33
988,17.2794,s200,483.21,66.96,799,37,35
988,17.2794,s200,442.64,58.65,880,36,38
989,17.2954,s200,1513.42,1045.98,867,31,37
989,17.2954,s200,1626.79,576.26,706,33,33
989,17.2954,s200,1168.84,531.96,739,35,34
989,17.2954,s200,1644.89,526.03,817,36,32
989,17.2954,s200,949.87,526.20,767,34,35
989,17.2954,s200,395.49,451.79,778,35,34
989,17.2954,s200,339.01,442.43,714,31,35
989,17.2954,s200,953.78,239.12,692,33,33
989,17.2954,s200,385.72,89.40,692,30,33
989,17.2954,s200,337.29,84.94,690,31,33
989,17.2954,s200,483.03,66.94,813,37,35
989,17.2954,s200,442.66,58.54,869,37,37
990,17.3115,s200,1514.43,1046.26,912,36,37
990,17.3115,s200,1626.88,576.36,701,33,33
990,17.3115,s200,1168.93,531.81,738,35,33
990,17.3115,s200,1645.00,526.13,814,36,33
990,17.3115,s200,950.25,526.29,795,34,34
990,17.3115,s200,396.21,451.04,746,35,34
990,17.3115,s200,339.09,442.56,714,31,35
990,17.3115,s200,952.46,239.65,716,33,33
990,17.3115,s200,385.93,89.45,688,29,33
990,17.3115,s200,337.23,85.02,690,31,33
990,17.3115,s200,483.73,67.95,764,38,32
990,17.3115,s200,442.65,58.44,868,37,38
991,17.3274,s200,1513.42,1046.03,866,30,37
991,17.3274,s200,1626.83,576.34,695,32,33
991,17.3274,s200,1169.38,532.08,774,35,33
991,17.3274,s200,1644.91,526.10,810,36,33
991,17.3274,s200,950.69,526.12,810,33,33
991,17.3274,s200,396.23,451.01,745,35,35
991,17.3274,s200,338.98,442.30,721,31,35
991,17.3274,s200,952.44,239.86,700,33,34
991,17.3274,s200,385.84,89.52,693,31,32
991,17.3274,s200,337.25,84.92,700,31,33
991,17.3274,s200,483.14,66.97,808,37,35
991,17.3274,s200,442.65,58.53,877,36,38
992,17.3474,s200,1513.37,1046.07,859,31,37
992,17.3474,s200,1626.79,576.32,707,33,33
992,17.3474,s200,1169.33,531.74,778,35,34
992,17.3474,s200,1644.96,526.13,817,36,33
992,17.3474,s200,951.13,525.56,810,36,33
992,17.3474,s200,396.18,451.07,747,35,35
992,17.3474,s200,338.97,442.46,717,31,35
992,17.3474,s200,951.75,240.20,704,33,33
992,17.3474,s200,385.82,89.43,694,32,32
992,17.3474,s200,337.14,84.98,695,31,33
992,17.3474,s200,483.19,66.96,811,37,35
992,17.3474,s200,442.65,58.59,867,36,37
993,17.3636,s200,1514.49,1046.23,907,36,37
993,17.3636,s200,1626.77,576.33,710,33,33
993,17.3636,s200,1169.46,531.46,779,35,34
993,17.3636,s200,1644.98,526.09,813,36,32
993,17.3636,s200,951.06,525.21,797,34,33
993,17.3636,s200,396.04,450.88,754,35,34
993,17.3636,s200,339.12,442.38,708,31,35
993,17.3636,s200,951.05,240.52,705,33,33
993,17.3636,s200,385.84,89.43,691,32,33
993,17.3636,s200,337.30,84.84,692,31,33
993,17.3636,s200,483.33,66.94,813,38,35
993,17.3636,s200,441.85,57.48,940,38,38
994,17.3794,s200,1514.32,1046.13,899,35,37
994,17.3794,s200,1626.82,576.38,705,33,33
994,17.3794,s200,1168.97,530.73,739,35,34
994,17.3794,s200,1645.04,526.23,818,36,33
994,17.3794,s200,950.79,524.61,784,34,34
994,17.3794,s200,396.15,451.15,752,35,34
994,17.3794,s200,339.06,442.31,714,31,35
994,17.3794,s200,950.67,240.82,713,33,34
994,17.3794,s200,385.71,89.47,688,31,32
994,17.3794,s200,337.22,84.98,689,31,33
994,17.3794,s200,483.54,67.84,764,37,33
994,17.3794,s200,441.79,57.58,941,37,37
995,17.3954,s200,1513.54,1046.07,863,29,37
995,17.3954,s200,1626.73,576.35,705,32,33
995,17.3954,s200,1169.13,530.56,788,35,34
995,17.3954,s200,1644.85,526.14,817,36,33
995,17.3954,s200,951.01,524.20,795,34,34
995,17.3954,s200,396.24,450.99,756,35,36
995,17.3954,s200,339.01,442.36,709,31,35
995,17.3954,s200,950.52,240.95,708,31,34
995,17.3954,s200,385.77,89.31,690,30,33
995,17.3954,s200,337.13,84.97,689,31,33
995,17.3954,s200,482.90,66.84,804,37,35
995,17.3954,s200,442.56,58.51,881,37,38
996,17.4114,s200,1513.55,1046.08,863,31,37
996,17.4114,s200,1626.84,576.33,705,33,33
996,17.4114,s200,1169.32,530.08,778,35,35
996,17.4114,s200,1644.88,526.08,816,36,32
996,17.4114,s200,951.46,523.87,789,34,34
996,17.4114,s200,396.12,451.09,740,35,34
996,17.4114,s200,339.05,442.40,715,31,35
996,17.4114,s200,950.40,241.28,709,29,34
996,17.4114,s200,385.80,89.64,698,31,32
996,17.4114,s200,337.29,84.88,691,31,33
996,17.4114,s200,483.16,67.02,811,38,35
996,17.4114,s200,441.93,57.54,925,36,37
997,17.4274,s200,1513.45,1046.05,875,31,38
997,17.4274,s200,1626.85,576.33,698,33,33
997,17.4274,s200,1169.08,529.47,789,35,34
997,17.4274,s200,1644.99,526.01,804,36,32
997,17.4274,s200,951.87,523.89,772,33,34
997,17.4274,s200,396.07,450.96,753,35,34
997,17.4274,s200,339.12,442.40,709,31,35
997,17.4274,s200,950.68,241.28,691,29,34
997,17.4274,s200,385.67,89.69,687,32,32
997,17.4274,s200,337.21,85.02,688,30,33
997,17.4274,s200,483.17,66.93,818,37,35
997,17.4274,s200,442.60,58.50,862,36,38
998,17.4474,s200,1514.39,1046.24,909,36,37
998,17.4474,s200,1626.84,576.34,705,32,33
998,17.4474,s200,1168.99,528.89,805,35,35
998,17.4474,s200,1645.03,526.11,810,36,32
998,17.4474,s200,952.40,523.05,813,32,36
998,17.4474,s200,396.26,451.05,745,35,34
998,17.4474,s200,339.06,442.38,717,31,35
998,17.4474,s200,950.78,241.08,675,28,34
998,17.4474,s200,385.78,89.46,688,32,33
998,17.4474,s200,337.16,85.00,683,31,33
998,17.4474,s200,483.71,67.78,763,37,32
998,17.4474,s200,442.57,58.55,878,38,37
999,17.4634,s200,1513.48,1045.95,862,31,37
999,17.4634,s200,1626.86,576.36,705,33,33
999,17.4634,s200,1168.87,528.48,804,35,34
999,17.4634,s200,1645.00,526.03,812,36,33
999,17.4634,s200,952.41,522.93,805,32,35
999,17.4634,s200,396.10,451.02,751,35,35
999,17.4634,s200,338.98,442.37,715,31,35
999,17.4634,s200,950.51,241.05,693,30,33
999,17.4634,s200,385.76,89.53,701,32,33
999,17.4634,s200,337.15,84.97,688,30,33
999,17.4634,s200,483.58,67.77,756,37,33
999,17.4634,s200,442.64,58.55,871,38,37
1000,17.4794,s200,1513.39,1046.02,864,30,37
1000,17.4794,s200,1626.84,576.39,703,32,33
1000,17.4794,s200,1168.66,527.88,803,34,34
1000,17.4794,s200,1644.79,526.12,816,36,33
1000,17.4794,s200,952.74,523.10,798,32,35
1000,17.4794,s200,396.27,450.94,747,35,34
1000,17.4794,s200,339.06,442.42,709,31,35
1000,17.4794,s200,950.76,240.87,711,31,34
1000,17.4794,s200,385.82,89.57,680,31,32
1000,17.4794,s200,337.06,84.91,688,32,33
1000,17.4794,s200,483.15,66.86,803,37,35
1000,17.4794,s200,441.90,57.45,939,36,38
1001,17.4954,s200,1513.46,1046.00,865,30,37
1001,17.4954,s200,1626.81,576.41,710,33,33
1001,17.4954,s200,1168.52,527.41,801,34,32
1001,17.4954,s200,1645.12,525.98,823,36,32
1001,17.4954,s200,952.59,523.34,782,34,34
1001,17.4954,s200,396.16,451.05,745,35,35
1001,17.4954,s200,339.05,442.36,707,31,35
1001,17.4954,s200,950.85,240.69,710,33,34
1001,17.4954,s200,385.73,89.51,699,32,33
1001,17.4954,s200,337.28,85.21,682,30,33
1001,17.4954,s200,483.00,66.97,807,37,35
1001,17.4954,s200,442.69,58.58,870,37,37
1002,17.5114,s200,1513.45,1046.01,862,31,37
1002,17.5114,s200,1626.87,576.41,703,33,33
1002,17.5114,s200,1168.48,527.04,808,32,33
1002,17.5114,s200,1644.94,526.12,810,36,33
1002,17.5114,s200,952.60,523.36,799,34,34
1002,17.5114,s200,396.01,451.14,748,35,34
1002,17.5114,s200,339.03,442.39,711,31,35
1002,17.5114,s200,950.69,240.27,719,33,35
1002,17.5114,s200,385.80,89.46,690,32,32
1002,17.5114,s200,337.22,85.04,686,31,33
1002,17.5114,s200,483.30,66.94,817,37,35
1002,17.5114,s200,442.67,58.61,866,36,37
1003,17.5274,s200,1513.34,1046.03,863,31,37
1003,17.5274,s200,1626.78,576.35,698,32,33
1003,17.5274,s200,1644.89,526.06,816,36,32
1003,17.5274,s200,1168.34,526.83,822,34,32
1003,17.5274,s200,952.71,523.05,780,33,34
1003,17.5274,s200,396.13,450.89,755,35,34
1003,17.5274,s200,338.96,442.41,708,31,35
1003,17.5274,s200,950.98,239.66,706,34,34
1003,17.5274,s200,385.78,89.30,694,30,33
1003,17.5274,s200,337.03,85.09,695,32,33
1003,17.5274,s200,483.76,67.82,764,36,32
1003,17.5274,s200,441.90,57.56,937,37,37
1004,17.5474,s200,1514.47,1046.17,913,35,37
1004,17.5474,s200,1626.83,576.41,704,33,33
1004,17.5474,s200,1644.92,526.21,809,36,32
1004,17.5474,s200,1168.20,526.28,815,34,33
1004,17.5474,s200,952.75,522.89,759,34,34
1004,17.5474,s200,396.35,451.04,742,35,34
1004,17.5474,s200,339.03,442.42,713,31,35
1004,17.5474,s200,951.23,239.30,711,33,34
1004,17.5474,s200,385.93,89.49,695,30,33
1004,17.5474,s200,337.14,84.85,695,31,33
1004,17.5474,s200,483.09,66.92,813,37,35
1004,17.5474,s200,441.80,57.47,943,37,38
1005,17.5634,s200,1513.42,1046.01,870,31,37
1005,17.5634,s200,1626.80,576.39,701,32,33
1005,17.5634,s200,1644.83,526.12,806,36,32
1005,17.5634,s200,1167.97,525.58,827,35,34
1005,17.5634,s200,953.11,522.57,727,33,32
1005,17.5634,s200,396.06,450.97,750,35,35
1005,17.5634,s200,339.01,442.40,710,31,35
1005,17.5634,s200,951.39,239.05,743,34,34
1005,17.5634,s200,385.92,89.39,691,31,33
1005,17.5634,s200,337.24,84.97,701,31,33
1005,17.5634,s200,484.27,67.94,743,33,33
1005,17.5634,s200,442.71,58.50,880,37,37
1006,17.5794,s200,1513.55,1046.03,857,31,37
1006,17.5794,s200,1626.78,576.44,704,33,33
1006,17.5794,s200,1644.92,526.05,814,36,33
1006,17.5794,s200,1167.85,524.99,813,34,33
1006,17.5794,s200,953.16,522.32,671,33,31
1006,17.5794,s200,396.20,451.15,750,35,35
1006,17.5794,s200,339.04,442.31,713,31,35
1006,17.5794,s200,951.53,238.49,737,32,31
1006,17.5794,s200,385.87,89.61,692,32,32
1006,17.5794,s200,337.19,85.03,690,30,33
1006,17.5794,s200,483.33,66.95,810,37,35
1006,17.5794,s200,441.97,57.54,930,36,37
1007,17.5955,s200,1513.48,1046.05,862,31,37
1007,17.5955,s200,1626.84,576.31,695,32,33
1007,17.5955,s200,1644.95,526.19,808,36,33
1007,17.5955,s200,1167.84,524.18,804,32,34
1007,17.5955,s200,954.19,522.08,581,29,30
1007,17.5955,s200,396.16,451.06,748,35,35
1007,17.5955,s200,339.11,442.35,711,31,35
1007,17.5955,s200,951.65,238.44,734,32,30
1007,17.5955,s200,385.74,89.50,703,31,32
1007,17.5955,s200,337.16,84.96,698,31,33
1007,17.5955,s200,483.19,66.98,807,36,35
1007,17.5955,s200,442.65,58.57,874,38,37
1008,17.6114,stop,1514.41,1046.16,912,36,37
1008,17.6114,stop,1626.72,576.33,697,32,33
1008,17.6114,stop,1644.92,526.07,804,36,32
1008,17.6114,stop,1167.74,523.38,807,33,32
1008,17.6114,stop,954.08,520.63,518,28,29
1008,17.6114,stop,396.12,451.10,742,35,34
1008,17.6114,stop,338.96,442.38,710,31,35
1008,17.6114,stop,952.01,238.15,721,33,32
1008,17.6114,stop,385.72,89.53,692,33,32
1008,17.6114,stop,337.25,85.06,694,31,33
1008,17.6114,stop,483.68,67.82,757,37,33
1008,17.6114,stop,442.68,58.61,872,36,37
1009,17.6274,stop,1514.28,1046.11,903,36,37
1009,17.6274,stop,1626.82,576.35,700,33,33
1009,17.6274,stop,1644.88,526.16,808,36,33
1009,17.6274,stop,1167.91,522.59,793,33,33
1009,17.6274,stop,953.37,519.51,568,32,30
1009,17.6274,stop,396.16,450.92,745,35,34
1009,17.6274,stop,339.06,442.36,714,31,35
1009,17.6274,stop,952.45,237.82,728,34,34
1009,17.6274,stop,385.77,89.41,689,32,32
1009,17.6274,stop,337.30,84.89,691,30,33
1009,17.6274,stop,483.61,67.06,794,34,35
1009,17.6274,stop,441.89,57.61,927,36,38
1010,17.6474,stop,1513.41,1045.85,858,31,37
1010,17.6474,stop,1626.79,576.36,703,32,33
1010,17.6474,stop,1644.87,526.13,814,36,32
1010,17.6474,stop,1168.59,522.47,757,32,33
1010,17.6474,stop,955.43,519.23,504,27,30
1010,17.6474,stop,396.18,450.93,746,35,34
1010,17.6474,stop,338.84,442.27,711,31,35
1010,17.6474,stop,952.70,237.43,699,34,33
1010,17.6474,stop,385.76,89.63,691,32,32
1010,17.6474,stop,337.16,84.89,695,31,33
1010,17.6474,stop,483.04,66.98,810,37,35
1010,17.6474,stop,442.74,58.65,877,37,37
1011,17.6634,stop,1513.37,1045.92,864,30,37
1011,17.6634,stop,1626.77,576.35,704,33,33
1011,17.6634,stop,1644.84,526.07,807,36,33
1011,17.6634,stop,1168.44,522.27,773,33,34
1011,17.6634,stop,955.41,516.83,561,32,30
1011,17.6634,stop,396.19,451.00,738,35,34
1011,17.6634,stop,339.03,442.34,720,31,35
1011,17.6634,stop,953.09,237.18,679,34,33
1011,17.6634,stop,385.87,89.53,697,30,33
1011,17.6634,stop,337.00,85.06,695,32,33
1011,17.6634,stop,483.22,67.05,808,36,35
1011,17.6634,stop,441.79,57.46,932,36,38
1012,17.6794,stop,1514.33,1046.08,915,36,37
1012,17.6794,stop,1626.82,576.41,698,32,33
1012,17.6794,stop,1644.97,526.19,815,36,33
1012,17.6794,stop,1168.55,522.08,766,33,34
1012,17.6794,stop,956.21,515.54,560,32,30
1012,17.6794,stop,395.50,451.64,781,35,35
1012,17.6794,stop,339.15,442.35,710,31,35
1012,17.6794,stop,953.20,236.72,625,33,32
1012,17.6794,stop,385.88,89.44,707,33,32
1012,17.6794,stop,337.28,85.03,689,31,33
1012,17.6794,stop,483.14,66.93,816,38,35
1012,17.6794,stop,442.71,58.58,871,36,36
1013,17.6954,stop,1514.34,1046.19,913,36,37
1013,17.6954,stop,1626.85,576.31,699,32,33
1013,17.6954,stop,1644.95,526.12,803,36,32
1013,17.6954,stop,1168.81,521.84,765,34,33
1013,17.6954,stop,958.29,514.14,540,26,30
1013,17.6954,stop,396.14,451.10,745,35,35
1013,17.6954,stop,339.05,442.34,701,31,35
1013,17.6954,stop,953.61,236.36,576,32,31
1013,17.6954,stop,385.78,89.45,689,32,32
1013,17.6954,stop,337.22,84.93,687,32,33
1013,17.6954,stop,482.91,66.84,807,37,35
1013,17.6954,stop,442.66,58.49,874,36,38
1014,17.7114,stop,1514.43,1046.17,910,36,37
1014,17.7114,stop,1626.85,576.34,706,32,33
1014,17.7114,stop,1644.93,526.12,810,36,33
1014,17.7114,stop,1169.23,521.53,752,35,33
1014,17.7114,stop,959.28,512.17,545,27,30
1014,17.7114,stop,396.22,451.02,749,35,35
1014,17.7114,stop,339.07,442.30,709,31,35
1014,17.7114,stop,954.07,236.01,537,31,27
1014,17.7114,stop,385.83,89.37,683,31,33
1014,17.7114,stop,337.12,85.08,693,31,33
1014,17.7114,stop,483.04,66.85,825,37,35
1014,17.7114,stop,442.52,58.52,876,37,38
1015,17.7314,stop,1514.34,1046.06,912,36,37
1015,17.7314,stop,1626.80,576.31,704,33,33
1015,17.7314,stop,1644.89,526.11,807,36,33
1015,17.7314,stop,1169.74,521.29,731,34,32
1015,17.7314,stop,960.40,510.10,569,27,31
1015,17.7314,stop,396.15,451.13,742,35,34
1015,17.7314,stop,338.91,442.38,715,31,35
1015,17.7314,stop,954.66,235.35,501,30,26
1015,17.7314,stop,385.74,89.62,687,31,32
1015,17.7314,stop,337.15,85.08,688,31,33
1015,17.7314,stop,483.63,67.87,763,37,32
1015,17.7314,stop,442.63,58.51,874,36,37
1016,17.7474,stop,1513.36,1046.09,865,30,37
1016,17.7474,stop,1626.83,576.40,704,33,33
1016,17.7474,stop,1644.91,526.08,810,36,33
1016,17.7474,stop,1170.10,521.21,720,34,32
1016,17.7474,stop,961.87,508.02,571,28,31
1016,17.7474,stop,395.51,451.68,793,35,35
1016,17.7474,stop,339.05,442.35,715,31,35
1016,17.7474,stop,955.78,234.20,498,30,29
1016,17.7474,stop,385.86,89.59,694,31,32
1016,17.7474,stop,337.07,85.04,687,31,33
1016,17.7474,stop,484.14,67.98,739,34,32
1016,17.7474,stop,442.68,58.49,870,36,38
1017,17.7635,stop,1514.42,1046.01,909,36,37
1017,17.7635,stop,1626.93,576.43,701,33,33
1017,17.7635,stop,1644.92,526.11,807,36,34
1017,17.7635,stop,1170.44,520.99,689,34,32
1017,17.7635,stop,963.31,505.72,577,27,30
1017,17.7635,stop,396.13,450.93,746,35,36
1017,17.7635,stop,338.96,442.29,710,31,35
1017,17.7635,stop,956.29,234.14,437,30,24
1017,17.7635,stop,385.71,89.55,689,31,33
1017,17.7635,stop,337.20,85.05,692,31,33
1017,17.7635,stop,483.60,67.02,794,35,35
1017,17.7635,stop,442.63,58.54,870,37,36
1018,17.7795,stop,1513.44,1046.00,867,31,37
1018,17.7795,stop,1626.79,576.38,708,33,33
1018,17.7795,stop,1644.92,526.10,814,36,33
1018,17.7795,stop,1170.61,521.16,651,34,31
1018,17.7795,stop,964.76,503.43,603,27,31
1018,17.7795,stop,396.10,451.09,753,35,34
1018,17.7795,stop,339.05,442.39,714,31,35
1018,17.7795,stop,956.80,233.67,406,29,23
1018,17.7795,stop,385.81,89.54,686,31,33
1018,17.7795,stop,337.21,84.94,688,31,33
1018,17.7795,stop,483.77,67.80,762,38,32
1018,17.7795,stop,442.72,58.64,874,36,38
1019,17.7955,stop,1513.48,1046.00,867,31,38
1019,17.7955,stop,1626.80,576.33,700,33,33
1019,17.7955,stop,1644.96,526.17,809,36,32
1019,17.7955,stop,1170.67,521.45,625,33,30
1019,17.7955,stop,966.54,501.05,621,28,32
1019,17.7955,stop,396.05,450.96,749,35,34
1019,17.7955,stop,339.05,442.45,710,31,35
1019,17.7955,stop,958.61,232.57,409,29,26
1019,17.7955,stop,385.79,89.58,679,31,33
1019,17.7955,stop,337.17,85.01,689,31,33
1019,17.7955,stop,483.70,67.77,767,37,32
1019,17.7955,stop,442.68,58.52,876,36,38
1020,17.8114,stop,1513.49,1046.04,855,30,38
1020,17.8114,stop,1626.68,576.31,711,32,33
1020,17.8114,stop,1644.98,526.12,808,36,32
1020,17.8114,stop,1170.55,521.81,602,33,29
1020,17.8114,stop,968.42,498.08,627,28,31
1020,17.8114,stop,396.10,451.01,751,35,34
1020,17.8114,stop,339.05,442.43,713,31,35
1020,17.8114,stop,960.38,232.98,335,25,23
1020,17.8114,stop,385.87,89.48,698,32,33
1020,17.8114,stop,337.13,84.87,681,31,33
1020,17.8114,stop,483.05,66.86,808,36,35
1020,17.8114,stop,442.60,58.50,868,38,38
1021,17.8314,stop,1513.38,1045.93,869,31,37
1021,17.8314,stop,1626.81,576.27,701,33,33
1021,17.8314,stop,1644.90,526.07,811,36,32
1021,17.8314,stop,1169.24,522.00,543,29,29
1021,17.8314,stop,970.63,495.33,608,28,31
1021,17.8314,stop,396.17,451.01,753,35,35
1021,17.8314,stop,339.07,442.35,713,31,35
1021,17.8314,stop,961.67,232.72,323,25,22
1021,17.8314,stop,386.00,89.38,690,32,32
1021,17.8314,stop,337.16,84.99,686,30,33
1021,17.8314,stop,483.04,66.84,816,38,35
1021,17.8314,stop,441.90,57.68,929,38,38
1022,17.8474,stop,1514.40,1046.06,916,36,37
1022,17.8474,stop,1626.84,576.35,695,32,33
1022,17.8474,stop,1644.91,526.17,813,36,33
1022,17.8474,stop,1169.81,523.41,565,33,29
1022,17.8474,stop,972.78,492.93,631,28,32
1022,17.8474,stop,396.09,451.09,746,35,34
1022,17.8474,stop,338.99,442.44,706,31,35
1022,17.8474,stop,962.66,232.67,312,26,22
1022,17.8474,stop,385.81,89.51,693,31,32
1022,17.8474,stop,337.02,84.98,690,31,33
1022,17.8474,stop,483.12,67.00,814,36,35
1022,17.8474,stop,441.81,57.53,947,38,38
1023,17.8635,stop,1514.37,1046.11,904,36,37
1023,17.8635,stop,1626.78,576.27,707,33,33
1023,17.8635,stop,1644.84,526.17,810,36,33
1023,17.8635,stop,1169.64,524.56,559,32,29
1023,17.8635,stop,975.06,490.19,651,30,33
1023,17.8635,stop,396.21,451.06,746,35,34
1023,17.8635,stop,338.97,442.33,708,31,35
1023,17.8635,stop,964.11,232.81,301,24,21
1023,17.8635,stop,385.92,89.55,692,31,32
1023,17.8635,stop,337.11,84.98,684,31,33
1023,17.8635,stop,483.79,67.95,758,37,32
1023,17.8635,stop,442.67,58.53,871,37,38
1024,17.8795,stop,1513.45,1046.14,865,31,37
1024,17.8795,stop,1626.90,576.37,705,33,33
1024,17.8795,stop,1645.08,526.11,813,36,32
1024,17.8795,stop,1169.31,525.46,538,33,29
1024,17.8795,stop,977.47,487.50,650,29,32
1024,17.8795,stop,396.15,451.02,750,35,35
1024,17.8795,stop,338.93,442.31,707,31,35
1024,17.8795,stop,964.93,232.82,292,25,20
1024,17.8795,stop,385.77,89.54,692,32,32
1024,17.8795,stop,337.03,84.91,686,31,33
1024,17.8795,stop,483.63,67.17,789,33,35
1024,17.8795,stop,441.82,57.47,932,36,38
1025,17.8955,stop,1513.48,1045.97,862,31,37
1025,17.8955,stop,1626.84,576.28,703,33,33
1025,17.8955,stop,1168.62,526.59,547,32,30
1025,17.8955,stop,1644.96,526.08,804,36,32
1025,17.8955,stop,980.10,484.47,659,29,32
1025,17.8955,stop,396.13,451.01,744,35,34
1025,17.8955,stop,338.98,442.40,710,31,35
1025,17.8955,stop,966.30,233.11,274,23,20
1025,17.8955,stop,385.67,89.53,689,33,33
1025,17.8955,stop,337.32,84.99,688,30,33
1025,17.8955,stop,483.51,67.01,796,34,35
1025,17.8955,stop,442.66,58.53,864,37,38
1026,17.9114,stop,1513.44,1045.99,857,31,38
1026,17.9114,stop,1626.83,576.43,700,32,33
1026,17.9114,stop,1167.36,527.81,499,27,30
1026,17.9114,stop,1644.85,526.08,817,36,32
1026,17.9114,stop,982.57,481.90,631,29,32
1026,17.9114,stop,396.21,451.09,743,35,34
1026,17.9114,stop,339.13,442.33,703,31,35
1026,17.9114,stop,967.25,233.51,267,24,19
1026,17.9114,stop,385.80,89.48,694,31,33
1026,17.9114,stop,337.32,84.98,695,31,33
1026,17.9114,stop,483.16,66.93,829,37,35
1026,17.9114,stop,441.94,57.54,927,37,38
1027,17.9315,stop,1513.52,1046.12,860,31,37
1027,17.9315,stop,1626.87,576.25,704,33,33
1027,17.9315,stop,1166.62,529.35,502,27,30
1027,17.9315,stop,1644.92,526.06,816,36,33
1027,17.9315,stop,985.91,478.41,644,28,32
1027,17.9315,stop,396.23,451.06,740,35,34
1027,17.9315,stop,338.95,442.30,711,31,35
1027,17.9315,stop,967.96,233.86,263,23,20
1027,17.9315,stop,385.78,89.41,696,31,32
1027,17.9315,stop,337.19,85.10,692,31,33
1027,17.9315,stop,483.57,67.16,786,34,35
1027,17.9315,stop,441.80,57.60,932,37,37
1028,17.9475,stop,1514.35,1046.13,903,36,37
1028,17.9475,stop,1626.85,576.28,700,33,33
1028,17.9475,stop,1166.95,531.25,511,31,29
1028,17.9475,stop,1644.95,526.11,800,36,32
1028,17.9475,stop,989.02,475.38,621,28,33
1028,17.9475,stop,396.15,451.19,748,35,35
1028,17.9475,stop,338.98,442.31,707,31,35
1028,17.9475,stop,968.96,234.58,259,23,19
1028,17.9475,stop,385.85,89.55,693,32,32
1028,17.9475,stop,337.20,84.80,694,31,33
1028,17.9475,stop,483.10,66.94,813,37,35
1028,17.9475,stop,442.67,58.65,873,38,37
1029,17.9635,stop,1513.49,1046.02,869,31,37
1029,17.9635,stop,1626.89,576.32,702,33,33
1029,17.9635,stop,1165.27,532.56,484,26,30
1029,17.9635,stop,1644.96,526.12,811,36,32
1029,17.9635,stop,991.90,472.05,621,27,32
1029,17.9635,stop,396.18,451.14,744,35,35
1029,17.9635,stop,339.00,442.36,703,31,35
1029,17.9635,stop,967.96,235.49,281,28,19
1029,17.9635,stop,385.80,89.42,689,31,32
1029,17.9635,stop,337.25,84.97,695,31,33
1029,17.9635,stop,483.60,67.09,786,33,35
1029,17.9635,stop,442.69,58.50,874,37,38
1030,17.9795,stop,1513.38,1046.05,860,31,37
1030,17.9795,stop,1626.83,576.38,709,33,33
1030,17.9795,stop,1164.20,534.31,478,26,30
1030,17.9795,stop,1644.93,526.13,803,36,32
1030,17.9795,stop,995.22,468.62,619,27,32
1030,17.9795,stop,396.11,451.04,750,35,35
1030,17.9795,stop,339.06,442.39,710,31,35
1030,17.9795,stop,970.41,237.06,248,23,19
1030,17.9795,stop,385.94,89.53,696,31,32
1030,17.9795,stop,337.29,84.90,690,30,33
1030,17.9795,stop,484.15,67.94,739,33,32
1030,17.9795,stop,441.89,57.57,934,36,37
1031,17.9955,stop,1513.37,1045.99,853,30,37
1031,17.9955,stop,1626.88,576.39,700,33,33
1031,17.9955,stop,1162.87,536.51,489,26,30
1031,17.9955,stop,1645.02,526.15,811,36,33
1031,17.9955,stop,998.43,465.19,607,28,31
1031,17.9955,stop,396.12,450.94,747,35,35
1031,17.9955,stop,339.02,442.37,712,31,35
1031,17.9955,stop,970.97,238.40,236,22,19
1031,17.9955,stop,385.88,89.48,686,30,32
1031,17.9955,stop,337.29,84.88,690,30,33
1031,17.9955,stop,483.22,66.87,814,37,35
1031,17.9955,stop,442.71,58.60,861,37,37
1032,18.0115,stop,1514.39,1046.13,919,36,37
1032,18.0115,stop,1626.88,576.32,693,33,33
1032,18.0115,stop,1161.54,538.55,489,25,29
1032,18.0115,stop,1644.97,526.02,809,36,33
1032,18.0115,stop,1002.22,461.59,620,27,32
1032,18.0115,stop,396.23,451.03,749,35,35
1032,18.0115,stop,338.94,442.32,707,31,35
1032,18.0115,stop,971.97,240.08,237,23,19
1032,18.0115,stop,385.81,89.57,683,31,32
1032,18.0115,stop,337.20,84.92,681,32,33
1032,18.0115,stop,483.12,66.95,804,36,35
1032,18.0115,stop,441.93,57.57,929,36,37
1033,18.0315,stop,1513.36,1046.07,858,31,37
1033,18.0315,stop,1626.72,576.37,705,32,33
1033,18.0315,stop,1160.18,540.49,481,25,30
1033,18.0315,stop,1644.83,526.17,813,36,32
1033,18.0315,stop,1005.73,457.91,619,28,31
1033,18.0315,stop,396.16,451.09,747,35,34
1033,18.0315,stop,339.02,442.41,715,31,35
1033,18.0315,stop,973.00,241.78,266,23,19
1033,18.0315,stop,385.83,89.52,684,31,33
1033,18.0315,stop,337.35,84.86,697,30,33
1033,18.0315,stop,483.61,67.11,790,34,35
1033,18.0315,stop,441.92,57.49,931,37,38
1034,18.0474,stop,1514.43,1046.15,905,36,37
1034,18.0474,stop,1626.94,576.35,696,32,33
1034,18.0474,stop,1158.65,542.62,479,24,30
1034,18.0474,stop,1644.84,526.05,814,36,33
1034,18.0474,stop,1009.55,453.91,612,27,31
1034,18.0474,stop,396.23,450.94,744,35,34
1034,18.0474,stop,339.09,442.39,709,31,35
1034,18.0474,stop,973.94,243.63,260,23,19
1034,18.0474,stop,385.76,89.47,696,31,34
1034,18.0474,stop,337.26,84.88,698,30,33
1034,18.0474,stop,483.65,67.86,768,38,32
1034,18.0474,stop,442.65,58.62,874,38,37
1035,18.0635,stop,1513.30,1045.99,866,30,37
1035,18.0635,stop,1626.88,576.28,703,32,33
1035,18.0635,stop,1156.97,545.13,481,25,31
1035,18.0635,stop,1645.02,526.09,812,36,33
1035,18.0635,stop,1013.33,450.38,614,28,31
1035,18.0635,stop,396.12,451.02,752,35,35
1035,18.0635,stop,339.01,442.43,716,31,35
1035,18.0635,stop,974.72,245.67,269,22,19
1035,18.0635,stop,385.80,89.37,694,32,33
1035,18.0635,stop,337.11,84.97,679,30,33
1035,18.0635,stop,483.64,67.00,794,33,35
1035,18.0635,stop,442.61,58.57,874,36,37
1036,18.0795,stop,1513.42,1046.01,861,31,37
1036,18.0795,stop,1626.88,576.20,695,33,33
1036,18.0795,stop,1155.06,547.67,483,25,30
1036,18.0795,stop,1644.90,526.12,809,36,32
1036,18.0795,stop,396.29,451.11,736,35,34
1036,18.0795,stop,1017.62,446.55,621,27,31
1036,18.0795,stop,339.07,442.32,706,31,35
1036,18.0795,stop,974.57,248.14,279,22,19
1036,18.0795,stop,385.69,89.67,680,31,32
1036,18.0795,stop,337.23,85.12,685,31,33
1036,18.0795,stop,483.77,67.83,757,36,32
1036,18.0795,stop,442.53,58.63,871,37,37
1037,18.0955,stop,1514.39,1046.09,917,36,37
1037,18.0955,stop,1626.82,576.34,703,32,33
1037,18.0955,stop,1153.01,550.37,480,25,30
1037,18.0955,stop,1644.97,526.16,806,36,32
1037,18.0955,stop,395.51,451.55,781,35,35
1037,18.0955,stop,1022.17,442.54,617,28,31
1037,18.0955,stop,339.03,442.32,714,31,35
1037,18.0955,stop,975.10,250.79,296,23,20
1037,18.0955,stop,385.82,89.39,690,29,32
1037,18.0955,stop,337.27,85.01,691,31,33
1037,18.0955,stop,483.20,66.83,808,37,35
1037,18.0955,stop,441.83,57.48,940,36,37
1038,18.1115,stop,1514.46,1046.23,911,36,37
1038,18.1115,stop,1626.74,576.26,706,32,33
1038,18.1115,stop,1151.67,552.89,518,31,30
1038,18.1115,stop,1644.85,526.15,816,36,32
1038,18.1115,stop,396.16,451.08,754,35,34
1038,18.1115,stop,338.96,442.25,718,31,35
1038,18.1115,stop,1026.44,437.74,627,27,31
1038,18.1115,stop,975.35,253.77,316,24,21
1038,18.1115,stop,385.81,89.47,681,29,32
1038,18.1115,stop,337.13,85.15,695,32,33
1038,18.1115,stop,483.58,66.99,788,34,35
1038,18.1115,stop,442.73,58.55,867,36,37
1039,18.1315,stop,1513.34,1045.97,862,30,37
1039,18.1315,stop,1626.71,576.36,697,33,33
1039,18.1315,stop,1148.38,554.63,486,27,30
1039,18.1315,stop,1644.95,526.06,812,36,33
1039,18.1315,stop,396.18,451.09,746,35,35
1039,18.1315,stop,338.99,442.23,708,31,35
1039,18.1315,stop,1030.51,433.12,688,33,32
1039,18.1315,stop,976.15,256.58,328,24,22
1039,18.1315,stop,385.70,89.51,683,31,33
1039,18.1315,stop,337.27,84.92,682,31,33
1039,18.1315,stop,483.14,66.92,807,37,35
1039,18.1315,stop,442.55,58.56,866,37,37
1040,18.1474,stop,1513.56,1045.99,864,31,37
1040,18.1474,stop,1626.79,576.39,698,33,33
1040,18.1474,stop,1145.85,556.44,475,26,30
1040,18.1474,stop,1645.05,526.10,819,36,33
1040,18.1474,stop,396.18,451.11,743,35,34
1040,18.1474,stop,339.02,442.44,712,31,35
1040,18.1474,stop,1035.08,428.76,675,33,31
1040,18.1474,stop,976.44,259.50,325,23,22
1040,18.1474,stop,385.71,89.50,686,31,32
1040,18.1474,stop,337.09,84.99,685,31,33
1040,18.1474,stop,483.74,67.89,760,38,32
1040,18.1474,stop,442.69,58.59,868,36,36
1041,18.1635,stop,1513.49,1046.14,863,30,37
1041,18.1635,stop,1626.79,576.39,704,33,33
1041,18.1635,stop,1143.25,558.59,475,26,30
1041,18.1635,stop,1644.86,526.00,808,36,33
1041,18.1635,stop,396.12,451.02,753,35,34
1041,18.1635,stop,338.97,442.33,710,31,35
1041,18.1635,stop,1040.51,424.89,635,28,31
1041,18.1635,stop,977.24,262.43,320,23,22
1041,18.1635,stop,385.81,89.46,691,32,33
1041,18.1635,stop,337.27,85.01,681,31,33
1041,18.1635,stop,483.76,67.84,760,37,32
1041,18.1635,stop,442.61,58.56,871,36,38
1042,18.1795,stop,1514.33,1046.10,907,36,37
1042,18.1795,stop,1626.76,576.39,703,32,33
1042,18.1795,stop,1140.45,560.80,452,26,30
1042,18.1795,stop,1644.95,526.16,814,36,32
1042,18.1795,stop,396.20,450.94,743,35,34
1042,18.1795,stop,339.07,442.43,704,31,35
1042,18.1795,stop,1044.78,419.69,680,33,31
1042,18.1795,stop,977.85,265.76,326,22,22
1042,18.1795,stop,385.79,89.51,686,31,32
1042,18.1795,stop,337.10,84.95,686,31,33
1042,18.1795,stop,483.28,66.91,811,36,35
1042,18.1795,stop,441.86,57.49,929,36,37
1043,18.1955,stop,1514.46,1046.06,912,36,37
1043,18.1955,stop,1626.91,576.33,704,33,33
1043,18.1955,stop,1137.78,564.28,421,26,26
1043,18.1955,stop,1644.95,526.08,815,36,32
1043,18.1955,stop,395.42,451.56,782,35,35
1043,18.1955,stop,339.08,442.44,724,31,35
1043,18.1955,stop,1049.77,414.79,696,32,31
1043,18.1955,stop,978.72,269.23,329,24,22
1043,18.1955,stop,385.84,89.45,686,32,32
1043,18.1955,stop,337.15,84.93,694,31,33
1043,18.1955,stop,483.24,66.95,803,36,35
1043,18.1955,stop,442.71,58.59,873,36,38
1044,18.2114,stop,1513.34,1045.92,854,30,37
1044,18.2114,stop,1626.90,576.31,699,33,33
1044,18.2114,stop,1134.64,566.61,425,26,26
1044,18.2114,stop,1644.97,526.15,820,36,33
1044,18.2114,stop,395.49,451.61,786,35,34
1044,18.2114,stop,339.10,442.35,709,31,35
1044,18.2114,stop,1055.11,409.59,666,32,31
1044,18.2114,stop,979.66,273.08,327,23,22
1044,18.2114,stop,385.85,89.44,694,32,32
1044,18.2114,stop,337.24,85.01,684,31,33
1044,18.2114,stop,483.12,66.98,810,37,35
1044,18.2114,stop,441.90,57.52,935,37,37
1045,18.2315,stop,1513.46,1046.00,861,31,37
1045,18.2315,stop,1626.86,576.33,697,33,33
1045,18.2315,stop,1131.44,568.82,394,26,26
1045,18.2315,stop,1644.94,526.23,814,36,32
1045,18.2315,stop,396.20,451.06,741,35,34
1045,18.2315,stop,339.04,442.23,708,31,35
1045,18.2315,stop,1060.54,404.85,689,31,31
1045,18.2315,stop,980.31,276.68,330,24,22
1045,18.2315,stop,385.93,89.47,699,32,33
1045,18.2315,stop,337.29,84.99,683,30,33
1045,18.2315,stop,483.27,66.97,809,37,35
1045,18.2315,stop,442.63,58.66,868,38,38
1046,18.2475,stop,1513.39,1045.97,857,30,37
1046,18.2475,stop,1626.78,576.34,704,32,33
1046,18.2475,stop,1128.00,572.14,406,25,25
1046,18.2475,stop,1644.95,526.08,800,36,32
1046,18.2475,stop,396.14,451.00,737,35,35
1046,18.2475,stop,339.02,442.41,714,31,35
1046,18.2475,stop,1065.66,399.70,736,32,32
1046,18.2475,stop,980.94,280.27,324,25,22
1046,18.2475,stop,385.72,89.46,689,31,32
1046,18.2475,stop,337.05,85.04,689,31,33
1046,18.2475,stop,483.68,67.81,760,37,32
1046,18.2475,stop,442.67,58.57,870,36,38
1047,18.2635,stop,1513.41,1045.94,856,30,37
1047,18.2635,stop,1124.81,575.27,395,23,25
1047,18.2635,stop,1626.82,576.38,695,32,33
1047,18.2635,stop,1644.87,526.18,803,36,32
1047,18.2635,stop,396.03,451.12,746,35,34
1047,18.2635,stop,339.03,442.41,718,31,35
1047,18.2635,stop,1072.12,394.86,714,31,33
1047,18.2635,stop,981.72,284.11,316,25,21
1047,18.2635,stop,385.84,89.40,695,32,32
1047,18.2635,stop,337.19,85.04,674,30,33
1047,18.2635,stop,483.17,67.01,809,37,35
1047,18.2635,stop,441.98,57.61,939,37,38
1048,18.2795,stop,1513.37,1046.00,861,31,37
1048,18.2795,stop,1121.31,578.37,404,23,26
1048,18.2795,stop,1626.83,576.38,700,33,33
1048,18.2795,stop,1644.98,526.04,812,36,33
1048,18.2795,stop,396.19,451.08,751,35,34
1048,18.2795,stop,339.02,442.38,712,31,35
1048,18.2795,stop,1076.98,388.51,852,33,34
1048,18.2795,stop,983.00,287.59,322,23,24
1048,18.2795,stop,385.75,89.52,689,31,32
1048,18.2795,stop,337.13,85.08,687,31,33
1048,18.2795,stop,484.25,67.98,746,34,32
1048,18.2795,stop,441.78,57.45,931,37,38
1049,18.2955,stop,1514.40,1046.23,916,36,37
1049,18.2955,stop,1117.53,581.50,402,23,26
1049,18.2955,stop,1626.79,576.38,698,32,33
1049,18.2955,stop,1644.98,526.12,809,36,32
1049,18.2955,stop,396.20,451.00,746,35,35
1049,18.2955,stop,339.01,442.26,717,31,35
1049,18.2955,stop,1082.54,383.07,906,35,35
1049,18.2955,stop,984.25,291.73,346,22,26
1049,18.2955,stop,385.88,89.46,697,31,32
1049,18.2955,stop,337.22,84.94,686,31,33
1049,18.2955,stop,483.12,66.95,816,38,35
1049,18.2955,stop,442.62,58.56,873,38,38
1050,18.3115,stop,1514.35,1046.15,911,36,37
1050,18.3115,stop,1114.70,585.52,441,30,26
1050,18.3115,stop,1626.96,576.40,697,32,33
1050,18.3115,stop,1644.96,526.14,805,36,32
1050,18.3115,stop,395.99,450.92,754,35,36
1050,18.3115,stop,339.06,442.39,710,31,35
1050,18.3115,stop,1087.95,377.45,965,35,37
1050,18.3115,stop,984.65,297.73,313,21,22
1050,18.3115,stop,385.79,89.41,693,33,32
1050,18.3115,stop,337.16,85.07,683,31,33
1050,18.3115,stop,483.86,67.84,759,39,32
1050,18.3115,stop,442.68,58.57,874,36,38
1051,18.3315,stop,1514.36,1046.13,902,36,37
1051,18.3315,stop,1110.16,588.27,482,30,29
1051,18.3315,stop,1626.71,576.41,698,33,33
1051,18.3315,stop,1644.93,526.09,813,36,32
1051,18.3315,stop,396.19,451.02,739,35,34
1051,18.3315,stop,339.09,442.36,706,31,35
1051,18.3315,stop,1093.48,371.97,974,37,38
1051,18.3315,stop,986.58,302.54,342,22,23
1051,18.3315,stop,385.74,89.53,687,31,33
1051,18.3315,stop,337.22,84.93,693,31,33
1051,18.3315,stop,483.67,67.77,757,36,32
1051,18.3315,stop,442.69,58.56,867,37,38
1052,18.3475,stop,1514.48,1046.21,918,36,37
1052,18.3475,stop,1106.01,591.84,523,31,30
1052,18.3475,stop,1626.88,576.36,700,32,33
1052,18.3475,stop,1644.95,526.06,807,36,32
1052,18.3475,stop,396.11,451.01,748,35,34
1052,18.3475,stop,339.09,442.30,710,31,35
1052,18.3475,stop,1099.73,365.51,896,33,34
1052,18.3475,stop,988.07,307.56,381,26,23
1052,18.3475,stop,385.81,89.37,696,32,32
1052,18.3475,stop,337.00,84.93,682,31,33
1052,18.3475,stop,483.07,66.93,810,38,35
1052,18.3475,stop,441.89,57.47,938,37,37
1053,18.3635,stop,1514.28,1046.06,909,35,38
1053,18.3635,stop,1101.69,595.76,564,30,30
1053,18.3635,stop,1626.85,576.38,705,33,33
1053,18.3635,stop,1644.86,526.12,803,36,32
1053,18.3635,stop,396.19,450.91,747,35,34
1053,18.3635,stop,338.97,442.40,708,31,35
1053,18.3635,stop,1105.88,359.32,870,32,34
1053,18.3635,stop,989.18,312.18,497,32,30
1053,18.3635,stop,385.91,89.51,696,32,32
1053,18.3635,stop,337.08,85.08,685,31,33
1053,18.3635,stop,483.60,67.04,788,33,35
1053,18.3635,stop,441.94,57.53,927,36,37
1054,18.3795,stop,1514.29,1046.13,915,36,37
1054,18.3795,stop,1097.44,599.83,605,31,31
1054,18.3795,stop,1626.87,576.32,695,33,33
1054,18.3795,stop,1644.90,526.09,814,36,33
1054,18.3795,stop,396.11,451.03,750,35,35
1054,18.3795,stop,339.00,442.40,710,31,35
1054,18.3795,stop,1111.51,353.88,845,33,34
1054,18.3795,stop,990.80,317.30,579,31,30
1054,18.3795,stop,385.83,89.41,693,31,32
1054,18.3795,stop,337.14,84.90,684,31,33
1054,18.3795,stop,483.08,66.96,812,37,35
1054,18.3795,stop,442.64,58.57,867,36,37
1055,18.3955,stop,1514.25,1045.96,912,36,37
1055,18.3955,stop,1093.24,604.09,634,31,31
1055,18.3955,stop,1626.85,576.40,703,32,33
1055,18.3955,stop,1644.88,526.09,812,36,32
1055,18.3955,stop,396.06,451.09,742,35,35
1055,18.3955,stop,339.03,442.30,706,31,35
1055,18.3955,stop,1117.00,348.22,768,32,32
1055,18.3955,stop,991.95,323.40,590,32,29
1055,18.3955,stop,385.78,89.56,683,31,32
1055,18.3955,stop,337.28,84.93,693,30,33
1055,18.3955,stop,484.09,68.02,731,34,32
1055,18.3955,stop,441.94,57.57,932,38,37
1056,18.4155,stop,1513.37,1046.14,858,31,37
1056,18.4155,stop,1088.74,608.38,700,34,32
1056,18.4155,stop,1626.89,576.31,698,33,33
1056,18.4155,stop,1645.02,526.20,815,36,34
1056,18.4155,stop,396.17,451.08,744,35,34
1056,18.4155,stop,339.06,442.49,715,31,35
1056,18.4155,stop,1122.29,342.35,709,32,33
1056,18.4155,stop,994.46,327.74,691,33,32
1056,18.4155,stop,385.71,89.56,691,31,32
1056,18.4155,stop,337.29,85.02,683,31,33
1056,18.4155,stop,483.23,66.97,802,36,35
1056,18.4155,stop,441.95,57.57,925,36,37
1057,18.4315,stop,1514.39,1046.06,905,36,37
1057,18.4315,stop,1084.64,613.19,739,34,32
1057,18.4315,stop,1626.90,576.38,699,33,33
1057,18.4315,stop,1644.97,526.15,811,36,33
1057,18.4315,stop,396.10,450.92,749,35,35
1057,18.4315,stop,339.07,442.46,714,31,35
1057,18.4315,stop,1128.32,336.65,659,30,33
1057,18.4315,stop,996.51,332.71,735,32,34
1057,18.4315,stop,385.87,89.44,690,32,33
1057,18.4315,stop,337.20,85.06,693,31,33
1057,18.4315,stop,484.34,68.02,744,33,32
1057,18.4315,stop,442.56,58.60,870,37,36
1058,18.4475,stop,1513.36,1046.09,867,30,37
1058,18.4475,stop,1080.14,617.81,761,34,34
1058,18.4475,stop,1626.90,576.28,690,33,33
1058,18.4475,stop,1644.98,526.05,811,36,33
1058,18.4475,stop,395.41,451.66,784,35,34
1058,18.4475,stop,339.03,442.37,708,31,35
1058,18.4475,stop,998.48,338.20,781,32,35
1058,18.4475,stop,1134.08,330.86,616,30,33
1058,18.4475,stop,385.88,89.47,683,29,32
1058,18.4475,stop,337.16,84.98,680,31,33
1058,18.4475,stop,483.72,67.82,766,37,32
1058,18.4475,stop,442.58,58.49,878,37,38
1059,18.4635,stop,1514.31,1046.11,907,36,37
1059,18.4635,stop,1076.19,622.96,785,34,33
1059,18.4635,stop,1626.80,576.37,700,33,33
1059,18.4635,stop,1644.98,526.12,811,36,32
1059,18.4635,stop,396.24,451.02,738,35,34
1059,18.4635,stop,339.07,442.30,710,31,35
1059,18.4635,stop,1000.53,343.84,773,33,35
1059,18.4635,stop,1139.18,324.63,593,28,32
1059,18.4635,stop,385.72,89.50,689,32,32
1059,18.4635,stop,337.25,84.91,694,30,33
1059,18.4635,stop,483.71,67.02,804,34,35
1059,18.4635,stop,441.78,57.66,935,36,37
1060,18.4795,stop,1514.40,1046.23,908,35,37
1060,18.4795,stop,1072.88,627.77,758,34,34
1060,18.4795,stop,1626.76,576.42,699,32,33
1060,18.4795,stop,1644.93,526.12,811,36,32
1060,18.4795,stop,396.17,451.12,751,35,34
1060,18.4795,stop,339.07,442.39,716,31,35
1060,18.4795,stop,1002.75,348.99,763,33,35
1060,18.4795,stop,1143.75,320.80,487,26,28
1060,18.4795,stop,385.83,89.54,690,33,32
1060,18.4795,stop,337.25,84.94,684,31,33
1060,18.4795,stop,484.16,67.95,740,34,32
1060,18.4795,stop,442.62,58.50,867,37,37
1061,18.4955,stop,1513.39,1045.94,865,31,37
1061,18.4955,stop,1068.79,632.44,699,32,33
1061,18.4955,stop,1626.79,576.41,700,33,33
1061,18.4955,stop,1644.98,526.15,805,36,33
1061,18.4955,stop,396.14,451.01,747,35,35
1061,18.4955,stop,339.05,442.28,716,31,35
1061,18.4955,stop,1005.79,353.41,717,33,35
1061,18.4955,stop,1148.18,316.05,474,25,28
1061,18.4955,stop,385.83,89.49,686,31,32
1061,18.4955,stop,337.13,85.00,685,31,33
1061,18.4955,stop,483.66,67.85,765,36,32
1061,18.4955,stop,442.68,58.60,864,36,37
1062,18.5155,stop,1513.54,1045.95,868,31,37
1062,18.5155,stop,1064.48,637.09,642,30,33
1062,18.5155,stop,1626.83,576.34,691,32,33
1062,18.5155,stop,1644.94,526.12,811,36,33
1062,18.5155,stop,396.17,451.16,741,35,35
1062,18.5155,stop,339.02,442.38,713,31,35
1062,18.5155,stop,1008.16,358.28,701,32,33
1062,18.5155,stop,1152.41,311.24,441,25,27
1062,18.5155,stop,385.75,89.45,696,31,32
1062,18.5155,stop,337.16,85.01,684,31,33
1062,18.5155,stop,483.26,67.09,803,37,35
1062,18.5155,stop,442.64,58.59,871,37,38
1063,18.5315,stop,1514.37,1046.16,905,35,37
1063,18.5315,stop,1060.64,641.27,596,28,31
1063,18.5315,stop,1626.78,576.36,700,33,33
1063,18.5315,stop,1644.90,526.20,804,36,33
1063,18.5315,stop,396.19,451.09,751,35,35
1063,18.5315,stop,339.00,442.38,710,31,35
1063,18.5315,stop,1010.61,362.94,648,31,32
1063,18.5315,stop,1156.41,306.65,449,24,27
1063,18.5315,stop,385.72,89.48,685,31,32
1063,18.5315,stop,337.25,85.02,683,31,33
1063,18.5315,stop,483.08,66.95,817,37,35
1063,18.5315,stop,442.58,58.61,873,36,37
1064,18.5475,stop,1513.45,1045.91,861,31,37
1064,18.5475,stop,1056.47,645.02,529,28,31
1064,18.5475,stop,1626.76,576.34,698,32,33
1064,18.5475,stop,1644.93,526.12,805,36,32
1064,18.5475,stop,396.10,450.98,746,35,34
1064,18.5475,stop,339.10,442.38,710,31,35
1064,18.5475,stop,1013.01,367.33,606,32,31
1064,18.5475,stop,1160.63,301.56,451,25,29
1064,18.5475,stop,385.81,89.54,686,31,32
1064,18.5475,stop,337.24,84.96,684,30,33
1064,18.5475,stop,483.65,66.96,796,35,35
1064,18.5475,stop,442.68,58.64,865,38,37
1065,18.5635,stop,1513.42,1046.03,852,31,37
1065,18.5635,stop,1052.64,649.00,485,28,29
1065,18.5635,stop,1626.82,576.33,701,33,33
1065,18.5635,stop,1644.92,526.18,815,36,32
1065,18.5635,stop,396.22,451.14,756,35,34
1065,18.5635,stop,339.10,442.42,712,31,35
1065,18.5635,stop,1015.83,371.64,589,32,30
1065,18.5635,stop,1164.51,295.23,451,24,29
1065,18.5635,stop,385.75,89.33,700,31,33
1065,18.5635,stop,337.24,85.05,684,31,33
1065,18.5635,stop,483.15,67.00,804,36,35
1065,18.5635,stop,442.56,58.62,873,36,37
1066,18.5795,stop,1513.50,1045.98,866,31,37
1066,18.5795,stop,1049.43,654.34,481,27,31
1066,18.5795,stop,1626.90,576.31,703,33,33
1066,18.5795,stop,1644.86,526.06,802,36,32
1066,18.5795,stop,396.26,451.08,747,35,35
1066,18.5795,stop,339.04,442.32,708,31,35
1066,18.5795,stop,1019.04,375.68,579,32,30
1066,18.5795,stop,1168.22,292.63,409,23,26
1066,18.5795,stop,385.78,89.50,688,31,32
1066,18.5795,stop,337.12,85.13,684,31,33
1066,18.5795,stop,483.60,67.12,786,33,35
1066,18.5795,stop,442.65,58.57,861,37,37
1067,18.5955,stop,1514.32,1046.07,897,36,37
1067,18.5955,stop,1046.10,658.62,423,26,30
1067,18.5955,stop,1626.94,576.37,699,33,33
1067,18.5955,stop,1644.83,526.08,802,36,32
1067,18.5955,stop,396.07,451.03,752,35,34
1067,18.5955,stop,339.09,442.32,708,31,35
1067,18.5955,stop,1021.84,379.53,558,32,29
1067,18.5955,stop,1171.69,287.92,424,24,27
1067,18.5955,stop,385.78,89.48,692,31,32
1067,18.5955,stop,337.07,84.92,692,31,33
1067,18.5955,stop,483.06,67.01,806,36,35
1067,18.5955,stop,442.61,58.67,864,38,37
1068,18.6155,stop,1513.43,1045.91,860,31,37
1068,18.6155,stop,1042.49,661.19,371,24,23
1068,18.6155,stop,1626.74,576.36,704,33,33
1068,18.6155,stop,1644.85,526.18,805,36,32
1068,18.6155,stop,396.20,451.10,741,35,34
1068,18.6155,stop,339.04,442.39,716,31,35
1068,18.6155,stop,1025.08,383.23,536,32,29
1068,18.6155,stop,1174.43,284.37,458,26,29
1068,18.6155,stop,385.84,89.48,701,31,32
1068,18.6155,stop,337.23,84.98,687,30,33
1068,18.6155,stop,483.69,67.09,793,34,35
1068,18.6155,stop,442.67,58.49,874,38,37
1069,18.6315,stop,1514.31,1046.06,907,36,37
1069,18.6315,stop,1039.58,666.45,411,25,30
1069,18.6315,stop,1626.75,576.38,699,32,33
1069,18.6315,stop,1644.95,526.11,815,36,33
1069,18.6315,stop,396.24,451.02,737,35,34
1069,18.6315,stop,338.97,442.37,714,31,35
1069,18.6315,stop,1028.17,386.49,511,31,26
1069,18.6315,stop,1176.84,280.70,454,28,28
1069,18.6315,stop,385.76,89.52,690,31,32
1069,18.6315,stop,337.07,85.11,675,31,33
1069,18.6315,stop,483.48,67.03,787,33,35
1069,18.6315,stop,442.62,58.53,874,37,38
1070,18.6475,stop,1513.49,1045.97,866,31,37
1070,18.6475,stop,1036.10,669.16,347,24,23
1070,18.6475,stop,1626.85,576.33,707,33,33
1070,18.6475,stop,1644.96,526.08,812,36,32
1070,18.6475,stop,396.22,451.01,744,35,35
1070,18.6475,stop,339.04,442.39,705,31,35
1070,18.6475,stop,1031.17,389.78,495,32,26
1070,18.6475,stop,1180.07,276.30,482,28,31
1070,18.6475,stop,385.78,89.53,690,32,33
1070,18.6475,stop,337.10,84.85,685,31,33
1070,18.6475,stop,483.71,67.84,758,37,33
1070,18.6475,stop,442.61,58.52,876,37,38
1071,18.6635,stop,1513.53,1045.94,858,30,37
1071,18.6635,stop,1032.85,672.88,336,24,24
1071,18.6635,stop,1626.80,576.38,697,32,33
1071,18.6635,stop,1644.97,526.03,806,36,32
1071,18.6635,stop,396.18,450.95,746,35,35
1071,18.6635,stop,339.05,442.41,710,31,35
1071,18.6635,stop,1033.95,393.05,493,32,26
1071,18.6635,stop,1182.76,271.43,529,29,32
1071,18.6635,stop,385.71,89.62,684,31,32
1071,18.6635,stop,337.19,85.03,685,31,33
1071,18.6635,stop,483.58,67.06,789,34,35
1071,18.6635,stop,442.65,58.64,868,37,36
1072,18.6795,stop,1514.46,1046.17,911,36,37
1072,18.6795,stop,1030.37,676.81,323,24,23
1072,18.6795,stop,1626.83,576.33,702,32,33
1072,18.6795,stop,1644.91,526.12,811,36,32
1072,18.6795,stop,396.23,450.95,745,35,35
1072,18.6795,stop,339.09,442.34,716,31,35
1072,18.6795,stop,1037.29,395.63,501,32,26
1072,18.6795,stop,1185.70,268.71,526,30,30
1072,18.6795,stop,385.67,89.47,687,31,32
1072,18.6795,stop,337.24,84.97,695,31,33
1072,18.6795,stop,483.60,67.06,794,35,35
1072,18.6795,stop,442.61,58.62,870,36,38
1073,18.6955,stop,1513.43,1045.97,866,31,37
1073,18.6955,stop,1027.75,680.14,318,23,23
1073,18.6955,stop,1626.78,576.30,702,33,33
1073,18.6955,stop,1644.98,526.08,804,36,32
1073,18.6955,stop,396.18,451.07,753,35,34
1073,18.6955,stop,338.99,442.30,699,31,35
1073,18.6955,stop,1040.35,398.13,506,32,26
1073,18.6955,stop,1188.30,265.12,484,28,30
1073,18.6955,stop,385.82,89.47,689,31,32
1073,18.6955,stop,337.14,85.02,687,31,33
1073,18.6955,stop,483.63,67.13,797,34,35
1073,18.6955,stop,442.74,58.55,871,37,38
1074,18.7155,stop,1514.31,1046.12,914,36,37
1074,18.7155,stop,1025.66,683.48,312,23,24
1074,18.7155,stop,1626.87,576.38,698,33,33
1074,18.7155,stop,1644.89,526.10,813,36,32
1074,18.7155,stop,396.14,451.05,751,35,35
1074,18.7155,stop,338.94,442.36,713,31,35
1074,18.7155,stop,1042.47,400.72,493,30,27
1074,18.7155,stop,1189.72,262.51,473,27,29
1074,18.7155,stop,385.83,89.48,689,32,32
1074,18.7155,stop,337.15,85.00,685,31,33
1074,18.7155,stop,483.54,67.05,790,33,34
1074,18.7155,stop,442.69,58.54,866,36,38
1075,18.7315,stop,1513.47,1045.97,864,30,37
1075,18.7315,stop,1023.77,686.71,321,24,24
1075,18.7315,stop,1626.89,576.43,705,32,33
1075,18.7315,stop,1644.87,526.13,808,36,33
1075,18.7315,stop,396.19,451.09,755,35,34
1075,18.7315,stop,339.07,442.37,708,31,35
1075,18.7315,stop,1046.74,402.74,551,33,28
1075,18.7315,stop,1190.82,260.03,494,28,30
1075,18.7315,stop,385.82,89.57,697,33,32
1075,18.7315,stop,337.14,84.97,681,31,33
1075,18.7315,stop,483.57,67.21,783,33,35
1075,18.7315,stop,442.74,58.69,867,37,36
1076,18.7475,stop,1513.51,1045.95,862,31,37
1076,18.7475,stop,1022.02,689.56,315,25,24
1076,18.7475,stop,1626.92,576.38,693,32,33
1076,18.7475,stop,1644.97,526.08,818,36,33
1076,18.7475,stop,396.15,451.02,753,35,34
1076,18.7475,stop,339.01,442.45,710,31,35
1076,18.7475,stop,1048.46,406.07,551,30,29
1076,18.7475,stop,1192.95,256.42,465,26,31
1076,18.7475,stop,385.79,89.59,688,31,32
1076,18.7475,stop,337.12,85.04,675,31,33
1076,18.7475,stop,483.23,66.94,806,38,35
1076,18.7475,stop,442.73,58.57,871,37,37
1077,18.7635,stop,1513.51,1046.06,862,31,37
1077,18.7635,stop,1020.60,692.15,320,24,22
1077,18.7635,stop,1626.85,576.36,703,32,33
1077,18.7635,stop,1644.89,526.06,809,36,32
1077,18.7635,stop,396.25,451.06,735,35,34
1077,18.7635,stop,339.04,442.36,707,31,35
1077,18.7635,stop,1052.42,407.73,590,32,30
1077,18.7635,stop,1195.14,253.07,481,25,32
1077,18.7635,stop,385.84,89.64,688,31,33
1077,18.7635,stop,337.20,85.11,679,31,33
1077,18.7635,stop,483.34,67.03,800,37,35
1077,18.7635,stop,442.69,58.50,865,36,36
1078,18.7795,stop,1513.53,1046.06,855,31,37
1078,18.7795,stop,1019.01,695.28,319,25,24
1078,18.7795,stop,1626.83,576.35,701,33,33
1078,18.7795,stop,1645.04,526.03,809,36,32
1078,18.7795,stop,396.21,451.06,744,35,35
1078,18.7795,stop,339.01,442.30,704,31,35
1078,18.7795,stop,1055.51,409.28,588,32,30
1078,18.7795,stop,1196.58,249.78,539,26,33
1078,18.7795,stop,385.88,89.48,698,32,32
1078,18.7795,stop,337.15,84.98,684,31,33
1078,18.7795,stop,483.83,67.76,755,37,32
1078,18.7795,stop,441.89,57.59,932,36,38
1079,18.7955,stop,1513.43,1045.94,856,30,37
1079,18.7955,stop,1017.18,697.47,353,25,27
1079,18.7955,stop,1626.88,576.45,702,33,33
1079,18.7955,stop,1644.99,526.10,812,36,33
1079,18.7955,stop,396.14,451.08,742,35,34
1079,18.7955,stop,339.01,442.39,710,31,35
1079,18.7955,stop,1058.21,410.08,535,28,31
1079,18.7955,stop,1199.22,247.29,538,29,32
1079,18.7955,stop,385.79,89.40,684,32,32
1079,18.7955,stop,337.19,84.96,689,31,33
1079,18.7955,stop,483.66,67.78,761,37,32
1079,18.7955,stop,441.83,57.59,932,37,37
1080,18.8155,stop,1513.34,1045.87,862,31,37
1080,18.8155,stop,1015.81,699.46,367,26,26
1080,18.8155,stop,1626.69,576.34,698,32,33
1080,18.8155,stop,1645.04,526.13,810,36,33
1080,18.8155,stop,396.13,451.02,747,35,34
1080,18.8155,stop,339.08,442.40,708,31,35
1080,18.8155,stop,1060.78,412.15,591,28,32
1080,18.8155,stop,1200.92,244.09,536,30,29
1080,18.8155,stop,385.83,89.41,679,30,32
1080,18.8155,stop,337.11,85.10,687,31,33
1080,18.8155,stop,483.72,67.79,763,36,32
1080,18.8155,stop,442.64,58.44,872,37,38
1081,18.8315,stop,1514.41,1046.16,908,35,37
1081,18.8315,stop,1014.73,701.96,397,26,27
1081,18.8315,stop,1626.83,576.36,694,32,33
1081,18.8315,stop,1644.89,526.14,805,36,32
1081,18.8315,stop,396.12,451.00,739,35,34
1081,18.8315,stop,339.07,442.37,713,31,35
1081,18.8315,stop,1063.46,413.35,585,28,32
1081,18.8315,stop,1201.57,241.18,562,31,30
1081,18.8315,stop,385.68,89.41,683,31,32
1081,18.8315,stop,337.20,85.09,688,31,33
1081,18.8315,stop,483.01,66.85,816,38,35
1081,18.8315,stop,441.86,57.56,932,37,37
1082,18.8475,stop,1513.35,1046.08,863,30,37
1082,18.8475,stop,1013.69,703.92,407,27,28
1082,18.8475,stop,1626.74,576.26,703,32,33
1082,18.8475,stop,1644.93,526.15,805,36,32
1082,18.8475,stop,396.25,450.98,747,35,34
1082,18.8475,stop,339.06,442.38,711,31,35
1082,18.8475,stop,1066.25,414.17,571,27,33
1082,18.8475,stop,1203.19,238.83,551,30,30
1082,18.8475,stop,385.89,89.53,699,31,32
1082,18.8475,stop,337.18,84.91,680,30,33
1082,18.8475,stop,483.80,67.89,763,37,32
1082,18.8475,stop,441.94,57.46,933,37,38
1083,18.8635,stop,1514.33,1046.11,903,36,38
1083,18.8635,stop,1012.73,705.91,429,28,27
1083,18.8635,stop,1626.76,576.31,701,33,33
1083,18.8635,stop,1644.97,526.10,807,36,32
1083,18.8635,stop,396.07,451.05,747,35,34
1083,18.8635,stop,339.01,442.34,706,31,35
1083,18.8635,stop,1068.99,414.96,561,27,32
1083,18.8635,stop,1203.88,236.92,567,31,31
1083,18.8635,stop,385.67,89.52,685,31,32
1083,18.8635,stop,337.25,84.93,688,30,33
1083,18.8635,stop,483.13,66.96,807,36,35
1083,18.8635,stop,442.68,58.67,869,37,36
1084,18.8795,stop,1514.42,1046.12,910,36,37
1084,18.8795,stop,1012.40,707.77,426,28,27
1084,18.8795,stop,1626.93,576.29,698,33,33
1084,18.8795,stop,1644.92,526.13,811,36,32
1084,18.8795,stop,396.13,451.07,744,35,34
1084,18.8795,stop,339.08,442.31,712,31,35
1084,18.8795,stop,1071.42,415.68,558,27,33
1084,18.8795,stop,1205.09,235.74,536,30,29
1084,18.8795,stop,385.80,89.51,700,31,32
1084,18.8795,stop,337.05,85.16,683,31,33
1084,18.8795,stop,483.24,66.97,807,37,35
1084,18.8795,stop,442.70,58.72,872,36,37
1085,18.8955,stop,1513.48,1046.03,861,31,37
1085,18.8955,stop,1011.88,709.75,463,30,29
1085,18.8955,stop,1626.79,576.35,704,33,33
1085,18.8955,stop,1644.94,526.13,802,36,32
1085,18.8955,stop,396.13,450.92,747,35,34
1085,18.8955,stop,338.92,442.34,713,31,35
1085,18.8955,stop,1073.45,416.47,560,26,33
1085,18.8955,stop,1205.39,234.44,562,31,29
1085,18.8955,stop,385.79,89.40,689,31,33
1085,18.8955,stop,337.34,85.02,694,31,33
1085,18.8955,stop,484.22,67.92,745,34,32
1085,18.8955,stop,442.65,58.67,864,36,37
1086,18.9155,stop,1513.54,1045.98,861,31,37
1086,18.9155,stop,1011.43,711.58,468,30,29
1086,18.9155,stop,1626.80,576.42,703,33,33
1086,18.9155,stop,1644.96,526.01,804,36,32
1086,18.9155,stop,395.48,451.58,783,35,35
1086,18.9155,stop,339.04,442.40,711,31,35
1086,18.9155,stop,1075.47,417.18,559,26,34
1086,18.9155,stop,1206.33,232.73,552,31,29
1086,18.9155,stop,385.79,89.41,689,31,32
1086,18.9155,stop,337.27,84.91,687,31,33
1086,18.9155,stop,484.15,67.83,739,34,33
1086,18.9155,stop,441.93,57.45,931,37,37
1087,18.9315,stop,1513.43,1045.89,856,30,37
1087,18.9315,stop,1010.71,712.69,414,26,28
1087,18.9315,stop,1626.72,576.29,704,32,33
1087,18.9315,stop,1644.96,526.06,802,36,32
1087,18.9315,stop,396.20,451.10,747,35,35
1087,18.9315,stop,339.02,442.35,715,31,35
1087,18.9315,stop,1077.38,417.66,554,25,34
1087,18.9315,stop,1206.68,231.56,539,31,29
1087,18.9315,stop,385.64,89.54,684,31,32
1087,18.9315,stop,337.13,84.94,685,30,33
1087,18.9315,stop,483.38,67.02,798,37,34
1087,18.9315,stop,442.58,58.47,872,38,38
1088,18.9475,stop,1513.48,1045.99,863,31,37
1088,18.9475,stop,1011.25,714.30,433,26,28
1088,18.9475,stop,1626.82,576.38,693,32,33
1088,18.9475,stop,1644.94,526.13,811,36,33
1088,18.9475,stop,396.22,450.90,746,35,36
1088,18.9475,stop,339.00,442.33,714,31,35
1088,18.9475,stop,1079.24,418.17,550,25,34
1088,18.9475,stop,1206.98,229.62,529,30,28
1088,18.9475,stop,385.70,89.53,686,32,32
1088,18.9475,stop,337.08,84.98,683,31,33
1088,18.9475,stop,483.16,66.97,814,38,35
1088,18.9475,stop,442.64,58.56,868,36,37
1089,18.9635,stop,1513.50,1045.99,860,30,37
1089,18.9635,stop,1010.85,715.67,430,25,28
1089,18.9635,stop,1626.85,576.44,704,32,33
1089,18.9635,stop,1644.82,526.02,807,36,32
1089,18.9635,stop,396.10,451.07,753,35,35
1089,18.9635,stop,338.99,442.30,704,31,35
1089,18.9635,stop,1080.56,418.85,547,26,34
1089,18.9635,stop,1208.74,228.42,589,32,29
1089,18.9635,stop,385.78,89.48,692,31,33
1089,18.9635,stop,337.17,85.00,680,31,33
1089,18.9635,stop,483.74,67.81,762,37,32
1089,18.9635,stop,442.67,58.57,865,37,37
1090,18.9795,stop,1514.36,1046.11,906,36,37
1090,18.9795,stop,1010.72,716.91,451,27,28
1090,18.9795,stop,1626.93,576.40,703,32,33
1090,18.9795,stop,1644.95,526.10,803,36,32
1090,18.9795,stop,396.29,450.93,744,35,35
1090,18.9795,stop,338.95,442.30,707,31,35
1090,18.9795,stop,1081.99,419.33,543,25,33
1090,18.9795,stop,1209.38,227.51,619,33,32
1090,18.9795,stop,385.84,89.50,688,30,32
1090,18.9795,stop,337.21,84.86,680,31,33
1090,18.9795,stop,483.65,67.14,786,34,35
1090,18.9795,stop,442.71,58.57,862,36,37
1091,18.9955,stop,1514.21,1046.04,900,35,37
1091,18.9955,stop,1009.99,718.17,536,31,29
1091,18.9955,stop,1626.78,576.34,701,32,33
1091,18.9955,stop,1644.94,526.09,811,36,32
1091,18.9955,stop,396.18,450.91,758,35,34
1091,18.9955,stop,339.01,442.38,712,31,35
1091,18.9955,stop,1083.01,420.16,531,25,32
1091,18.9955,stop,1209.87,226.74,639,34,33
1091,18.9955,stop,385.81,89.51,688,31,32
1091,18.9955,stop,337.20,84.99,676,31,33
1091,18.9955,stop,484.14,67.97,740,33,32
1091,18.9955,stop,442.53,58.43,863,37,37
1092,19.0155,stop,1513.42,1046.05,855,31,37
1092,19.0155,stop,1010.14,719.11,554,33,29
1092,19.0155,stop,1626.84,576.30,696,32,33
1092,19.0155,stop,1644.96,526.17,812,36,33
1092,19.0155,stop,396.28,450.94,745,35,34
1092,19.0155,stop,339.04,442.38,709,31,35
1092,19.0155,stop,1083.81,420.66,529,25,33
1092,19.0155,stop,1210.61,225.67,646,34,33
1092,19.0155,stop,385.68,89.63,679,31,32
1092,19.0155,stop,337.06,85.00,678,31,33
1092,19.0155,stop,483.62,67.10,794,33,35
1092,19.0155,stop,442.65,58.61,866,37,37
1093,19.0315,stop,1513.45,1045.95,862,31,37
1093,19.0315,stop,1010.86,720.24,513,31,29
1093,19.0315,stop,1626.88,576.35,704,33,33
1093,19.0315,stop,1645.02,526.07,805,36,32
1093,19.0315,stop,396.21,451.05,746,35,34
1093,19.0315,stop,339.08,442.24,707,31,35
1093,19.0315,stop,1084.50,421.44,531,25,33
1093,19.0315,stop,1211.32,224.80,643,34,33
1093,19.0315,stop,385.79,89.56,687,31,32
1093,19.0315,stop,337.11,84.97,683,30,33
1093,19.0315,stop,483.14,66.83,811,37,35
1093,19.0315,stop,442.64,58.66,869,37,36
1094,19.0475,stop,1513.35,1045.98,860,30,37
1094,19.0475,stop,1010.93,721.06,510,31,28
1094,19.0475,stop,1626.85,576.33,697,32,33
1094,19.0475,stop,1644.95,526.14,804,36,32
1094,19.0475,stop,396.20,451.09,741,35,34
1094,19.0475,stop,339.15,442.39,707,31,35
1094,19.0475,stop,1084.95,421.86,533,25,33
1094,19.0475,stop,1211.95,224.16,648,34,33
1094,19.0475,stop,385.81,89.51,684,31,32
1094,19.0475,stop,337.17,85.04,688,30,33
1094,19.0475,stop,483.65,67.12,793,34,35
1094,19.0475,stop,442.66,58.63,865,37,37
1095,19.0635,stop,1514.46,1046.10,902,36,37
1095,19.0635,stop,1010.35,721.20,555,33,29
1095,19.0635,stop,1626.89,576.40,703,33,33
1095,19.0635,stop,1645.06,526.08,809,36,32
1095,19.0635,stop,396.08,450.98,748,35,34
1095,19.0635,stop,339.06,442.33,712,31,35
1095,19.0635,stop,1085.14,422.63,541,25,33
1095,19.0635,stop,1212.04,223.00,711,33,34
1095,19.0635,stop,385.88,89.49,687,31,33
1095,19.0635,stop,337.26,84.88,686,30,33
1095,19.0635,stop,483.64,67.85,750,36,32
1095,19.0635,stop,441.96,57.53,926,36,37
1096,19.0795,stop,1513.62,1046.00,851,30,37
1096,19.0795,stop,1011.25,721.83,519,31,29
1096,19.0795,stop,1626.75,576.29,697,33,33
1096,19.0795,stop,1644.93,526.09,810,36,32
1096,19.0795,stop,396.20,451.12,742,35,34
1096,19.0795,stop,339.02,442.34,706,31,35
1096,19.0795,stop,1085.32,423.52,549,26,33
1096,19.0795,stop,1212.49,222.42,730,34,33
1096,19.0795,stop,385.77,89.49,689,31,32
1096,19.0795,stop,337.15,85.00,686,31,33
1096,19.0795,stop,484.29,67.97,739,34,32
1096,19.0795,stop,442.68,58.61,872,38,37
1097,19.0955,stop,1513.56,1045.96,861,31,37
1097,19.0955,stop,1010.21,721.82,574,33,30
1097,19.0955,stop,1626.86,576.36,702,33,33
1097,19.0955,stop,1644.81,526.14,814,36,32
1097,19.0955,stop,395.55,451.62,786,35,34
1097,19.0955,stop,339.10,442.39,705,31,35
1097,19.0955,stop,1084.93,424.20,561,26,34
1097,19.0955,stop,1213.26,221.89,739,33,34
1097,19.0955,stop,385.80,89.48,685,31,32
1097,19.0955,stop,337.26,84.94,683,30,33
1097,19.0955,stop,483.54,67.09,798,34,35
1097,19.0955,stop,442.62,58.69,859,37,36
1098,19.1155,stop,1513.38,1045.91,859,31,37
1098,19.1155,stop,1010.15,722.07,572,34,30
1098,19.1155,stop,1626.85,576.38,694,32,33
1098,19.1155,stop,1645.01,526.23,811,36,32
1098,19.1155,stop,396.30,451.09,740,35,35
1098,19.1155,stop,339.06,442.33,709,31,35
1098,19.1155,stop,1084.36,425.14,586,27,34
1098,19.1155,stop,1214.07,221.35,723,33,34
1098,19.1155,stop,385.87,89.48,690,31,32
1098,19.1155,stop,337.19,85.12,681,31,33
1098,19.1155,stop,483.63,67.15,788,34,35
1098,19.1155,stop,441.87,57.55,930,37,37
1099,19.1315,stop,1514.32,1046.14,903,36,37
1099,19.1315,stop,1009.99,722.27,570,33,29
1099,19.1315,stop,1626.80,576.36,696,33,33
1099,19.1315,stop,1644.91,526.12,804,36,33
1099,19.1315,stop,396.10,451.07,746,35,34
1099,19.1315,stop,339.01,442.41,710,31,35
1099,19.1315,stop,1083.72,425.78,595,28,33
1099,19.1315,stop,1214.66,220.90,721,34,34
1099,19.1315,stop,385.79,89.65,686,32,32
1099,19.1315,stop,337.17,84.96,679,31,33
1099,19.1315,stop,483.62,66.98,789,34,35
1099,19.1315,stop,441.90,57.60,927,37,37
1100,19.1475,stop,1514.40,1046.11,912,36,37
1100,19.1475,stop,1009.93,722.36,574,33,30
1100,19.1475,stop,1626.88,576.39,701,33,33
1100,19.1475,stop,1644.94,526.14,803,36,32
1100,19.1475,stop,396.23,451.07,736,35,34
1100,19.1475,stop,339.02,442.40,710,31,35
1100,19.1475,stop,1083.04,426.69,619,29,33
1100,19.1475,stop,1215.21,220.40,738,33,34
1100,19.1475,stop,385.89,89.44,692,30,33
1100,19.1475,stop,337.11,84.89,682,30,33
1100,19.1475,stop,483.29,66.99,811,37,34
1100,19.1475,stop,442.65,58.64,881,37,38
1101,19.1635,stop,1513.47,1045.99,867,31,37
1101,19.1635,stop,1009.87,722.44,582,34,30
1101,19.1635,stop,1626.87,576.33,688,33,33
1101,19.1635,stop,1645.00,526.21,801,36,32
1101,19.1635,stop,396.20,451.04,748,35,34
1101,19.1635,stop,338.95,442.47,707,31,35
1101,19.1635,stop,1082.19,427.47,640,30,34
1101,19.1635,stop,1215.74,220.14,744,34,34
1101,19.1635,stop,385.83,89.37,686,31,33
1101,19.1635,stop,337.29,85.02,697,31,33
1101,19.1635,stop,483.23,66.92,813,36,35
1101,19.1635,stop,442.70,58.56,863,37,37
1102,19.1795,stop,1514.26,1046.10,911,35,37
1102,19.1795,stop,1009.63,722.31,584,34,29
1102,19.1795,stop,1626.78,576.41,699,33,33
1102,19.1795,stop,1644.87,526.14,813,36,32
1102,19.1795,stop,396.12,451.08,745,35,34
1102,19.1795,stop,339.04,442.35,714,31,35
1102,19.1795,stop,1081.08,428.59,659,31,33
1102,19.1795,stop,1216.16,220.02,767,33,35
1102,19.1795,stop,385.73,89.65,694,31,32
1102,19.1795,stop,337.20,85.08,677,30,33
1102,19.1795,stop,483.59,67.10,782,35,35
1102,19.1795,stop,442.58,58.56,866,37,38
1103,19.1995,stop,1513.49,1046.08,866,31,37
1103,19.1995,stop,1009.63,722.31,590,34,30
1103,19.1995,stop,1626.88,576.31,688,33,33
1103,19.1995,stop,1644.87,526.12,802,36,32
1103,19.1995,stop,396.24,451.16,742,35,36
1103,19.1995,stop,338.97,442.42,706,31,35
1103,19.1995,stop,1080.05,429.44,682,32,33
1103,19.1995,stop,1216.71,220.03,767,34,35
1103,19.1995,stop,385.76,89.46,690,32,32
1103,19.1995,stop,337.10,84.85,680,31,33
1103,19.1995,stop,483.75,67.09,781,33,35
1103,19.1995,stop,442.62,58.60,865,36,37
1104,19.2155,stop,1513.48,1045.98,852,31,37
1104,19.2155,stop,1009.40,722.15,594,34,30
1104,19.2155,stop,1626.87,576.41,698,33,33
1104,19.2155,stop,1644.95,526.19,811,36,32
1104,19.2155,stop,396.18,450.97,742,35,34
1104,19.2155,stop,339.11,442.43,709,31,35
1104,19.2155,stop,1078.78,430.71,700,33,33
1104,19.2155,stop,1217.00,219.83,775,33,34
1104,19.2155,stop,385.72,89.60,692,31,32
1104,19.2155,stop,337.13,84.87,679,31,33
1104,19.2155,stop,484.19,67.95,729,33,32
1104,19.2155,stop,442.63,58.61,867,37,37
1105,19.2315,stop,1513.38,1045.93,862,30,37
1105,19.2315,stop,1009.24,722.10,598,33,30
1105,19.2315,stop,1626.85,576.39,699,33,33
1105,19.2315,stop,1644.96,526.11,799,36,32
1105,19.2315,stop,396.18,450.81,745,35,35
1105,19.2315,stop,339.05,442.37,715,31,35
1105,19.2315,stop,1077.64,431.47,692,34,35
1105,19.2315,stop,1217.46,219.66,772,34,35
1105,19.2315,stop,385.86,89.50,687,31,32
1105,19.2315,stop,337.05,85.16,685,31,33
1105,19.2315,stop,483.72,67.83,758,37,32
1105,19.2315,stop,442.64,58.61,867,37,37
1106,19.2475,stop,1514.37,1046.17,902,36,37
1106,19.2475,stop,1009.12,721.70,604,34,30
1106,19.2475,stop,1626.83,576.35,695,33,33
1106,19.2475,stop,1644.96,526.07,807,37,32
1106,19.2475,stop,396.14,450.99,749,35,34
1106,19.2475,stop,339.01,442.33,708,31,35
1106,19.2475,stop,1076.35,432.17,705,34,34
1106,19.2475,stop,1217.75,219.76,773,34,35
1106,19.2475,stop,385.85,89.57,684,31,32
1106,19.2475,stop,337.16,84.96,683,31,33
1106,19.2475,stop,484.16,68.03,736,33,32
1106,19.2475,stop,442.62,58.63,869,37,37
1107,19.2635,stop,1513.35,1045.98,853,30,37
1107,19.2635,stop,1009.97,721.67,551,32,31
1107,19.2635,stop,1626.86,576.42,697,32,33
1107,19.2635,stop,1644.90,526.09,812,36,33
1107,19.2635,stop,396.19,451.14,750,35,35
1107,19.2635,stop,339.06,442.45,711,31,35
1107,19.2635,stop,1074.84,433.07,758,35,35
1107,19.2635,stop,1218.04,219.76,785,33,35
1107,19.2635,stop,385.83,89.56,688,32,33
1107,19.2635,stop,337.16,85.18,689,32,33
1107,19.2635,stop,483.63,67.12,776,33,35
1107,19.2635,stop,442.71,58.67,863,37,37
1108,19.2795,stop,1513.45,1045.96,857,30,37
1108,19.2795,stop,1009.13,720.93,603,34,30
1108,19.2795,stop,1626.86,576.40,700,32,33
1108,19.2795,stop,1644.96,526.06,809,36,33
1108,19.2795,stop,395.53,451.77,779,35,34
1108,19.2795,stop,339.10,442.37,706,31,35
1108,19.2795,stop,1074.12,433.28,790,35,35
1108,19.2795,stop,1218.09,219.99,786,34,34
1108,19.2795,stop,385.75,89.49,691,31,32
1108,19.2795,stop,337.14,85.07,678,30,33
1108,19.2795,stop,483.64,67.11,783,33,35
1108,19.2795,stop,442.74,58.65,869,37,36
1109,19.2995,stop,1513.60,1046.01,856,30,37
1109,19.2995,stop,1008.83,720.53,608,33,31
1109,19.2995,stop,1626.89,576.39,702,33,33
1109,19.2995,stop,1644.90,526.10,804,36,33
1109,19.2995,stop,396.19,451.12,738,35,35
1109,19.2995,stop,339.07,442.40,717,31,35
1109,19.2995,stop,1072.98,433.58,814,35,35
1109,19.2995,stop,1218.27,219.92,794,34,35
1109,19.2995,stop,385.98,89.48,685,31,32
1109,19.2995,stop,337.15,85.13,685,31,33
1109,19.2995,stop,483.59,67.80,758,36,32
1109,19.2995,stop,442.62,58.61,875,36,37
1110,19.3155,stop,1513.50,1045.98,856,31,37
1110,19.3155,stop,1008.62,719.88,634,33,31
1110,19.3155,stop,1626.82,576.29,697,32,33
1110,19.3155,stop,1644.96,526.02,805,36,32
1110,19.3155,stop,396.15,450.88,750,35,34
1110,19.3155,stop,339.11,442.46,702,31,35
1110,19.3155,stop,1071.90,434.42,790,35,35
1110,19.3155,stop,1218.49,219.83,793,34,35
1110,19.3155,stop,385.64,89.40,689,32,33
1110,19.3155,stop,337.04,85.00,685,31,33
1110,19.3155,stop,483.65,67.07,789,33,35
1110,19.3155,stop,441.91,57.54,932,36,37
1111,19.3315,stop,1513.51,1046.03,853,30,37
1111,19.3315,stop,1008.63,719.27,641,34,32
1111,19.3315,stop,1626.83,576.36,699,33,33
1111,19.3315,stop,1645.00,526.07,802,36,32
1111,19.3315,stop,396.19,451.00,749,35,35
1111,19.3315,stop,338.96,442.33,711,31,35
1111,19.3315,stop,1071.27,434.65,752,33,35
1111,19.3315,stop,1218.64,219.58,789,34,35
1111,19.3315,stop,385.81,89.52,686,31,32
1111,19.3315,stop,337.06,84.98,678,31,33
1111,19.3315,stop,483.47,66.97,795,35,35
1111,19.3315,stop,442.72,58.59,865,37,37
1112,19.3475,stop,1514.29,1046.14,903,36,37
1112,19.3475,stop,1008.44,718.37,669,34,32
1112,19.3475,stop,1626.78,576.38,690,32,33
1112,19.3475,stop,1645.09,526.15,803,36,32
1112,19.3475,stop,396.16,451.07,751,35,35
1112,19.3475,stop,339.12,442.32,706,31,35
1112,19.3475,stop,1070.21,434.99,736,33,35
1112,19.3475,stop,1218.83,219.35,785,33,35
1112,19.3475,stop,385.84,89.47,690,32,32
1112,19.3475,stop,337.15,85.08,678,30,33
1112,19.3475,stop,483.57,67.80,763,37,32
1112,19.3475,stop,441.85,57.48,936,37,37
1113,19.3636,stop,1513.35,1045.96,860,30,37
1113,19.3636,stop,1008.37,717.40,682,34,33
1113,19.3636,stop,1626.79,576.27,697,32,33
1113,19.3636,stop,1645.06,526.12,807,36,32
1113,19.3636,stop,396.30,451.14,743,35,34
1113,19.3636,stop,339.04,442.35,709,31,35
1113,19.3636,stop,1069.32,435.42,724,33,34
1113,19.3636,stop,1218.95,219.12,787,33,36
1113,19.3636,stop,385.78,89.59,683,31,32
1113,19.3636,stop,337.22,84.93,682,31,33
1113,19.3636,stop,483.19,66.85,807,36,35
1113,19.3636,stop,442.61,58.53,870,37,38
1114,19.3795,stop,1513.32,1045.92,860,31,37
1114,19.3795,stop,1008.48,716.57,690,34,33
1114,19.3795,stop,1626.77,576.45,699,32,33
1114,19.3795,stop,1644.97,526.09,809,36,32
1114,19.3795,stop,395.50,451.72,790,35,35
1114,19.3795,stop,339.14,442.33,709,31,35
1114,19.3795,stop,1068.69,435.52,726,32,35
1114,19.3795,stop,1218.92,219.06,786,33,35
1114,19.3795,stop,385.77,89.44,678,31,32
1114,19.3795,stop,337.15,84.89,680,30,33
1114,19.3795,stop,483.72,67.18,789,33,35
1114,19.3795,stop,442.70,58.56,869,36,38
1115,19.3995,stop,1513.49,1046.02,857,30,37
1115,19.3995,stop,1008.47,715.68,702,33,33
1115,19.3995,stop,1626.81,576.33,696,33,33
1115,19.3995,stop,1644.92,526.13,809,36,32
1115,19.3995,stop,396.09,451.04,749,35,34
1115,19.3995,stop,338.97,442.37,705,31,35
1115,19.3995,stop,1067.88,435.74,708,32,35
1115,19.3995,stop,1218.70,218.99,780,33,34
1115,19.3995,stop,385.76,89.55,681,32,32
1115,19.3995,stop,337.07,85.06,677,31,33
1115,19.3995,stop,483.19,66.99,805,36,35
1115,19.3995,stop,442.64,58.58,865,36,38
1116,19.4155,stop,1514.34,1046.12,906,36,37
1116,19.4155,stop,1008.51,714.56,711,33,34
1116,19.4155,stop,1626.85,576.34,697,32,33
1116,19.4155,stop,1644.93,526.16,809,36,32
1116,19.4155,stop,396.17,451.09,741,35,34
1116,19.4155,stop,339.02,442.30,705,31,35
1116,19.4155,stop,1067.38,435.74,706,32,35
1116,19.4155,stop,1218.55,218.55,788,34,35
1116,19.4155,stop,385.84,89.45,674,30,32
1116,19.4155,stop,337.09,85.05,673,31,32
1116,19.4155,stop,483.13,66.94,820,37,35
1116,19.4155,stop,442.70,58.66,864,36,36
1117,19.4315,stop,1514.39,1046.10,906,36,37
1117,19.4315,stop,1008.60,713.68,712,33,35
1117,19.4315,stop,1626.83,576.27,692,32,33
1117,19.4315,stop,1644.97,526.02,801,36,33
1117,19.4315,stop,396.31,451.04,739,35,35
1117,19.4315,stop,339.03,442.28,706,31,35
1117,19.4315,stop,1067.10,435.92,691,32,34
1117,19.4315,stop,1218.36,218.36,782,34,34
1117,19.4315,stop,385.77,89.47,698,32,33
1117,19.4315,stop,337.01,85.07,683,31,33
1117,19.4315,stop,484.32,68.12,747,33,33
1117,19.4315,stop,441.97,57.59,927,37,38
1118,19.4475,stop,1513.45,1045.99,854,30,37
1118,19.4475,stop,1008.30,712.65,719,33,35
1118,19.4475,stop,1626.79,576.29,697,33,33
1118,19.4475,stop,1644.80,526.14,811,36,32
1118,19.4475,stop,396.26,451.12,735,35,34
1118,19.4475,stop,339.05,442.32,706,31,35
1118,19.4475,stop,1066.88,435.80,694,31,34
1118,19.4475,stop,1218.15,217.97,783,34,35
1118,19.4475,stop,385.68,89.40,694,31,33
1118,19.4475,stop,337.24,85.08,692,31,33
1118,19.4475,stop,483.09,66.94,815,37,35
1118,19.4475,stop,442.65,58.65,870,37,38
1119,19.4635,stop,1513.38,1046.05,868,31,37
1119,19.4635,stop,1008.86,712.04,694,32,35
1119,19.4635,stop,1626.83,576.26,692,32,33
1119,19.4635,stop,1644.90,526.20,811,36,32
1119,19.4635,stop,396.08,451.00,754,35,34
1119,19.4635,stop,339.03,442.37,715,31,35
1119,19.4635,stop,1066.80,435.64,701,32,34
1119,19.4635,stop,1217.97,217.72,780,34,35
1119,19.4635,stop,385.85,89.43,680,30,32
1119,19.4635,stop,337.21,84.88,692,31,33
1119,19.4635,stop,483.10,66.93,812,37,35
1119,19.4635,stop,442.72,58.59,871,37,37
1120,19.4795,stop,1513.48,1045.93,865,31,38
1120,19.4795,stop,1008.48,710.93,710,32,35
1120,19.4795,stop,1626.86,576.31,698,32,33
1120,19.4795,stop,1644.79,526.12,808,36,32
1120,19.4795,stop,396.32,450.93,739,35,35
1120,19.4795,stop,339.02,442.31,711,31,35
1120,19.4795,stop,1066.90,435.45,706,32,34
1120,19.4795,stop,1217.60,217.58,783,35,35
1120,19.4795,stop,385.87,89.49,675,29,32
1120,19.4795,stop,337.12,85.02,683,31,33
1120,19.4795,stop,483.20,67.02,807,36,35
1120,19.4795,stop,442.67,58.52,868,37,38
1121,19.4995,stop,1513.51,1046.06,858,30,37
1121,19.4995,stop,1009.00,710.50,658,32,34
1121,19.4995,stop,1626.80,576.41,703,33,33
1121,19.4995,stop,1645.05,526.08,805,36,32
1121,19.4995,stop,396.23,450.89,755,35,35
1121,19.4995,stop,339.08,442.33,705,31,35
1121,19.4995,stop,1067.04,435.11,711,32,34
1121,19.4995,stop,1217.34,217.50,784,34,35
1121,19.4995,stop,385.92,89.41,683,30,32
1121,19.4995,stop,337.12,85.12,678,31,33
1121,19.4995,stop,483.59,67.18,788,34,35
1121,19.4995,stop,442.70,58.63,867,37,37
1122,19.5155,stop,1513.38,1046.00,856,30,37
1122,19.5155,stop,1008.98,709.56,634,32,34
1122,19.5155,stop,1626.79,576.37,699,32,33
1122,19.5155,stop,1645.02,526.18,802,36,33
1122,19.5155,stop,396.32,451.09,740,35,34
1122,19.5155,stop,339.08,442.43,710,31,35
1122,19.5155,stop,1067.47,434.94,710,32,35
1122,19.5155,stop,1216.92,217.78,785,35,34
1122,19.5155,stop,385.90,89.51,687,32,32
1122,19.5155,stop,337.09,84.98,680,31,33
1122,19.5155,stop,483.61,67.12,796,33,35
1122,19.5155,stop,441.78,57.52,939,37,38
1123,19.5315,stop,1513.53,1045.84,858,30,37
1123,19.5315,stop,1009.17,709.13,641,32,35
1123,19.5315,stop,1626.88,576.33,700,33,33
1123,19.5315,stop,1644.92,526.08,808,36,33
1123,19.5315,stop,396.23,451.06,736,35,34
1123,19.5315,stop,338.92,442.32,713,31,35
1123,19.5315,stop,1067.88,434.35,707,32,34
1123,19.5315,stop,1216.51,217.75,797,34,35
1123,19.5315,stop,385.88,89.32,683,29,32
1123,19.5315,stop,337.19,85.02,688,31,33
1123,19.5315,stop,483.17,66.85,806,38,35
1123,19.5315,stop,441.89,57.70,926,36,37
1124,19.5475,stop,1514.30,1046.04,907,36,37
1124,19.5475,stop,1009.12,708.75,619,31,34
1124,19.5475,stop,1626.84,576.28,701,32,33
1124,19.5475,stop,1644.92,526.14,802,36,32
1124,19.5475,stop,396.19,451.08,744,35,34
1124,19.5475,stop,339.05,442.39,710,31,35
1124,19.5475,stop,1068.43,433.80,725,33,35
1124,19.5475,stop,1215.99,218.15,790,35,35
1124,19.5475,stop,385.85,89.46,680,31,32
1124,19.5475,stop,337.09,85.11,685,31,33
1124,19.5475,stop,483.27,66.95,809,36,35
1124,19.5475,stop,442.63,58.57,867,36,38
1125,19.5636,stop,1513.41,1046.06,854,30,37
1125,19.5636,stop,1009.29,708.26,613,31,34
1125,19.5636,stop,1626.83,576.40,703,33,33
1125,19.5636,stop,1644.94,526.13,807,36,32
1125,19.5636,stop,396.12,450.92,743,35,36
1125,19.5636,stop,339.02,442.37,710,31,35
1125,19.5636,stop,1068.29,434.06,732,33,34
1125,19.5636,stop,1215.64,218.40,802,35,35
1125,19.5636,stop,385.75,89.44,685,31,32
1125,19.5636,stop,337.18,84.91,684,31,33
1125,19.5636,stop,483.24,67.02,800,36,35
1125,19.5636,stop,442.62,58.59,858,36,36
1126,19.5795,stop,1513.48,1046.09,860,31,37
1126,19.5795,stop,1009.38,708.01,601,31,33
1126,19.5795,stop,1626.68,576.21,696,32,33
1126,19.5795,stop,1644.90,526.11,808,36,32
1126,19.5795,stop,396.19,451.11,740,35,34
1126,19.5795,stop,339.07,442.37,714,31,35
1126,19.5795,stop,1070.09,432.57,731,33,34
1126,19.5795,stop,1215.16,218.64,816,35,35
1126,19.5795,stop,385.85,89.53,688,31,32
1126,19.5795,stop,337.00,85.09,671,31,32
1126,19.5795,stop,484.20,67.94,739,33,32
1126,19.5795,stop,442.62,58.53,871,36,38
1127,19.5995,s255,1513.47,1046.09,860,31,37
1127,19.5995,s255,1009.91,707.99,587,30,33
1127,19.5995,s255,1626.75,576.29,699,33,33
1127,19.5995,s255,1644.86,526.05,809,36,33
1127,19.5995,s255,396.09,451.04,749,35,34
1127,19.5995,s255,338.98,442.32,707,31,35
1127,19.5995,s255,1070.45,432.14,778,34,35
1127,19.5995,s255,1214.70,218.83,820,35,35
1127,19.5995,s255,385.76,89.49,680,31,32
1127,19.5995,s255,337.18,85.09,676,30,33
1127,19.5995,s255,484.18,68.04,750,34,32
1127,19.5995,s255,442.68,58.58,867,37,37
1128,19.6155,s255,1513.51,1046.03,865,31,37
1128,19.6155,s255,1009.61,707.99,611,31,34
1128,19.6155,s255,1626.83,576.34,699,33,33
1128,19.6155,s255,1645.02,526.02,804,36,32
1128,19.6155,s255,396.10,450.93,750,35,35
1128,19.6155,s255,339.04,442.40,708,31,35
1128,19.6155,s255,1071.43,431.55,776,34,35
1128,19.6155,s255,1214.42,218.92,818,35,34
1128,19.6155,s255,385.81,89.48,686,31,32
1128,19.6155,s255,337.25,85.10,674,30,33
1128,19.6155,s255,483.17,67.00,798,36,35
1128,19.6155,s255,442.72,58.59,874,37,38
1129,19.6315,s255,1513.54,1045.98,858,31,37
1129,19.6315,s255,1009.67,708.49,619,31,34
1129,19.6315,s255,1626.84,576.39,704,33,33
1129,19.6315,s255,1644.95,526.09,805,36,32
1129,19.6315,s255,396.19,451.08,743,35,34
1129,19.6315,s255,338.95,442.39,705,31,35
1129,19.6315,s255,1072.41,430.47,777,34,34
1129,19.6315,s255,1213.85,219.03,824,35,35
1129,19.6315,s255,385.77,89.54,685,31,32
1129,19.6315,s255,337.19,85.01,674,31,33
1129,19.6315,s255,484.23,68.06,735,34,32
1129,19.6315,s255,442.60,58.55,866,37,37
1130,19.6476,s255,1513.45,1045.97,849,30,37
1130,19.6476,s255,1009.49,708.31,648,32,34
1130,19.6476,s255,1626.80,576.30,703,32,33
1130,19.6476,s255,1644.96,526.09,806,36,32
1130,19.6476,s255,396.10,450.99,757,35,34
1130,19.6476,s255,339.06,442.38,708,31,35
1130,19.6476,s255,1073.59,429.94,771,34,33
1130,19.6476,s255,1213.50,219.05,817,35,35
1130,19.6476,s255,385.77,89.40,687,31,32
1130,19.6476,s255,337.14,85.02,677,31,33
1130,19.6476,s255,484.34,67.95,739,34,32
1130,19.6476,s255,442.69,58.59,868,36,37
1131,19.6635,s255,1513.54,1045.96,857,31,37
1131,19.6635,s255,1009.76,709.36,622,31,34
1131,19.6635,s255,1626.82,576.39,700,32,33
1131,19.6635,s255,1644.83,526.10,804,36,32
1131,19.6635,s255,396.19,450.97,752,35,35
1131,19.6635,s255,338.93,442.32,706,31,35
1131,19.6635,s255,1074.23,429.33,733,34,33
1131,19.6635,s255,1213.24,219.11,824,35,34
1131,19.6635,s255,385.76,89.47,683,30,32
1131,19.6635,s255,337.12,85.04,687,31,33
1131,19.6635,s255,483.54,67.15,776,33,35
1131,19.6635,s255,442.68,58.56,863,36,37
1132,19.6795,s255,1514.37,1046.15,905,36,37
1132,19.6795,s255,1009.55,709.46,670,32,34
1132,19.6795,s255,1626.87,576.32,699,33,33
1132,19.6795,s255,1644.88,526.23,804,36,32
1132,19.6795,s255,396.20,451.11,740,35,34
1132,19.6795,s255,339.12,442.31,704,31,35
1132,19.6795,s255,1075.45,428.29,707,34,32
1132,19.6795,s255,1213.02,219.04,824,35,34
1132,19.6795,s255,385.76,89.51,686,32,33
1132,19.6795,s255,337.11,85.10,676,30,33
1132,19.6795,s255,483.19,66.99,813,36,35
1132,19.6795,s255,442.65,58.77,866,37,36
1133,19.6997,s255,1513.48,1046.05,859,30,37
1133,19.6997,s255,1009.52,710.21,668,32,34
1133,19.6997,s255,1626.77,576.35,695,33,33
1133,19.6997,s255,1644.98,526.12,804,36,32
1133,19.6997,s255,396.16,450.91,744,35,35
1133,19.6997,s255,339.09,442.42,705,31,35
1133,19.6997,s255,1076.70,427.49,704,34,33
1133,19.6997,s255,1213.43,219.30,796,35,35
1133,19.6997,s255,385.70,89.50,689,32,32
1133,19.6997,s255,337.14,85.11,687,31,33
1133,19.6997,s255,483.14,66.92,808,37,35
1133,19.6997,s255,441.96,57.58,925,37,37
1134,19.7155,s255,1513.44,1045.99,859,31,37
1134,19.7155,s255,1010.05,711.14,648,32,34
1134,19.7155,s255,1626.87,576.42,694,32,33
1134,19.7155,s255,1645.00,526.07,804,36,33
1134,19.7155,s255,396.15,451.09,743,35,35
1134,19.7155,s255,339.07,442.34,707,31,35
1134,19.7155,s255,1077.88,426.55,695,33,32
1134,19.7155,s255,1213.18,219.17,800,36,35
1134,19.7155,s255,385.70,89.44,685,31,32
1134,19.7155,s255,337.22,84.93,693,31,33
1134,19.7155,s255,483.06,66.96,806,37,35
1134,19.7155,s255,441.87,57.55,931,36,38
1135,19.7316,s255,1513.31,1046.02,855,30,37
1135,19.7316,s255,1009.92,711.74,654,32,34
1135,19.7316,s255,1626.88,576.34,695,32,33
1135,19.7316,s255,1644.98,526.12,810,36,33
1135,19.7316,s255,396.06,450.93,740,35,34
1135,19.7316,s255,339.02,442.40,704,31,35
1135,19.7316,s255,1078.89,425.95,696,33,33
1135,19.7316,s255,1213.26,219.00,793,36,35
1135,19.7316,s255,385.73,89.50,683,30,33
1135,19.7316,s255,337.19,84.95,683,31,33
1135,19.7316,s255,484.17,68.01,741,33,32
1135,19.7316,s255,442.65,58.57,870,36,37
1136,19.7475,s255,1513.46,1046.02,853,30,37
1136,19.7475,s255,1009.72,712.28,669,32,34
1136,19.7475,s255,1626.79,576.37,702,33,33
1136,19.7475,s255,1644.92,526.07,809,36,32
1136,19.7475,s255,396.11,450.94,744,35,35
1136,19.7475,s255,339.01,442.39,702,31,35
1136,19.7475,s255,1079.96,425.34,677,33,32
1136,19.7475,s255,1213.33,218.70,784,36,34
1136,19.7475,s255,385.86,89.54,680,30,33
1136,19.7475,s255,337.06,85.08,678,31,33
1136,19.7475,s255,483.15,66.93,810,37,35
1136,19.7475,s255,442.70,58.60,874,37,37
1137,19.7636,s255,1514.39,1046.09,906,36,37
1137,19.7636,s255,1009.48,713.16,683,34,34
1137,19.7636,s255,1626.82,576.35,700,32,33
1137,19.7636,s255,1645.02,526.06,806,36,32
1137,19.7636,s255,396.14,451.13,749,35,34
1137,19.7636,s255,339.09,442.29,706,31,35
1137,19.7636,s255,1081.01,424.75,672,33,32
1137,19.7636,s255,1213.03,218.09,812,35,34
1137,19.7636,s255,385.81,89.44,684,31,33
1137,19.7636,s255,337.11,84.97,681,32,33
1137,19.7636,s255,484.18,67.97,741,35,32
1137,19.7636,s255,442.62,58.69,868,36,36
1138,19.7795,s255,1513.55,1046.03,856,29,37
1138,19.7795,s255,1009.59,713.93,674,32,34
1138,19.7795,s255,1626.86,576.31,699,32,33
1138,19.7795,s255,1645.00,526.05,808,36,32
1138,19.7795,s255,396.21,450.97,738,35,36
1138,19.7795,s255,339.06,442.28,711,31,35
1138,19.7795,s255,1081.86,424.47,659,32,32
1138,19.7795,s255,1213.32,217.87,813,35,35
1138,19.7795,s255,385.72,89.55,687,32,32
1138,19.7795,s255,337.30,84.97,689,30,33
1138,19.7795,s255,483.62,67.06,787,34,35
1138,19.7795,s255,442.68,58.62,865,37,36
1139,19.7996,s255,1514.44,1046.12,904,35,37
1139,19.7996,s255,1009.57,714.39,671,32,33
1139,19.7996,s255,1626.82,576.36,704,33,33
1139,19.7996,s255,1644.99,526.07,803,36,32
1139,19.7996,s255,396.16,451.11,749,35,34
1139,19.7996,s255,338.94,442.37,711,31,35
1139,19.7996,s255,1082.62,423.90,644,32,32
1139,19.7996,s255,1213.57,217.79,812,35,35
1139,19.7996,s255,385.82,89.61,685,30,32
1139,19.7996,s255,337.26,84.92,678,30,33
1139,19.7996,s255,483.18,66.92,809,38,35
1139,19.7996,s255,442.62,58.64,862,36,37
1140,19.8156,s255,1514.30,1046.11,899,35,37
1140,19.8156,s255,1009.32,715.17,678,34,33
1140,19.8156,s255,1626.79,576.35,697,33,33
1140,19.8156,s255,1644.96,526.07,812,36,32
1140,19.8156,s255,396.01,450.96,752,35,35
1140,19.8156,s255,339.03,442.37,702,31,35
1140,19.8156,s255,1083.26,423.57,632,31,32
1140,19.8156,s255,1214.29,218.19,778,35,33
1140,19.8156,s255,385.82,89.57,678,30,32
1140,19.8156,s255,337.24,84.95,683,30,33
1140,19.8156,s255,484.21,67.98,734,35,32
1140,19.8156,s255,442.56,58.64,862,37,37
1141,19.8316,s255,1514.34,1046.01,903,36,37
1141,19.8316,s255,1009.17,715.73,657,33,33
1141,19.8316,s255,1626.87,576.43,701,32,33
1141,19.8316,s255,1644.90,526.10,817,36,32
1141,19.8316,s255,396.23,451.06,741,35,34
1141,19.8316,s255,339.05,442.44,710,31,35
1141,19.8316,s255,1083.81,423.32,622,31,32
1141,19.8316,s255,1214.22,217.72,806,36,35
1141,19.8316,s255,385.80,89.52,686,32,32
1141,19.8316,s255,337.32,85.05,681,30,32
1141,19.8316,s255,483.61,67.81,755,36,33
1141,19.8316,s255,442.67,58.53,862,36,38
1142,19.8476,s255,1513.49,1046.00,855,31,37
1142,19.8476,s255,1009.18,716.21,653,33,33
1142,19.8476,s255,1626.73,576.30,702,33,33
1142,19.8476,s255,1645.06,526.09,798,36,32
1142,19.8476,s255,396.30,451.04,740,35,34
1142,19.8476,s255,339.06,442.33,706,31,35
1142,19.8476,s255,1084.04,422.96,609,31,31
1142,19.8476,s255,1214.73,217.91,801,35,34
1142,19.8476,s255,385.80,89.54,683,31,32
1142,19.8476,s255,337.03,85.00,683,31,33
1142,19.8476,s255,483.25,66.87,806,37,35
1142,19.8476,s255,442.64,58.53,874,37,37
1143,19.8636,s255,1513.45,1046.02,860,31,38
1143,19.8636,s255,1008.98,716.59,641,33,33
1143,19.8636,s255,1626.80,576.32,701,33,33
1143,19.8636,s255,1644.90,526.08,809,36,32
1143,19.8636,s255,396.25,451.16,728,35,34
1143,19.8636,s255,339.05,442.42,702,31,35
1143,19.8636,s255,1084.40,422.80,602,30,31
1143,19.8636,s255,1215.03,218.11,806,35,34
1143,19.8636,s255,385.81,89.48,682,30,32
1143,19.8636,s255,337.18,85.13,678,31,33
1143,19.8636,s255,483.71,67.81,750,37,32
1143,19.8636,s255,442.65,58.56,863,36,38
1144,19.8835,s255,1514.22,1046.11,908,36,37
1144,19.8835,s255,1008.91,717.12,640,33,32
1144,19.8835,s255,1626.78,576.25,702,32,33
1144,19.8835,s255,1644.87,526.15,800,36,32
1144,19.8835,s255,396.20,450.98,736,35,34
1144,19.8835,s255,339.01,442.32,716,31,35
1144,19.8835,s255,1084.54,422.75,600,30,31
1144,19.8835,s255,1215.39,218.10,808,35,35
1144,19.8835,s255,385.73,89.62,679,31,32
1144,19.8835,s255,337.25,84.96,692,31,33
1144,19.8835,s255,483.54,67.21,789,36,35
1144,19.8835,s255,442.65,58.47,866,37,38
1145,19.8996,s255,1513.37,1045.90,852,30,37
1145,19.8996,s255,1008.87,717.74,620,33,32
1145,19.8996,s255,1626.77,576.39,695,32,33
1145,19.8996,s255,1644.97,526.09,797,36,32
1145,19.8996,s255,396.22,451.00,751,35,35
1145,19.8996,s255,339.09,442.30,711,31,35
1145,19.8996,s255,1084.38,422.90,592,30,31
1145,19.8996,s255,1216.27,218.81,776,35,35
1145,19.8996,s255,385.85,89.58,683,31,32
1145,19.8996,s255,337.16,84.99,678,31,33
1145,19.8996,s255,483.67,67.81,751,36,32
1145,19.8996,s255,442.57,58.65,865,37,37
1146,19.9156,s255,1513.43,1046.08,848,29,37
1146,19.9156,s255,1008.74,718.17,607,34,32
1146,19.9156,s255,1626.82,576.36,705,32,33
1146,19.9156,s255,1644.96,526.05,809,36,33
1146,19.9156,s255,396.25,451.08,746,35,34
1146,19.9156,s255,339.00,442.33,708,31,35
1146,19.9156,s255,1084.10,423.01,597,31,31
1146,19.9156,s255,1216.20,218.56,805,35,36
1146,19.9156,s255,385.77,89.42,690,31,32
1146,19.9156,s255,337.17,85.04,677,30,33
1146,19.9156,s255,483.54,67.07,785,33,35
1146,19.9156,s255,441.94,57.60,926,36,37
1147,19.9315,s255,1513.55,1046.01,862,30,38
1147,19.9315,s255,1008.55,718.47,613,34,31
1147,19.9315,s255,1626.86,576.28,695,32,33
1147,19.9315,s255,1644.81,526.05,803,36,32
1147,19.9315,s255,396.17,451.13,749,35,34
1147,19.9315,s255,339.11,442.35,703,31,35
1147,19.9315,s255,1083.93,423.29,622,31,32
1147,19.9315,s255,1216.46,218.69,795,34,35
1147,19.9315,s255,385.78,89.59,685,31,32
1147,19.9315,s255,337.14,84.96,680,30,33
1147,19.9315,s255,483.54,67.14,784,35,35
1147,19.9315,s255,442.66,58.58,865,36,37
1148,19.9476,s255,1513.45,1045.99,860,30,37
1148,19.9476,s255,1008.89,718.47,593,33,31
1148,19.9476,s255,1626.81,576.27,692,32,33
1148,19.9476,s255,1644.91,526.14,808,36,32
1148,19.9476,s255,396.28,451.12,734,35,34
1148,19.9476,s255,339.00,442.35,704,31,35
1148,19.9476,s255,1083.51,423.72,616,31,31
1148,19.9476,s255,1216.84,218.76,794,35,35
1148,19.9476,s255,385.89,89.40,678,30,32
1148,19.9476,s255,337.28,84.97,686,30,33
1148,19.9476,s255,483.01,66.92,807,37,35
1148,19.9476,s255,442.68,58.58,860,38,38
1149,19.9635,s255,1513.45,1046.01,857,30,37
1149,19.9635,s255,1008.91,718.59,601,33,32
1149,19.9635,s255,1626.80,576.32,697,33,33
1149,19.9635,s255,1644.90,526.14,811,36,32
1149,19.9635,s255,396.13,451.01,745,35,35
1149,19.9635,s255,339.17,442.45,709,31,35
1149,19.9635,s255,1082.90,423.97,639,32,32
1149,19.9635,s255,1217.11,218.78,793,34,35
1149,19.9635,s255,385.70,89.54,681,31,32
1149,19.9635,s255,337.29,85.04,686,31,33
1149,19.9635,s255,483.52,67.04,782,33,34
1149,19.9635,s255,442.59,58.55,869,36,36
1150,19.9835,s255,1513.43,1045.89,861,31,37
1150,19.9835,s255,1008.99,718.55,599,33,31
1150,19.9835,s255,1626.85,576.34,695,32,33
1150,19.9835,s255,1644.92,526.03,808,36,32
1150,19.9835,s255,396.11,451.04,747,35,35
1150,19.9835,s255,338.96,442.37,706,31,35
1150,19.9835,s255,1082.09,424.49,649,32,32
1150,19.9835,s255,1217.24,218.77,790,34,35
1150,19.9835,s255,385.70,89.51,688,31,33
1150,19.9835,s255,337.33,84.99,688,31,33
1150,19.9835,s255,484.23,67.95,739,33,32
1150,19.9835,s255,442.73,58.58,866,37,37
1151,19.9996,s255,1514.26,1046.07,900,36,37
1151,19.9996,s255,1009.10,718.30,612,33,31
1151,19.9996,s255,1626.89,576.39,696,33,33
1151,19.9996,s255,1644.90,526.17,809,36,32
1151,19.9996,s255,396.06,450.99,742,35,34
1151,19.9996,s255,339.02,442.39,700,31,35
1151,19.9996,s255,1081.38,424.79,666,32,32
1151,19.9996,s255,1217.37,218.55,787,34,34
1151,19.9996,s255,385.84,89.53,687,31,32
1151,19.9996,s255,337.14,85.03,687,31,33
1151,19.9996,s255,483.23,66.89,806,37,35
1151,19.9996,s255,442.50,58.57,871,38,38
1152,20.0155,s255,1513.32,1045.94,856,31,37
1152,20.0155,s255,1009.54,717.62,625,34,32
1152,20.0155,s255,1626.77,576.32,697,32,33
1152,20.0155,s255,1644.89,526.14,807,36,33
1152,20.0155,s255,396.14,451.10,746,35,35
1152,20.0155,s255,339.12,442.39,712,31,35
1152,20.0155,s255,1080.26,425.26,668,33,33
1152,20.0155,s255,1217.52,218.42,782,34,34
1152,20.0155,s255,385.76,89.57,686,32,32
1152,20.0155,s255,337.15,85.00,683,31,33
1152,20.0155,s255,484.22,67.97,743,33,32
1152,20.0155,s255,442.63,58.55,858,36,37
1153,20.0316,s255,1514.29,1046.12,904,36,37
1153,20.0316,s255,1009.69,717.39,651,33,32
1153,20.0316,s255,1627.02,576.40,705,33,33
1153,20.0316,s255,1644.92,526.08,798,36,33
1153,20.0316,s255,395.51,451.54,789,35,34
1153,20.0316,s255,338.87,442.27,712,31,35
1153,20.0316,s255,1079.34,425.84,679,33,33
1153,20.0316,s255,1217.63,218.34,772,35,34
1153,20.0316,s255,385.78,89.53,686,31,32
1153,20.0316,s255,337.22,84.95,680,31,33
1153,20.0316,s255,483.29,66.95,803,38,35
1153,20.0316,s255,442.70,58.54,867,36,37
1154,20.0475,s255,1514.35,1046.19,908,36,37
1154,20.0475,s255,1010.73,717.04,632,31,32
1154,20.0475,s255,1626.90,576.44,696,33,33
1154,20.0475,s255,1644.97,526.11,808,36,32
1154,20.0475,s255,396.25,451.00,738,35,34
1154,20.0475,s255,339.12,442.40,708,31,35
1154,20.0475,s255,1078.20,426.43,696,34,33
1154,20.0475,s255,1217.89,218.13,780,35,35
1154,20.0475,s255,385.72,89.54,689,31,32
1154,20.0475,s255,336.97,84.94,672,30,33
1154,20.0475,s255,483.60,67.19,782,33,35
1154,20.0475,s255,442.74,58.69,865,37,37
1155,20.0636,s255,1513.39,1045.96,849,30,37
1155,20.0636,s255,1009.76,716.58,678,32,33
1155,20.0636,s255,1626.79,576.41,701,32,33
1155,20.0636,s255,1644.97,526.00,805,36,32
1155,20.0636,s255,396.19,451.17,744,35,34
1155,20.0636,s255,339.02,442.35,709,31,35
1155,20.0636,s255,1077.18,427.24,704,34,33
1155,20.0636,s255,1217.77,217.83,788,34,35
1155,20.0636,s255,385.72,89.51,685,32,32
1155,20.0636,s255,337.17,85.08,685,31,33
1155,20.0636,s255,483.71,67.75,753,36,32
1155,20.0636,s255,442.70,58.57,864,37,37
1156,20.0835,s255,1514.26,1046.07,909,36,38
1156,20.0835,s255,1009.70,716.25,653,31,33
1156,20.0835,s255,1626.77,576.36,699,32,33
1156,20.0835,s255,1645.02,526.11,810,36,32
1156,20.0835,s255,396.17,450.96,739,35,34
1156,20.0835,s255,338.96,442.33,706,31,35
1156,20.0835,s255,1076.12,428.13,712,34,33
1156,20.0835,s255,1217.81,217.64,789,34,35
1156,20.0835,s255,385.70,89.60,681,31,32
1156,20.0835,s255,337.21,85.09,677,31,33
1156,20.0835,s255,484.16,67.97,735,34,32
1156,20.0835,s255,442.67,58.63,863,36,37
1157,20.0995,s255,1514.28,1046.15,909,36,37
1157,20.0995,s255,1009.14,716.24,680,31,32
1157,20.0995,s255,1626.84,576.32,695,33,33
1157,20.0995,s255,1644.92,526.12,808,36,33
1157,20.0995,s255,396.11,450.97,749,35,35
1157,20.0995,s255,339.07,442.35,699,31,35
1157,20.0995,s255,1074.94,429.01,701,34,32
1157,20.0995,s255,1217.42,217.92,795,35,35
1157,20.0995,s255,385.75,89.57,676,31,32
1157,20.0995,s255,337.23,85.04,673,30,33
1157,20.0995,s255,483.35,66.91,810,37,35
1157,20.0995,s255,442.66,58.56,870,36,37
1158,20.1156,s255,1513.44,1045.99,854,31,37
1158,20.1156,s255,1009.26,716.06,677,30,33
1158,20.1156,s255,1626.74,576.28,702,32,33
1158,20.1156,s255,1644.87,526.10,798,36,34
1158,20.1156,s255,396.14,451.04,743,35,34
1158,20.1156,s255,338.98,442.26,706,31,35
1158,20.1156,s255,1073.82,429.91,715,34,35
1158,20.1156,s255,1217.43,218.03,797,34,36
1158,20.1156,s255,385.80,89.39,679,31,32
1158,20.1156,s255,337.19,85.01,692,31,33
1158,20.1156,s255,483.65,67.81,758,36,32
1158,20.1156,s255,441.96,57.52,932,36,37
1159,20.1315,s255,1513.43,1046.02,856,30,37
1159,20.1315,s255,1009.54,715.84,693,33,34
1159,20.1315,s255,1626.73,576.29,696,32,33
1159,20.1315,s255,1644.95,526.14,803,36,32
1159,20.1315,s255,396.16,450.99,742,35,35
1159,20.1315,s255,339.11,442.42,707,31,35
1159,20.1315,s255,1072.82,430.80,715,34,32
1159,20.1315,s255,1217.18,218.07,822,34,36
1159,20.1315,s255,385.85,89.57,680,31,32
1159,20.1315,s255,337.14,85.02,677,30,33
1159,20.1315,s255,483.07,66.96,801,36,35
1159,20.1315,s255,442.71,58.59,875,37,38
1160,20.1476,s255,1514.33,1046.18,906,36,37
1160,20.1476,s255,1009.74,715.30,745,34,34
1160,20.1476,s255,1626.86,576.38,701,33,33
1160,20.1476,s255,1644.95,526.12,801,36,32
1160,20.1476,s255,396.16,451.06,745,35,34
1160,20.1476,s255,339.14,442.35,703,31,35
1160,20.1476,s255,1072.02,431.63,729,34,32
1160,20.1476,s255,1217.12,218.33,834,33,36
1160,20.1476,s255,385.71,89.48,678,31,32
1160,20.1476,s255,337.13,85.03,681,31,33
1160,20.1476,s255,483.50,67.18,788,36,35
1160,20.1476,s255,442.64,58.66,876,38,36
1161,20.1635,s255,1513.40,1045.96,868,30,37
1161,20.1635,s255,1009.25,715.52,707,35,35
1161,20.1635,s255,1626.78,576.30,695,33,33
1161,20.1635,s255,1644.89,526.26,804,36,33
1161,20.1635,s255,396.28,451.13,743,35,34
1161,20.1635,s255,339.14,442.41,704,31,35
1161,20.1635,s255,1070.99,432.23,732,34,31
1161,20.1635,s255,1216.84,218.62,827,33,36
1161,20.1635,s255,385.67,89.54,681,31,32
1161,20.1635,s255,337.17,85.03,678,31,33
1161,20.1635,s255,483.56,66.98,785,33,35
1161,20.1635,s255,442.63,58.55,868,37,36
1162,20.1836,s255,1514.33,1046.08,901,36,37
1162,20.1836,s255,1009.98,714.38,691,34,34
1162,20.1836,s255,1626.82,576.33,685,32,33
1162,20.1836,s255,1644.96,526.02,807,36,33
1162,20.1836,s255,396.07,450.90,746,35,35
1162,20.1836,s255,339.06,442.41,715,31,35
1162,20.1836,s255,1070.13,432.52,746,33,32
1162,20.1836,s255,1216.59,218.94,838,33,37
1162,20.1836,s255,385.73,89.57,683,31,32
1162,20.1836,s255,337.15,84.99,688,31,33
1162,20.1836,s255,483.17,66.90,805,37,35
1162,20.1836,s255,442.54,58.58,866,37,38
1163,20.1998,s255,1513.41,1045.91,856,31,37
1163,20.1998,s255,1009.67,714.41,719,34,34
1163,20.1998,s255,1626.81,576.35,699,33,33
1163,20.1998,s255,1644.94,526.06,797,36,32
1163,20.1998,s255,396.23,450.97,742,35,35
1163,20.1998,s255,339.04,442.33,710,31,35
1163,20.1998,s255,1069.35,433.24,761,33,33
1163,20.1998,s255,1216.37,219.09,843,34,36
1163,20.1998,s255,385.76,89.45,683,31,32
1163,20.1998,s255,337.15,85.01,681,31,33
1163,20.1998,s255,483.76,67.86,760,37,32
1163,20.1998,s255,442.59,58.62,869,37,37
1164,20.2155,s255,1513.44,1045.91,864,31,37
1164,20.2155,s255,1009.03,713.79,724,33,31
1164,20.2155,s255,1626.83,576.29,691,32,33
1164,20.2155,s255,1644.91,526.08,804,36,33
1164,20.2155,s255,396.17,451.00,745,35,34
1164,20.2155,s255,339.00,442.32,711,31,35
1164,20.2155,s255,1068.66,434.22,750,33,33
1164,20.2155,s255,1216.51,219.30,875,35,36
1164,20.2155,s255,385.75,89.50,688,32,32
1164,20.2155,s255,337.18,84.87,678,30,33
1164,20.2155,s255,483.96,67.85,753,37,32
1164,20.2155,s255,442.68,58.46,869,36,38
1165,20.2316,s255,1513.42,1046.02,857,31,37
1165,20.2316,s255,1008.78,713.80,705,33,29
1165,20.2316,s255,1626.90,576.34,692,33,33
1165,20.2316,s255,1644.93,526.19,812,36,32
1165,20.2316,s255,396.20,451.14,739,35,34
1165,20.2316,s255,339.13,442.28,702,31,35
1165,20.2316,s255,1068.08,434.68,758,34,34
1165,20.2316,s255,1216.22,219.48,881,35,37
1165,20.2316,s255,385.69,89.48,693,32,32
1165,20.2316,s255,337.24,84.92,684,31,33
1165,20.2316,s255,483.22,67.04,810,38,34
1165,20.2316,s255,442.73,58.63,862,37,36
1166,20.2476,s255,1513.38,1046.10,857,31,37
1166,20.2476,s255,1008.67,713.62,745,33,32
1166,20.2476,s255,1626.82,576.30,696,32,33
1166,20.2476,s255,1644.98,526.16,804,36,32
1166,20.2476,s255,396.24,451.01,744,35,34
1166,20.2476,s255,339.10,442.47,707,31,35
1166,20.2476,s255,1067.89,435.57,720,34,33
1166,20.2476,s255,1216.00,219.32,871,35,37
1166,20.2476,s255,385.83,89.57,681,31,33
1166,20.2476,s255,337.18,84.99,680,31,33
1166,20.2476,s255,483.54,67.13,781,33,35
1166,20.2476,s255,442.67,58.63,869,36,38
1167,20.2636,s255,1513.34,1045.95,861,31,37
1167,20.2636,s255,1008.15,712.55,730,34,34
1167,20.2636,s255,1626.81,576.33,693,33,33
1167,20.2636,s255,1644.98,526.14,809,36,32
1167,20.2636,s255,396.24,450.84,737,35,36
1167,20.2636,s255,339.07,442.37,714,31,35
1167,20.2636,s255,1067.51,436.19,712,33,33
1167,20.2636,s255,1215.95,218.88,850,34,36
1167,20.2636,s255,385.86,89.51,683,31,32
1167,20.2636,s255,337.32,84.87,684,30,33
1167,20.2636,s255,483.52,67.01,789,34,35
1167,20.2636,s255,441.84,57.55,918,36,37
1168,20.2836,s255,1513.50,1045.97,855,31,37
1168,20.2836,s255,1007.96,712.60,713,34,35
1168,20.2836,s255,1626.75,576.24,697,32,33
1168,20.2836,s255,1645.01,526.03,801,36,32
1168,20.2836,s255,396.23,450.99,747,35,35
1168,20.2836,s255,339.14,442.34,704,31,35
1168,20.2836,s255,1066.94,436.72,712,31,32
1168,20.2836,s255,1215.94,218.58,835,34,34
1168,20.2836,s255,385.70,89.40,688,31,33
1168,20.2836,s255,337.17,85.04,684,31,33
1168,20.2836,s255,483.65,67.15,784,34,35
1168,20.2836,s255,441.98,57.61,928,36,37
1169,20.2996,stop,1514.33,1046.10,902,35,37
1169,20.2996,stop,1008.22,712.42,700,34,35
1169,20.2996,stop,1626.93,576.40,700,33,33
1169,20.2996,stop,1644.82,526.15,807,36,32
1169,20.2996,stop,396.28,451.10,738,35,34
1169,20.2996,stop,339.08,442.36,712,31,35
1169,20.2996,stop,1066.38,437.28,704,30,32
1169,20.2996,stop,1215.89,218.44,821,34,35
1169,20.2996,stop,385.65,89.46,681,32,32
1169,20.2996,stop,337.17,84.91,679,30,33
1169,20.2996,stop,483.81,67.88,754,36,32
1169,20.2996,stop,442.63,58.56,864,37,37
1170,20.3156,stop,1514.39,1046.12,902,36,37
1170,20.3156,stop,1009.05,712.21,647,31,35
1170,20.3156,stop,1626.85,576.32,698,33,33
1170,20.3156,stop,1644.87,526.11,803,36,32
1170,20.3156,stop,396.29,451.01,737,35,35
1170,20.3156,stop,339.01,442.20,702,31,35
1170,20.3156,stop,1065.99,438.04,702,29,33
1170,20.3156,stop,1216.00,218.26,809,35,35
1170,20.3156,stop,385.70,89.49,678,30,32
1170,20.3156,stop,337.18,84.97,680,31,33
1170,20.3156,stop,483.59,66.97,780,34,34
1170,20.3156,stop,442.73,58.57,865,36,38
1171,20.3316,stop,1513.51,1045.95,857,30,37
1171,20.3316,stop,1008.90,712.58,656,32,35
1171,20.3316,stop,1626.86,576.32,693,32,33
1171,20.3316,stop,1645.03,526.10,808,36,32
1171,20.3316,stop,396.21,451.08,745,35,36
1171,20.3316,stop,339.17,442.39,703,31,35
1171,20.3316,stop,1065.95,439.00,714,30,33
1171,20.3316,stop,1216.01,218.21,771,33,35
1171,20.3316,stop,385.82,89.59,694,33,33
1171,20.3316,stop,337.12,85.06,688,31,33
1171,20.3316,stop,483.56,67.05,784,34,35
1171,20.3316,stop,442.01,57.73,929,38,37
1172,20.3476,stop,1513.46,1045.97,851,31,37
1172,20.3476,stop,1008.57,712.69,631,31,34
1172,20.3476,stop,1626.79,576.36,698,33,33
1172,20.3476,stop,1644.98,526.12,800,36,32
1172,20.3476,stop,396.27,450.99,730,35,34
1172,20.3476,stop,339.12,442.31,703,31,35
1172,20.3476,stop,1066.02,439.55,706,31,33
1172,20.3476,stop,1216.57,217.46,717,32,34
1172,20.3476,stop,385.75,89.59,684,31,32
1172,20.3476,stop,337.14,84.95,686,31,33
1172,20.3476,stop,483.73,67.87,760,36,32
1172,20.3476,stop,442.69,58.57,870,37,37
1173,20.3636,stop,1513.40,1046.01,863,31,37
1173,20.3636,stop,1008.67,713.03,607,30,33
1173,20.3636,stop,1626.79,576.38,699,33,33
1173,20.3636,stop,1644.98,526.05,812,36,32
1173,20.3636,stop,396.15,450.93,743,35,34
1173,20.3636,stop,1065.84,440.59,710,32,33
1173,20.3636,stop,339.00,442.21,703,31,35
1173,20.3636,stop,1216.41,217.66,672,31,33
1173,20.3636,stop,385.77,89.53,685,32,32
1173,20.3636,stop,337.25,84.98,683,30,33
1173,20.3636,stop,484.18,67.98,744,34,32
1173,20.3636,stop,442.69,58.62,871,37,37
1174,20.3836,stop,1513.46,1046.04,858,31,37
1174,20.3836,stop,1009.15,713.21,588,30,32
1174,20.3836,stop,1626.85,576.31,692,33,33
1174,20.3836,stop,1644.93,526.03,794,36,32
1174,20.3836,stop,396.10,451.04,753,35,36
1174,20.3836,stop,1065.77,441.40,665,33,32
1174,20.3836,stop,339.11,442.35,707,31,35
1174,20.3836,stop,1215.61,216.92,576,29,33
1174,20.3836,stop,385.73,89.39,674,29,32
1174,20.3836,stop,337.29,85.18,678,31,33
1174,20.3836,stop,483.21,66.94,810,37,35
1174,20.3836,stop,442.63,58.73,862,37,36
1175,20.3996,stop,1513.37,1046.01,852,31,37
1175,20.3996,stop,1009.23,712.76,530,30,32
1175,20.3996,stop,1626.82,576.32,700,32,33
1175,20.3996,stop,1644.94,526.05,808,36,32
1175,20.3996,stop,396.15,451.04,748,35,35
1175,20.3996,stop,1066.20,441.92,610,32,30
1175,20.3996,stop,339.03,442.42,708,31,35
1175,20.3996,stop,1215.93,216.64,529,28,32
1175,20.3996,stop,385.60,89.51,676,31,32
1175,20.3996,stop,337.12,85.06,670,30,33
1175,20.3996,stop,483.60,67.80,758,37,32
1175,20.3996,stop,442.77,58.56,871,37,38
1176,20.4156,stop,1514.36,1046.11,902,36,37
1176,20.4156,stop,1010.18,713.71,517,28,31
1176,20.4156,stop,1626.77,576.24,691,32,33
1176,20.4156,stop,1644.93,526.12,800,36,32
1176,20.4156,stop,396.24,451.06,737,35,34
1176,20.4156,stop,1066.26,442.38,531,32,27
1176,20.4156,stop,339.04,442.29,702,31,35
1176,20.4156,stop,1215.32,217.21,518,28,32
1176,20.4156,stop,385.81,89.48,688,31,32
1176,20.4156,stop,337.12,85.13,677,31,33
1176,20.4156,stop,483.68,67.75,758,38,32
1176,20.4156,stop,442.75,58.65,868,36,37
1177,20.4316,stop,1514.35,1046.12,905,36,37
1177,20.4316,stop,1010.77,713.95,475,27,30
1177,20.4316,stop,1626.73,576.39,693,32,33
1177,20.4316,stop,1644.90,526.19,810,36,32
1177,20.4316,stop,396.14,450.89,748,35,35
1177,20.4316,stop,1066.41,442.24,472,32,25
1177,20.4316,stop,339.09,442.40,701,31,35
1177,20.4316,stop,1214.66,217.49,492,27,31
1177,20.4316,stop,385.68,89.45,687,31,33
1177,20.4316,stop,337.20,84.93,680,30,33
1177,20.4316,stop,483.69,67.11,779,34,34
1177,20.4316,stop,442.72,58.66,870,38,38
1178,20.4476,stop,1514.35,1046.14,902,36,37
1178,20.4476,stop,1011.41,713.52,421,26,28
1178,20.4476,stop,1626.80,576.37,696,32,33
1178,20.4476,stop,1644.93,526.14,804,36,32
1178,20.4476,stop,396.17,451.01,738,35,35
1178,20.4476,stop,1066.85,442.29,428,30,24
1178,20.4476,stop,339.01,442.32,695,31,35
1178,20.4476,stop,1214.06,217.68,477,26,34
1178,20.4476,stop,385.82,89.51,695,31,32
1178,20.4476,stop,337.08,84.98,677,31,33
1178,20.4476,stop,483.54,66.98,786,33,35
1178,20.4476,stop,442.75,58.51,870,37,38
1179,20.4636,stop,1513.43,1045.97,855,30,37
1179,20.4636,stop,1012.43,713.87,401,26,27
1179,20.4636,stop,1626.88,576.40,702,32,33
1179,20.4636,stop,1645.02,526.09,805,36,33
1179,20.4636,stop,396.11,450.99,748,35,34
1179,20.4636,stop,1067.03,442.21,400,29,24
1179,20.4636,stop,339.01,442.44,707,31,35
1179,20.4636,stop,1213.92,216.95,415,25,29
1179,20.4636,stop,385.80,89.63,683,31,32
1179,20.4636,stop,337.04,85.12,681,30,33
1179,20.4636,stop,483.69,67.85,762,36,32
1179,20.4636,stop,442.64,58.64,864,37,37
1180,20.4836,stop,1513.46,1045.96,856,30,37
1180,20.4836,stop,1013.40,713.80,384,25,27
1180,20.4836,stop,1626.77,576.28,695,32,33
1180,20.4836,stop,1644.92,526.02,810,36,32
1180,20.4836,stop,396.20,450.95,743,35,34
1180,20.4836,stop,1067.67,441.42,403,29,25
1180,20.4836,stop,339.13,442.34,705,31,35
1180,20.4836,stop,1212.29,218.91,430,25,33
1180,20.4836,stop,385.67,89.53,688,32,33
1180,20.4836,stop,337.04,84.99,675,30,33
1180,20.4836,stop,483.64,67.03,789,34,34
1180,20.4836,stop,442.70,58.62,869,36,37
1181,20.4996,stop,1513.56,1046.11,856,30,37
1181,20.4996,stop,1014.62,713.95,373,25,27
1181,20.4996,stop,1626.74,576.33,695,32,33
1181,20.4996,stop,1644.96,526.15,809,36,32
1181,20.4996,stop,396.20,451.02,739,35,34
1181,20.4996,stop,1068.08,440.65,400,29,24
1181,20.4996,stop,339.11,442.31,701,31,35
1181,20.4996,stop,1212.13,219.68,362,23,26
1181,20.4996,stop,385.62,89.52,680,31,32
1181,20.4996,stop,337.18,85.00,679,31,33
1181,20.4996,stop,484.16,68.03,739,33,32
1181,20.4996,stop,441.94,57.58,929,37,37
1182,20.5156,stop,1513.24,1045.96,871,31,37
1182,20.5156,stop,1016.09,713.97,355,26,25
1182,20.5156,stop,1626.89,576.37,694,33,33
1182,20.5156,stop,1644.86,526.11,805,36,32
1182,20.5156,stop,396.29,451.08,734,35,34
1182,20.5156,stop,1068.80,439.78,425,30,24
1182,20.5156,stop,339.11,442.23,707,31,35
1182,20.5156,stop,1210.85,220.58,342,22,25
1182,20.5156,stop,385.76,89.49,684,32,33
1182,20.5156,stop,337.14,84.97,679,31,33
1182,20.5156,stop,483.70,67.14,788,33,35
1182,20.5156,stop,442.74,58.60,872,38,38
1183,20.5316,stop,1514.29,1046.24,916,36,37
1183,20.5316,stop,1017.91,713.55,338,25,24
1183,20.5316,stop,1626.85,576.38,694,32,33
1183,20.5316,stop,1644.94,526.12,804,36,32
1183,20.5316,stop,396.17,450.99,740,35,35
1183,20.5316,stop,1069.40,438.21,450,30,25
1183,20.5316,stop,339.05,442.36,711,31,35
1183,20.5316,stop,1208.99,220.83,362,22,29
1183,20.5316,stop,385.73,89.55,682,32,33
1183,20.5316,stop,337.28,85.11,684,30,33
1183,20.5316,stop,483.06,66.96,808,36,35
1183,20.5316,stop,442.70,58.68,867,36,37
1184,20.5476,stop,1513.49,1046.09,852,31,37
1184,20.5476,stop,1019.46,713.69,346,26,25
1184,20.5476,stop,1626.86,576.36,697,32,33
1184,20.5476,stop,1644.98,526.00,809,36,32
1184,20.5476,stop,396.18,451.10,739,35,34
1184,20.5476,stop,1069.53,436.58,488,30,25
1184,20.5476,stop,338.90,442.27,713,31,35
1184,20.5476,stop,1208.16,223.03,329,21,23
1184,20.5476,stop,385.65,89.57,683,32,32
1184,20.5476,stop,337.17,84.98,690,31,33
1184,20.5476,stop,483.74,67.75,756,36,32
1184,20.5476,stop,442.60,58.57,857,36,37
1185,20.5636,stop,1513.44,1045.97,851,30,37
1185,20.5636,stop,1020.74,713.31,335,26,24
1185,20.5636,stop,1626.77,576.32,694,32,33
1185,20.5636,stop,1644.94,526.12,811,36,32
1185,20.5636,stop,396.17,450.86,738,35,36
1185,20.5636,stop,339.03,442.50,706,31,35
1185,20.5636,stop,1069.90,434.87,517,30,27
1185,20.5636,stop,1206.77,224.24,329,21,21
1185,20.5636,stop,385.63,89.53,681,31,32
1185,20.5636,stop,336.99,85.02,668,30,33
1185,20.5636,stop,483.77,67.85,758,36,32
1185,20.5636,stop,442.72,58.57,871,37,37
1186,20.5836,stop,1513.40,1045.89,859,31,37
1186,20.5836,stop,1023.12,713.03,323,26,24
1186,20.5836,stop,1626.71,576.28,698,33,33
1186,20.5836,stop,1645.04,526.04,803,36,33
1186,20.5836,stop,396.14,451.03,742,35,35
1186,20.5836,stop,339.14,442.41,708,31,35
1186,20.5836,stop,1070.16,432.99,550,32,28
1186,20.5836,stop,1205.07,225.96,323,21,21
1186,20.5836,stop,385.75,89.56,683,32,32
1186,20.5836,stop,337.19,85.11,686,31,33
1186,20.5836,stop,483.15,66.98,799,36,35
1186,20.5836,stop,441.86,57.49,929,37,38
1187,20.5996,stop,1513.41,1045.99,863,30,37
1187,20.5996,stop,1024.99,712.06,340,25,24
1187,20.5996,stop,1626.77,576.32,692,32,33
1187,20.5996,stop,1644.97,526.09,798,36,32
1187,20.5996,stop,396.21,451.10,745,35,35
1187,20.5996,stop,339.05,442.43,709,31,35
1187,20.5996,stop,1070.63,430.91,568,32,28
1187,20.5996,stop,1203.82,227.46,336,22,22
1187,20.5996,stop,385.86,89.40,687,32,33
1187,20.5996,stop,337.16,84.95,678,31,33
1187,20.5996,stop,484.22,68.02,729,33,32
1187,20.5996,stop,442.78,58.62,868,37,36
1188,20.6156,stop,1513.47,1045.90,850,31,37
1188,20.6156,stop,1026.24,711.23,335,25,24
1188,20.6156,stop,1626.76,576.35,694,32,33
1188,20.6156,stop,1645.06,526.11,799,36,33
1188,20.6156,stop,396.18,451.02,740,35,35
1188,20.6156,stop,339.02,442.36,710,31,35
1188,20.6156,stop,1070.77,428.59,579,33,29
1188,20.6156,stop,1201.88,229.27,335,22,22
1188,20.6156,stop,385.89,89.45,671,29,32
1188,20.6156,stop,337.10,85.08,676,30,33
1188,20.6156,stop,483.79,67.75,759,37,32
1188,20.6156,stop,442.62,58.63,869,38,37
1189,20.6316,stop,1513.50,1045.96,856,31,37
1189,20.6316,stop,1028.91,710.03,338,26,24
1189,20.6316,stop,1626.83,576.32,701,33,33
1189,20.6316,stop,1645.00,526.11,797,36,32
1189,20.6316,stop,396.22,451.01,733,35,34
1189,20.6316,stop,339.12,442.36,707,31,35
1189,20.6316,stop,1070.95,426.27,570,32,30
1189,20.6316,stop,1199.89,231.77,350,23,22
1189,20.6316,stop,385.77,89.48,678,30,33
1189,20.6316,stop,337.07,85.09,670,31,32
1189,20.6316,stop,483.94,67.91,750,36,32
1189,20.6316,stop,442.70,58.74,862,36,36
1190,20.6476,stop,1513.45,1045.99,857,30,37
1190,20.6476,stop,1030.75,708.72,357,27,23
1190,20.6476,stop,1626.77,576.27,695,32,33
1190,20.6476,stop,1644.96,526.14,806,36,33
1190,20.6476,stop,396.22,450.94,747,35,34
1190,20.6476,stop,339.13,442.35,710,31,35
1190,20.6476,stop,1070.88,423.76,560,32,29
1190,20.6476,stop,1198.18,233.49,392,27,24
1190,20.6476,stop,385.77,89.56,680,31,33
1190,20.6476,stop,337.16,85.12,682,31,33
1190,20.6476,stop,483.53,67.09,787,34,35
1190,20.6476,stop,441.96,57.58,929,36,37
1191,20.6676,stop,1513.47,1046.04,847,30,37
1191,20.6676,stop,1032.76,707.05,367,25,25
1191,20.6676,stop,1626.88,576.30,697,33,33
1191,20.6676,stop,1645.04,526.08,802,36,32
1191,20.6676,stop,396.15,450.98,746,35,34
1191,20.6676,stop,339.05,442.36,709,31,35
1191,20.6676,stop,1070.38,421.37,510,29,29
1191,20.6676,stop,1197.85,235.29,419,32,24
1191,20.6676,stop,385.75,89.60,688,31,32
1191,20.6676,stop,337.19,84.99,681,31,33
1191,20.6676,stop,483.70,67.84,767,38,32
1191,20.6676,stop,442.69,58.60,868,37,37
1192,20.6836,stop,1513.40,1046.06,863,31,37
1192,20.6836,stop,1035.05,705.58,382,25,25
1192,20.6836,stop,1626.78,576.40,694,32,33
1192,20.6836,stop,1644.89,526.10,804,36,33
1192,20.6836,stop,396.14,451.04,741,35,35
1192,20.6836,stop,339.07,442.36,703,31,35
1192,20.6836,stop,1069.59,419.44,524,28,31
1192,20.6836,stop,1195.41,238.14,447,32,25
1192,20.6836,stop,385.79,89.43,680,30,32
1192,20.6836,stop,337.13,85.00,680,30,33
1192,20.6836,stop,483.63,67.11,791,33,35
1192,20.6836,stop,442.72,58.61,861,37,37
1193,20.6996,stop,1513.38,1045.90,854,31,37
1193,20.6996,stop,1037.10,703.96,413,27,25
1193,20.6996,stop,1626.80,576.37,701,32,33
1193,20.6996,stop,1644.88,526.12,808,36,32
1193,20.6996,stop,396.19,450.93,744,35,34
1193,20.6996,stop,339.03,442.29,706,31,35
1193,20.6996,stop,1069.25,416.64,496,26,31
1193,20.6996,stop,1193.94,241.24,442,29,25
1193,20.6996,stop,385.73,89.58,676,31,32
1193,20.6996,stop,337.13,85.09,672,30,32
1193,20.6996,stop,483.15,66.99,810,36,35
1193,20.6996,stop,442.73,58.60,870,37,38
1194,20.7156,stop,1513.47,1045.98,854,31,37
1194,20.7156,stop,1039.14,702.24,420,27,26
1194,20.7156,stop,1626.93,576.38,693,32,33
1194,20.7156,stop,1645.03,526.09,807,36,33
1194,20.7156,stop,396.24,450.99,742,35,35
1194,20.7156,stop,339.05,442.30,701,31,35
1194,20.7156,stop,1068.96,413.83,480,26,31
1194,20.7156,stop,1191.52,244.17,467,29,27
1194,20.7156,stop,385.77,89.49,685,31,32
1194,20.7156,stop,337.18,84.99,671,30,33
1194,20.7156,stop,483.77,67.80,747,37,32
1194,20.7156,stop,442.69,58.63,865,37,37
1195,20.7316,stop,1513.42,1045.94,847,30,37
1195,20.7316,stop,1040.98,700.14,417,29,25
1195,20.7316,stop,1626.80,576.30,698,33,33
1195,20.7316,stop,1644.98,526.20,801,36,32
1195,20.7316,stop,396.20,451.12,745,35,34
1195,20.7316,stop,338.97,442.24,703,31,35
1195,20.7316,stop,1068.38,410.87,455,23,30
1195,20.7316,stop,1187.97,246.17,410,24,26
1195,20.7316,stop,385.83,89.61,684,31,32
1195,20.7316,stop,337.16,85.11,678,31,33
1195,20.7316,stop,483.38,67.08,801,36,35
1195,20.7316,stop,441.92,57.71,929,38,37
1196,20.7476,stop,1513.42,1046.08,860,30,37
1196,20.7476,stop,1043.09,698.03,416,28,25
1196,20.7476,stop,1626.94,576.27,686,33,33
1196,20.7476,stop,1645.00,526.10,804,36,33
1196,20.7476,stop,396.11,450.94,746,35,34
1196,20.7476,stop,339.12,442.23,701,31,35
1196,20.7476,stop,1068.38,406.46,382,24,26
1196,20.7476,stop,1185.99,249.36,425,25,27
1196,20.7476,stop,385.78,89.57,673,30,32
1196,20.7476,stop,337.22,85.03,690,31,33
1196,20.7476,stop,483.74,67.11,790,34,35
1196,20.7476,stop,442.71,58.63,865,37,38
1197,20.7676,stop,1513.45,1046.01,864,30,37
1197,20.7676,stop,1044.97,695.66,413,29,25
1197,20.7676,stop,1626.82,576.32,696,32,33
1197,20.7676,stop,1644.86,526.17,812,36,32
1197,20.7676,stop,396.17,451.14,748,35,34
1197,20.7676,stop,339.06,442.39,712,31,35
1197,20.7676,stop,1067.11,402.55,371,23,26
1197,20.7676,stop,1183.60,253.46,446,23,27
1197,20.7676,stop,385.67,89.52,686,31,32
1197,20.7676,stop,337.21,84.91,691,31,33
1197,20.7676,stop,483.62,67.11,787,35,35
1197,20.7676,stop,442.75,58.65,868,36,37
1198,20.7836,stop,1514.37,1046.11,906,36,37
1198,20.7836,stop,1046.82,693.19,420,30,25
1198,20.7836,stop,1626.78,576.34,703,32,33
1198,20.7836,stop,1645.00,526.02,796,36,32
1198,20.7836,stop,396.10,451.11,745,35,34
1198,20.7836,stop,339.06,442.29,710,31,35
1198,20.7836,stop,1066.19,399.24,358,22,24
1198,20.7836,stop,1181.28,256.54,457,26,30
1198,20.7836,stop,385.76,89.51,680,31,32
1198,20.7836,stop,337.06,85.02,675,31,33
1198,20.7836,stop,484.11,68.00,750,36,32
1198,20.7836,stop,442.65,58.59,864,38,37
1199,20.7996,stop,1514.31,1046.12,902,36,37
1199,20.7996,stop,1048.63,690.57,434,30,25
1199,20.7996,stop,1626.88,576.35,697,33,33
1199,20.7996,stop,1644.94,526.10,801,36,32
1199,20.7996,stop,396.16,450.95,740,35,35
1199,20.7996,stop,339.01,442.34,710,31,35
1199,20.7996,stop,1065.07,395.96,357,22,25
1199,20.7996,stop,1180.46,260.83,422,25,25
1199,20.7996,stop,385.80,89.54,689,32,32
1199,20.7996,stop,337.16,85.01,671,30,33
1199,20.7996,stop,483.08,66.86,813,38,35
1199,20.7996,stop,442.69,58.63,865,37,36
1200,20.8156,stop,1513.35,1045.98,863,30,37
1200,20.8156,stop,1051.04,687.71,433,28,25
1200,20.8156,stop,1626.92,576.39,693,33,33
1200,20.8156,stop,1645.01,526.02,801,36,32
1200,20.8156,stop,396.21,451.11,744,35,34
1200,20.8156,stop,339.04,442.38,707,31,35
1200,20.8156,stop,1063.21,392.24,344,21,24
1200,20.8156,stop,1178.47,265.06,440,25,30
1200,20.8156,stop,385.74,89.54,681,31,32
1200,20.8156,stop,337.07,85.21,678,31,33
1200,20.8156,stop,484.14,67.96,737,34,32
1200,20.8156,stop,442.75,58.63,868,38,37
1201,20.8316,stop,1513.60,1045.89,856,30,37
1201,20.8316,stop,1053.01,684.80,432,28,25
1201,20.8316,stop,1626.91,576.38,700,33,33
1201,20.8316,stop,1644.90,526.10,809,36,32
1201,20.8316,stop,396.22,451.11,743,35,34
1201,20.8316,stop,339.05,442.38,702,31,35
1201,20.8316,stop,1061.16,390.62,375,21,30
1201,20.8316,stop,1175.68,269.30,446,26,31
1201,20.8316,stop,385.72,89.44,684,31,32
1201,20.8316,stop,337.09,84.98,682,31,33
1201,20.8316,stop,483.63,67.20,783,33,35
1201,20.8316,stop,442.68,58.65,866,38,37
1202,20.8476,stop,1513.36,1045.96,857,30,37
1202,20.8476,stop,1054.89,681.67,432,28,25
1202,20.8476,stop,1626.81,576.39,694,33,33
1202,20.8476,stop,1645.04,526.13,806,35,33
1202,20.8476,stop,396.10,451.07,734,35,34
1202,20.8476,stop,339.05,442.33,701,31,35
1202,20.8476,stop,1059.22,387.36,397,22,31
1202,20.8476,stop,1173.24,273.79,442,25,30
1202,20.8476,stop,385.78,89.61,687,30,32
1202,20.8476,stop,337.13,85.09,685,31,33
1202,20.8476,stop,483.11,66.98,803,37,35
1202,20.8476,stop,442.67,58.63,859,36,37
1203,20.8676,stop,1513.42,1045.98,855,31,37
1203,20.8676,stop,1057.05,678.72,430,27,26
1203,20.8676,stop,1626.75,576.29,697,33,33
1203,20.8676,stop,1645.02,526.07,810,36,33
1203,20.8676,stop,396.15,451.12,749,35,36
1203,20.8676,stop,339.08,442.31,710,31,35
1203,20.8676,stop,1056.88,383.97,437,23,31
1203,20.8676,stop,1171.29,278.23,422,23,30
1203,20.8676,stop,385.63,89.48,681,31,32
1203,20.8676,stop,337.29,84.95,678,30,33
1203,20.8676,stop,483.65,67.01,796,33,35
1203,20.8676,stop,442.77,58.70,871,36,36
1204,20.8836,stop,1514.51,1046.16,910,36,37
1204,20.8836,stop,1059.07,675.42,433,27,25
1204,20.8836,stop,1626.77,576.42,699,32,33
1204,20.8836,stop,1644.97,526.10,806,36,32
1204,20.8836,stop,396.12,451.01,745,35,35
1204,20.8836,stop,339.07,442.40,710,31,35
1204,20.8836,stop,1054.72,380.72,483,24,31
1204,20.8836,stop,1168.60,282.51,420,22,29
1204,20.8836,stop,385.81,89.45,686,31,32
1204,20.8836,stop,337.31,84.95,685,31,33
1204,20.8836,stop,483.62,67.08,787,33,35
1204,20.8836,stop,442.68,58.60,868,37,38
1205,20.8996,stop,1514.34,1046.22,914,36,37
1205,20.8996,stop,1060.98,672.14,449,28,25
1205,20.8996,stop,1626.82,576.32,696,33,33
1205,20.8996,stop,1644.83,526.08,808,36,32
1205,20.8996,stop,396.07,450.88,742,35,35
1205,20.8996,stop,339.15,442.35,710,31,35
1205,20.8996,stop,1052.38,377.05,517,24,33
1205,20.8996,stop,1166.82,286.72,431,28,29
1205,20.8996,stop,385.67,89.67,686,31,32
1205,20.8996,stop,337.18,85.12,693,32,32
1205,20.8996,stop,483.85,67.84,743,36,32
1205,20.8996,stop,442.63,58.63,861,36,37
1206,20.9156,stop,1513.41,1046.01,856,31,37
1206,20.9156,stop,1063.20,668.53,448,29,25
1206,20.9156,stop,1626.85,576.31,695,32,33
1206,20.9156,stop,1644.94,526.08,804,36,32
1206,20.9156,stop,396.14,451.01,737,35,34
1206,20.9156,stop,339.11,442.37,717,31,35
1206,20.9156,stop,1049.71,374.02,549,27,33
1206,20.9156,stop,1162.78,291.54,415,24,30
1206,20.9156,stop,385.86,89.54,682,30,32
1206,20.9156,stop,337.24,85.04,684,31,33
1206,20.9156,stop,483.32,67.08,807,38,35
1206,20.9156,stop,442.67,58.60,865,37,37
1207,20.9316,stop,1513.37,1045.92,864,31,37
1207,20.9316,stop,1065.37,664.99,458,30,25
1207,20.9316,stop,1626.78,576.29,698,33,33
1207,20.9316,stop,1644.93,526.19,808,36,33
1207,20.9316,stop,396.18,451.02,746,35,35
1207,20.9316,stop,339.02,442.35,704,31,35
1207,20.9316,stop,1046.87,369.89,601,29,33
1207,20.9316,stop,1159.99,296.68,408,22,30
1207,20.9316,stop,385.79,89.49,680,30,32
1207,20.9316,stop,337.20,85.13,675,31,33
1207,20.9316,stop,483.11,66.87,801,37,35
1207,20.9316,stop,442.72,58.57,865,36,37
1208,20.9476,stop,1513.45,1045.97,869,30,37
1208,20.9476,stop,1067.97,661.21,463,28,25
1208,20.9476,stop,1626.87,576.41,704,33,33
1208,20.9476,stop,1644.86,526.12,807,36,32
1208,20.9476,stop,396.18,451.17,742,35,35
1208,20.9476,stop,339.06,442.30,709,31,35
1208,20.9476,stop,1043.53,365.42,662,30,34
1208,20.9476,stop,1156.92,301.87,418,23,30
1208,20.9476,stop,385.74,89.48,692,31,33
1208,20.9476,stop,337.13,85.02,672,30,33
1208,20.9476,stop,483.74,67.85,756,36,32
1208,20.9476,stop,442.76,58.61,865,36,36
1209,20.9676,stop,1513.32,1046.10,866,31,37
1209,20.9676,stop,1070.29,657.37,475,28,28
1209,20.9676,stop,1626.86,576.27,693,33,33
1209,20.9676,stop,1645.05,526.01,804,36,32
1209,20.9676,stop,396.18,450.92,742,35,34
1209,20.9676,stop,339.00,442.41,708,31,35
1209,20.9676,stop,1040.31,361.60,695,32,34
1209,20.9676,stop,1153.72,306.88,400,21,30
1209,20.9676,stop,385.83,89.53,681,30,32
1209,20.9676,stop,337.21,85.05,683,31,33
1209,20.9676,stop,483.73,67.75,757,37,33
1209,20.9676,stop,442.55,58.57,865,37,38
1210,20.9836,stop,1513.47,1045.95,857,30,37
1210,20.9836,stop,1072.76,653.18,494,29,27
1210,20.9836,stop,1626.88,576.29,689,32,33
1210,20.9836,stop,1645.02,526.07,808,36,33
1210,20.9836,stop,396.14,451.08,748,35,34
1210,20.9836,stop,339.08,442.40,708,31,35
1210,20.9836,stop,1036.94,357.79,707,33,33
1210,20.9836,stop,1150.61,312.11,406,23,29
1210,20.9836,stop,385.80,89.53,680,29,32
1210,20.9836,stop,337.12,85.03,677,31,33
1210,20.9836,stop,483.10,66.92,807,37,35
1210,20.9836,stop,442.71,58.63,869,36,37
1211,20.9996,stop,1513.42,1045.88,863,30,37
1211,20.9996,stop,1075.71,648.66,515,28,27
1211,20.9996,stop,1626.87,576.33,699,32,33
1211,20.9996,stop,1644.93,526.09,805,36,33
1211,20.9996,stop,396.11,451.04,751,35,34
1211,20.9996,stop,339.04,442.41,704,31,35
1211,20.9996,stop,1034.19,353.59,751,34,33
1211,20.9996,stop,1147.12,317.21,447,24,31
1211,20.9996,stop,385.79,89.56,677,31,32
1211,20.9996,stop,337.21,84.92,674,30,33
1211,20.9996,stop,483.57,67.04,786,33,34
1211,20.9996,stop,442.67,58.78,859,37,36
1212,21.0156,stop,1514.37,1046.14,910,36,37
1212,21.0156,stop,1077.97,644.28,529,30,30
1212,21.0156,stop,1626.74,576.34,691,32,33
1212,21.0156,stop,1644.96,526.08,796,36,33
1212,21.0156,stop,396.18,450.97,744,35,35
1212,21.0156,stop,339.06,442.30,703,31,35
1212,21.0156,stop,1030.57,349.97,768,35,33
1212,21.0156,stop,1143.38,323.09,437,23,30
1212,21.0156,stop,385.69,89.48,687,32,32
1212,21.0156,stop,337.23,85.04,672,31,33
1212,21.0156,stop,484.29,68.06,741,33,32
1212,21.0156,stop,442.72,58.65,857,36,36
1213,21.0316,stop,1514.44,1046.12,900,36,37
1213,21.0316,stop,1081.22,640.27,583,30,30
1213,21.0316,stop,1626.81,576.29,698,32,33
1213,21.0316,stop,1645.06,526.07,801,36,32
1213,21.0316,stop,395.57,451.61,786,35,34
1213,21.0316,stop,338.98,442.24,707,31,35
1213,21.0316,stop,1026.71,347.11,722,35,32
1213,21.0316,stop,1140.67,329.06,471,30,29
1213,21.0316,stop,385.71,89.48,685,31,32
1213,21.0316,stop,337.09,84.96,676,31,33
1213,21.0316,stop,483.62,67.11,786,33,35
1213,21.0316,stop,442.62,58.62,869,36,38
1214,21.0476,stop,1513.48,1046.06,851,29,37
1214,21.0476,stop,1084.22,635.90,629,31,30
1214,21.0476,stop,1626.70,576.34,696,32,33
1214,21.0476,stop,1644.88,526.18,803,36,32
1214,21.0476,stop,396.34,451.04,737,35,35
1214,21.0476,stop,339.14,442.34,708,31,35
1214,21.0476,stop,1023.89,343.40,738,34,32
1214,21.0476,stop,1135.92,334.47,450,24,29
1214,21.0476,stop,385.69,89.58,679,31,32
1214,21.0476,stop,337.16,85.06,680,31,33
1214,21.0476,stop,483.57,67.08,780,33,35
1214,21.0476,stop,442.62,58.60,873,37,38
1215,21.0676,stop,1513.43,1045.95,857,31,37
1215,21.0676,stop,1086.09,630.48,722,34,32
1215,21.0676,stop,1626.83,576.34,696,32,33
1215,21.0676,stop,1644.86,526.21,803,36,33
1215,21.0676,stop,396.12,450.98,744,35,34
1215,21.0676,stop,339.06,442.36,708,31,35
1215,21.0676,stop,1130.99,339.52,503,26,29
1215,21.0676,stop,1020.49,340.05,681,33,31
1215,21.0676,stop,385.69,89.47,687,30,32
1215,21.0676,stop,337.25,85.09,679,30,33
1215,21.0676,stop,483.63,67.81,750,37,32
1215,21.0676,stop,441.84,57.55,930,38,37
1216,21.0836,stop,1514.33,1046.09,906,36,38
1216,21.0836,stop,1088.99,625.43,783,34,33
1216,21.0836,stop,1626.84,576.32,703,33,33
1216,21.0836,stop,1644.96,526.13,803,36,32
1216,21.0836,stop,396.15,450.91,740,35,35
1216,21.0836,stop,339.05,442.20,703,31,35
1216,21.0836,stop,1127.98,346.07,583,32,30
1216,21.0836,stop,1016.44,337.38,579,32,30
1216,21.0836,stop,385.87,89.47,687,31,32
1216,21.0836,stop,337.21,85.08,690,31,33
1216,21.0836,stop,483.67,67.15,783,33,35
1216,21.0836,stop,441.98,57.63,929,36,37
1217,21.0996,stop,1514.42,1046.16,908,36,37
1217,21.0996,stop,1091.91,620.28,859,34,37
1217,21.0996,stop,1626.70,576.31,698,33,33
1217,21.0996,stop,1644.92,526.12,807,36,33
1217,21.0996,stop,396.16,451.08,751,35,35
1217,21.0996,stop,339.01,442.26,715,31,35
1217,21.0996,stop,1121.80,351.90,601,27,31
1217,21.0996,stop,1013.52,334.43,529,32,28
1217,21.0996,stop,385.70,89.62,691,32,32
1217,21.0996,stop,337.08,84.97,681,31,33
1217,21.0996,stop,483.69,67.86,758,36,32
1217,21.0996,stop,442.68,58.59,865,36,37
1218,21.1156,stop,1513.30,1045.98,859,31,37
1218,21.1156,stop,1094.41,615.40,865,35,35
1218,21.1156,stop,1626.80,576.37,704,33,33
1218,21.1156,stop,1644.87,526.02,807,36,33
1218,21.1156,stop,396.21,451.07,737,35,35
1218,21.1156,stop,339.10,442.31,710,31,35
1218,21.1156,stop,1118.78,358.87,693,31,32
1218,21.1156,stop,1011.76,331.11,473,29,27
1218,21.1156,stop,385.67,89.45,683,31,32
1218,21.1156,stop,337.05,85.00,670,30,33
1218,21.1156,stop,483.70,67.89,759,37,32
1218,21.1156,stop,442.74,58.63,863,37,36
1219,21.1316,stop,1514.32,1046.18,913,36,37
1219,21.1316,stop,1097.47,610.48,833,35,34
1219,21.1316,stop,1626.84,576.28,695,32,33
1219,21.1316,stop,1644.89,526.17,805,36,32
1219,21.1316,stop,396.13,451.03,745,35,35
1219,21.1316,stop,339.03,442.28,699,31,35
1219,21.1316,stop,1113.88,365.71,756,34,33
1219,21.1316,stop,1008.88,328.40,467,28,27
1219,21.1316,stop,385.80,89.44,690,31,33
1219,21.1316,stop,337.21,84.94,679,30,33
1219,21.1316,stop,483.85,67.93,757,37,32
1219,21.1316,stop,442.61,58.53,857,37,38
1220,21.1476,stop,1513.51,1046.01,862,30,37
1220,21.1476,stop,1100.44,604.93,801,34,33
1220,21.1476,stop,1626.88,576.35,701,33,33
1220,21.1476,stop,1644.95,526.15,811,36,32
1220,21.1476,stop,396.11,450.90,745,35,35
1220,21.1476,stop,339.01,442.29,708,31,35
1220,21.1476,stop,1109.33,372.32,839,34,34
1220,21.1476,stop,1004.89,326.20,499,32,26
1220,21.1476,stop,385.86,89.51,682,29,33
1220,21.1476,stop,337.19,84.88,674,30,33
1220,21.1476,stop,483.75,67.85,763,37,32
1220,21.1476,stop,442.59,58.52,869,37,37
1221,21.1676,stop,1513.42,1046.00,860,31,37
1221,21.1676,stop,1103.15,599.98,777,34,33
1221,21.1676,stop,1626.77,576.27,701,32,33
1221,21.1676,stop,1644.96,526.08,805,36,32
1221,21.1676,stop,396.23,451.01,746,35,34
1221,21.1676,stop,338.96,442.29,706,31,35
1221,21.1676,stop,1105.05,378.82,870,34,35
1221,21.1676,stop,1003.49,322.94,435,27,26
1221,21.1676,stop,385.81,89.51,690,31,33
1221,21.1676,stop,336.97,85.01,680,31,33
1221,21.1676,stop,484.09,67.96,736,33,32
1221,21.1676,stop,442.68,58.60,872,37,37
1222,21.1836,stop,1513.45,1045.99,851,30,37
1222,21.1836,stop,1105.82,595.21,745,34,32
1222,21.1836,stop,1626.83,576.27,695,33,33
1222,21.1836,stop,1644.97,526.15,805,36,34
1222,21.1836,stop,396.11,451.08,746,35,34
1222,21.1836,stop,339.09,442.42,713,31,35
1222,21.1836,stop,1100.06,385.73,905,35,36
1222,21.1836,stop,1001.13,320.51,437,27,26
1222,21.1836,stop,385.71,89.53,682,31,32
1222,21.1836,stop,337.15,85.02,672,30,33
1222,21.1836,stop,483.12,66.92,803,37,35
1222,21.1836,stop,442.72,58.65,859,37,38
1223,21.1996,stop,1514.34,1046.06,904,36,37
1223,21.1996,stop,1108.36,590.75,710,33,31
1223,21.1996,stop,1626.90,576.40,694,33,33
1223,21.1996,stop,1644.89,526.04,800,36,33
1223,21.1996,stop,396.28,451.00,746,35,35
1223,21.1996,stop,339.14,442.31,701,31,35
1223,21.1996,stop,1095.25,392.57,902,35,34
1223,21.1996,stop,998.60,317.69,507,32,31
1223,21.1996,stop,385.81,89.55,682,31,32
1223,21.1996,stop,337.28,85.00,672,31,33
1223,21.1996,stop,483.25,67.01,807,38,35
1223,21.1996,stop,442.64,58.64,862,38,36
1224,21.2156,stop,1513.46,1045.94,857,31,37
1224,21.2156,stop,1111.61,587.00,617,33,30
1224,21.2156,stop,1626.85,576.36,704,33,33
1224,21.2156,stop,1644.88,526.17,806,36,34
1224,21.2156,stop,396.12,451.08,742,35,35
1224,21.2156,stop,339.03,442.39,697,31,35
1224,21.2156,stop,1090.67,398.96,900,34,36
1224,21.2156,stop,996.69,315.18,517,31,32
1224,21.2156,stop,385.77,89.47,683,30,32
1224,21.2156,stop,337.16,84.97,680,30,33
1224,21.2156,stop,484.21,67.93,730,33,32
1224,21.2156,stop,442.64,58.66,865,38,36
1225,21.2316,stop,1514.37,1046.19,903,36,37
1225,21.2316,stop,1114.26,582.33,600,33,28
1225,21.2316,stop,1626.80,576.23,700,32,33
1225,21.2316,stop,1644.93,525.99,803,36,32
1225,21.2316,stop,396.12,451.15,745,35,34
1225,21.2316,stop,339.05,442.36,702,31,35
1225,21.2316,stop,1086.34,405.28,869,34,35
1225,21.2316,stop,994.34,313.11,505,30,31
1225,21.2316,stop,385.73,89.46,690,31,32
1225,21.2316,stop,337.21,85.10,680,31,33
1225,21.2316,stop,483.49,67.02,789,34,35
1225,21.2316,stop,442.02,57.64,935,37,37
1226,21.2476,stop,1513.49,1046.00,860,31,37
1226,21.2476,stop,1116.76,578.13,597,33,29
1226,21.2476,stop,1626.78,576.26,699,33,33
1226,21.2476,stop,1644.93,526.20,803,36,33
1226,21.2476,stop,396.19,450.96,740,35,35
1226,21.2476,stop,339.07,442.37,709,31,35
1226,21.2476,stop,1081.89,411.48,824,34,34
1226,21.2476,stop,992.63,310.73,513,30,31
1226,21.2476,stop,385.78,89.50,693,31,33
1226,21.2476,stop,337.11,84.99,681,31,33
1226,21.2476,stop,483.96,67.75,757,37,32
1226,21.2476,stop,441.86,57.54,916,36,37
1227,21.2676,stop,1514.39,1046.07,904,36,37
1227,21.2676,stop,1626.90,576.36,695,33,33
1227,21.2676,stop,1119.13,574.19,585,34,28
1227,21.2676,stop,1644.91,526.17,811,36,33
1227,21.2676,stop,396.24,450.96,747,35,34
1227,21.2676,stop,339.09,442.33,709,31,35
1227,21.2676,stop,1077.07,416.70,734,34,33
1227,21.2676,stop,990.66,308.73,508,30,31
1227,21.2676,stop,385.87,89.41,685,29,32
1227,21.2676,stop,337.21,85.03,674,30,33
1227,21.2676,stop,484.16,67.99,744,35,32
1227,21.2676,stop,442.61,58.52,872,37,38
1228,21.2836,stop,1514.38,1046.07,910,36,37
1228,21.2836,stop,1626.90,576.38,697,32,33
1228,21.2836,stop,1121.93,570.51,555,33,27
1228,21.2836,stop,1644.97,526.05,808,36,32
1228,21.2836,stop,396.18,451.11,743,35,36
1228,21.2836,stop,339.03,442.45,711,31,35
1228,21.2836,stop,1072.45,423.62,762,34,34
1228,21.2836,stop,988.78,306.97,519,32,32
1228,21.2836,stop,385.82,89.48,684,31,32
1228,21.2836,stop,337.15,84.91,677,30,33
1228,21.2836,stop,484.14,68.00,736,33,32
1228,21.2836,stop,442.71,58.56,864,37,38
1229,21.2996,stop,1513.46,1046.01,853,31,37
1229,21.2996,stop,1626.86,576.34,700,33,33
1229,21.2996,stop,1124.27,566.94,530,34,25
1229,21.2996,stop,1644.98,526.10,810,36,32
1229,21.2996,stop,396.24,450.96,736,35,36
1229,21.2996,stop,339.04,442.29,708,31,35
1229,21.2996,stop,1067.27,428.89,704,33,35
1229,21.2996,stop,987.46,304.98,529,31,32
1229,21.2996,stop,385.82,89.47,674,29,33
1229,21.2996,stop,337.23,84.96,683,30,33
1229,21.2996,stop,484.22,67.91,741,34,32
1229,21.2996,stop,441.92,57.50,922,37,37
1230,21.3156,stop,1513.46,1046.06,858,31,37
1230,21.3156,stop,1626.74,576.41,701,32,33
1230,21.3156,stop,1126.94,563.41,502,33,26
1230,21.3156,stop,1645.00,526.10,806,36,32
1230,21.3156,stop,396.13,451.13,739,35,34
1230,21.3156,stop,339.04,442.38,706,31,35
1230,21.3156,stop,1063.05,434.22,649,33,32
1230,21.3156,stop,985.95,303.22,541,32,31
1230,21.3156,stop,385.78,89.50,694,31,32
1230,21.3156,stop,337.10,85.13,683,31,33
1230,21.3156,stop,483.57,67.74,759,38,32
1230,21.3156,stop,442.72,58.61,862,36,36
1231,21.3316,stop,1513.37,1046.00,872,31,37
1231,21.3316,stop,1626.79,576.38,703,32,33
1231,21.3316,stop,1129.52,560.10,524,32,26
1231,21.3316,stop,1644.98,526.01,809,36,33
1231,21.3316,stop,396.20,450.83,744,35,34
1231,21.3316,stop,1058.72,438.95,610,33,31
1231,21.3316,stop,339.01,442.35,710,31,35
1231,21.3316,stop,984.87,301.85,542,32,32
1231,21.3316,stop,385.87,89.42,692,31,32
1231,21.3316,stop,337.10,85.00,684,31,33
1231,21.3316,stop,483.54,67.82,764,38,32
1231,21.3316,stop,442.64,58.55,854,36,37
1232,21.3516,stop,1513.36,1046.02,870,31,37
1232,21.3516,stop,1626.83,576.38,692,32,33
1232,21.3516,stop,1131.91,557.44,529,33,26
1232,21.3516,stop,1644.91,526.01,803,36,32
1232,21.3516,stop,396.10,451.05,747,35,35
1232,21.3516,stop,1054.12,444.21,568,32,29
1232,21.3516,stop,339.02,442.38,711,31,35
1232,21.3516,stop,983.48,300.36,540,31,32
1232,21.3516,stop,385.72,89.43,677,31,32
1232,21.3516,stop,337.15,85.09,682,31,33
1232,21.3516,stop,483.19,66.86,811,37,35
1232,21.3516,stop,442.74,58.60,867,36,37
1233,21.3677,stop,1513.47,1046.01,859,31,37
1233,21.3677,stop,1626.78,576.28,696,33,33
1233,21.3677,stop,1134.25,554.81,532,34,27
1233,21.3677,stop,1644.85,526.13,802,36,32
1233,21.3677,stop,1049.64,448.89,555,30,29
1233,21.3677,stop,396.25,451.16,739,35,34
1233,21.3677,stop,338.94,442.34,713,31,35
1233,21.3677,stop,982.74,298.93,532,31,32
1233,21.3677,stop,385.88,89.53,692,32,32
1233,21.3677,stop,337.16,85.05,682,30,33
1233,21.3677,stop,483.75,67.74,757,36,32
1233,21.3677,stop,442.73,58.57,860,36,37
1234,21.3836,stop,1514.40,1046.16,904,36,37
1234,21.3836,stop,1626.76,576.32,698,32,33
1234,21.3836,stop,1136.75,551.93,530,33,26
1234,21.3836,stop,1644.81,526.10,803,36,32
1234,21.3836,stop,1046.09,453.46,571,33,29
1234,21.3836,stop,396.10,451.07,749,35,34
1234,21.3836,stop,339.08,442.35,707,31,35
1234,21.3836,stop,981.68,297.28,530,32,31
1234,21.3836,stop,385.76,89.49,687,33,33
1234,21.3836,stop,337.12,85.02,690,30,33
1234,21.3836,stop,483.57,67.02,787,33,35
1234,21.3836,stop,441.87,57.56,919,37,37
1235,21.3996,stop,1513.36,1046.07,855,30,37
1235,21.3996,stop,1626.78,576.24,701,33,33
1235,21.3996,stop,1138.75,549.23,514,33,26
1235,21.3996,stop,1644.91,526.07,805,36,32
1235,21.3996,stop,1042.79,458.36,500,29,28
1235,21.3996,stop,396.17,450.95,747,35,36
1235,21.3996,stop,339.04,442.33,698,31,35
1235,21.3996,stop,980.94,296.02,535,31,32
1235,21.3996,stop,385.82,89.37,680,31,32
1235,21.3996,stop,337.15,84.90,677,30,33
1235,21.3996,stop,483.77,67.83,756,38,32
1235,21.3996,stop,442.67,58.60,870,37,38
1236,21.4156,stop,1514.35,1046.17,898,36,37
1236,21.4156,stop,1626.82,576.39,700,32,33
1236,21.4156,stop,1140.71,546.62,501,32,26
1236,21.4156,stop,1644.88,526.12,796,36,32
1236,21.4156,stop,1038.98,462.36,494,29,28
1236,21.4156,stop,396.10,450.99,754,35,35
1236,21.4156,stop,339.06,442.28,704,31,35
1236,21.4156,stop,980.55,294.54,523,32,31
1236,21.4156,stop,385.80,89.61,679,31,32
1236,21.4156,stop,337.16,84.99,669,30,33
1236,21.4156,stop,484.12,67.93,737,33,32
1236,21.4156,stop,442.70,58.59,868,36,37
1237,21.4316,stop,1513.44,1046.03,860,31,37
1237,21.4316,stop,1626.80,576.26,700,33,33
1237,21.4316,stop,1142.66,544.17,496,31,26
1237,21.4316,stop,1645.03,526.08,801,36,32
1237,21.4316,stop,1034.44,465.96,510,33,27
1237,21.4316,stop,396.29,451.01,736,35,36
1237,21.4316,stop,339.00,442.31,705,31,35
1237,21.4316,stop,980.03,293.31,532,32,30
1237,21.4316,stop,385.66,89.50,685,31,32
1237,21.4316,stop,337.15,85.12,684,31,33
1237,21.4316,stop,483.27,66.89,808,36,35
1237,21.4316,stop,442.76,58.60,863,36,38
1238,21.4516,stop,1513.47,1045.95,854,30,37
1238,21.4516,stop,1626.82,576.23,695,33,33
1238,21.4516,stop,1144.99,542.09,511,31,27
1238,21.4516,stop,1645.02,526.07,809,36,32
1238,21.4516,stop,1031.40,469.72,488,28,27
1238,21.4516,stop,395.41,451.61,797,35,35
1238,21.4516,stop,339.17,442.36,705,31,35
1238,21.4516,stop,979.84,292.03,525,32,29
1238,21.4516,stop,385.94,89.51,675,31,32
1238,21.4516,stop,337.17,84.98,691,31,33
1238,21.4516,stop,483.56,67.05,785,34,35
1238,21.4516,stop,441.92,57.63,930,37,37
1239,21.4676,stop,1513.43,1046.03,853,31,37
1239,21.4676,stop,1626.85,576.26,698,32,33
1239,21.4676,stop,1147.28,540.25,527,33,27
1239,21.4676,stop,1644.94,526.14,810,36,32
1239,21.4676,stop,1027.39,473.10,509,28,28
1239,21.4676,stop,396.27,451.08,741,35,34
1239,21.4676,stop,339.09,442.36,709,31,35
1239,21.4676,stop,979.05,291.91,499,32,27
1239,21.4676,stop,385.76,89.60,683,32,32
1239,21.4676,stop,337.10,84.97,678,31,33
1239,21.4676,stop,483.61,67.79,752,37,32
1239,21.4676,stop,441.94,57.61,925,37,37
1240,21.4836,stop,1513.53,1046.02,865,30,37
1240,21.4836,stop,1626.74,576.33,699,33,33
1240,21.4836,stop,1149.54,538.57,551,33,28
1240,21.4836,stop,1644.88,526.10,813,36,32
1240,21.4836,stop,1022.23,477.05,566,32,29
1240,21.4836,stop,396.14,451.09,740,35,35
1240,21.4836,stop,338.97,442.40,709,31,35
1240,21.4836,stop,979.17,291.12,498,32,29
1240,21.4836,stop,385.86,89.53,685,32,32
1240,21.4836,stop,337.11,85.11,680,31,33
1240,21.4836,stop,484.13,67.94,738,34,32
1240,21.4836,stop,442.59,58.65,869,37,36
1241,21.4996,stop,1513.42,1045.96,850,30,37
1241,21.4996,stop,1626.74,576.31,701,32,33
1241,21.4996,stop,1151.83,536.92,553,31,28
1241,21.4996,stop,1644.90,526.04,804,36,32
1241,21.4996,stop,1018.63,480.22,578,32,31
1241,21.4996,stop,396.18,450.92,734,35,35
1241,21.4996,stop,339.15,442.38,702,31,35
1241,21.4996,stop,978.70,290.48,505,32,28
1241,21.4996,stop,385.90,89.49,678,32,32
1241,21.4996,stop,337.17,85.00,685,31,33
1241,21.4996,stop,483.11,66.98,809,37,35
1241,21.4996,stop,441.80,57.57,926,36,37
1242,21.5156,stop,1513.41,1046.06,860,31,37
1242,21.5156,stop,1626.75,576.26,703,33,33
1242,21.5156,stop,1154.00,535.56,556,33,29
1242,21.5156,stop,1644.97,526.07,799,36,32
1242,21.5156,stop,1015.31,483.00,572,33,30
1242,21.5156,stop,396.14,450.83,745,35,34
1242,21.5156,stop,339.05,442.33,701,31,35
1242,21.5156,stop,979.41,289.48,480,31,29
1242,21.5156,stop,385.80,89.50,683,31,32
1242,21.5156,stop,337.12,85.04,683,30,33
1242,21.5156,stop,483.58,67.11,791,33,35
1242,21.5156,stop,442.67,58.64,867,36,37
1243,21.5316,stop,1513.39,1045.99,862,30,37
1243,21.5316,stop,1626.82,576.30,697,33,33
1243,21.5316,stop,1155.41,533.46,630,32,30
1243,21.5316,stop,1644.96,526.07,805,36,32
1243,21.5316,stop,1011.94,485.63,580,32,30
1243,21.5316,stop,396.24,451.00,741,35,35
1243,21.5316,stop,338.96,442.27,709,31,35
1243,21.5316,stop,980.04,287.80,545,29,32
1243,21.5316,stop,385.80,89.46,684,31,33
1243,21.5316,stop,337.14,85.02,674,30,33
1243,21.5316,stop,483.60,67.18,785,33,35
1243,21.5316,stop,441.79,57.54,931,37,38
1244,21.5516,stop,1514.30,1046.10,912,36,37
1244,21.5516,stop,1626.83,576.34,694,33,33
1244,21.5516,stop,1157.37,532.44,652,32,31
1244,21.5516,stop,1644.95,526.13,809,36,33
1244,21.5516,stop,1008.67,487.97,563,32,30
1244,21.5516,stop,396.13,451.05,735,35,34
1244,21.5516,stop,339.07,442.33,714,31,35
1244,21.5516,stop,979.25,287.23,604,33,31
1244,21.5516,stop,385.63,89.40,682,31,32
1244,21.5516,stop,337.05,85.05,678,31,33
1244,21.5516,stop,483.80,67.85,755,36,32
1244,21.5516,stop,442.67,58.52,872,36,38
1245,21.5677,stop,1513.51,1045.92,853,30,37
1245,21.5677,stop,1626.74,576.27,698,32,33
1245,21.5677,stop,1159.41,531.52,648,31,31
1245,21.5677,stop,1644.85,526.17,816,36,32
1245,21.5677,stop,1006.68,490.26,579,32,29
1245,21.5677,stop,395.48,451.64,782,35,34
1245,21.5677,stop,339.08,442.29,711,31,35
1245,21.5677,stop,979.69,286.67,623,32,31
1245,21.5677,stop,385.71,89.67,679,31,32
1245,21.5677,stop,337.14,85.10,686,31,33
1245,21.5677,stop,483.50,67.03,791,35,35
1245,21.5677,stop,441.90,57.53,924,36,37
1246,21.5836,stop,1513.44,1045.90,859,30,37
1246,21.5836,stop,1626.83,576.32,691,32,33
1246,21.5836,stop,1161.31,530.47,645,32,31
1246,21.5836,stop,1644.93,526.13,806,36,33
1246,21.5836,stop,1003.69,492.31,599,32,30
1246,21.5836,stop,395.43,451.74,787,35,34
1246,21.5836,stop,339.13,442.30,708,31,35
1246,21.5836,stop,980.28,286.03,647,33,32
1246,21.5836,stop,385.77,89.63,684,32,33
1246,21.5836,stop,337.13,84.88,679,31,33
1246,21.5836,stop,483.58,67.16,782,33,35
1246,21.5836,stop,442.64,58.60,865,36,37
1247,21.5997,stop,1514.41,1046.12,916,36,37
1247,21.5997,stop,1626.80,576.24,698,32,33
1247,21.5997,stop,1163.05,529.84,634,32,32
1247,21.5997,stop,1645.02,526.15,801,36,32
1247,21.5997,stop,1001.54,493.64,624,32,30
1247,21.5997,stop,396.28,450.90,745,35,35
1247,21.5997,stop,339.07,442.34,705,31,35
1247,21.5997,stop,980.60,285.69,649,33,31
1247,21.5997,stop,385.77,89.65,686,32,32
1247,21.5997,stop,337.08,84.96,677,30,33
1247,21.5997,stop,484.18,67.99,739,33,32
1247,21.5997,stop,442.51,58.67,861,37,37
1248,21.6156,stop,1513.49,1045.95,850,31,37
1248,21.6156,stop,1626.87,576.28,693,33,33
1248,21.6156,stop,1164.76,529.33,659,33,32
1248,21.6156,stop,1644.94,526.12,813,36,33
1248,21.6156,stop,999.00,495.30,647,32,30
1248,21.6156,stop,396.12,451.08,741,35,35
1248,21.6156,stop,339.05,442.34,705,31,35
1248,21.6156,stop,980.56,285.88,620,33,31
1248,21.6156,stop,385.71,89.40,691,32,32
1248,21.6156,stop,337.20,85.09,675,30,33
1248,21.6156,stop,483.67,67.79,759,37,32
1248,21.6156,stop,442.72,58.55,872,37,37
1249,21.6316,stop,1513.47,1046.05,860,30,37
1249,21.6316,stop,1626.80,576.41,698,32,33
1249,21.6316,stop,1166.25,528.82,661,33,32
1249,21.6316,stop,1644.92,526.09,801,36,32
1249,21.6316,stop,995.95,496.65,568,31,30
1249,21.6316,stop,396.23,451.04,750,35,35
1249,21.6316,stop,338.92,442.34,705,31,35
1249,21.6316,stop,981.00,285.60,628,34,32
1249,21.6316,stop,385.83,89.48,685,31,32
1249,21.6316,stop,337.28,84.90,688,30,33
1249,21.6316,stop,484.09,67.99,737,34,32
1249,21.6316,stop,441.99,57.55,934,37,37
1250,21.6516,stop,1513.48,1046.06,858,30,37
1250,21.6516,stop,1626.81,576.31,695,32,33
1250,21.6516,stop,1167.93,528.46,676,32,33
1250,21.6516,stop,1644.89,526.11,801,36,33
1250,21.6516,stop,994.46,498.24,548,29,31
1250,21.6516,stop,396.09,451.00,742,34,35
1250,21.6516,stop,338.97,442.35,709,31,35
1250,21.6516,stop,982.09,284.68,657,33,31
1250,21.6516,stop,385.88,89.47,687,31,34
1250,21.6516,stop,337.11,84.95,693,31,33
1250,21.6516,stop,483.68,67.10,783,33,35
1250,21.6516,stop,441.92,57.61,932,36,38
1251,21.6676,stop,1513.51,1046.11,855,31,37
1251,21.6676,stop,1626.67,576.22,694,32,33
1251,21.6676,stop,1169.30,527.84,675,32,33
1251,21.6676,stop,1644.96,526.14,806,36,33
1251,21.6676,stop,993.32,500.20,608,30,32
1251,21.6676,stop,396.04,451.05,736,35,34
1251,21.6676,stop,339.15,442.32,707,31,35
1251,21.6676,stop,981.85,285.11,639,33,31
1251,21.6676,stop,385.80,89.50,692,31,32
1251,21.6676,stop,337.13,84.98,674,30,33
1251,21.6676,stop,483.58,67.81,765,37,32
1251,21.6676,stop,442.59,58.61,872,36,37
1252,21.6836,stop,1513.36,1046.07,862,30,37
1252,21.6836,stop,1626.84,576.33,695,32,33
1252,21.6836,stop,1170.54,527.54,666,32,33
1252,21.6836,stop,1644.99,526.02,805,36,33
1252,21.6836,stop,991.49,500.85,627,30,32
1252,21.6836,stop,396.14,450.91,740,35,36
1252,21.6836,stop,339.06,442.38,708,31,35
1252,21.6836,stop,983.19,284.36,668,34,31
1252,21.6836,stop,385.77,89.52,681,31,32
1252,21.6836,stop,337.12,85.09,681,31,33
1252,21.6836,stop,483.53,67.84,755,37,32
1252,21.6836,stop,442.64,58.67,869,37,37
1253,21.6996,stop,1513.47,1045.97,863,31,37
1253,21.6996,stop,1626.84,576.39,694,33,33
1253,21.6996,stop,1645.06,526.08,799,36,32
1253,21.6996,stop,1171.87,527.44,661,32,33
1253,21.6996,stop,989.65,501.50,643,30,33
1253,21.6996,stop,396.14,451.00,745,35,35
1253,21.6996,stop,338.90,442.33,706,31,35
1253,21.6996,stop,982.97,285.05,630,33,31
1253,21.6996,stop,385.74,89.56,687,32,32
1253,21.6996,stop,337.17,85.02,679,31,33
1253,21.6996,stop,483.14,67.00,811,38,35
1253,21.6996,stop,442.74,58.70,865,36,37
1254,21.7156,stop,1513.41,1046.10,861,30,37
1254,21.7156,stop,1626.84,576.33,695,33,33
1254,21.7156,stop,1172.70,527.32,666,32,33
1254,21.7156,stop,1645.02,526.15,803,36,33
1254,21.7156,stop,987.72,501.81,678,33,33
1254,21.7156,stop,396.08,451.03,749,35,35
1254,21.7156,stop,339.09,442.45,704,31,35
1254,21.7156,stop,983.48,284.99,641,33,31
1254,21.7156,stop,385.66,89.43,672,30,32
1254,21.7156,stop,337.23,85.04,684,31,33
1254,21.7156,stop,483.17,66.99,814,37,35
1254,21.7156,stop,442.54,58.61,865,37,37
1255,21.7316,stop,1513.34,1045.94,866,31,37
1255,21.7316,stop,1626.84,576.32,692,32,33
1255,21.7316,stop,1644.99,526.18,805,36,32
1255,21.7316,stop,1173.04,527.29,673,31,33
1255,21.7316,stop,986.14,502.13,717,32,33
1255,21.7316,stop,396.15,451.17,739,35,34
1255,21.7316,stop,339.07,442.39,712,31,35
1255,21.7316,stop,983.75,285.24,651,33,31
1255,21.7316,stop,385.86,89.54,682,31,32
1255,21.7316,stop,337.09,85.13,677,31,33
1255,21.7316,stop,483.20,66.92,807,37,35
1255,21.7316,stop,441.96,57.53,934,36,38
1256,21.7516,stop,1513.45,1046.01,861,30,37
1256,21.7516,stop,1626.88,576.36,707,33,33
1256,21.7516,stop,1644.93,526.16,807,36,32
1256,21.7516,stop,1172.72,527.27,701,32,33
1256,21.7516,stop,984.86,502.88,730,32,33
1256,21.7516,stop,396.21,450.99,748,35,35
1256,21.7516,stop,339.10,442.40,709,31,35
1256,21.7516,stop,984.67,284.82,682,34,31
1256,21.7516,stop,385.76,89.48,681,31,32
1256,21.7516,stop,337.13,85.04,680,31,33
1256,21.7516,stop,483.25,66.92,804,38,35
1256,21.7516,stop,442.73,58.55,874,36,38
1257,21.7676,stop,1514.30,1046.04,905,36,37
1257,21.7676,stop,1626.81,576.35,695,32,33
1257,21.7676,stop,1645.00,526.04,802,36,33
1257,21.7676,stop,1171.97,527.20,709,32,34
1257,21.7676,stop,984.09,503.28,726,32,34
1257,21.7676,stop,396.20,451.01,751,35,34
1257,21.7676,stop,339.04,442.40,712,31,35
1257,21.7676,stop,984.58,285.68,661,34,31
1257,21.7676,stop,385.67,89.59,679,31,32
1257,21.7676,stop,337.09,84.95,686,31,33
1257,21.7676,stop,483.63,67.18,786,33,35
1257,21.7676,stop,442.72,58.70,870,37,36
1258,21.7836,stop,1514.36,1046.14,909,36,37
1258,21.7836,stop,1626.83,576.33,703,33,33
1258,21.7836,stop,1645.03,526.11,810,36,33
1258,21.7836,stop,1170.76,527.06,729,33,34
1258,21.7836,stop,983.52,504.09,695,31,34
1258,21.7836,stop,396.27,450.98,750,35,35
1258,21.7836,stop,339.03,442.39,703,31,35
1258,21.7836,stop,984.75,286.08,647,34,31
1258,21.7836,stop,385.83,89.45,680,29,32
1258,21.7836,stop,337.07,85.13,682,32,33
1258,21.7836,stop,483.31,66.97,803,37,35
1258,21.7836,stop,442.75,58.55,863,36,37
1259,21.7996,stop,1513.46,1046.00,867,30,37
1259,21.7996,stop,1626.75,576.39,694,32,33
1259,21.7996,stop,1644.79,526.05,799,36,32
1259,21.7996,stop,1169.76,526.86,747,33,34
1259,21.7996,stop,982.56,504.42,679,31,33
1259,21.7996,stop,395.43,451.54,784,35,34
1259,21.7996,stop,338.99,442.36,712,31,35
1259,21.7996,stop,985.01,286.17,670,34,32
1259,21.7996,stop,385.65,89.48,693,31,32
1259,21.7996,stop,337.22,84.99,680,31,33
1259,21.7996,stop,483.47,67.14,790,33,35
1259,21.7996,stop,442.70,58.60,865,37,36
1260,21.8156,stop,1513.41,1045.94,863,31,37
1260,21.8156,stop,1626.78,576.37,699,32,33
1260,21.8156,stop,1645.03,526.06,805,36,32
1260,21.8156,stop,1168.63,526.84,743,33,34
1260,21.8156,stop,981.99,504.68,699,31,34
1260,21.8156,stop,396.15,451.07,743,35,34
1260,21.8156,stop,339.07,442.44,705,31,35
1260,21.8156,stop,985.58,285.85,707,34,32
1260,21.8156,stop,385.73,89.53,687,31,33
1260,21.8156,stop,337.10,85.01,673,31,33
1260,21.8156,stop,483.64,67.79,754,38,32
1260,21.8156,stop,441.87,57.58,935,37,38
1261,21.8316,stop,1513.48,1045.97,861,30,37
1261,21.8316,stop,1626.87,576.32,697,32,33
1261,21.8316,stop,1644.91,526.11,812,36,32
1261,21.8316,stop,1167.34,526.64,752,34,34
1261,21.8316,stop,981.38,504.68,699,32,34
1261,21.8316,stop,396.19,451.05,750,35,34
1261,21.8316,stop,339.05,442.33,701,31,35
1261,21.8316,stop,985.04,286.78,680,34,32
1261,21.8316,stop,385.87,89.40,686,32,32
1261,21.8316,stop,337.09,85.01,679,31,33
1261,21.8316,stop,483.17,66.98,805,37,35
1261,21.8316,stop,441.90,57.55,926,37,38
1262,21.8516,stop,1514.48,1046.16,907,36,37
1262,21.8516,stop,1626.79,576.34,698,33,33
1262,21.8516,stop,1644.95,526.09,803,36,32
1262,21.8516,stop,1166.02,526.32,778,34,34
1262,21.8516,stop,980.93,504.76,701,32,34
1262,21.8516,stop,396.13,450.89,749,35,34
1262,21.8516,stop,339.02,442.41,708,31,35
1262,21.8516,stop,985.26,287.12,685,34,32
1262,21.8516,stop,385.82,89.54,693,32,32
1262,21.8516,stop,337.25,85.02,687,31,33
1262,21.8516,stop,484.21,67.98,739,33,32
1262,21.8516,stop,442.73,58.64,855,36,37
1263,21.8676,stop,1513.41,1045.98,858,30,37
1263,21.8676,stop,1626.89,576.37,701,33,33
1263,21.8676,stop,1644.92,526.12,803,36,32
1263,21.8676,stop,1165.06,526.29,785,34,34
1263,21.8676,stop,980.51,505.21,680,31,34
1263,21.8676,stop,396.18,450.94,745,35,34
1263,21.8676,stop,338.98,442.33,714,31,35
1263,21.8676,stop,985.07,287.74,684,34,33
1263,21.8676,stop,385.80,89.59,701,31,33
1263,21.8676,stop,337.15,84.98,686,30,32
1263,21.8676,stop,483.63,67.77,758,37,33
1263,21.8676,stop,442.69,58.62,864,36,37
1264,21.8836,stop,1514.40,1046.24,900,36,37
1264,21.8836,stop,1626.82,576.36,700,32,33
1264,21.8836,stop,1644.91,526.02,806,36,33
1264,21.8836,stop,1164.32,526.59,753,34,34
1264,21.8836,stop,980.18,505.69,703,32,34
1264,21.8836,stop,396.29,450.94,744,35,34
1264,21.8836,stop,338.97,442.34,712,31,35
1264,21.8836,stop,985.01,288.26,688,35,33
1264,21.8836,stop,385.90,89.50,680,29,33
1264,21.8836,stop,337.30,84.98,680,30,33
1264,21.8836,stop,484.08,67.98,728,33,32
1264,21.8836,stop,441.90,57.56,937,37,37
1265,21.8996,stop,1514.28,1046.10,905,36,37
1265,21.8996,stop,1626.81,576.41,698,33,33
1265,21.8996,stop,1644.98,526.10,809,36,32
1265,21.8996,stop,1162.71,526.06,791,35,35
1265,21.8996,stop,979.95,506.26,681,32,35
1265,21.8996,stop,396.29,451.02,736,35,34
1265,21.8996,stop,339.05,442.41,709,31,35
1265,21.8996,stop,984.90,288.79,709,35,33
1265,21.8996,stop,385.73,89.43,688,32,32
1265,21.8996,stop,337.14,85.10,679,31,33
1265,21.8996,stop,483.99,67.75,758,37,32
1265,21.8996,stop,442.64,58.58,863,37,37
1266,21.9157,stop,1514.56,1046.15,906,35,37
1266,21.9157,stop,1626.69,576.30,699,32,33
1266,21.9157,stop,1644.92,526.11,807,36,32
1266,21.9157,stop,1162.12,526.19,759,33,35
1266,21.9157,stop,979.99,506.73,697,32,34
1266,21.9157,stop,396.30,451.01,732,35,34
1266,21.9157,stop,339.01,442.24,701,31,35
1266,21.9157,stop,984.74,289.29,706,34,34
1266,21.9157,stop,385.89,89.57,691,31,33
1266,21.9157,stop,337.10,85.03,682,31,33
1266,21.9157,stop,483.14,66.94,814,37,35
1266,21.9157,stop,442.67,58.52,866,37,38
1267,21.9316,stop,1513.36,1046.07,861,30,37
1267,21.9316,stop,1626.81,576.36,698,32,33
1267,21.9316,stop,1645.01,526.19,803,36,32
1267,21.9316,stop,1160.98,525.94,753,34,34
1267,21.9316,stop,980.18,506.99,697,32,35
1267,21.9316,stop,396.13,450.99,748,35,36
1267,21.9316,stop,339.02,442.36,710,31,35
1267,21.9316,stop,984.36,290.15,681,34,34
1267,21.9316,stop,385.81,89.51,687,32,33
1267,21.9316,stop,337.23,84.98,685,31,32
1267,21.9316,stop,483.75,67.83,755,36,32
1267,21.9316,stop,442.64,58.59,866,36,37
1268,21.9517,stop,1513.37,1045.99,862,31,37
1268,21.9517,stop,1626.76,576.37,692,32,33
1268,21.9517,stop,1644.86,526.10,804,36,32
1268,21.9517,stop,1160.20,525.58,741,33,34
1268,21.9517,stop,980.50,507.29,705,32,35
1268,21.9517,stop,396.20,450.91,748,35,34
1268,21.9517,stop,339.06,442.29,704,31,35
1268,21.9517,stop,984.65,290.28,722,34,33
1268,21.9517,stop,385.76,89.51,691,31,32
1268,21.9517,stop,337.13,85.05,684,31,33
1268,21.9517,stop,484.22,67.94,734,33,32
1268,21.9517,stop,442.66,58.59,872,36,37
1269,21.9676,stop,1513.48,1046.06,864,31,37
1269,21.9676,stop,1626.78,576.37,700,32,33
1269,21.9676,stop,1644.86,526.09,805,36,33
1269,21.9676,stop,1159.23,525.29,734,34,34
1269,21.9676,stop,980.94,507.31,721,33,35
1269,21.9676,stop,396.10,451.16,743,35,34
1269,21.9676,stop,339.04,442.37,706,31,35
1269,21.9676,stop,983.99,291.40,699,34,34
1269,21.9676,stop,385.90,89.44,686,32,32
1269,21.9676,stop,337.22,85.01,679,32,33
1269,21.9676,stop,483.75,67.86,759,37,32
1269,21.9676,stop,442.64,58.56,860,37,36
1270,21.9836,stop,1514.29,1046.08,908,36,37
1270,21.9836,stop,1626.81,576.39,702,32,33
1270,21.9836,stop,1644.95,526.07,806,36,32
1270,21.9836,stop,1158.31,525.16,729,34,33
1270,21.9836,stop,981.21,507.21,732,33,34
1270,21.9836,stop,396.28,451.01,744,35,35
1270,21.9836,stop,339.03,442.36,709,31,35
1270,21.9836,stop,984.11,291.56,739,34,34
1270,21.9836,stop,385.70,89.42,681,31,33
1270,21.9836,stop,337.21,85.07,682,31,33
1270,21.9836,stop,483.12,66.87,811,36,35
1270,21.9836,stop,442.62,58.77,866,37,36
1271,21.9997,stop,1513.47,1046.06,857,30,37
1271,21.9997,stop,1626.73,576.28,699,32,33
1271,21.9997,stop,1644.95,526.09,807,36,32
1271,21.9997,stop,1157.72,524.85,718,33,34
1271,21.9997,stop,981.21,506.98,765,33,34
1271,21.9997,stop,396.11,451.01,742,35,34
1271,21.9997,stop,339.07,442.37,702,31,35
1271,21.9997,stop,983.69,292.03,739,34,35
1271,21.9997,stop,385.82,89.64,688,32,32
1271,21.9997,stop,337.08,84.99,674,31,33
1271,21.9997,stop,483.41,66.95,802,36,35
1271,21.9997,stop,442.75,58.61,866,37,37
1272,22.0157,stop,1513.46,1046.00,854,30,38
1272,22.0157,stop,1626.86,576.31,698,33,33
1272,22.0157,stop,1644.96,526.19,813,36,33
1272,22.0157,stop,1157.13,524.88,710,34,34
1272,22.0157,stop,981.37,507.14,776,33,34
1272,22.0157,stop,396.20,451.10,741,35,34
1272,22.0157,stop,339.00,442.36,704,31,35
1272,22.0157,stop,983.39,292.70,754,34,35
1272,22.0157,stop,385.85,89.50,684,31,32
1272,22.0157,stop,337.32,85.00,682,30,33
1272,22.0157,stop,483.59,67.09,791,34,35
1272,22.0157,stop,442.70,58.66,866,36,37
1273,22.0316,stop,1513.37,1046.05,854,30,37
1273,22.0316,stop,1626.83,576.32,699,32,33
1273,22.0316,stop,1644.85,526.14,809,36,32
1273,22.0316,stop,1156.82,524.81,700,33,34
1273,22.0316,stop,982.63,507.82,740,34,34
1273,22.0316,stop,396.16,451.00,742,35,34
1273,22.0316,stop,339.04,442.38,712,31,35
1273,22.0316,stop,983.01,293.19,753,35,35
1273,22.0316,stop,385.88,89.50,678,31,32
1273,22.0316,stop,337.11,85.04,682,31,33
1273,22.0316,stop,483.26,67.00,810,38,35
1273,22.0316,stop,442.65,58.54,863,36,37
1274,22.0516,stop,1513.47,1045.96,863,31,37
1274,22.0516,stop,1626.85,576.33,702,33,33
1274,22.0516,stop,1645.00,526.26,805,36,33
1274,22.0516,stop,1156.61,524.92,695,33,34
1274,22.0516,stop,983.08,507.58,749,35,34
1274,22.0516,stop,396.13,451.10,742,35,34
1274,22.0516,stop,339.01,442.33,708,31,35
1274,22.0516,stop,982.54,293.65,767,34,35
1274,22.0516,stop,385.72,89.45,694,31,33
1274,22.0516,stop,337.25,85.15,683,31,33
1274,22.0516,stop,483.70,67.07,788,33,35
1274,22.0516,stop,442.66,58.60,867,38,37
1275,22.0677,stop,1513.34,1046.01,851,30,37
1275,22.0677,stop,1626.86,576.40,699,32,33
1275,22.0677,stop,1644.93,526.15,807,36,32
1275,22.0677,stop,1156.35,525.04,685,32,34
1275,22.0677,stop,983.30,507.32,776,34,34
1275,22.0677,stop,396.21,451.04,747,35,35
1275,22.0677,stop,339.03,442.31,708,31,35
1275,22.0677,stop,982.53,293.92,730,34,35
1275,22.0677,stop,385.73,89.53,683,32,32
1275,22.0677,stop,337.16,84.98,692,31,33
1275,22.0677,stop,483.71,67.90,763,36,32
1275,22.0677,stop,442.63,58.63,873,38,38
1276,22.0836,stop,1513.46,1046.02,853,29,37
1276,22.0836,stop,1626.83,576.35,701,33,33
1276,22.0836,stop,1644.86,526.14,806,36,32
1276,22.0836,stop,1156.52,525.23,693,33,33
1276,22.0836,stop,984.38,507.78,743,35,34
1276,22.0836,stop,396.15,451.09,739,35,35
1276,22.0836,stop,339.02,442.29,709,31,35
1276,22.0836,stop,981.91,294.53,769,34,35
1276,22.0836,stop,385.87,89.49,682,31,32
1276,22.0836,stop,337.16,84.89,680,31,33
1276,22.0836,stop,483.66,67.88,745,36,32
1276,22.0836,stop,442.65,58.66,858,37,37
1277,22.0997,stop,1513.50,1046.06,860,30,37
1277,22.0997,stop,1626.75,576.30,702,32,33
1277,22.0997,stop,1644.99,526.07,805,36,32
1277,22.0997,stop,1156.62,525.46,701,33,34
1277,22.0997,stop,984.93,507.72,745,34,34
1277,22.0997,stop,396.16,450.96,748,35,34
1277,22.0997,stop,338.98,442.29,710,31,35
1277,22.0997,stop,981.78,295.15,772,34,35
1277,22.0997,stop,385.83,89.45,690,32,32
1277,22.0997,stop,337.19,85.10,675,31,33
1277,22.0997,stop,483.11,66.97,806,37,35
1277,22.0997,stop,441.92,57.55,931,36,37
1278,22.1156,stop,1513.46,1045.96,853,30,37
1278,22.1156,stop,1626.85,576.34,692,32,33
1278,22.1156,stop,1644.97,526.12,817,36,32
1278,22.1156,stop,1156.94,525.70,697,33,34
1278,22.1156,stop,985.11,507.39,773,34,34
1278,22.1156,stop,396.18,451.03,752,35,34
1278,22.1156,stop,339.06,442.39,709,31,35
1278,22.1156,stop,981.47,295.43,760,34,35
1278,22.1156,stop,385.76,89.46,693,31,33
1278,22.1156,stop,337.18,85.05,685,31,33
1278,22.1156,stop,483.63,67.12,790,33,35
1278,22.1156,stop,442.68,58.62,871,37,37
1279,22.1356,stop,1513.42,1046.06,865,30,37
1279,22.1356,stop,1626.83,576.30,695,32,33
1279,22.1356,stop,1645.07,526.05,811,36,32
1279,22.1356,stop,1157.34,525.89,705,34,34
1279,22.1356,stop,985.82,507.55,777,35,34
1279,22.1356,stop,396.11,450.95,743,35,34
1279,22.1356,stop,339.03,442.24,714,31,35
1279,22.1356,stop,981.18,295.70,759,34,35
1279,22.1356,stop,385.74,89.55,677,31,32
1279,22.1356,stop,337.33,84.93,685,31,33
1279,22.1356,stop,483.24,66.93,805,38,35
1279,22.1356,stop,442.60,58.60,861,36,37
1280,22.1516,stop,1513.43,1045.98,868,30,37
1280,22.1516,stop,1626.88,576.35,699,32,33
1280,22.1516,stop,1644.94,526.11,813,36,32
1280,22.1516,stop,1158.05,526.10,716,33,34
1280,22.1516,stop,986.30,507.40,786,34,34
1280,22.1516,stop,396.16,451.08,739,35,34
1280,22.1516,stop,339.06,442.31,702,31,35
1280,22.1516,stop,980.82,295.89,747,35,35
1280,22.1516,stop,385.85,89.60,684,32,32
1280,22.1516,stop,337.27,84.98,686,30,33
1280,22.1516,stop,483.09,66.83,800,36,35
1280,22.1516,stop,442.68,58.57,866,36,37
1281,22.1677,stop,1513.39,1045.99,858,30,37
1281,22.1677,stop,1626.81,576.37,697,32,33
1281,22.1677,stop,1644.93,526.09,804,36,32
1281,22.1677,stop,1158.75,526.30,725,34,34
1281,22.1677,stop,986.28,506.96,745,35,34
1281,22.1677,stop,396.27,451.07,739,35,34
1281,22.1677,stop,339.03,442.37,711,31,35
1281,22.1677,stop,981.00,295.64,726,34,36
1281,22.1677,stop,385.74,89.48,695,31,32
1281,22.1677,stop,337.23,84.96,689,31,33
1281,22.1677,stop,483.42,67.06,789,35,35
1281,22.1677,stop,442.66,58.65,866,36,37
1282,22.1836,stop,1513.43,1046.04,872,31,37
1282,22.1836,stop,1626.75,576.37,705,32,33
1282,22.1836,stop,1644.92,526.09,813,36,32
1282,22.1836,stop,1159.49,526.59,735,34,34
1282,22.1836,stop,987.28,507.45,782,34,34
1282,22.1836,stop,396.22,451.06,741,35,35
1282,22.1836,stop,338.96,442.35,704,31,35
1282,22.1836,stop,980.80,295.49,712,34,35
1282,22.1836,stop,385.75,89.49,684,31,32
1282,22.1836,stop,337.25,85.00,677,30,33
1282,22.1836,stop,483.23,67.06,811,37,35
1282,22.1836,stop,442.66,58.55,868,37,37
1283,22.1997,stop,1513.42,1045.97,854,31,37
1283,22.1997,stop,1626.82,576.28,695,33,33
1283,22.1997,stop,1644.96,526.12,808,36,32
1283,22.1997,stop,1160.32,526.81,745,33,34
1283,22.1997,stop,987.86,507.44,773,35,34
1283,22.1997,stop,396.18,451.01,745,35,34
1283,22.1997,stop,339.07,442.41,704,31,35
1283,22.1997,stop,980.69,295.39,712,34,35
1283,22.1997,stop,385.73,89.52,678,31,32
1283,22.1997,stop,337.29,85.10,678,30,33
1283,22.1997,stop,483.13,66.94,808,36,35
1283,22.1997,stop,441.98,57.47,935,36,38
1284,22.2156,stop,1513.38,1045.99,861,31,37
1284,22.2156,stop,1626.75,576.32,692,32,33
1284,22.2156,stop,1645.01,526.08,806,36,32
1284,22.2156,stop,1161.26,526.91,746,33,34
1284,22.2156,stop,988.19,507.22,780,34,34
1284,22.2156,stop,396.11,451.05,749,35,35
1284,22.2156,stop,339.12,442.36,706,31,35
1284,22.2156,stop,980.10,295.44,746,34,35
1284,22.2156,stop,385.85,89.59,684,32,32
1284,22.2156,stop,337.17,84.98,682,31,33
1284,22.2156,stop,483.22,66.93,808,38,35
1284,22.2156,stop,441.82,57.58,934,37,37
1285,22.2356,stop,1513.44,1046.05,858,31,37
1285,22.2356,stop,1626.66,576.31,703,32,33
1285,22.2356,stop,1644.93,526.07,804,36,32
1285,22.2356,stop,1161.95,527.09,763,35,34
1285,22.2356,stop,987.98,506.86,740,34,34
1285,22.2356,stop,396.09,450.95,754,35,36
1285,22.2356,stop,339.11,442.37,709,31,35
1285,22.2356,stop,980.02,294.88,736,33,35
1285,22.2356,stop,385.87,89.59,685,30,32
1285,22.2356,stop,337.11,85.12,677,31,33
1285,22.2356,stop,483.15,66.93,804,36,35
1285,22.2356,stop,442.59,58.59,868,37,38
1286,22.2516,stop,1513.41,1045.90,866,31,37
1286,22.2516,stop,1626.83,576.41,702,32,33
1286,22.2516,stop,1644.93,526.10,802,36,32
1286,22.2516,stop,1162.87,527.36,772,35,35
1286,22.2516,stop,988.99,506.91,756,33,35
1286,22.2516,stop,396.17,451.04,742,35,36
1286,22.2516,stop,339.10,442.37,708,31,35
1286,22.2516,stop,980.51,294.31,712,33,35
1286,22.2516,stop,385.84,89.59,690,31,32
1286,22.2516,stop,337.17,85.05,673,31,33
1286,22.2516,stop,483.16,67.00,809,37,35
1286,22.2516,stop,441.87,57.65,928,37,37
1287,22.2677,stop,1513.53,1046.08,858,30,37
1287,22.2677,stop,1626.82,576.36,696,32,33
1287,22.2677,stop,1644.95,526.13,805,36,32
1287,22.2677,stop,1163.55,527.19,802,35,34
1287,22.2677,stop,989.12,506.77,760,34,34
1287,22.2677,stop,396.32,450.93,744,35,36
1287,22.2677,stop,339.01,442.43,710,31,35
1287,22.2677,stop,980.51,293.86,718,33,36
1287,22.2677,stop,385.76,89.64,680,31,32
1287,22.2677,stop,337.12,85.01,678,31,33
1287,22.2677,stop,483.53,67.11,782,34,35
1287,22.2677,stop,442.67,58.57,866,37,37
1288,22.2837,stop,1513.43,1045.90,867,31,38
1288,22.2837,stop,1626.79,576.40,695,32,33
1288,22.2837,stop,1644.99,526.08,798,36,32
1288,22.2837,stop,1164.41,527.36,782,35,34
1288,22.2837,stop,989.19,506.56,759,34,34
1288,22.2837,stop,396.25,450.99,735,35,34
1288,22.2837,stop,339.06,442.28,717,31,35
1288,22.2837,stop,980.05,293.69,730,33,35
1288,22.2837,stop,385.76,89.49,683,31,32
1288,22.2837,stop,337.18,85.00,682,31,33
1288,22.2837,stop,483.62,67.83,759,37,32
1288,22.2837,stop,442.64,58.55,866,36,37
1289,22.2996,s255,1513.37,1046.04,864,30,37
1289,22.2996,s255,1626.79,576.33,696,32,33
1289,22.2996,s255,1644.92,526.14,802,36,32
1289,22.2996,s255,1165.37,527.54,774,34,34
1289,22.2996,s255,989.33,506.41,764,34,34
1289,22.2996,s255,396.15,450.99,741,35,35
1289,22.2996,s255,339.03,442.36,714,31,35
1289,22.2996,s255,980.22,293.55,737,33,35
1289,22.2996,s255,385.75,89.44,690,31,32
1289,22.2996,s255,337.19,84.90,685,31,33
1289,22.2996,s255,483.58,67.08,799,33,35
1289,22.2996,s255,441.87,57.45,935,36,38
1290,22.3156,s255,1513.46,1046.01,847,30,37
1290,22.3156,s255,1626.86,576.35,703,32,33
1290,22.3156,s255,1644.82,526.17,804,36,32
1290,22.3156,s255,1166.56,527.83,759,34,35
1290,22.3156,s255,989.30,506.08,754,34,34
1290,22.3156,s255,396.13,451.02,746,35,34
1290,22.3156,s255,339.07,442.43,712,31,35
1290,22.3156,s255,980.36,293.20,743,34,35
1290,22.3156,s255,385.79,89.52,684,31,33
1290,22.3156,s255,337.23,85.02,693,31,33
1290,22.3156,s255,483.75,67.81,759,37,32
1290,22.3156,s255,441.90,57.50,936,37,37
1291,22.3356,s255,1513.39,1045.96,860,31,37
1291,22.3356,s255,1626.76,576.36,699,33,33
1291,22.3356,s255,1167.53,528.22,754,33,34
1291,22.3356,s255,1644.96,526.08,820,36,33
1291,22.3356,s255,989.29,505.75,752,34,34
1291,22.3356,s255,396.24,450.92,750,35,35
1291,22.3356,s255,339.04,442.35,713,31,35
1291,22.3356,s255,980.50,292.95,741,34,35
1291,22.3356,s255,385.76,89.49,692,32,32
1291,22.3356,s255,337.30,85.09,685,30,33
1291,22.3356,s255,483.60,67.09,778,33,35
1291,22.3356,s255,442.59,58.63,864,36,38
1292,22.3516,s255,1514.24,1046.09,907,35,38
1292,22.3516,s255,1626.87,576.35,701,32,33
1292,22.3516,s255,1168.59,528.80,748,33,34
1292,22.3516,s255,1644.91,526.19,811,36,32
1292,22.3516,s255,989.08,505.37,741,34,34
1292,22.3516,s255,396.24,451.05,743,35,34
1292,22.3516,s255,338.98,442.39,715,31,35
1292,22.3516,s255,980.75,292.64,737,34,35
1292,22.3516,s255,385.81,89.59,690,31,32
1292,22.3516,s255,337.31,84.96,686,30,33
1292,22.3516,s255,483.14,67.02,810,36,35
1292,22.3516,s255,442.69,58.56,866,37,38
1293,22.3677,s255,1513.42,1045.93,864,31,37
1293,22.3677,s255,1626.82,576.35,700,33,33
1293,22.3677,s255,1169.39,529.16,754,32,35
1293,22.3677,s255,1644.98,526.08,804,36,32
1293,22.3677,s255,988.80,504.88,726,33,33
1293,22.3677,s255,395.40,451.70,789,35,34
1293,22.3677,s255,339.08,442.32,715,31,35
1293,22.3677,s255,981.06,292.49,739,33,35
1293,22.3677,s255,385.82,89.56,686,31,32
1293,22.3677,s255,337.23,84.90,679,30,33
1293,22.3677,s255,484.20,67.90,735,34,32
1293,22.3677,s255,442.64,58.52,869,37,38
1294,22.3837,s255,1514.44,1046.06,902,36,37
1294,22.3837,s255,1626.89,576.38,699,32,33
1294,22.3837,s255,1170.27,529.71,747,32,34
1294,22.3837,s255,1644.88,526.20,811,36,33
1294,22.3837,s255,988.72,504.52,743,34,34
1294,22.3837,s255,396.24,451.07,734,35,35
1294,22.3837,s255,338.91,442.36,714,31,35
1294,22.3837,s255,981.33,292.02,746,34,34
1294,22.3837,s255,385.61,89.49,690,32,32
1294,22.3837,s255,337.13,85.07,686,31,33
1294,22.3837,s255,483.20,66.89,805,37,35
1294,22.3837,s255,442.58,58.60,865,38,37
1295,22.3997,s255,1514.35,1046.11,904,36,37
1295,22.3997,s255,1626.79,576.28,691,33,33
1295,22.3997,s255,1171.15,530.12,730,32,34
1295,22.3997,s255,1644.93,526.13,804,36,32
1295,22.3997,s255,988.19,504.26,742,34,34
1295,22.3997,s255,396.12,451.12,741,35,35
1295,22.3997,s255,339.03,442.32,704,31,35
1295,22.3997,s255,981.59,291.71,736,34,35
1295,22.3997,s255,385.73,89.55,684,31,32
1295,22.3997,s255,337.26,85.03,689,31,33
1295,22.3997,s255,483.73,67.87,768,37,32
1295,22.3997,s255,442.70,58.61,866,36,38
1296,22.4156,s255,1513.48,1045.97,865,31,37
1296,22.4156,s255,1626.84,576.34,707,32,33
1296,22.4156,s255,1171.59,530.63,734,32,34
1296,22.4156,s255,1644.90,526.17,809,36,32
1296,22.4156,s255,987.67,504.03,740,34,33
1296,22.4156,s255,396.13,451.05,745,35,34
1296,22.4156,s255,339.07,442.49,711,31,35
1296,22.4156,s255,981.86,291.47,733,34,35
1296,22.4156,s255,385.81,89.40,693,32,32
1296,22.4156,s255,337.05,84.94,682,31,33
1296,22.4156,s255,483.67,67.11,786,33,35
1296,22.4156,s255,442.61,58.64,862,37,36
1297,22.4356,s255,1513.47,1046.02,862,31,37
1297,22.4356,s255,1626.85,576.35,696,33,33
1297,22.4356,s255,1171.49,530.99,730,32,34
1297,22.4356,s255,1644.82,526.12,810,36,32
1297,22.4356,s255,987.25,504.10,743,34,34
1297,22.4356,s255,396.24,451.06,752,35,35
1297,22.4356,s255,339.06,442.33,707,31,35
1297,22.4356,s255,982.33,290.93,735,34,34
1297,22.4356,s255,385.80,89.34,691,31,32
1297,22.4356,s255,337.25,84.91,691,31,33
1297,22.4356,s255,483.99,67.81,753,36,32
1297,22.4356,s255,442.62,58.58,868,37,37
1298,22.4517,s255,1514.33,1046.11,907,36,37
1298,22.4517,s255,1626.89,576.35,704,33,33
1298,22.4517,s255,1171.07,531.20,733,32,34
1298,22.4517,s255,1645.03,526.04,804,36,33
1298,22.4517,s255,986.89,504.16,747,35,34
1298,22.4517,s255,395.59,451.71,784,35,34
1298,22.4517,s255,339.04,442.34,718,31,35
1298,22.4517,s255,982.92,290.20,724,34,34
1298,22.4517,s255,385.68,89.41,694,32,32
1298,22.4517,s255,337.23,84.93,688,31,33
1298,22.4517,s255,483.61,67.79,757,37,32
1298,22.4517,s255,442.68,58.59,868,38,38
1299,22.4677,s255,1513.38,1045.93,858,30,37
1299,22.4677,s255,1626.73,576.33,695,33,33
1299,22.4677,s255,1169.86,530.72,697,32,34
1299,22.4677,s255,1644.88,526.07,808,36,33
1299,22.4677,s255,986.76,504.78,714,34,34
1299,22.4677,s255,396.19,451.07,735,35,35
1299,22.4677,s255,339.04,442.44,715,31,35
1299,22.4677,s255,983.22,289.58,724,33,35
1299,22.4677,s255,385.92,89.48,697,32,32
1299,22.4677,s255,337.10,85.01,670,31,33
1299,22.4677,s255,483.64,67.13,794,34,35
1299,22.4677,s255,442.67,58.67,861,36,37
1300,22.4837,s255,1513.54,1046.09,855,29,37
1300,22.4837,s255,1626.84,576.33,697,33,33
1300,22.4837,s255,1169.94,531.38,736,33,33
1300,22.4837,s255,1644.92,526.09,809,36,32
1300,22.4837,s255,985.86,504.60,760,35,34
1300,22.4837,s255,396.18,450.99,749,35,35
1300,22.4837,s255,339.06,442.35,704,31,35
1300,22.4837,s255,983.55,288.84,729,34,34
1300,22.4837,s255,385.72,89.43,684,32,32
1300,22.4837,s255,337.23,85.07,683,30,33
1300,22.4837,s255,484.16,68.08,733,33,32
1300,22.4837,s255,442.61,58.64,862,37,37
1301,22.4997,s255,1513.51,1045.93,851,29,37
1301,22.4997,s255,1626.94,576.41,695,32,33
1301,22.4997,s255,1169.05,531.23,755,33,33
1301,22.4997,s255,1644.94,526.08,810,36,33
1301,22.4997,s255,985.90,505.57,717,34,34
1301,22.4997,s255,396.01,451.02,745,35,35
1301,22.4997,s255,339.02,442.33,708,31,35
1301,22.4997,s255,983.26,288.94,693,34,33
1301,22.4997,s255,385.80,89.44,685,31,33
1301,22.4997,s255,337.30,85.07,690,30,33
1301,22.4997,s255,483.09,66.90,811,38,35
1301,22.4997,s255,441.84,57.50,929,36,38
1302,22.5157,s255,1513.40,1045.97,858,31,37
1302,22.5157,s255,1626.88,576.25,690,33,33
1302,22.5157,s255,1168.24,531.00,752,34,34
1302,22.5157,s255,1644.93,526.19,809,36,32
1302,22.5157,s255,985.07,505.61,759,35,34
1302,22.5157,s255,396.19,450.97,742,35,35
1302,22.5157,s255,338.95,442.33,715,31,35
1302,22.5157,s255,983.60,288.81,676,34,33
1302,22.5157,s255,385.77,89.60,674,31,33
1302,22.5157,s255,337.20,85.03,683,30,33
1302,22.5157,s255,483.14,66.94,813,38,35
1302,22.5157,s255,442.66,58.63,859,36,37
1303,22.5357,s255,1514.19,1045.99,912,36,37
1303,22.5357,s255,1626.95,576.34,703,33,33
1303,22.5357,s255,1167.59,530.72,787,34,34
1303,22.5357,s255,1644.87,526.16,809,36,32
1303,22.5357,s255,984.65,505.73,761,34,34
1303,22.5357,s255,396.13,451.06,745,35,35
1303,22.5357,s255,338.97,442.45,710,31,35
1303,22.5357,s255,984.00,288.69,663,34,33
1303,22.5357,s255,385.78,89.57,686,31,32
1303,22.5357,s255,337.14,85.02,686,31,33
1303,22.5357,s255,483.30,67.05,795,37,35
1303,22.5357,s255,441.90,57.56,932,36,37
1304,22.5517,s255,1514.33,1046.05,903,36,37
1304,22.5517,s255,1626.81,576.29,695,32,33
1304,22.5517,s255,1166.73,530.21,780,35,35
1304,22.5517,s255,1644.94,526.19,812,36,32
1304,22.5517,s255,984.58,506.56,737,34,35
1304,22.5517,s255,396.14,450.89,746,35,35
1304,22.5517,s255,339.00,442.37,709,31,35
1304,22.5517,s255,984.53,287.94,692,34,33
1304,22.5517,s255,385.79,89.38,693,31,32
1304,22.5517,s255,337.23,84.94,695,31,33
1304,22.5517,s255,483.69,67.11,792,34,35
1304,22.5517,s255,442.66,58.57,876,38,38
1305,22.5677,s255,1514.40,1046.02,906,36,37
1305,22.5677,s255,1626.79,576.29,700,33,33
1305,22.5677,s255,1165.71,529.64,789,35,34
1305,22.5677,s255,1644.99,526.11,809,36,32
1305,22.5677,s255,984.34,506.69,739,35,34
1305,22.5677,s255,396.15,450.97,753,35,36
1305,22.5677,s255,339.06,442.38,703,31,35
1305,22.5677,s255,984.12,288.25,662,34,32
1305,22.5677,s255,385.82,89.39,685,32,32
1305,22.5677,s255,337.18,84.83,689,30,33
1305,22.5677,s255,483.68,67.22,792,34,35
1305,22.5677,s255,442.66,58.56,870,38,38
1306,22.5837,s255,1513.44,1046.00,856,31,37
1306,22.5837,s255,1626.81,576.34,700,33,33
1306,22.5837,s255,1164.74,529.00,782,35,35
1306,22.5837,s255,1644.96,526.14,809,36,32
1306,22.5837,s255,983.92,506.74,754,34,34
1306,22.5837,s255,396.24,450.97,750,35,34
1306,22.5837,s255,339.00,442.31,711,31,35
1306,22.5837,s255,984.20,288.43,660,34,33
1306,22.5837,s255,385.69,89.48,690,31,32
1306,22.5837,s255,337.16,85.01,685,31,33
1306,22.5837,s255,483.19,66.95,813,36,35
1306,22.5837,s255,441.89,57.57,933,37,38
1307,22.5997,s255,1513.34,1045.93,865,31,37
1307,22.5997,s255,1626.82,576.30,700,33,33
1307,22.5997,s255,1163.95,528.52,807,36,34
1307,22.5997,s255,1644.98,526.06,807,36,33
1307,22.5997,s255,983.58,506.71,749,34,34
1307,22.5997,s255,396.23,451.14,742,35,34
1307,22.5997,s255,338.97,442.41,710,31,35
1307,22.5997,s255,984.44,288.46,668,34,33
1307,22.5997,s255,385.60,89.46,685,31,32
1307,22.5997,s255,337.06,84.98,674,30,33
1307,22.5997,s255,483.10,66.92,805,38,35
1307,22.5997,s255,442.67,58.65,877,36,37
1308,22.6156,s255,1513.40,1045.95,859,31,37
1308,22.6156,s255,1626.91,576.38,693,32,33
1308,22.6156,s255,1163.46,528.43,778,35,35
1308,22.6156,s255,1644.87,526.17,813,36,33
1308,22.6156,s255,982.82,506.33,784,34,34
1308,22.6156,s255,396.28,451.12,748,35,35
1308,22.6156,s255,339.01,442.35,707,31,35
1308,22.6156,s255,984.48,288.95,663,34,32
1308,22.6156,s255,385.90,89.51,693,31,34
1308,22.6156,s255,337.20,84.98,688,31,33
1308,22.6156,s255,483.17,67.02,803,36,35
1308,22.6156,s255,442.62,58.57,872,36,38
1309,22.6357,s255,1514.45,1046.14,908,36,37
1309,22.6357,s255,1626.76,576.34,701,32,33
1309,22.6357,s255,1644.99,526.07,807,36,32
1309,22.6357,s255,1162.89,528.05,783,35,34
1309,22.6357,s255,982.47,506.37,772,33,35
1309,22.6357,s255,396.23,450.95,741,35,36
1309,22.6357,s255,339.15,442.34,710,31,35
1309,22.6357,s255,984.54,289.14,674,34,32
1309,22.6357,s255,385.62,89.53,687,31,32
1309,22.6357,s255,337.06,85.01,680,31,33
1309,22.6357,s255,483.07,66.91,820,36,35
1309,22.6357,s255,442.62,58.65,868,37,37
1310,22.6517,s255,1514.43,1046.21,906,36,37
1310,22.6517,s255,1626.88,576.36,698,33,33
1310,22.6517,s255,1644.97,526.08,810,36,32
1310,22.6517,s255,1162.20,527.57,786,35,35
1310,22.6517,s255,982.44,506.21,765,33,35
1310,22.6517,s255,396.18,451.06,743,35,34
1310,22.6517,s255,339.05,442.41,706,31,35
1310,22.6517,s255,984.52,289.58,682,34,33
1310,22.6517,s255,385.76,89.54,686,32,32
1310,22.6517,s255,337.01,84.96,679,31,33
1310,22.6517,s255,483.58,67.06,784,34,35
1310,22.6517,s255,442.64,58.63,860,36,36
1311,22.6677,s255,1513.43,1045.90,864,30,38
1311,22.6677,s255,1626.78,576.40,697,32,33
1311,22.6677,s255,1645.07,526.14,808,36,32
1311,22.6677,s255,1161.41,527.30,766,34,35
1311,22.6677,s255,982.83,506.58,731,34,34
1311,22.6677,s255,396.12,450.98,746,35,35
1311,22.6677,s255,338.95,442.41,707,31,35
1311,22.6677,s255,984.33,290.22,687,34,34
1311,22.6677,s255,385.75,89.61,685,32,32
1311,22.6677,s255,337.33,84.86,682,30,33
1311,22.6677,s255,483.55,67.16,786,34,35
1311,22.6677,s255,442.59,58.62,865,36,38
1312,22.6837,s255,1513.40,1045.97,865,31,37
1312,22.6837,s255,1626.82,576.38,700,32,33
1312,22.6837,s255,1644.99,526.09,810,36,32
1312,22.6837,s255,1160.81,526.90,772,34,34
1312,22.6837,s255,982.58,506.37,732,34,35
1312,22.6837,s255,396.13,451.08,751,35,35
1312,22.6837,s255,339.00,442.28,709,31,35
1312,22.6837,s255,984.67,290.17,715,34,33
1312,22.6837,s255,385.73,89.51,693,31,33
1312,22.6837,s255,337.15,85.02,680,30,33
1312,22.6837,s255,483.04,66.83,810,36,35
1312,22.6837,s255,441.83,57.47,939,37,38
1313,22.6997,s255,1514.37,1046.10,904,36,37
1313,22.6997,s255,1626.87,576.33,699,33,33
1313,22.6997,s255,1644.81,526.09,809,36,32
1313,22.6997,s255,1160.23,526.56,755,34,34
1313,22.6997,s255,982.67,506.13,734,33,34
1313,22.6997,s255,396.11,450.98,742,35,34
1313,22.6997,s255,338.98,442.36,711,31,35
1313,22.6997,s255,984.75,290.61,734,34,34
1313,22.6997,s255,385.81,89.47,689,30,33
1313,22.6997,s255,337.13,85.07,683,31,33
1313,22.6997,s255,483.23,66.94,811,37,35
1313,22.6997,s255,441.90,57.55,923,37,37
1314,22.7157,s255,1514.37,1046.15,912,36,37
1314,22.7157,s255,1626.81,576.29,695,32,33
1314,22.7157,s255,1644.93,526.06,806,36,32
1314,22.7157,s255,1159.64,526.29,751,34,34
1314,22.7157,s255,982.63,505.77,732,33,34
1314,22.7157,s255,395.45,451.46,792,35,34
1314,22.7157,s255,339.13,442.46,716,31,35
1314,22.7157,s255,984.39,291.10,725,34,34
1314,22.7157,s255,385.75,89.39,692,31,32
1314,22.7157,s255,337.19,84.88,685,30,33
1314,22.7157,s255,483.44,67.04,788,34,35
1314,22.7157,s255,442.63,58.72,868,36,36
1315,22.7357,s255,1514.44,1046.13,922,36,37
1315,22.7357,s255,1626.86,576.35,698,33,33
1315,22.7357,s255,1644.98,526.06,806,36,32
1315,22.7357,s255,1159.11,526.09,760,34,34
1315,22.7357,s255,982.79,505.32,732,34,34
1315,22.7357,s255,396.12,450.88,747,35,34
1315,22.7357,s255,339.00,442.39,711,31,35
1315,22.7357,s255,984.27,291.43,740,34,34
1315,22.7357,s255,385.77,89.41,685,31,33
1315,22.7357,s255,337.15,84.90,681,31,33
1315,22.7357,s255,483.56,67.07,793,34,35
1315,22.7357,s255,442.54,58.56,863,36,37
1316,22.7517,s255,1514.34,1046.09,911,36,37
1316,22.7517,s255,1626.83,576.33,703,32,33
1316,22.7517,s255,1644.89,526.15,814,36,33
1316,22.7517,s255,1158.68,525.66,743,34,34
1316,22.7517,s255,982.91,504.95,724,34,34
1316,22.7517,s255,396.14,451.02,746,35,34
1316,22.7517,s255,339.00,442.32,716,31,35
1316,22.7517,s255,983.91,291.76,747,34,34
1316,22.7517,s255,385.71,89.48,683,32,32
1316,22.7517,s255,337.24,84.83,689,30,33
1316,22.7517,s255,483.62,67.75,757,37,32
1316,22.7517,s255,442.73,58.69,873,36,37
1317,22.7677,s255,1514.39,1046.16,905,36,38
1317,22.7677,s255,1626.82,576.32,695,33,33
1317,22.7677,s255,1644.97,526.13,807,36,32
1317,22.7677,s255,1158.36,525.39,749,34,34
1317,22.7677,s255,983.08,504.84,717,34,34
1317,22.7677,s255,396.05,451.07,746,35,35
1317,22.7677,s255,338.99,442.41,702,31,35
1317,22.7677,s255,983.70,292.00,745,34,35
1317,22.7677,s255,385.79,89.43,685,31,33
1317,22.7677,s255,337.16,85.04,698,32,33
1317,22.7677,s255,484.05,67.91,749,37,32
1317,22.7677,s255,442.68,58.55,881,38,38
1318,22.7837,s255,1514.30,1046.15,905,36,37
1318,22.7837,s255,1626.86,576.36,701,33,33
1318,22.7837,s255,1644.96,526.07,808,36,33
1318,22.7837,s255,1158.14,525.29,740,34,33
1318,22.7837,s255,982.74,504.00,758,34,34
1318,22.7837,s255,396.23,451.08,746,35,34
1318,22.7837,s255,338.99,442.26,711,31,35
1318,22.7837,s255,983.43,292.30,733,34,35
1318,22.7837,s255,385.75,89.45,683,31,32
1318,22.7837,s255,337.25,84.98,684,31,33
1318,22.7837,s255,483.85,67.86,762,36,32
1318,22.7837,s255,442.77,58.55,879,37,38
1319,22.7997,s255,1513.44,1045.88,859,30,37
1319,22.7997,s255,1626.82,576.42,701,33,33
1319,22.7997,s255,1644.82,526.06,814,36,33
1319,22.7997,s255,1157.95,525.07,739,33,34
1319,22.7997,s255,982.96,503.92,766,34,34
1319,22.7997,s255,396.22,451.01,748,35,35
1319,22.7997,s255,339.02,442.30,711,31,35
1319,22.7997,s255,983.04,292.50,736,34,35
1319,22.7997,s255,385.70,89.52,688,31,33
1319,22.7997,s255,337.14,84.95,685,31,33
1319,22.7997,s255,483.71,67.78,756,36,32
1319,22.7997,s255,441.88,57.51,935,36,37
1320,22.8197,s255,1513.39,1045.92,868,31,37
1320,22.8197,s255,1626.85,576.35,700,33,33
1320,22.8197,s255,1644.93,526.12,811,36,32
1320,22.8197,s255,1157.79,525.10,732,33,34
1320,22.8197,s255,983.63,504.60,746,34,34
1320,22.8197,s255,396.08,451.16,753,35,36
1320,22.8197,s255,339.01,442.32,713,31,35
1320,22.8197,s255,982.79,292.56,744,34,34
1320,22.8197,s255,385.67,89.54,683,31,33
1320,22.8197,s255,337.17,84.97,683,31,33
1320,22.8197,s255,483.14,66.91,811,37,35
1320,22.8197,s255,442.66,58.56,861,38,38
1321,22.8357,s255,1514.50,1046.16,898,36,37
1321,22.8357,s255,1626.83,576.32,698,33,33
1321,22.8357,s255,1644.98,526.10,809,36,32
1321,22.8357,s255,1157.97,525.15,746,33,34
1321,22.8357,s255,983.38,504.12,770,34,34
1321,22.8357,s255,396.10,451.16,739,35,34
1321,22.8357,s255,338.99,442.42,714,31,35
1321,22.8357,s255,982.59,292.79,753,34,35
1321,22.8357,s255,385.74,89.42,693,31,32
1321,22.8357,s255,337.20,84.94,686,30,33
1321,22.8357,s255,484.09,67.95,746,34,32
1321,22.8357,s255,442.67,58.64,868,37,36
1322,22.8517,s255,1513.41,1046.00,867,30,37
1322,22.8517,s255,1626.75,576.42,701,32,33
1322,22.8517,s255,1644.89,526.15,806,36,32
1322,22.8517,s255,1158.25,525.25,747,34,33
1322,22.8517,s255,983.85,504.55,785,35,34
1322,22.8517,s255,396.29,451.12,744,35,35
1322,22.8517,s255,339.13,442.35,708,31,35
1322,22.8517,s255,982.45,292.89,750,34,35
1322,22.8517,s255,385.77,89.38,692,31,33
1322,22.8517,s255,337.15,85.01,685,31,33
1322,22.8517,s255,484.18,68.05,743,33,32
1322,22.8517,s255,442.70,58.60,876,38,37
1323,22.8677,s255,1513.42,1046.00,861,31,37
1323,22.8677,s255,1626.83,576.35,700,33,33
1323,22.8677,s255,1644.96,526.21,802,36,32
1323,22.8677,s255,1158.43,525.45,747,34,34
1323,22.8677,s255,984.03,504.58,782,35,33
1323,22.8677,s255,396.12,451.05,752,35,34
1323,22.8677,s255,339.07,442.34,711,31,35
1323,22.8677,s255,982.28,292.98,768,34,35
1323,22.8677,s255,385.74,89.54,695,31,33
1323,22.8677,s255,337.27,84.92,681,30,33
1323,22.8677,s255,483.15,67.00,810,38,35
1323,22.8677,s255,441.88,57.65,933,37,37
1324,22.8837,s255,1513.42,1045.95,859,31,38
1324,22.8837,s255,1626.76,576.29,696,32,33
1324,22.8837,s255,1644.87,526.15,807,36,32
1324,22.8837,s255,1158.81,525.74,754,35,34
1324,22.8837,s255,984.39,505.06,812,35,33
1324,22.8837,s255,396.15,450.95,749,35,36
1324,22.8837,s255,338.96,442.33,709,31,35
1324,22.8837,s255,982.07,292.96,768,33,35
1324,22.8837,s255,385.84,89.51,693,32,32
1324,22.8837,s255,337.27,85.13,682,31,33
1324,22.8837,s255,483.53,67.07,787,34,35
1324,22.8837,s255,442.64,58.56,872,36,38
1325,22.8997,s255,1513.45,1046.02,868,31,37
1325,22.8997,s255,1626.85,576.38,706,33,33
1325,22.8997,s255,1644.95,526.04,814,36,32
1325,22.8997,s255,1159.20,526.20,756,34,34
1325,22.8997,s255,985.03,505.31,819,34,32
1325,22.8997,s255,396.15,450.88,735,35,36
1325,22.8997,s255,339.06,442.37,711,31,35
1325,22.8997,s255,981.89,293.24,760,31,34
1325,22.8997,s255,385.77,89.49,688,31,32
1325,22.8997,s255,337.07,84.94,680,30,33
1325,22.8997,s255,483.70,67.09,788,34,35
1325,22.8997,s255,442.58,58.46,875,37,38
1326,22.9197,s255,1513.45,1046.02,860,31,37
1326,22.9197,s255,1626.81,576.27,698,32,33
1326,22.9197,s255,1644.90,526.07,807,36,32
1326,22.9197,s255,1159.75,526.51,769,34,34
1326,22.9197,s255,985.80,505.20,810,34,33
1326,22.9197,s255,396.15,450.93,746,35,35
1326,22.9197,s255,339.02,442.44,705,31,35
1326,22.9197,s255,982.11,293.68,742,31,34
1326,22.9197,s255,385.72,89.48,690,31,32
1326,22.9197,s255,337.16,85.06,679,31,33
1326,22.9197,s255,483.07,66.95,819,37,35
1326,22.9197,s255,441.94,57.61,934,36,37
1327,22.9357,s255,1513.39,1045.97,860,30,37
1327,22.9357,s255,1626.92,576.35,699,33,33
1327,22.9357,s255,1644.99,526.06,807,36,32
1327,22.9357,s255,1160.33,526.77,769,34,34
1327,22.9357,s255,986.20,505.38,808,33,35
1327,22.9357,s255,396.05,451.04,740,35,35
1327,22.9357,s255,339.08,442.41,709,31,35
1327,22.9357,s255,981.07,293.80,766,31,34
1327,22.9357,s255,385.79,89.42,691,32,33
1327,22.9357,s255,337.31,84.90,692,31,33
1327,22.9357,s255,483.17,67.03,813,37,35
1327,22.9357,s255,442.69,58.66,870,36,37
1328,22.9517,s255,1514.47,1046.09,914,36,37
1328,22.9517,s255,1626.75,576.38,706,32,33
1328,22.9517,s255,1644.86,526.12,807,36,33
1328,22.9517,s255,1160.82,527.02,781,35,35
1328,22.9517,s255,986.96,505.59,820,35,35
1328,22.9517,s255,396.09,451.18,747,35,34
1328,22.9517,s255,339.10,442.36,716,31,35
1328,22.9517,s255,980.50,293.47,761,33,35
1328,22.9517,s255,385.86,89.49,694,32,33
1328,22.9517,s255,337.14,85.04,684,31,33
1328,22.9517,s255,483.79,67.91,755,36,32
1328,22.9517,s255,442.70,58.55,873,36,38
1329,22.9677,s255,1513.37,1045.99,859,31,37
1329,22.9677,s255,1626.76,576.29,700,33,33
1329,22.9677,s255,1644.80,526.09,814,36,32
1329,22.9677,s255,1161.02,527.08,802,34,35
1329,22.9677,s255,987.70,506.06,807,34,34
1329,22.9677,s255,396.13,451.00,750,35,35
1329,22.9677,s255,339.05,442.42,717,31,35
1329,22.9677,s255,980.26,293.72,764,34,35
1329,22.9677,s255,385.92,89.54,680,29,32
1329,22.9677,s255,337.24,84.84,684,30,33
1329,22.9677,s255,483.70,67.79,772,38,33
1329,22.9677,s255,442.71,58.60,867,37,36
1330,22.9837,s255,1514.37,1046.15,911,36,37
1330,22.9837,s255,1626.96,576.28,697,33,33
1330,22.9837,s255,1645.09,526.18,812,36,32
1330,22.9837,s255,1161.57,527.41,807,35,34
1330,22.9837,s255,987.73,506.78,767,33,34
1330,22.9837,s255,396.02,452.06,686,35,33
1330,22.9837,s255,339.09,442.28,711,31,35
1330,22.9837,s255,980.09,294.68,751,32,35
1330,22.9837,s255,385.70,89.41,688,31,32
1330,22.9837,s255,337.16,84.95,682,31,33
1330,22.9837,s255,483.11,66.86,815,37,35
1330,22.9837,s255,442.72,58.54,869,36,37
1331,22.9997,stop,1513.44,1046.08,860,31,37
1331,22.9997,stop,1626.82,576.40,698,32,33
1331,22.9997,stop,1162.01,527.83,818,35,34
1331,22.9997,stop,1644.94,526.17,824,36,33
1331,22.9997,stop,987.96,506.59,756,30,34
1331,22.9997,stop,396.15,451.01,748,35,35
1331,22.9997,stop,339.05,442.40,708,31,35
1331,22.9997,stop,979.69,294.62,762,33,33
1331,22.9997,stop,385.75,89.49,693,31,32
1331,22.9997,stop,337.11,84.90,684,31,33
1331,22.9997,stop,484.03,68.00,741,34,32
1331,22.9997,stop,442.60,58.65,868,36,38
1332,23.0197,stop,1513.49,1046.04,857,30,37
1332,23.0197,stop,1626.77,576.30,697,32,33
1332,23.0197,stop,1162.63,528.35,827,34,33
1332,23.0197,stop,1644.87,526.07,816,36,33
1332,23.0197,stop,988.25,506.16,763,30,36
1332,23.0197,stop,396.23,450.99,739,35,34
1332,23.0197,stop,338.97,442.42,704,31,35
1332,23.0197,stop,979.33,294.47,755,32,31
1332,23.0197,stop,385.63,89.51,681,32,32
1332,23.0197,stop,337.30,84.96,697,31,33
1332,23.0197,stop,483.88,67.81,768,38,32
1332,23.0197,stop,442.69,58.51,876,37,38
1333,23.0357,stop,1513.40,1046.06,866,31,37
1333,23.0357,stop,1626.83,576.36,694,32,33
1333,23.0357,stop,1162.87,528.97,821,35,33
1333,23.0357,stop,1644.95,526.22,811,36,33
1333,23.0357,stop,988.73,506.19,762,32,36
1333,23.0357,stop,396.05,450.98,755,35,36
1333,23.0357,stop,339.00,442.37,707,31,35
1333,23.0357,stop,978.90,294.45,756,34,33
1333,23.0357,stop,385.82,89.28,696,32,33
1333,23.0357,stop,337.24,84.98,689,30,33
1333,23.0357,stop,483.70,67.87,764,38,32
1333,23.0357,stop,441.82,57.59,937,38,38
1334,23.0517,stop,1514.35,1046.04,908,36,37
1334,23.0517,stop,1626.79,576.34,704,33,33
1334,23.0517,stop,1163.08,529.76,805,33,33
1334,23.0517,stop,1644.90,526.08,812,36,32
1334,23.0517,stop,989.08,506.38,762,32,36
1334,23.0517,stop,396.07,450.97,747,35,34
1334,23.0517,stop,338.96,442.27,709,31,35
1334,23.0517,stop,978.50,294.65,761,33,34
1334,23.0517,stop,385.83,89.49,696,32,32
1334,23.0517,stop,337.12,85.03,685,31,33
1334,23.0517,stop,483.55,66.98,790,34,35
1334,23.0517,stop,442.64,58.61,876,36,37
1335,23.0677,stop,1514.37,1046.01,911,36,37
1335,23.0677,stop,1626.73,576.40,695,32,33
1335,23.0677,stop,1163.38,530.19,791,34,33
1335,23.0677,stop,1644.88,526.10,810,36,32
1335,23.0677,stop,989.07,506.45,752,33,35
1335,23.0677,stop,396.13,451.08,748,35,34
1335,23.0677,stop,339.02,442.40,715,31,35
1335,23.0677,stop,977.97,294.56,738,34,33
1335,23.0677,stop,385.83,89.54,694,32,33
1335,23.0677,stop,337.25,84.89,681,31,33
1335,23.0677,stop,483.20,66.96,810,38,35
1335,23.0677,stop,441.89,57.56,931,36,37
1336,23.0837,stop,1513.45,1046.06,857,30,37
1336,23.0837,stop,1626.77,576.33,705,33,33
1336,23.0837,stop,1163.88,530.77,819,34,35
1336,23.0837,stop,1644.94,526.13,805,36,32
1336,23.0837,stop,989.18,506.60,761,33,35
1336,23.0837,stop,396.17,451.01,746,35,35
1336,23.0837,stop,339.03,442.41,706,31,35
1336,23.0837,stop,977.61,294.52,704,33,32
1336,23.0837,stop,385.88,89.41,699,32,32
1336,23.0837,stop,337.07,84.91,689,31,33
1336,23.0837,stop,484.25,67.96,737,34,32
1336,23.0837,stop,442.02,57.60,931,37,38
1337,23.0997,stop,1513.35,1046.00,856,30,37
1337,23.0997,stop,1626.91,576.34,694,33,33
1337,23.0997,stop,1164.08,531.03,844,34,34
1337,23.0997,stop,1644.93,526.09,814,36,32
1337,23.0997,stop,989.76,506.89,790,33,34
1337,23.0997,stop,396.19,451.07,745,35,34
1337,23.0997,stop,339.13,442.21,705,31,35
1337,23.0997,stop,977.31,294.35,669,33,33
1337,23.0997,stop,385.89,89.66,695,31,32
1337,23.0997,stop,337.08,84.98,685,32,33
1337,23.0997,stop,483.59,67.03,797,34,35
1337,23.0997,stop,442.63,58.74,869,36,36
1338,23.1197,stop,1514.34,1046.09,914,36,37
1338,23.1197,stop,1626.84,576.34,694,33,33
1338,23.1197,stop,1164.16,531.12,846,34,34
1338,23.1197,stop,1644.96,526.03,813,36,33
1338,23.1197,stop,989.21,506.32,750,33,34
1338,23.1197,stop,396.16,450.99,741,35,35
1338,23.1197,stop,339.01,442.25,703,31,35
1338,23.1197,stop,976.97,294.82,652,32,33
1338,23.1197,stop,385.70,89.58,682,33,32
1338,23.1197,stop,337.13,85.06,693,30,33
1338,23.1197,stop,483.75,67.88,758,37,32
1338,23.1197,stop,442.64,58.64,870,37,37
1339,23.1357,stop,1513.41,1045.93,854,30,37
1339,23.1357,stop,1626.82,576.38,703,33,33
1339,23.1357,stop,1164.17,531.34,819,33,34
1339,23.1357,stop,1645.00,526.13,808,36,33
1339,23.1357,stop,989.65,506.47,764,35,34
1339,23.1357,stop,396.06,450.99,747,35,34
1339,23.1357,stop,339.09,442.41,716,31,35
1339,23.1357,stop,976.76,295.12,628,32,30
1339,23.1357,stop,385.72,89.52,694,31,33
1339,23.1357,stop,337.16,84.97,678,31,33
1339,23.1357,stop,483.50,67.12,786,34,35
1339,23.1357,stop,442.57,58.59,883,37,37
1340,23.1517,stop,1514.39,1046.19,926,36,37
1340,23.1517,stop,1626.79,576.25,698,33,33
1340,23.1517,stop,1163.85,531.50,782,29,33
1340,23.1517,stop,1644.92,526.10,800,36,32
1340,23.1517,stop,989.54,506.18,751,35,33
1340,23.1517,stop,396.17,450.96,743,35,34
1340,23.1517,stop,338.96,442.42,705,31,35
1340,23.1517,stop,976.72,295.44,584,31,30
1340,23.1517,stop,385.82,89.48,693,32,33
1340,23.1517,stop,337.11,85.10,692,31,33
1340,23.1517,stop,483.62,67.09,791,34,35
1340,23.1517,stop,442.65,58.61,867,37,38
1341,23.1677,stop,1513.45,1046.03,867,31,37
1341,23.1677,stop,1626.74,576.36,708,33,33
1341,23.1677,stop,1164.02,531.76,759,30,34
1341,23.1677,stop,1644.93,526.17,816,36,32
1341,23.1677,stop,989.06,505.57,710,34,32
1341,23.1677,stop,396.19,451.06,749,35,34
1341,23.1677,stop,339.02,442.45,711,31,35
1341,23.1677,stop,977.07,295.69,544,31,29
1341,23.1677,stop,385.74,89.37,689,31,33
1341,23.1677,stop,337.15,85.01,684,31,33
1341,23.1677,stop,483.09,66.93,810,37,35
1341,23.1677,stop,442.68,58.48,872,38,38
1342,23.1837,stop,1513.44,1046.03,858,31,37
1342,23.1837,stop,1626.85,576.43,700,33,33
1342,23.1837,stop,1163.96,531.81,727,30,34
1342,23.1837,stop,1644.99,526.13,813,36,32
1342,23.1837,stop,989.00,504.76,655,32,31
1342,23.1837,stop,396.16,450.92,751,35,34
1342,23.1837,stop,338.97,442.34,711,31,35
1342,23.1837,stop,977.19,295.86,523,31,29
1342,23.1837,stop,385.76,89.35,699,32,33
1342,23.1837,stop,337.16,84.91,691,31,33
1342,23.1837,stop,483.77,67.72,761,36,32
1342,23.1837,stop,441.84,57.61,941,36,37
1343,23.1997,stop,1513.54,1046.11,871,31,37
1343,23.1997,stop,1626.86,576.31,696,33,33
1343,23.1997,stop,1164.90,531.95,771,34,33
1343,23.1997,stop,1644.86,526.15,808,36,32
1343,23.1997,stop,989.98,504.05,584,30,31
1343,23.1997,stop,396.11,451.05,748,35,34
1343,23.1997,stop,339.05,442.41,711,31,35
1343,23.1997,stop,979.36,295.04,507,29,29
1343,23.1997,stop,385.93,89.36,680,29,33
1343,23.1997,stop,337.19,85.08,690,31,33
1343,23.1997,stop,483.54,67.08,790,33,35
1343,23.1997,stop,442.72,58.59,872,36,37
1344,23.2197,stop,1513.47,1045.90,860,31,37
1344,23.2197,stop,1626.90,576.40,701,33,33
1344,23.2197,stop,1165.45,532.17,769,34,33
1344,23.2197,stop,1645.01,526.18,816,36,34
1344,23.2197,stop,988.76,502.40,597,31,30
1344,23.2197,stop,396.17,451.08,753,35,35
1344,23.2197,stop,339.01,442.33,714,31,35
1344,23.2197,stop,980.18,295.18,497,28,31
1344,23.2197,stop,385.78,89.42,699,32,33
1344,23.2197,stop,337.16,84.96,683,31,33
1344,23.2197,stop,484.27,67.98,743,35,32
1344,23.2197,stop,442.60,58.68,872,36,38
1345,23.2357,stop,1513.46,1045.90,860,31,37
1345,23.2357,stop,1626.88,576.30,699,32,33
1345,23.2357,stop,1165.74,532.57,754,34,34
1345,23.2357,stop,1645.06,526.16,816,36,32
1345,23.2357,stop,989.11,501.08,583,31,31
1345,23.2357,stop,396.17,450.92,753,35,35
1345,23.2357,stop,339.11,442.39,705,31,35
1345,23.2357,stop,979.94,295.60,502,31,32
1345,23.2357,stop,385.83,89.58,685,30,32
1345,23.2357,stop,337.20,85.07,692,31,33
1345,23.2357,stop,483.10,67.01,815,38,35
1345,23.2357,stop,441.79,57.53,929,37,37
1346,23.2517,stop,1514.52,1046.17,914,36,37
1346,23.2517,stop,1626.86,576.35,698,33,33
1346,23.2517,stop,1165.92,532.96,733,33,33
1346,23.2517,stop,1644.88,526.09,809,36,32
1346,23.2517,stop,990.44,500.39,519,27,30
1346,23.2517,stop,396.14,450.98,739,35,34
1346,23.2517,stop,338.97,442.42,708,31,35
1346,23.2517,stop,981.65,295.53,450,28,27
1346,23.2517,stop,385.83,89.51,697,32,32
1346,23.2517,stop,337.29,85.00,687,31,33
1346,23.2517,stop,483.16,66.91,812,37,35
1346,23.2517,stop,442.64,58.63,859,36,36
1347,23.2677,stop,1513.37,1046.04,867,30,37
1347,23.2677,stop,1626.84,576.42,701,33,33
1347,23.2677,stop,1165.96,533.27,736,33,34
1347,23.2677,stop,1645.00,526.13,815,36,32
1347,23.2677,stop,990.59,498.73,491,25,30
1347,23.2677,stop,396.24,450.99,738,35,36
1347,23.2677,stop,338.97,442.39,713,31,35
1347,23.2677,stop,982.06,296.42,390,27,26
1347,23.2677,stop,385.82,89.38,700,32,33
1347,23.2677,stop,337.36,85.05,698,31,33
1347,23.2677,stop,484.16,67.97,746,34,33
1347,23.2677,stop,441.99,57.63,939,37,37
1348,23.2837,stop,1514.40,1046.12,921,36,37
1348,23.2837,stop,1626.80,576.32,699,32,33
1348,23.2837,stop,1165.99,533.87,703,33,33
1348,23.2837,stop,1644.87,526.15,807,36,32
1348,23.2837,stop,990.98,497.02,489,26,30
1348,23.2837,stop,396.18,451.06,749,35,35
1348,23.2837,stop,339.05,442.45,713,31,35
1348,23.2837,stop,983.25,296.54,370,26,25
1348,23.2837,stop,385.82,89.66,692,31,32
1348,23.2837,stop,337.21,85.05,695,31,33
1348,23.2837,stop,483.85,67.81,762,37,32
1348,23.2837,stop,441.88,57.51,931,37,37
1349,23.2997,stop,1514.44,1046.23,905,36,37
1349,23.2997,stop,1626.86,576.31,699,33,33
1349,23.2997,stop,1166.30,534.40,686,32,32
1349,23.2997,stop,1644.94,526.11,803,36,32
1349,23.2997,stop,991.93,494.96,485,25,31
1349,23.2997,stop,396.21,450.97,744,35,34
1349,23.2997,stop,339.07,442.32,708,31,35
1349,23.2997,stop,984.28,296.69,378,26,24
1349,23.2997,stop,385.81,89.63,681,32,33
1349,23.2997,stop,337.11,85.07,678,31,33
1349,23.2997,stop,483.08,66.99,810,36,35
1349,23.2997,stop,442.63,58.55,870,38,37
1350,23.3197,stop,1514.32,1046.08,912,36,37
1350,23.3197,stop,1626.89,576.37,699,33,33
1350,23.3197,stop,1165.46,534.75,614,29,33
1350,23.3197,stop,1644.93,526.14,806,36,32
1350,23.3197,stop,992.74,492.80,483,25,30
1350,23.3197,stop,396.15,451.01,740,35,35
1350,23.3197,stop,338.97,442.31,707,31,35
1350,23.3197,stop,985.66,297.37,359,25,24
1350,23.3197,stop,385.85,89.45,690,32,32
1350,23.3197,stop,337.25,84.96,691,31,33
1350,23.3197,stop,483.62,67.00,789,33,35
1350,23.3197,stop,442.66,58.61,867,36,37
1351,23.3357,stop,1514.37,1046.11,913,36,38
1351,23.3357,stop,1626.81,576.32,698,32,33
1351,23.3357,stop,1165.44,535.23,594,28,32
1351,23.3357,stop,1644.98,526.07,812,36,33
1351,23.3357,stop,993.80,490.59,497,24,31
1351,23.3357,stop,396.24,451.01,749,35,35
1351,23.3357,stop,339.04,442.34,718,31,35
1351,23.3357,stop,987.10,297.92,343,25,24
1351,23.3357,stop,385.84,89.40,695,32,32
1351,23.3357,stop,337.23,85.12,688,31,33
1351,23.3357,stop,483.51,66.99,792,34,35
1351,23.3357,stop,441.88,57.58,931,36,37
1352,23.3517,stop,1513.48,1045.92,862,31,37
1352,23.3517,stop,1626.83,576.45,700,33,33
1352,23.3517,stop,1165.06,536.16,580,27,32
1352,23.3517,stop,1644.89,526.08,816,36,33
1352,23.3517,stop,995.09,488.11,509,25,31
1352,23.3517,stop,396.17,451.05,749,35,35
1352,23.3517,stop,339.05,442.31,712,31,35
1352,23.3517,stop,988.20,298.86,347,26,23
1352,23.3517,stop,385.75,89.39,689,31,32
1352,23.3517,stop,337.30,84.96,687,30,33
1352,23.3517,stop,483.55,67.13,795,34,35
1352,23.3517,stop,441.89,57.54,931,36,37
1353,23.3678,stop,1514.28,1046.27,908,36,37
1353,23.3678,stop,1626.77,576.36,697,33,33
1353,23.3678,stop,1165.04,536.96,547,27,32
1353,23.3678,stop,1644.90,526.11,804,36,33
1353,23.3678,stop,996.36,485.51,521,26,31
1353,23.3678,stop,396.32,451.09,740,35,34
1353,23.3678,stop,338.98,442.32,705,31,35
1353,23.3678,stop,989.86,299.76,349,25,23
1353,23.3678,stop,385.72,89.50,693,31,32
1353,23.3678,stop,337.18,85.04,682,30,33
1353,23.3678,stop,483.26,67.10,808,37,35
1353,23.3678,stop,442.70,58.54,873,36,38
1354,23.3837,stop,1513.46,1046.04,862,30,38
1354,23.3837,stop,1626.84,576.34,699,33,33
1354,23.3837,stop,1164.56,538.05,538,27,32
1354,23.3837,stop,1644.86,526.23,807,36,32
1354,23.3837,stop,997.95,482.88,535,25,30
1354,23.3837,stop,396.24,450.95,744,35,35
1354,23.3837,stop,339.06,442.36,707,31,35
1354,23.3837,stop,991.43,300.83,346,23,23
1354,23.3837,stop,385.69,89.44,692,31,33
1354,23.3837,stop,337.14,84.93,694,32,33
1354,23.3837,stop,483.03,66.99,812,36,35
1354,23.3837,stop,442.66,58.59,869,36,37
1355,23.3997,stop,1513.31,1046.00,861,30,37
1355,23.3997,stop,1626.81,576.32,705,32,33
1355,23.3997,stop,1163.86,539.05,519,27,32
1355,23.3997,stop,1645.05,526.07,811,36,32
1355,23.3997,stop,999.63,479.88,529,26,31
1355,23.3997,stop,396.05,450.89,750,35,34
1355,23.3997,stop,339.07,442.33,710,31,35
1355,23.3997,stop,991.55,302.55,382,30,23
1355,23.3997,stop,385.75,89.54,689,31,32
1355,23.3997,stop,337.10,85.12,690,32,33
1355,23.3997,stop,483.25,66.96,820,37,35
1355,23.3997,stop,441.88,57.54,928,36,37
1356,23.4197,stop,1513.55,1046.13,863,31,37
1356,23.4197,stop,1626.85,576.41,703,33,33
1356,23.4197,stop,1163.43,540.53,513,27,32
1356,23.4197,stop,1644.81,526.14,813,36,32
1356,23.4197,stop,1001.51,477.55,555,26,32
1356,23.4197,stop,395.47,451.68,779,35,34
1356,23.4197,stop,339.09,442.40,706,31,35
1356,23.4197,stop,993.30,303.64,365,30,21
1356,23.4197,stop,385.87,89.54,681,29,34
1356,23.4197,stop,337.16,85.03,687,31,33
1356,23.4197,stop,483.14,66.99,811,37,35
1356,23.4197,stop,441.87,57.49,930,37,37
1357,23.4357,stop,1514.35,1046.16,914,36,37
1357,23.4357,stop,1626.78,576.39,700,33,33
1357,23.4357,stop,1162.72,541.90,509,26,32
1357,23.4357,stop,1645.06,526.02,803,36,32
1357,23.4357,stop,1003.93,474.90,575,25,32
1357,23.4357,stop,396.20,450.96,752,35,34
1357,23.4357,stop,339.10,442.36,706,31,35
1357,23.4357,stop,996.73,304.94,316,25,21
1357,23.4357,stop,385.81,89.51,692,32,33
1357,23.4357,stop,337.19,85.07,676,31,33
1357,23.4357,stop,484.24,67.97,737,33,32
1357,23.4357,stop,442.62,58.46,869,36,38
1358,23.4517,stop,1513.47,1046.03,862,31,37
1358,23.4517,stop,1626.83,576.38,695,33,33
1358,23.4517,stop,1161.68,543.56,503,27,31
1358,23.4517,stop,1644.97,526.01,815,36,33
1358,23.4517,stop,1006.16,471.91,590,26,33
1358,23.4517,stop,396.16,450.98,749,35,34
1358,23.4517,stop,339.00,442.34,710,31,35
1358,23.4517,stop,998.97,307.50,349,25,21
1358,23.4517,stop,385.80,89.46,695,33,32
1358,23.4517,stop,337.21,84.88,689,31,33
1358,23.4517,stop,484.32,67.96,740,33,32
1358,23.4517,stop,442.58,58.60,875,37,37
1359,23.4677,stop,1514.42,1046.16,913,36,37
1359,23.4677,stop,1626.87,576.27,694,33,33
1359,23.4677,stop,1160.42,545.58,512,25,32
1359,23.4677,stop,1644.92,526.15,807,36,32
1359,23.4677,stop,1008.59,468.87,613,27,33
1359,23.4677,stop,396.18,451.00,748,35,34
1359,23.4677,stop,339.01,442.39,713,31,35
1359,23.4677,stop,1000.39,309.61,353,26,22
1359,23.4677,stop,385.78,89.57,685,31,33
1359,23.4677,stop,337.11,84.99,690,31,33
1359,23.4677,stop,483.69,67.80,759,37,32
1359,23.4677,stop,442.62,58.43,871,37,38
1360,23.4837,stop,1513.36,1045.93,858,31,37
1360,23.4837,stop,1626.78,576.39,707,33,33
1360,23.4837,stop,1159.27,547.18,502,25,31
1360,23.4837,stop,1644.91,526.15,818,36,33
1360,23.4837,stop,1011.26,466.05,621,27,33
1360,23.4837,stop,396.17,451.14,756,35,36
1360,23.4837,stop,339.10,442.41,706,31,35
1360,23.4837,stop,1002.33,311.80,356,27,23
1360,23.4837,stop,385.77,89.44,693,32,32
1360,23.4837,stop,337.30,84.97,683,30,33
1360,23.4837,stop,483.12,66.94,816,37,35
1360,23.4837,stop,441.89,57.50,932,36,37
1361,23.4997,stop,1514.34,1046.04,913,36,37
1361,23.4997,stop,1626.74,576.26,708,33,33
1361,23.4997,stop,1158.29,549.38,528,29,30
1361,23.4997,stop,1645.07,526.07,805,36,33
1361,23.4997,stop,1014.01,462.93,621,29,31
1361,23.4997,stop,396.25,450.97,742,35,36
1361,23.4997,stop,339.03,442.40,715,31,35
1361,23.4997,stop,1003.07,314.40,388,31,22
1361,23.4997,stop,385.83,89.51,696,32,32
1361,23.4997,stop,337.29,84.95,687,31,33
1361,23.4997,stop,483.66,67.78,760,37,33
1361,23.4997,stop,441.82,57.60,940,38,37
1362,23.5197,stop,1513.46,1046.04,856,31,37
1362,23.5197,stop,1626.97,576.42,695,32,33
1362,23.5197,stop,1155.98,550.28,511,26,31
1362,23.5197,stop,1645.04,526.12,816,36,33
1362,23.5197,stop,1017.34,459.72,653,29,32
1362,23.5197,stop,396.17,451.05,743,35,34
1362,23.5197,stop,338.99,442.37,716,31,35
1362,23.5197,stop,1006.39,316.84,366,27,22
1362,23.5197,stop,385.90,89.52,697,31,33
1362,23.5197,stop,337.15,84.90,701,31,33
1362,23.5197,stop,483.33,66.92,815,38,35
1362,23.5197,stop,442.71,58.61,877,38,38
1363,23.5357,stop,1513.44,1046.03,854,31,37
1363,23.5357,stop,1626.70,576.30,704,33,33
1363,23.5357,stop,1153.96,551.42,505,27,31
1363,23.5357,stop,1644.81,526.13,806,36,32
1363,23.5357,stop,1020.60,456.54,658,29,33
1363,23.5357,stop,396.14,450.95,748,35,36
1363,23.5357,stop,339.01,442.39,711,31,35
1363,23.5357,stop,1008.35,319.77,369,26,22
1363,23.5357,stop,385.79,89.44,691,32,33
1363,23.5357,stop,337.26,84.94,695,31,33
1363,23.5357,stop,483.30,66.99,814,37,35
1363,23.5357,stop,442.57,58.52,882,38,38
1364,23.5517,stop,1514.45,1046.11,909,36,37
1364,23.5517,stop,1626.79,576.35,705,33,33
1364,23.5517,stop,1151.87,552.42,504,27,31
1364,23.5517,stop,1644.94,526.09,808,36,32
1364,23.5517,stop,1023.87,453.50,670,30,33
1364,23.5517,stop,396.08,450.82,746,35,34
1364,23.5517,stop,339.10,442.40,710,31,35
1364,23.5517,stop,1009.44,322.87,421,31,23
1364,23.5517,stop,385.73,89.40,691,32,32
1364,23.5517,stop,337.15,84.94,694,31,33
1364,23.5517,stop,483.56,67.06,796,33,35
1364,23.5517,stop,442.62,58.61,868,37,36
1365,23.5677,stop,1514.46,1046.18,908,36,37
1365,23.5677,stop,1626.81,576.46,699,33,33
1365,23.5677,stop,1149.48,553.20,507,27,31
1365,23.5677,stop,1645.05,526.08,817,36,32
1365,23.5677,stop,396.17,450.95,747,35,34
1365,23.5677,stop,1027.29,450.30,678,30,33
1365,23.5677,stop,339.00,442.41,713,31,35
1365,23.5677,stop,1011.76,326.00,416,31,24
1365,23.5677,stop,385.64,89.46,694,31,33
1365,23.5677,stop,337.27,84.87,696,30,33
1365,23.5677,stop,483.59,67.06,791,34,35
1365,23.5677,stop,442.63,58.50,875,37,38
1366,23.5838,stop,1513.49,1046.04,857,30,37
1366,23.5838,stop,1626.76,576.30,694,32,33
1366,23.5838,stop,1146.82,553.91,502,28,31
1366,23.5838,stop,1644.95,526.01,809,36,32
1366,23.5838,stop,396.13,451.01,747,35,35
1366,23.5838,stop,1031.07,447.23,681,29,33
1366,23.5838,stop,339.07,442.31,707,31,35
1366,23.5838,stop,1013.96,329.19,423,30,23
1366,23.5838,stop,385.84,89.49,697,32,33
1366,23.5838,stop,337.20,84.98,686,31,33
1366,23.5838,stop,483.81,67.77,754,38,32
1366,23.5838,stop,442.69,58.66,871,36,37
1367,23.6037,stop,1513.46,1045.99,858,31,37
1367,23.6037,stop,1626.84,576.43,700,32,33
1367,23.6037,stop,1144.30,554.29,482,28,30
1367,23.6037,stop,1644.89,526.07,808,36,33
1367,23.6037,stop,396.08,450.96,750,35,35
1367,23.6037,stop,1035.25,443.68,663,30,33
1367,23.6037,stop,339.20,442.49,708,31,35
1367,23.6037,stop,1017.87,332.57,391,28,24
1367,23.6037,stop,385.88,89.54,683,30,32
1367,23.6037,stop,337.17,84.87,689,31,33
1367,23.6037,stop,483.84,67.87,759,36,32
1367,23.6037,stop,442.67,58.50,875,36,38
1368,23.6197,stop,1513.49,1045.95,866,31,37
1368,23.6197,stop,1626.86,576.35,698,32,33
1368,23.6197,stop,1141.60,555.04,466,27,30
1368,23.6197,stop,1644.84,526.05,820,36,32
1368,23.6197,stop,396.17,451.09,749,35,34
1368,23.6197,stop,338.92,442.37,715,31,35
1368,23.6197,stop,1039.18,440.05,658,29,33
1368,23.6197,stop,1018.97,336.31,442,30,23
1368,23.6197,stop,385.84,89.49,695,32,32
1368,23.6197,stop,337.21,84.94,693,31,33
1368,23.6197,stop,483.22,66.99,812,37,35
1368,23.6197,stop,442.72,58.52,877,37,38
1369,23.6357,stop,1513.42,1046.05,864,31,37
1369,23.6357,stop,1626.81,576.37,708,33,33
1369,23.6357,stop,1138.93,555.82,450,27,29
1369,23.6357,stop,1644.89,526.19,810,36,32
1369,23.6357,stop,396.06,450.97,750,35,35
1369,23.6357,stop,339.02,442.35,712,31,35
1369,23.6357,stop,1043.25,436.74,642,30,32
1369,23.6357,stop,1022.29,340.15,415,30,23
1369,23.6357,stop,385.77,89.49,694,32,32
1369,23.6357,stop,337.13,84.98,691,31,33
1369,23.6357,stop,483.11,66.88,806,36,35
1369,23.6357,stop,442.77,58.61,871,36,37
1370,23.6517,stop,1513.49,1046.05,854,31,37
1370,23.6517,stop,1626.80,576.33,702,33,33
1370,23.6517,stop,1137.51,557.43,467,30,30
1370,23.6517,stop,1644.93,526.10,809,36,32
1370,23.6517,stop,396.13,450.95,740,35,35
1370,23.6517,stop,339.00,442.34,716,31,35
1370,23.6517,stop,1047.42,433.41,640,29,31
1370,23.6517,stop,1024.44,343.86,430,32,24
1370,23.6517,stop,385.89,89.46,694,31,33
1370,23.6517,stop,337.23,85.05,680,31,33
1370,23.6517,stop,483.30,66.87,800,36,35
1370,23.6517,stop,441.91,57.64,934,38,37
1371,23.6677,stop,1513.53,1045.92,864,31,38
1371,23.6677,stop,1626.83,576.30,696,32,33
1371,23.6677,stop,1134.68,559.70,448,29,25
1371,23.6677,stop,1644.94,526.11,818,36,32
1371,23.6677,stop,396.19,451.03,750,35,34
1371,23.6677,stop,339.02,442.39,712,31,35
1371,23.6677,stop,1051.94,429.24,624,28,31
1371,23.6677,stop,1026.38,347.80,455,31,24
1371,23.6677,stop,385.77,89.36,690,32,33
1371,23.6677,stop,337.35,85.01,688,30,33
1371,23.6677,stop,483.60,67.13,785,35,35
1371,23.6677,stop,442.53,58.46,878,36,38
1372,23.6837,stop,1514.46,1046.17,907,36,37
1372,23.6837,stop,1626.84,576.33,702,33,33
1372,23.6837,stop,1130.26,560.78,398,25,24
1372,23.6837,stop,1645.03,526.10,811,36,33
1372,23.6837,stop,396.15,450.98,751,35,34
1372,23.6837,stop,339.07,442.34,714,31,35
1372,23.6837,stop,1055.63,425.19,670,32,32
1372,23.6837,stop,1029.26,352.01,442,31,23
1372,23.6837,stop,385.74,89.46,695,31,32
1372,23.6837,stop,337.28,84.92,694,30,33
1372,23.6837,stop,484.31,67.94,745,35,32
1372,23.6837,stop,441.90,57.49,933,36,37
1373,23.7037,stop,1514.38,1046.12,910,36,37
1373,23.7037,stop,1626.92,576.40,704,33,33
1373,23.7037,stop,1126.84,562.07,379,24,25
1373,23.7037,stop,1644.93,526.07,803,36,32
1373,23.7037,stop,396.25,451.04,742,35,34
1373,23.7037,stop,338.97,442.34,711,31,35
1373,23.7037,stop,1060.05,421.75,668,31,32
1373,23.7037,stop,1033.30,356.02,388,26,23
1373,23.7037,stop,385.73,89.49,686,31,32
1373,23.7037,stop,337.25,84.97,689,30,33
1373,23.7037,stop,483.56,67.72,763,38,32
1373,23.7037,stop,442.61,58.60,873,37,37
1374,23.7197,stop,1514.27,1046.10,916,36,37
1374,23.7197,stop,1626.75,576.37,698,32,33
1374,23.7197,stop,1123.52,563.59,378,23,24
1374,23.7197,stop,1644.90,526.08,810,36,32
1374,23.7197,stop,396.15,450.99,746,35,35
1374,23.7197,stop,339.01,442.37,706,31,35
1374,23.7197,stop,1065.79,418.21,628,28,32
1374,23.7197,stop,1034.74,360.92,429,31,24
1374,23.7197,stop,385.78,89.64,691,33,32
1374,23.7197,stop,337.34,84.97,691,31,33
1374,23.7197,stop,483.17,66.98,807,37,35
1374,23.7197,stop,442.57,58.50,870,36,38
1375,23.7357,stop,1513.45,1045.91,871,31,37
1375,23.7357,stop,1626.77,576.30,705,32,33
1375,23.7357,stop,1119.46,564.64,422,24,28
1375,23.7357,stop,1644.87,526.08,807,36,32
1375,23.7357,stop,396.12,451.00,747,35,35
1375,23.7357,stop,339.07,442.37,713,31,35
1375,23.7357,stop,1069.78,414.06,682,32,31
1375,23.7357,stop,1037.78,365.46,433,31,23
1375,23.7357,stop,385.86,89.48,688,31,32
1375,23.7357,stop,337.18,84.99,690,31,33
1375,23.7357,stop,483.21,66.92,814,38,35
1375,23.7357,stop,442.63,58.47,865,36,37
1376,23.7517,stop,1514.36,1046.11,908,36,37
1376,23.7517,stop,1626.85,576.26,704,32,33
1376,23.7517,stop,1117.38,568.11,431,30,25
1376,23.7517,stop,1644.97,526.13,820,36,33
1376,23.7517,stop,395.44,451.58,793,35,35
1376,23.7517,stop,339.05,442.44,710,31,35
1376,23.7517,stop,1074.86,409.65,667,32,31
1376,23.7517,stop,1040.46,370.33,442,31,24
1376,23.7517,stop,385.89,89.59,688,32,32
1376,23.7517,stop,337.23,84.93,696,32,33
1376,23.7517,stop,483.11,66.98,814,37,35
1376,23.7517,stop,442.68,58.41,869,36,38
1377,23.7677,stop,1513.50,1046.07,855,31,37
1377,23.7677,stop,1626.81,576.36,702,32,33
1377,23.7677,stop,1112.68,569.57,502,32,28
1377,23.7677,stop,1645.09,526.01,812,36,33
1377,23.7677,stop,396.09,451.00,748,35,35
1377,23.7677,stop,339.07,442.38,705,31,35
1377,23.7677,stop,1079.86,405.67,662,31,32
1377,23.7677,stop,1043.43,375.39,447,32,23
1377,23.7677,stop,385.70,89.38,690,32,33
1377,23.7677,stop,337.03,84.94,701,31,33
1377,23.7677,stop,483.21,67.01,808,37,35
1377,23.7677,stop,442.71,58.58,874,36,38
1378,23.7837,stop,1513.37,1045.98,865,30,37
1378,23.7837,stop,1626.86,576.39,702,33,33
1378,23.7837,stop,1108.85,572.10,555,32,29
1378,23.7837,stop,1644.94,525.99,816,36,33
1378,23.7837,stop,396.06,450.94,740,35,35
1378,23.7837,stop,339.09,442.33,708,31,35
1378,23.7837,stop,1086.53,402.06,632,28,31
1378,23.7837,stop,1046.41,380.68,471,32,24
1378,23.7837,stop,385.76,89.49,688,31,32
1378,23.7837,stop,337.17,84.84,692,31,33
1378,23.7837,stop,483.04,66.95,817,37,35
1378,23.7837,stop,442.60,58.49,872,37,37
1379,23.8037,stop,1513.47,1045.92,866,31,37
1379,23.8037,stop,1626.82,576.37,704,32,33
1379,23.8037,stop,1104.80,574.73,597,33,30
1379,23.8037,stop,1644.82,526.21,814,36,32
1379,23.8037,stop,396.18,451.04,741,35,34
1379,23.8037,stop,339.03,442.37,706,31,35
1379,23.8037,stop,1091.60,397.56,652,29,32
1379,23.8037,stop,1049.09,385.70,540,32,26
1379,23.8037,stop,385.94,89.47,685,29,33
1379,23.8037,stop,337.21,84.94,693,31,33
1379,23.8037,stop,483.18,67.03,808,37,35
1379,23.8037,stop,442.60,58.59,879,36,38
1380,23.8197,stop,1514.31,1046.07,907,36,37
1380,23.8197,stop,1101.05,577.65,628,34,30
1380,23.8197,stop,1626.81,576.34,709,33,33
1380,23.8197,stop,1644.95,526.14,810,36,33
1380,23.8197,stop,396.16,451.13,751,35,35
1380,23.8197,stop,339.08,442.43,711,31,35
1380,23.8197,stop,1052.12,391.18,591,33,27
1380,23.8197,stop,1096.99,392.66,716,31,32
1380,23.8197,stop,385.80,89.53,691,32,32
1380,23.8197,stop,337.15,84.99,694,30,33
1380,23.8197,stop,483.46,67.06,791,34,35
1380,23.8197,stop,442.72,58.66,868,36,37
1381,23.8357,stop,1514.39,1046.12,909,36,37
1381,23.8357,stop,1097.58,580.41,692,34,32
1381,23.8357,stop,1626.80,576.39,699,32,33
1381,23.8357,stop,1644.90,526.10,804,36,32
1381,23.8357,stop,396.16,451.10,743,35,34
1381,23.8357,stop,339.05,442.32,711,31,35
1381,23.8357,stop,1056.12,397.32,626,37,27
1381,23.8357,stop,1102.33,387.56,787,32,32
1381,23.8357,stop,385.80,89.48,695,31,33
1381,23.8357,stop,337.14,85.02,687,31,33
1381,23.8357,stop,483.22,67.02,814,36,35
1381,23.8357,stop,442.70,58.58,865,37,37
1382,23.8517,stop,1514.41,1046.11,908,36,37
1382,23.8517,stop,1093.40,583.50,751,36,33
1382,23.8517,stop,1626.78,576.40,703,32,33
1382,23.8517,stop,1644.94,526.21,811,36,32
1382,23.8517,stop,396.17,450.99,749,35,34
1382,23.8517,stop,339.06,442.36,713,31,35
1382,23.8517,stop,1059.47,402.13,741,34,32
1382,23.8517,stop,1108.54,382.79,846,35,34
1382,23.8517,stop,385.67,89.44,691,31,33
1382,23.8517,stop,337.10,85.04,687,31,33
1382,23.8517,stop,483.57,67.00,790,33,35
1382,23.8517,stop,442.60,58.61,874,37,36
1383,23.8677,stop,1513.50,1046.00,856,31,37
1383,23.8677,stop,1090.11,586.65,768,35,33
1383,23.8677,stop,1626.88,576.24,701,33,33
1383,23.8677,stop,1644.86,526.13,814,36,33
1383,23.8677,stop,396.28,451.08,746,35,35
1383,23.8677,stop,339.06,442.40,707,31,35
1383,23.8677,stop,1062.54,407.70,783,34,33
1383,23.8677,stop,1114.32,377.64,933,35,36
1383,23.8677,stop,385.77,89.55,687,32,32
1383,23.8677,stop,337.18,85.08,692,31,33
1383,23.8677,stop,483.50,67.08,792,35,35
1383,23.8677,stop,441.82,57.47,938,37,38
1384,23.8837,stop,1514.41,1046.10,906,36,37
1384,23.8837,stop,1086.80,590.42,702,34,34
1384,23.8837,stop,1626.78,576.30,700,32,33
1384,23.8837,stop,1644.90,526.16,810,36,32
1384,23.8837,stop,396.17,450.88,751,35,35
1384,23.8837,stop,338.91,442.32,707,31,35
1384,23.8837,stop,1065.68,413.58,837,34,35
1384,23.8837,stop,1119.83,373.27,963,36,36
1384,23.8837,stop,385.77,89.28,704,31,33
1384,23.8837,stop,337.30,85.05,696,31,33
1384,23.8837,stop,483.55,67.00,791,33,35
1384,23.8837,stop,441.90,57.54,933,36,37
1385,23.9037,stop,1513.43,1046.10,867,30,37
1385,23.9037,stop,1082.99,594.03,695,34,33
1385,23.9037,stop,1626.90,576.38,707,33,33
1385,23.9037,stop,1644.95,526.10,810,36,33
1385,23.9037,stop,395.38,451.66,798,35,34
1385,23.9037,stop,338.98,442.31,712,31,35
1385,23.9037,stop,1069.04,419.09,864,34,35
1385,23.9037,stop,1125.72,368.24,948,36,35
1385,23.9037,stop,385.81,89.53,699,32,32
1385,23.9037,stop,337.28,84.92,697,31,33
1385,23.9037,stop,483.70,67.81,763,38,32
1385,23.9037,stop,442.61,58.48,869,37,37
1386,23.9197,stop,1513.43,1045.94,861,31,37
1386,23.9197,stop,1079.49,597.32,681,33,33
1386,23.9197,stop,1626.83,576.31,695,33,33
1386,23.9197,stop,1644.94,526.09,806,36,33
1386,23.9197,stop,396.12,450.92,753,35,35
1386,23.9197,stop,339.09,442.39,709,31,35
1386,23.9197,stop,1072.64,425.77,901,34,36
1386,23.9197,stop,1132.53,362.74,892,34,35
1386,23.9197,stop,385.79,89.52,693,31,32
1386,23.9197,stop,337.17,85.03,686,31,33
1386,23.9197,stop,483.13,66.91,802,36,35
1386,23.9197,stop,442.66,58.54,868,36,38
1387,23.9357,stop,1513.41,1046.04,867,31,37
1387,23.9357,stop,1076.13,600.79,654,31,33
1387,23.9357,stop,1626.83,576.32,702,33,33
1387,23.9357,stop,1644.87,526.11,810,36,33
1387,23.9357,stop,396.16,451.08,743,35,34
1387,23.9357,stop,339.03,442.32,714,31,35
1387,23.9357,stop,1075.89,431.90,904,34,36
1387,23.9357,stop,1138.51,357.43,847,34,34
1387,23.9357,stop,385.75,89.60,690,32,32
1387,23.9357,stop,337.19,84.83,694,31,33
1387,23.9357,stop,483.26,66.94,811,38,35
1387,23.9357,stop,441.92,57.57,937,36,37
1388,23.9517,stop,1514.41,1046.13,915,36,37
1388,23.9517,stop,1073.00,604.04,637,30,33
1388,23.9517,stop,1626.82,576.42,710,33,33
1388,23.9517,stop,1644.91,526.15,809,36,33
1388,23.9517,stop,396.21,451.08,746,35,34
1388,23.9517,stop,339.04,442.36,713,31,35
1388,23.9517,stop,1079.41,437.92,888,33,35
1388,23.9517,stop,1144.42,352.54,795,32,33
1388,23.9517,stop,385.84,89.33,701,31,33
1388,23.9517,stop,337.32,85.04,697,31,33
1388,23.9517,stop,483.24,66.91,818,36,34
1388,23.9517,stop,442.68,58.72,871,38,37
1389,23.9677,stop,1513.44,1045.96,858,30,37
1389,23.9677,stop,1069.95,607.34,606,29,32
1389,23.9677,stop,1626.89,576.31,700,33,33
1389,23.9677,stop,1644.95,526.12,811,36,32
1389,23.9677,stop,396.22,451.09,734,35,34
1389,23.9677,stop,1082.68,443.66,838,34,35
1389,23.9677,stop,339.12,442.43,710,31,35
1389,23.9677,stop,1150.16,347.53,726,30,31
1389,23.9677,stop,385.88,89.55,688,31,32
1389,23.9677,stop,337.13,85.01,687,30,33
1389,23.9677,stop,483.18,67.01,815,37,35
1389,23.9677,stop,442.69,58.67,871,36,38
1390,23.9837,stop,1513.50,1046.07,867,31,37
1390,23.9837,stop,1067.13,610.98,583,27,32
1390,23.9837,stop,1626.75,576.41,703,33,33
1390,23.9837,stop,1644.89,526.06,807,36,32
1390,23.9837,stop,396.15,451.07,753,35,35
1390,23.9837,stop,1086.20,449.59,789,32,34
1390,23.9837,stop,338.97,442.47,711,31,35
1390,23.9837,stop,1156.16,342.83,668,30,32
1390,23.9837,stop,385.75,89.38,693,32,32
1390,23.9837,stop,337.28,84.80,688,30,33
1390,23.9837,stop,483.66,67.81,763,38,32
1390,23.9837,stop,442.64,58.56,864,38,37
1391,24.0037,stop,1514.33,1046.07,915,36,37
1391,24.0037,stop,1064.51,614.35,530,27,31
1391,24.0037,stop,1626.76,576.30,702,32,33
1391,24.0037,stop,1644.94,526.14,817,36,33
1391,24.0037,stop,1089.81,454.93,712,33,32
1391,24.0037,stop,396.16,451.08,745,35,35
1391,24.0037,stop,339.07,442.25,708,31,35
1391,24.0037,stop,1161.68,337.72,616,28,33
1391,24.0037,stop,385.79,89.45,695,31,32
1391,24.0037,stop,337.26,84.94,693,31,33
1391,24.0037,stop,483.55,67.87,771,37,33
1391,24.0037,stop,442.60,58.55,869,37,37
1392,24.0197,stop,1514.40,1046.21,914,36,37
1392,24.0197,stop,1061.45,615.48,411,26,26
1392,24.0197,stop,1626.83,576.34,708,33,33
1392,24.0197,stop,1644.93,526.02,806,36,32
1392,24.0197,stop,1092.76,460.56,671,32,31
1392,24.0197,stop,396.08,450.94,746,35,34
1392,24.0197,stop,339.02,442.36,710,31,35
1392,24.0197,stop,1166.92,331.90,541,26,32
1392,24.0197,stop,385.69,89.49,690,32,32
1392,24.0197,stop,337.27,84.96,690,30,33
1392,24.0197,stop,483.12,66.98,812,37,35
1392,24.0197,stop,442.67,58.59,873,36,37
1393,24.0358,stop,1513.38,1045.84,862,31,38
1393,24.0358,stop,1058.91,619.03,395,26,27
1393,24.0358,stop,1626.92,576.43,703,32,33
1393,24.0358,stop,1644.92,526.13,802,36,32
1393,24.0358,stop,1095.91,465.77,634,33,30
1393,24.0358,stop,395.41,451.76,788,35,34
1393,24.0358,stop,338.95,442.32,718,31,35
1393,24.0358,stop,1173.29,326.88,559,31,32
1393,24.0358,stop,385.73,89.45,698,31,32
1393,24.0358,stop,337.18,84.88,700,31,33
1393,24.0358,stop,483.15,66.92,815,37,35
1393,24.0358,stop,442.60,58.48,874,36,38
1394,24.0517,stop,1514.34,1046.23,908,36,37
1394,24.0517,stop,1057.13,622.35,420,26,26
1394,24.0517,stop,1626.74,576.37,703,32,33
1394,24.0517,stop,1644.98,526.18,813,36,32
1394,24.0517,stop,1099.78,470.24,577,33,29
1394,24.0517,stop,395.58,451.62,775,35,35
1394,24.0517,stop,338.99,442.30,712,31,35
1394,24.0517,stop,1178.10,322.34,554,29,32
1394,24.0517,stop,385.70,89.33,690,32,33
1394,24.0517,stop,337.28,84.89,694,31,33
1394,24.0517,stop,483.23,66.92,815,37,35
1394,24.0517,stop,441.91,57.60,934,37,38
1395,24.0677,stop,1514.45,1046.12,914,36,37
1395,24.0677,stop,1055.16,625.67,430,27,28
1395,24.0677,stop,1626.89,576.39,702,33,33
1395,24.0677,stop,1644.95,526.13,806,36,32
1395,24.0677,stop,1102.08,475.49,616,33,29
1395,24.0677,stop,396.06,451.06,755,35,34
1395,24.0677,stop,339.04,442.37,708,31,35
1395,24.0677,stop,1181.98,317.81,503,27,30
1395,24.0677,stop,385.66,89.52,700,31,32
1395,24.0677,stop,337.25,84.97,687,31,33
1395,24.0677,stop,483.63,67.84,761,37,32
1395,24.0677,stop,441.83,57.50,934,36,37
1396,24.0837,stop,1514.36,1046.17,914,36,37
1396,24.0837,stop,1053.55,629.12,440,27,28
1396,24.0837,stop,1626.84,576.40,705,33,33
1396,24.0837,stop,1644.93,526.12,813,36,32
1396,24.0837,stop,1105.03,479.87,619,33,29
1396,24.0837,stop,396.18,451.16,747,35,35
1396,24.0837,stop,339.07,442.43,715,31,35
1396,24.0837,stop,1185.78,313.98,491,24,31
1396,24.0837,stop,385.73,89.54,695,31,32
1396,24.0837,stop,337.19,85.02,687,31,33
1396,24.0837,stop,483.46,67.09,797,34,35
1396,24.0837,stop,442.65,58.56,881,37,38
1397,24.1037,stop,1513.44,1046.02,859,30,37
1397,24.1037,stop,1052.10,631.92,438,26,28
1397,24.1037,stop,1626.76,576.32,700,32,33
1397,24.1037,stop,1644.98,526.08,807,36,32
1397,24.1037,stop,1108.19,484.75,629,33,29
1397,24.1037,stop,396.09,450.99,743,35,35
1397,24.1037,stop,339.01,442.30,711,31,35
1397,24.1037,stop,1189.82,309.72,502,26,33
1397,24.1037,stop,385.79,89.63,695,31,33
1397,24.1037,stop,337.15,85.02,685,31,33
1397,24.1037,stop,484.15,68.09,731,34,32
1397,24.1037,stop,441.89,57.59,933,36,37
1398,24.1197,stop,1513.38,1045.81,872,31,38
1398,24.1197,stop,1050.50,634.98,443,27,29
1398,24.1197,stop,1626.87,576.39,703,33,33
1398,24.1197,stop,1644.96,526.09,814,36,32
1398,24.1197,stop,1111.05,488.96,596,32,28
1398,24.1197,stop,396.13,451.01,752,35,34
1398,24.1197,stop,338.99,442.38,720,31,35
1398,24.1197,stop,1194.82,305.49,477,26,31
1398,24.1197,stop,385.83,89.41,700,32,33
1398,24.1197,stop,337.16,84.93,693,31,33
1398,24.1197,stop,483.67,67.77,754,37,32
1398,24.1197,stop,442.72,58.50,877,37,37
1399,24.1357,stop,1513.39,1046.00,857,31,37
1399,24.1357,stop,1049.35,637.69,452,26,28
1399,24.1357,stop,1626.86,576.37,696,33,33
1399,24.1357,stop,1645.09,526.16,811,36,33
1399,24.1357,stop,1114.04,493.15,566,32,28
1399,24.1357,stop,396.19,450.93,744,35,34
1399,24.1357,stop,339.03,442.36,717,31,35
1399,24.1357,stop,1197.52,301.27,478,25,31
1399,24.1357,stop,385.78,89.52,686,31,33
1399,24.1357,stop,337.17,85.04,684,31,33
1399,24.1357,stop,483.14,66.92,799,38,35
1399,24.1357,stop,442.66,58.70,865,36,36
1400,24.1518,stop,1514.47,1046.13,907,36,37
1400,24.1518,stop,1048.40,640.64,456,27,29
1400,24.1518,stop,1626.78,576.38,705,32,33
1400,24.1518,stop,1644.99,526.14,816,36,32
1400,24.1518,stop,1116.99,496.82,554,32,29
1400,24.1518,stop,396.09,451.02,744,35,34
1400,24.1518,stop,339.02,442.34,710,31,35
1400,24.1518,stop,1201.56,296.86,481,24,33
1400,24.1518,stop,385.90,89.50,688,32,32
1400,24.1518,stop,337.18,85.01,691,31,33
1400,24.1518,stop,483.81,67.83,756,37,32
1400,24.1518,stop,442.65,58.49,872,38,38
1401,24.1677,stop,1513.58,1046.05,867,31,37
1401,24.1677,stop,1047.80,643.43,460,29,28
1401,24.1677,stop,1626.96,576.31,699,32,33
1401,24.1677,stop,1644.95,526.10,825,36,34
1401,24.1677,stop,1119.13,499.70,441,27,26
1401,24.1677,stop,395.33,451.69,791,35,35
1401,24.1677,stop,338.97,442.37,716,31,35
1401,24.1677,stop,1204.78,292.71,468,24,30
1401,24.1677,stop,385.78,89.43,693,32,32
1401,24.1677,stop,337.19,85.05,684,30,33
1401,24.1677,stop,483.38,67.02,801,37,35
1401,24.1677,stop,442.74,58.64,870,36,37
1402,24.1837,stop,1513.48,1046.05,873,31,37
1402,24.1837,stop,1047.52,645.88,491,28,30
1402,24.1837,stop,1626.87,576.33,701,33,33
1402,24.1837,stop,1644.92,526.06,815,36,33
1402,24.1837,stop,1121.26,503.76,464,26,27
1402,24.1837,stop,396.13,451.02,746,35,34
1402,24.1837,stop,338.97,442.42,710,31,35
1402,24.1837,stop,1208.29,290.34,446,24,27
1402,24.1837,stop,385.80,89.43,695,31,33
1402,24.1837,stop,337.30,84.89,698,31,33
1402,24.1837,stop,483.24,66.93,804,37,35
1402,24.1837,stop,442.79,58.72,866,37,36
1403,24.2038,stop,1513.46,1045.94,862,31,37
1403,24.2038,stop,1047.01,648.53,495,28,29
1403,24.2038,stop,1626.74,576.31,699,32,33
1403,24.2038,stop,1644.97,526.09,812,36,32
1403,24.2038,stop,1123.87,506.66,450,26,28
1403,24.2038,stop,396.11,451.03,752,35,35
1403,24.2038,stop,339.05,442.25,703,31,35
1403,24.2038,stop,1211.36,286.17,473,24,31
1403,24.2038,stop,385.76,89.53,695,32,33
1403,24.2038,stop,337.24,84.88,694,30,33
1403,24.2038,stop,483.00,66.94,813,37,35
1403,24.2038,stop,442.67,58.62,876,37,38
1404,24.2197,stop,1514.27,1046.09,920,36,37
1404,24.2197,stop,1046.75,650.66,494,29,29
1404,24.2197,stop,1626.86,576.39,706,33,33
1404,24.2197,stop,1645.00,526.14,817,36,33
1404,24.2197,stop,1127.05,508.75,423,26,25
1404,24.2197,stop,396.08,450.90,747,35,35
1404,24.2197,stop,339.01,442.36,715,31,35
1404,24.2197,stop,1214.21,282.12,486,25,32
1404,24.2197,stop,385.77,89.41,689,32,32
1404,24.2197,stop,337.22,85.02,688,32,33
1404,24.2197,stop,483.56,67.87,767,37,32
1404,24.2197,stop,442.61,58.59,871,36,37
1405,24.2357,stop,1514.33,1046.07,915,36,37
1405,24.2357,stop,1046.04,653.05,504,29,29
1405,24.2357,stop,1626.87,576.33,701,32,33
1405,24.2357,stop,1645.06,526.09,813,36,32
1405,24.2357,stop,1129.56,511.70,418,25,26
1405,24.2357,stop,396.08,451.04,749,35,34
1405,24.2357,stop,338.99,442.48,715,31,35
1405,24.2357,stop,1218.20,278.72,539,27,32
1405,24.2357,stop,385.74,89.49,703,31,33
1405,24.2357,stop,337.21,85.02,685,31,33
1405,24.2357,stop,483.54,67.10,794,33,35
1405,24.2357,stop,442.65,58.55,875,38,38
1406,24.2517,stop,1514.39,1046.20,909,36,37
1406,24.2517,stop,1045.69,654.99,504,30,29
1406,24.2517,stop,1626.80,576.31,700,33,33
1406,24.2517,stop,1644.93,526.11,811,36,32
1406,24.2517,stop,1132.38,514.33,406,25,25
1406,24.2517,stop,396.01,451.10,754,35,34
1406,24.2517,stop,339.01,442.35,716,31,35
1406,24.2517,stop,1220.76,274.26,529,27,32
1406,24.2517,stop,385.75,89.32,695,32,32
1406,24.2517,stop,337.28,85.05,688,30,33
1406,24.2517,stop,484.33,67.95,746,34,32
1406,24.2517,stop,442.67,58.59,877,36,37
1407,24.2677,stop,1514.40,1046.06,910,36,37
1407,24.2677,stop,1045.53,656.88,513,30,29
1407,24.2677,stop,1626.77,576.34,704,33,33
1407,24.2677,stop,1644.98,526.06,821,36,33
1407,24.2677,stop,1133.97,517.31,474,26,28
1407,24.2677,stop,396.17,451.04,742,35,35
1407,24.2677,stop,338.89,442.32,719,31,35
1407,24.2677,stop,1223.12,271.01,537,28,31
1407,24.2677,stop,385.84,89.63,693,31,32
1407,24.2677,stop,337.21,85.09,689,31,33
1407,24.2677,stop,483.07,66.99,808,38,35
1407,24.2677,stop,442.63,58.49,872,37,38
1408,24.2877,stop,1513.48,1045.98,860,31,37
1408,24.2877,stop,1045.31,658.39,499,31,28
1408,24.2877,stop,1626.85,576.37,703,33,33
1408,24.2877,stop,1644.90,526.13,811,36,32
1408,24.2877,stop,1136.30,519.28,487,27,28
1408,24.2877,stop,395.47,451.62,795,35,34
1408,24.2877,stop,339.09,442.41,715,31,35
1408,24.2877,stop,1224.80,267.81,518,27,32
1408,24.2877,stop,385.82,89.47,682,32,32
1408,24.2877,stop,337.26,84.99,681,31,33
1408,24.2877,stop,483.66,66.99,788,34,35
1408,24.2877,stop,442.75,58.61,873,37,37
1409,24.3037,stop,1513.51,1045.95,866,30,37
1409,24.3037,stop,1044.88,660.35,495,30,28
1409,24.3037,stop,1626.72,576.28,708,33,33
1409,24.3037,stop,1644.98,526.15,818,36,32
1409,24.3037,stop,1139.02,520.38,457,27,28
1409,24.3037,stop,396.24,451.01,742,35,34
1409,24.3037,stop,339.00,442.36,710,31,35
1409,24.3037,stop,1226.51,264.86,504,26,32
1409,24.3037,stop,385.73,89.52,691,31,32
1409,24.3037,stop,337.20,85.03,687,30,33
1409,24.3037,stop,483.06,66.83,814,37,35
1409,24.3037,stop,442.70,58.54,870,36,37
1410,24.3197,stop,1514.37,1046.12,904,36,37
1410,24.3197,stop,1044.67,661.60,495,30,29
1410,24.3197,stop,1626.78,576.48,701,33,33
1410,24.3197,stop,1644.84,526.17,810,36,33
1410,24.3197,stop,1141.24,521.98,459,27,27
1410,24.3197,stop,395.46,451.69,791,35,36
1410,24.3197,stop,339.04,442.26,709,31,35
1410,24.3197,stop,1228.31,261.56,505,26,32
1410,24.3197,stop,385.82,89.52,690,33,32
1410,24.3197,stop,337.14,84.98,684,31,33
1410,24.3197,stop,483.72,67.84,763,36,32
1410,24.3197,stop,442.66,58.53,876,37,38
1411,24.3357,stop,1514.43,1046.12,906,35,37
1411,24.3357,stop,1044.11,662.88,500,31,29
1411,24.3357,stop,1626.86,576.39,709,33,33
1411,24.3357,stop,1645.01,526.14,807,36,33
1411,24.3357,stop,1143.25,523.43,463,27,28
1411,24.3357,stop,396.11,451.01,754,35,35
1411,24.3357,stop,339.03,442.36,712,31,35
1411,24.3357,stop,1230.17,258.68,503,28,32
1411,24.3357,stop,385.89,89.40,694,31,33
1411,24.3357,stop,337.19,85.02,684,32,33
1411,24.3357,stop,483.78,67.88,761,37,32
1411,24.3357,stop,442.59,58.51,875,37,38
1412,24.3517,stop,1514.36,1046.06,911,36,37
1412,24.3517,stop,1043.75,663.82,502,31,29
1412,24.3517,stop,1626.84,576.38,707,33,33
1412,24.3517,stop,1144.95,524.98,464,27,28
1412,24.3517,stop,1644.81,526.17,818,36,32
1412,24.3517,stop,396.24,451.19,747,35,35
1412,24.3517,stop,339.06,442.36,707,31,35
1412,24.3517,stop,1231.59,255.91,530,28,31
1412,24.3517,stop,385.72,89.58,688,31,32
1412,24.3517,stop,337.00,84.94,695,31,33
1412,24.3517,stop,483.16,66.95,806,38,35
1412,24.3517,stop,442.66,58.58,865,36,37
1413,24.3678,stop,1514.37,1046.03,908,36,37
1413,24.3678,stop,1043.62,664.74,504,32,29
1413,24.3678,stop,1626.80,576.35,704,33,33
1413,24.3678,stop,1146.77,526.34,468,26,30
1413,24.3678,stop,1644.81,526.10,814,36,32
1413,24.3678,stop,395.49,451.69,791,35,35
1413,24.3678,stop,339.04,442.30,700,31,35
1413,24.3678,stop,1233.17,253.29,523,28,32
1413,24.3678,stop,385.85,89.51,685,31,32
1413,24.3678,stop,337.18,85.05,691,31,33
1413,24.3678,stop,483.05,66.88,813,37,35
1413,24.3678,stop,441.86,57.62,928,36,37
1414,24.3877,stop,1513.43,1045.98,861,31,37
1414,24.3877,stop,1042.10,665.39,537,33,28
1414,24.3877,stop,1626.81,576.39,701,33,33
1414,24.3877,stop,1148.13,528.16,522,27,31
1414,24.3877,stop,1644.94,526.05,815,36,32
1414,24.3877,stop,396.16,450.98,753,35,35
1414,24.3877,stop,339.07,442.37,717,31,35
1414,24.3877,stop,1235.38,250.66,545,29,31
1414,24.3877,stop,385.77,89.43,700,32,33
1414,24.3877,stop,337.30,85.00,691,31,33
1414,24.3877,stop,484.32,68.08,748,34,33
1414,24.3877,stop,442.68,58.55,876,36,37
1415,24.4038,stop,1513.43,1045.90,861,31,37
1415,24.4038,stop,1041.65,665.93,549,34,29
1415,24.4038,stop,1626.82,576.38,706,33,33
1415,24.4038,stop,1149.79,528.92,551,28,32
1415,24.4038,stop,1644.98,526.19,812,36,32
1415,24.4038,stop,396.11,451.12,756,35,34
1415,24.4038,stop,339.08,442.40,719,31,35
1415,24.4038,stop,1236.80,247.73,549,30,31
1415,24.4038,stop,385.81,89.45,696,31,32
1415,24.4038,stop,337.35,84.90,698,30,33
1415,24.4038,stop,483.57,67.77,762,37,32
1415,24.4038,stop,442.67,58.48,876,36,38
1416,24.4197,stop,1513.47,1046.08,869,31,37
1416,24.4197,stop,1041.03,666.43,573,34,29
1416,24.4197,stop,1626.84,576.31,706,33,33
1416,24.4197,stop,1151.78,528.85,512,28,30
1416,24.4197,stop,1644.93,526.08,815,36,32
1416,24.4197,stop,396.17,450.98,748,35,35
1416,24.4197,stop,339.02,442.36,717,31,35
1416,24.4197,stop,1237.94,245.33,576,31,31
1416,24.4197,stop,385.76,89.44,686,31,32
1416,24.4197,stop,337.18,84.96,700,31,33
1416,24.4197,stop,483.07,67.00,808,38,35
1416,24.4197,stop,442.64,58.57,880,36,38
1417,24.4357,stop,1513.46,1045.99,870,31,37
1417,24.4357,stop,1040.65,666.49,581,33,30
1417,24.4357,stop,1626.91,576.36,702,33,33
1417,24.4357,stop,1152.73,530.68,552,28,31
1417,24.4357,stop,1644.93,526.07,811,36,32
1417,24.4357,stop,396.19,450.91,743,35,34
1417,24.4357,stop,339.01,442.31,715,31,35
1417,24.4357,stop,1238.95,243.29,587,31,31
1417,24.4357,stop,385.81,89.30,695,32,32
1417,24.4357,stop,337.21,84.96,696,31,33
1417,24.4357,stop,483.78,67.88,761,37,32
1417,24.4357,stop,442.58,58.53,874,37,37
1418,24.4518,stop,1514.37,1046.07,916,36,37
1418,24.4518,stop,1040.09,666.50,579,34,30
1418,24.4518,stop,1626.82,576.37,701,32,33
1418,24.4518,stop,1154.62,530.40,501,27,30
1418,24.4518,stop,1644.93,526.20,814,36,32
1418,24.4518,stop,396.14,450.98,748,35,35
1418,24.4518,stop,339.04,442.29,714,31,35
1418,24.4518,stop,1239.99,241.40,596,31,31
1418,24.4518,stop,385.90,89.46,695,31,32
1418,24.4518,stop,337.21,84.91,690,30,33
1418,24.4518,stop,483.51,67.02,788,33,35
1418,24.4518,stop,442.73,58.65,867,37,36
1419,24.4677,stop,1514.39,1045.96,909,36,37
1419,24.4677,stop,1039.52,666.39,594,34,30
1419,24.4677,stop,1626.80,576.41,709,32,33
1419,24.4677,stop,1155.78,531.09,499,27,30
1419,24.4677,stop,1644.87,526.12,811,36,33
1419,24.4677,stop,396.19,451.08,746,35,35
1419,24.4677,stop,339.04,442.35,711,31,35
1419,24.4677,stop,1240.42,239.37,592,32,29
1419,24.4677,stop,385.70,89.47,694,31,32
1419,24.4677,stop,337.24,85.02,693,31,33
1419,24.4677,stop,483.27,66.93,810,38,35
1419,24.4677,stop,442.59,58.55,876,36,38
1420,24.4877,stop,1513.48,1045.97,870,31,37
1420,24.4877,stop,1038.93,666.51,595,34,30
1420,24.4877,stop,1626.79,576.30,706,32,33
1420,24.4877,stop,1156.70,531.91,514,27,33
1420,24.4877,stop,1645.00,526.10,817,36,32
1420,24.4877,stop,396.15,451.06,750,35,34
1420,24.4877,stop,339.03,442.34,705,31,35
1420,24.4877,stop,1241.57,238.04,550,31,28
1420,24.4877,stop,385.83,89.53,692,31,32
1420,24.4877,stop,337.10,85.14,686,31,33
1420,24.4877,stop,484.14,68.01,742,34,32
1420,24.4877,stop,442.79,58.64,866,37,37
1421,24.5037,stop,1513.46,1046.02,865,30,37
1421,24.5037,stop,1038.19,666.37,625,34,30
1421,24.5037,stop,1626.91,576.40,699,33,33
1421,24.5037,stop,1157.71,532.26,535,28,33
1421,24.5037,stop,1644.96,526.01,824,36,33
1421,24.5037,stop,396.19,450.98,756,35,34
1421,24.5037,stop,339.04,442.38,707,31,35
1421,24.5037,stop,1241.95,236.48,553,32,28
1421,24.5037,stop,385.96,89.34,693,30,33
1421,24.5037,stop,337.28,84.96,693,31,33
1421,24.5037,stop,483.15,66.94,813,38,35
1421,24.5037,stop,442.61,58.71,873,36,36
1422,24.5197,stop,1514.41,1046.21,908,35,37
1422,24.5197,stop,1037.64,666.27,626,35,32
1422,24.5197,stop,1626.66,576.30,703,32,33
1422,24.5197,stop,1158.45,532.61,542,29,32
1422,24.5197,stop,1644.93,526.12,807,36,32
1422,24.5197,stop,396.18,451.07,750,35,34
1422,24.5197,stop,339.03,442.40,716,31,35
1422,24.5197,stop,1242.24,235.15,564,33,28
1422,24.5197,stop,385.85,89.49,691,32,32
1422,24.5197,stop,337.20,85.07,700,31,33
1422,24.5197,stop,483.23,66.99,817,36,35
1422,24.5197,stop,441.87,57.49,938,38,38
1423,24.5357,stop,1513.46,1045.96,869,30,37
1423,24.5357,stop,1036.91,665.84,645,34,31
1423,24.5357,stop,1626.78,576.43,701,32,33
1423,24.5357,stop,1159.13,533.19,565,30,33
1423,24.5357,stop,1644.96,526.02,812,36,32
1423,24.5357,stop,395.45,451.64,792,35,35
1423,24.5357,stop,339.14,442.36,714,31,35
1423,24.5357,stop,1242.23,233.91,559,33,28
1423,24.5357,stop,385.79,89.43,689,31,33
1423,24.5357,stop,337.16,84.97,695,31,33
1423,24.5357,stop,483.20,67.00,812,37,35
1423,24.5357,stop,442.61,58.58,873,37,37
1424,24.5518,stop,1513.53,1046.02,861,31,38
1424,24.5518,stop,1036.29,665.59,652,34,32
1424,24.5518,stop,1626.84,576.28,706,33,33
1424,24.5518,stop,1159.01,534.40,615,29,32
1424,24.5518,stop,1645.09,525.99,814,36,33
1424,24.5518,stop,396.11,451.02,743,35,34
1424,24.5518,stop,339.10,442.44,717,31,35
1424,24.5518,stop,1242.22,233.18,546,33,27
1424,24.5518,stop,385.83,89.53,689,29,32
1424,24.5518,stop,337.26,84.94,700,31,33
1424,24.5518,stop,483.18,66.87,817,37,35
1424,24.5518,stop,442.61,58.56,872,38,37
1425,24.5678,stop,1513.44,1045.92,867,31,37
1425,24.5678,stop,1035.63,665.27,676,35,32
1425,24.5678,stop,1626.75,576.35,700,33,33
1425,24.5678,stop,1159.37,534.79,623,30,33
1425,24.5678,stop,1644.88,526.11,814,36,32
1425,24.5678,stop,396.14,451.04,752,35,35
1425,24.5678,stop,338.94,442.33,714,31,35
1425,24.5678,stop,1242.71,232.02,548,33,27
1425,24.5678,stop,385.80,89.51,691,31,33
1425,24.5678,stop,337.19,85.02,696,31,33
1425,24.5678,stop,483.18,66.93,811,37,35
1425,24.5678,stop,442.63,58.53,870,37,38
1426,24.5877,stop,1513.27,1045.96,861,31,37
1426,24.5877,stop,1034.81,664.96,682,34,33
1426,24.5877,stop,1626.92,576.39,694,33,33
1426,24.5877,stop,1159.46,535.38,639,30,32
1426,24.5877,stop,1645.01,526.06,822,36,33
1426,24.5877,stop,396.24,451.05,749,35,34
1426,24.5877,stop,339.06,442.41,715,31,35
1426,24.5877,stop,1243.01,230.87,562,33,28
1426,24.5877,stop,385.72,89.61,689,32,32
1426,24.5877,stop,337.34,85.02,689,30,33
1426,24.5877,stop,483.66,67.95,763,37,32
1426,24.5877,stop,442.72,58.63,871,37,38
1427,24.6038,stop,1514.48,1046.19,910,36,37
1427,24.6038,stop,1034.11,664.40,689,34,33
1427,24.6038,stop,1626.86,576.46,696,32,33
1427,24.6038,stop,1159.31,535.81,652,30,33
1427,24.6038,stop,1644.87,526.07,810,36,32
1427,24.6038,stop,396.31,450.99,742,35,35
1427,24.6038,stop,338.99,442.25,706,31,35
1427,24.6038,stop,1243.83,229.56,599,34,29
1427,24.6038,stop,385.72,89.45,689,32,32
1427,24.6038,stop,337.21,85.00,692,31,33
1427,24.6038,stop,483.12,66.85,820,37,35
1427,24.6038,stop,442.74,58.55,874,38,38
1428,24.6197,stop,1513.49,1045.93,865,31,37
1428,24.6197,stop,1033.47,663.75,700,35,34
1428,24.6197,stop,1626.84,576.36,707,33,33
1428,24.6197,stop,1159.26,535.89,665,31,33
1428,24.6197,stop,1644.96,526.18,818,36,33
1428,24.6197,stop,396.15,451.05,752,35,34
1428,24.6197,stop,339.04,442.40,712,31,35
1428,24.6197,stop,1244.25,228.83,627,34,30
1428,24.6197,stop,385.69,89.42,692,31,32
1428,24.6197,stop,337.33,85.01,685,31,33
1428,24.6197,stop,483.17,66.85,816,37,35
1428,24.6197,stop,441.79,57.68,931,36,37
1429,24.6358,stop,1514.32,1046.08,922,36,38
1429,24.6358,stop,1032.89,663.04,711,34,34
1429,24.6358,stop,1626.86,576.35,699,33,33
1429,24.6358,stop,1159.16,536.49,671,32,34
1429,24.6358,stop,1644.93,526.11,811,36,33
1429,24.6358,stop,396.16,451.10,744,35,34
1429,24.6358,stop,338.93,442.27,712,31,35
1429,24.6358,stop,1244.61,228.60,638,34,31
1429,24.6358,stop,385.93,89.43,693,31,32
1429,24.6358,stop,337.22,85.06,689,30,33
1429,24.6358,stop,483.54,67.13,786,34,35
1429,24.6358,stop,441.90,57.45,935,36,38
1430,24.6518,stop,1513.38,1045.92,865,31,37
1430,24.6518,stop,1032.12,662.49,710,35,35
1430,24.6518,stop,1626.92,576.37,702,33,33
1430,24.6518,stop,1158.87,536.86,674,32,34
1430,24.6518,stop,1644.90,526.11,817,36,32
1430,24.6518,stop,396.21,451.08,746,35,35
1430,24.6518,stop,339.10,442.32,714,31,35
1430,24.6518,stop,1244.87,228.27,637,34,31
1430,24.6518,stop,385.83,89.47,692,31,32
1430,24.6518,stop,337.20,84.99,693,31,33
1430,24.6518,stop,483.26,66.94,816,39,35
1430,24.6518,stop,442.71,58.57,874,36,37
1431,24.6678,stop,1513.46,1046.00,859,30,38
1431,24.6678,stop,1032.39,662.45,737,35,34
1431,24.6678,stop,1626.87,576.35,698,33,33
1431,24.6678,stop,1158.29,537.12,686,32,34
1431,24.6678,stop,1644.95,526.07,809,36,32
1431,24.6678,stop,396.11,451.04,742,35,34
1431,24.6678,stop,339.05,442.37,716,31,35
1431,24.6678,stop,1245.56,227.81,640,34,31
1431,24.6678,stop,385.66,89.52,687,31,32
1431,24.6678,stop,337.17,84.93,696,31,33
1431,24.6678,stop,483.18,66.98,812,37,35
1431,24.6678,stop,442.72,58.72,874,37,37
1432,24.6877,stop,1513.43,1045.94,859,31,37
1432,24.6877,stop,1031.93,662.11,736,34,35
1432,24.6877,stop,1626.78,576.30,703,33,33
1432,24.6877,stop,1157.77,537.72,697,33,34
1432,24.6877,stop,1644.90,526.09,812,36,32
1432,24.6877,stop,396.11,451.02,749,35,35
1432,24.6877,stop,338.99,442.34,716,31,35
1432,24.6877,stop,1246.12,227.52,635,33,32
1432,24.6877,stop,385.74,89.46,685,30,32
1432,24.6877,stop,337.23,85.03,696,31,33
1432,24.6877,stop,483.58,67.15,786,34,35
1432,24.6877,stop,442.64,58.64,873,37,36
1433,24.7037,stop,1513.59,1046.07,858,31,37
1433,24.7037,stop,1031.12,661.45,709,35,34
1433,24.7037,stop,1626.84,576.30,702,32,33
1433,24.7037,stop,1157.16,538.41,706,32,34
1433,24.7037,stop,1644.86,526.07,822,36,33
1433,24.7037,stop,396.06,450.97,753,35,35
1433,24.7037,stop,339.11,442.39,706,31,35
1433,24.7037,stop,1246.86,227.39,645,33,31
1433,24.7037,stop,385.82,89.68,687,31,32
1433,24.7037,stop,337.09,84.95,683,30,33
1433,24.7037,stop,483.31,66.94,810,37,35
1433,24.7037,stop,442.72,58.64,872,36,38
1434,24.7198,stop,1514.46,1046.17,917,36,37
1434,24.7198,stop,1030.03,660.50,665,34,35
1434,24.7198,stop,1626.83,576.31,700,33,33
1434,24.7198,stop,1156.59,539.02,725,33,34
1434,24.7198,stop,1644.90,526.09,815,36,33
1434,24.7198,stop,396.06,451.02,753,35,35
1434,24.7198,stop,339.00,442.34,709,31,35
1434,24.7198,stop,1247.48,227.29,653,32,32
1434,24.7198,stop,385.83,89.43,698,31,32
1434,24.7198,stop,337.17,85.05,693,31,33
1434,24.7198,stop,483.19,66.88,814,37,35
1434,24.7198,stop,442.67,58.60,871,38,37
1435,24.7358,stop,1513.48,1045.92,861,31,37
1435,24.7358,stop,1029.29,660.07,654,34,35
1435,24.7358,stop,1626.85,576.33,706,33,34
1435,24.7358,stop,1155.91,539.48,736,33,34
1435,24.7358,stop,1644.88,526.17,816,36,32
1435,24.7358,stop,396.13,451.10,755,35,36
1435,24.7358,stop,338.99,442.26,710,31,35
1435,24.7358,stop,1248.14,227.33,674,33,32
1435,24.7358,stop,385.66,89.47,685,31,32
1435,24.7358,stop,337.15,85.03,680,31,33
1435,24.7358,stop,483.65,67.80,761,37,32
1435,24.7358,stop,442.61,58.52,873,37,38
1436,24.7518,stop,1514.46,1046.11,902,36,37
1436,24.7518,stop,1028.92,659.93,653,34,34
1436,24.7518,stop,1626.75,576.25,699,32,33
1436,24.7518,stop,1155.18,540.09,738,34,34
1436,24.7518,stop,1645.04,526.16,806,36,32
1436,24.7518,stop,396.15,451.17,739,35,35
1436,24.7518,stop,339.07,442.31,712,31,35
1436,24.7518,stop,1248.76,227.36,694,33,33
1436,24.7518,stop,385.75,89.44,692,32,32
1436,24.7518,stop,337.26,85.02,693,31,33
1436,24.7518,stop,483.23,66.98,810,38,35
1436,24.7518,stop,441.80,57.54,934,37,38
1437,24.7678,stop,1513.45,1045.94,862,31,37
1437,24.7678,stop,1028.51,659.74,649,34,34
1437,24.7678,stop,1626.90,576.29,700,33,33
1437,24.7678,stop,1155.12,540.25,786,34,34
1437,24.7678,stop,1644.95,526.12,808,36,32
1437,24.7678,stop,396.13,451.03,746,35,34
1437,24.7678,stop,339.01,442.33,716,31,35
1437,24.7678,stop,1249.12,226.93,749,33,33
1437,24.7678,stop,385.83,89.49,694,32,33
1437,24.7678,stop,337.17,85.05,689,31,33
1437,24.7678,stop,483.61,67.05,796,33,35
1437,24.7678,stop,441.81,57.45,928,36,38
1438,24.7878,stop,1513.40,1046.05,862,31,37
1438,24.7878,stop,1028.88,660.12,680,34,34
1438,24.7878,stop,1626.79,576.30,694,32,33
1438,24.7878,stop,1153.80,540.97,776,35,35
1438,24.7878,stop,1644.86,526.18,817,36,33
1438,24.7878,stop,396.19,450.92,746,35,34
1438,24.7878,stop,339.03,442.46,711,31,35
1438,24.7878,stop,1249.53,227.19,752,34,32
1438,24.7878,stop,385.75,89.41,696,31,33
1438,24.7878,stop,337.24,84.90,679,30,33
1438,24.7878,stop,483.20,66.95,806,38,35
1438,24.7878,stop,441.81,57.60,931,36,37
1439,24.8038,stop,1513.51,1045.83,866,31,37
1439,24.8038,stop,1028.69,660.12,683,34,34
1439,24.8038,stop,1626.82,576.31,700,33,33
1439,24.8038,stop,1153.32,541.16,811,35,36
1439,24.8038,stop,1645.01,526.06,817,36,33
1439,24.8038,stop,396.11,451.06,748,35,34
1439,24.8038,stop,339.03,442.29,715,31,35
1439,24.8038,stop,1250.44,227.48,771,34,34
1439,24.8038,stop,385.97,89.47,705,32,32
1439,24.8038,stop,337.15,85.00,686,32,33
1439,24.8038,stop,483.57,66.96,792,34,35
1439,24.8038,stop,442.65,58.50,875,36,38
1440,24.8198,stop,1514.38,1046.15,912,36,37
1440,24.8198,stop,1028.52,660.02,671,34,34
1440,24.8198,stop,1626.82,576.32,702,32,33
1440,24.8198,stop,1152.24,541.99,792,35,36
1440,24.8198,stop,1644.97,526.09,818,36,32
1440,24.8198,stop,396.07,451.06,748,35,35
1440,24.8198,stop,339.05,442.33,712,31,35
1440,24.8198,stop,1250.96,227.79,781,34,35
1440,24.8198,stop,385.84,89.52,698,31,33
1440,24.8198,stop,337.06,85.00,690,31,33
1440,24.8198,stop,483.22,66.98,811,37,35
1440,24.8198,stop,441.91,57.60,939,38,38
1441,24.8358,stop,1514.25,1046.07,904,36,37
1441,24.8358,stop,1027.98,659.70,643,34,34
1441,24.8358,stop,1626.91,576.34,703,33,33
1441,24.8358,stop,1152.74,541.63,795,34,36
1441,24.8358,stop,1644.96,526.03,814,36,33
1441,24.8358,stop,396.08,451.08,748,35,35
1441,24.8358,stop,339.09,442.28,712,31,35
1441,24.8358,stop,1251.50,228.18,805,34,35
1441,24.8358,stop,385.94,89.51,693,32,32
1441,24.8358,stop,337.22,84.98,691,31,33
1441,24.8358,stop,483.13,67.01,815,37,35
1441,24.8358,stop,442.65,58.64,865,37,37
1442,24.8518,stop,1514.44,1046.20,904,36,37
1442,24.8518,stop,1028.53,660.35,676,34,34
1442,24.8518,stop,1626.74,576.38,703,32,33
1442,24.8518,stop,1152.03,542.23,813,35,35
1442,24.8518,stop,1644.96,526.07,816,36,33
1442,24.8518,stop,396.29,451.06,746,35,34
1442,24.8518,stop,339.15,442.34,713,31,35
1442,24.8518,stop,1251.99,228.60,819,35,35
1442,24.8518,stop,385.69,89.45,691,32,32
1442,24.8518,stop,337.30,85.01,693,31,33
1442,24.8518,stop,484.17,68.08,740,34,32
1442,24.8518,stop,442.69,58.51,879,36,38
1443,24.8678,stop,1513.41,1046.01,867,31,37
1443,24.8678,stop,1028.69,660.55,677,34,34
1443,24.8678,stop,1626.73,576.28,699,32,33
1443,24.8678,stop,1151.54,542.67,802,35,34
1443,24.8678,stop,1644.97,526.10,807,36,33
1443,24.8678,stop,395.44,451.58,798,35,35
1443,24.8678,stop,339.14,442.40,718,31,35
1443,24.8678,stop,1252.59,228.71,830,35,36
1443,24.8678,stop,385.76,89.45,687,30,32
1443,24.8678,stop,337.14,84.95,693,31,33
1443,24.8678,stop,483.10,66.91,811,37,35
1443,24.8678,stop,442.65,58.53,874,37,37
1444,24.8878,stop,1513.39,1046.00,861,31,38
1444,24.8878,stop,1028.48,660.23,649,34,35
1444,24.8878,stop,1626.85,576.35,703,33,33
1444,24.8878,stop,1151.65,543.07,768,35,34
1444,24.8878,stop,1645.08,526.20,824,36,32
1444,24.8878,stop,396.15,451.06,749,35,34
1444,24.8878,stop,338.97,442.32,704,31,35
1444,24.8878,stop,1252.91,229.00,848,36,37
1444,24.8878,stop,385.80,89.40,687,31,33
1444,24.8878,stop,337.28,85.03,686,31,33
1444,24.8878,stop,483.56,67.71,767,37,33
1444,24.8878,stop,442.62,58.62,866,37,37
1445,24.9038,stop,1514.41,1046.12,911,36,37
1445,24.9038,stop,1028.56,660.59,645,33,34
1445,24.9038,stop,1626.77,576.32,704,32,33
1445,24.9038,stop,1151.46,543.56,767,35,34
1445,24.9038,stop,1644.97,526.19,811,36,32
1445,24.9038,stop,396.12,450.92,751,35,35
1445,24.9038,stop,339.02,442.33,711,31,35
1445,24.9038,stop,1253.41,229.07,831,35,36
1445,24.9038,stop,385.82,89.45,698,31,33
1445,24.9038,stop,337.13,85.05,688,31,33
1445,24.9038,stop,483.00,66.94,800,36,35
1445,24.9038,stop,442.68,58.52,870,36,38
1446,24.9198,stop,1513.53,1045.99,870,31,37
1446,24.9198,stop,1029.50,661.54,691,34,34
1446,24.9198,stop,1626.75,576.34,702,32,33
1446,24.9198,stop,1151.21,543.87,755,34,34
1446,24.9198,stop,1644.98,526.03,803,36,33
1446,24.9198,stop,396.13,450.99,743,35,35
1446,24.9198,stop,339.02,442.36,712,31,35
1446,24.9198,stop,1253.94,229.14,817,35,36
1446,24.9198,stop,385.81,89.54,692,31,32
1446,24.9198,stop,337.19,84.93,696,31,33
1446,24.9198,stop,483.21,67.01,806,37,35
1446,24.9198,stop,442.64,58.46,877,36,38
1447,24.9358,stop,1513.42,1045.99,866,31,37
1447,24.9358,stop,1030.25,662.19,706,35,34
1447,24.9358,stop,1626.87,576.32,698,32,33
1447,24.9358,stop,1151.14,544.37,737,34,34
1447,24.9358,stop,1645.03,526.08,804,36,32
1447,24.9358,stop,396.11,451.01,753,35,35
1447,24.9358,stop,339.03,442.40,716,31,35
1447,24.9358,stop,1254.38,229.22,813,35,36
1447,24.9358,stop,385.82,89.50,686,31,32
1447,24.9358,stop,337.15,85.05,686,31,33
1447,24.9358,stop,484.26,68.03,740,35,32
1447,24.9358,stop,442.69,58.51,876,36,38
1448,24.9518,stop,1513.44,1046.04,862,31,38
1448,24.9518,stop,1030.89,662.84,716,34,34
1448,24.9518,stop,1626.82,576.41,702,32,33
1448,24.9518,stop,1151.22,544.32,740,34,34
1448,24.9518,stop,1644.91,526.17,819,36,32
1448,24.9518,stop,396.30,451.12,747,35,34
1448,24.9518,stop,339.00,442.38,718,31,35
1448,24.9518,stop,1254.73,229.21,808,34,35
1448,24.9518,stop,385.80,89.49,693,31,32
1448,24.9518,stop,337.18,85.02,689,31,33
1448,24.9518,stop,484.26,67.99,739,35,32
1448,24.9518,stop,442.63,58.52,868,37,38
1449,24.9678,stop,1513.51,1045.97,862,31,37
1449,24.9678,stop,1031.46,663.43,732,35,34
1449,24.9678,stop,1626.82,576.39,709,33,33
1449,24.9678,stop,1151.28,544.56,738,35,34
1449,24.9678,stop,1645.00,526.19,811,36,32
1449,24.9678,stop,396.09,450.90,756,35,35
1449,24.9678,stop,338.99,442.29,705,31,35
1449,24.9678,stop,1255.11,229.10,816,35,36
1449,24.9678,stop,385.70,89.42,697,31,33
1449,24.9678,stop,337.12,84.90,701,31,33
1449,24.9678,stop,483.71,67.83,760,37,32
1449,24.9678,stop,442.68,58.46,868,36,38
1450,24.9878,stop,1514.41,1046.07,916,35,37
1450,24.9878,stop,1031.79,663.54,749,34,35
1450,24.9878,stop,1626.79,576.35,699,33,33
1450,24.9878,stop,1151.46,544.41,750,35,34
1450,24.9878,stop,1645.01,526.14,818,36,32
1450,24.9878,stop,396.12,451.17,757,35,34
1450,24.9878,stop,339.05,442.37,710,31,35
1450,24.9878,stop,1255.39,229.03,803,35,36
1450,24.9878,stop,385.90,89.54,691,32,32
1450,24.9878,stop,337.19,85.08,689,31,33
1450,24.9878,stop,483.77,67.86,767,38,32
1450,24.9878,stop,442.66,58.55,869,36,38
1451,25.0038,stop,1513.44,1045.99,862,30,38
1451,25.0038,stop,1031.89,663.41,723,34,35
1451,25.0038,stop,1626.88,576.31,705,32,33
1451,25.0038,stop,1151.74,544.12,762,35,34
1451,25.0038,stop,1644.90,526.16,815,36,32
1451,25.0038,stop,396.11,451.03,745,35,35
1451,25.0038,stop,339.10,442.28,709,31,35
1451,25.0038,stop,1255.69,228.75,804,34,35
1451,25.0038,stop,385.81,89.53,692,31,32
1451,25.0038,stop,337.10,84.94,686,31,33
1451,25.0038,stop,483.11,66.87,801,37,35
1451,25.0038,stop,441.85,57.52,939,37,37
1452,25.0198,stop,1513.49,1045.97,856,31,37
1452,25.0198,stop,1032.47,663.78,719,35,34
1452,25.0198,stop,1626.80,576.33,700,33,33
1452,25.0198,stop,1151.81,543.92,766,35,34
1452,25.0198,stop,1644.79,526.12,815,36,32
1452,25.0198,stop,395.60,451.66,791,35,34
1452,25.0198,stop,339.00,442.30,713,31,35
1452,25.0198,stop,1255.59,228.66,792,35,35
1452,25.0198,stop,385.75,89.55,680,30,32
1452,25.0198,stop,337.22,85.00,683,31,33
1452,25.0198,stop,483.54,67.78,754,36,33
1452,25.0198,stop,441.82,57.61,931,37,37
1453,25.0358,stop,1513.42,1046.00,866,31,37
1453,25.0358,stop,1033.14,664.09,719,35,34
1453,25.0358,stop,1626.78,576.35,699,32,33
1453,25.0358,stop,1151.76,543.86,808,35,37
1453,25.0358,stop,1644.94,526.05,812,36,32
1453,25.0358,stop,396.14,450.98,747,35,35
1453,25.0358,stop,339.08,442.37,715,31,35
1453,25.0358,stop,1255.54,228.23,794,35,35
1453,25.0358,stop,385.70,89.50,695,31,32
1453,25.0358,stop,337.27,84.87,686,30,33
1453,25.0358,stop,483.20,66.97,820,38,35
1453,25.0358,stop,441.84,57.48,934,36,38
1454,25.0518,stop,1513.52,1045.99,865,30,37
1454,25.0518,stop,1033.98,664.18,717,34,34
1454,25.0518,stop,1626.86,576.34,701,33,33
1454,25.0518,stop,1152.16,543.25,802,35,35
1454,25.0518,stop,1644.98,526.09,816,36,33
1454,25.0518,stop,396.12,451.05,746,35,34
1454,25.0518,stop,339.03,442.36,710,31,35
1454,25.0518,stop,1255.42,227.83,784,34,35
1454,25.0518,stop,385.87,89.46,692,30,32
1454,25.0518,stop,337.21,85.01,687,31,33
1454,25.0518,stop,483.22,66.89,810,36,35
1454,25.0518,stop,441.83,57.42,931,38,38
1455,25.0718,stop,1514.45,1046.02,916,36,37
1455,25.0718,stop,1034.61,664.43,712,35,34
1455,25.0718,stop,1626.77,576.30,717,33,33
1455,25.0718,stop,1152.73,542.79,815,35,36
1455,25.0718,stop,1644.97,526.06,815,36,33
1455,25.0718,stop,396.15,450.99,738,35,34
1455,25.0718,stop,339.02,442.37,708,31,35
1455,25.0718,stop,1255.25,227.56,789,35,36
1455,25.0718,stop,385.92,89.43,702,30,32
1455,25.0718,stop,337.24,85.03,697,31,33
1455,25.0718,stop,483.08,66.90,814,37,35
1455,25.0718,stop,441.87,57.45,941,37,37
1456,25.0878,stop,1513.40,1045.96,862,30,37
1456,25.0878,stop,1035.23,664.52,715,34,33
1456,25.0878,stop,1626.81,576.33,699,33,33
1456,25.0878,stop,1153.10,542.51,829,35,35
1456,25.0878,stop,1645.00,526.07,810,36,32
1456,25.0878,stop,396.10,451.18,747,35,34
1456,25.0878,stop,338.98,442.32,711,31,35
1456,25.0878,stop,1255.05,227.48,785,35,36
1456,25.0878,stop,385.74,89.42,690,31,32
1456,25.0878,stop,337.06,84.93,698,31,33
1456,25.0878,stop,483.59,67.13,788,33,34
1456,25.0878,stop,441.94,57.59,935,37,37
1457,25.1038,stop,1513.49,1045.99,868,31,37
1457,25.1038,stop,1036.06,664.51,709,34,33
1457,25.1038,stop,1626.85,576.39,704,33,33
1457,25.1038,stop,1153.26,542.20,782,35,35
1457,25.1038,stop,1644.97,526.13,812,36,32
1457,25.1038,stop,395.45,451.65,785,35,35
1457,25.1038,stop,339.01,442.44,719,31,35
1457,25.1038,stop,1254.70,227.19,783,34,35
1457,25.1038,stop,385.79,89.44,698,31,32
1457,25.1038,stop,337.21,84.94,689,31,33
1457,25.1038,stop,483.24,66.96,814,38,35
1457,25.1038,stop,441.83,57.47,939,36,38
1458,25.1198,stop,1514.38,1046.19,904,36,37
1458,25.1198,stop,1036.65,664.49,708,33,33
1458,25.1198,stop,1626.80,576.31,702,33,33
1458,25.1198,stop,1153.95,541.76,773,35,34
1458,25.1198,stop,1644.91,526.03,809,36,33
1458,25.1198,stop,396.12,451.12,756,35,35
1458,25.1198,stop,338.95,442.36,711,31,35
1458,25.1198,stop,1254.34,227.26,795,35,35
1458,25.1198,stop,385.70,89.41,696,31,33
1458,25.1198,stop,337.20,84.95,685,30,33
1458,25.1198,stop,483.01,66.88,818,36,35
1458,25.1198,stop,442.62,58.63,870,37,37
1459,25.1358,stop,1514.41,1046.12,905,36,37
1459,25.1358,stop,1037.00,664.59,707,34,33
1459,25.1358,stop,1626.77,576.38,707,32,33
1459,25.1358,stop,1154.49,541.45,772,35,35
1459,25.1358,stop,1644.81,526.10,818,36,32
1459,25.1358,stop,396.10,451.03,746,35,34
1459,25.1358,stop,339.00,442.31,712,31,35
1459,25.1358,stop,1254.22,227.38,815,35,35
1459,25.1358,stop,385.72,89.48,696,32,32
1459,25.1358,stop,337.16,84.89,695,31,33
1459,25.1358,stop,483.17,66.92,810,38,35
1459,25.1358,stop,442.69,58.62,869,36,37
1460,25.1518,stop,1513.42,1045.89,857,31,37
1460,25.1518,stop,1037.66,664.33,696,33,34
1460,25.1518,stop,1626.79,576.33,703,32,33
1460,25.1518,stop,1155.77,540.60,782,34,34
1460,25.1518,stop,1644.88,526.17,812,36,33
1460,25.1518,stop,396.12,451.07,749,35,34
1460,25.1518,stop,339.02,442.36,708,31,35
1460,25.1518,stop,1253.61,227.45,814,35,35
1460,25.1518,stop,385.81,89.58,689,31,32
1460,25.1518,stop,337.17,85.09,694,31,33
1460,25.1518,stop,483.23,67.00,818,37,35
1460,25.1518,stop,442.62,58.59,868,37,38
1461,25.1718,stop,1513.50,1045.92,865,31,38
1461,25.1718,stop,1038.09,664.03,701,34,34
1461,25.1718,stop,1626.77,576.43,704,32,33
1461,25.1718,stop,1155.82,540.62,746,35,34
1461,25.1718,stop,1645.00,526.10,811,36,32
1461,25.1718,stop,396.08,450.98,755,35,34
1461,25.1718,stop,339.09,442.44,719,31,35
1461,25.1718,stop,1253.08,227.80,812,35,36
1461,25.1718,stop,385.62,89.54,685,31,32
1461,25.1718,stop,337.22,84.92,691,30,33
1461,25.1718,stop,483.58,67.10,784,33,35
1461,25.1718,stop,442.63,58.56,872,36,38
1462,25.1878,stop,1513.44,1046.03,862,31,37
1462,25.1878,stop,1038.41,663.97,691,33,33
1462,25.1878,stop,1626.85,576.31,693,32,33
1462,25.1878,stop,1156.24,540.33,744,34,34
1462,25.1878,stop,1644.94,526.14,810,36,33
1462,25.1878,stop,396.23,451.02,746,35,35
1462,25.1878,stop,339.06,442.42,704,31,35
1462,25.1878,stop,1252.71,228.17,835,36,36
1462,25.1878,stop,385.85,89.57,695,31,32
1462,25.1878,stop,337.14,85.08,691,31,33
1462,25.1878,stop,483.46,67.86,764,37,32
1462,25.1878,stop,441.90,57.61,935,37,38
1463,25.2038,stop,1513.38,1045.97,861,31,37
1463,25.2038,stop,1038.77,663.49,690,33,33
1463,25.2038,stop,1626.80,576.28,702,33,33
1463,25.2038,stop,1156.79,539.91,722,33,34
1463,25.2038,stop,1644.89,526.20,819,36,33
1463,25.2038,stop,396.18,451.09,747,35,35
1463,25.2038,stop,339.03,442.37,707,31,35
1463,25.2038,stop,1252.19,228.46,848,36,35
1463,25.2038,stop,385.72,89.61,692,31,32
1463,25.2038,stop,337.23,84.92,686,30,33
1463,25.2038,stop,483.67,66.97,789,33,35
1463,25.2038,stop,442.64,58.51,877,37,38
1464,25.2198,stop,1513.51,1046.01,871,31,37
1464,25.2198,stop,1039.30,663.60,662,33,34
1464,25.2198,stop,1626.84,576.37,697,33,33
1464,25.2198,stop,1157.14,539.45,736,34,34
1464,25.2198,stop,1644.95,526.11,808,36,32
1464,25.2198,stop,396.06,451.00,749,35,34
1464,25.2198,stop,338.92,442.24,713,31,35
1464,25.2198,stop,1251.71,228.51,853,35,35
1464,25.2198,stop,385.92,89.47,691,30,32
1464,25.2198,stop,337.18,85.06,688,31,33
1464,25.2198,stop,483.62,67.03,794,33,35
1464,25.2198,stop,442.58,58.55,862,37,38
1465,25.2358,stop,1514.37,1046.13,913,36,37
1465,25.2358,stop,1039.13,662.85,690,33,34
1465,25.2358,stop,1626.81,576.42,699,32,33
1465,25.2358,stop,1157.68,539.09,728,33,33
1465,25.2358,stop,1644.88,526.20,812,36,32
1465,25.2358,stop,396.10,450.91,751,35,35
1465,25.2358,stop,338.99,442.27,710,31,35
1465,25.2358,stop,1251.27,228.61,861,36,36
1465,25.2358,stop,385.82,89.55,686,31,33
1465,25.2358,stop,337.14,85.07,683,31,33
1465,25.2358,stop,483.69,67.85,760,37,32
1465,25.2358,stop,442.59,58.54,876,38,38
1466,25.2518,stop,1513.45,1046.00,858,31,37
1466,25.2518,stop,1039.55,662.52,662,34,34
1466,25.2518,stop,1626.81,576.42,707,33,33
1466,25.2518,stop,1158.00,538.37,720,34,34
1466,25.2518,stop,1644.95,526.20,814,36,33
1466,25.2518,stop,396.18,450.97,750,35,35
1466,25.2518,stop,339.04,442.38,706,31,35
1466,25.2518,stop,1250.76,228.87,858,35,36
1466,25.2518,stop,385.78,89.44,690,31,32
1466,25.2518,stop,337.17,84.98,692,31,33
1466,25.2518,stop,484.31,68.01,736,33,32
1466,25.2518,stop,441.76,57.43,945,37,38
1467,25.2718,stop,1513.39,1046.06,855,30,37
1467,25.2718,stop,1039.37,661.98,664,33,34
1467,25.2718,stop,1626.78,576.27,701,33,33
1467,25.2718,stop,1158.37,537.98,718,33,33
1467,25.2718,stop,1644.93,526.11,811,36,32
1467,25.2718,stop,396.28,451.05,737,35,34
1467,25.2718,stop,339.03,442.30,715,31,35
1467,25.2718,stop,1250.14,228.73,861,35,38
1467,25.2718,stop,385.75,89.48,686,31,32
1467,25.2718,stop,337.09,84.94,685,31,33
1467,25.2718,stop,483.17,67.01,809,37,35
1467,25.2718,stop,441.90,57.55,937,36,38
1468,25.2878,stop,1513.51,1045.91,855,30,37
1468,25.2878,stop,1038.97,661.15,698,33,34
1468,25.2878,stop,1626.89,576.28,699,32,33
1468,25.2878,stop,1158.66,537.56,718,33,34
1468,25.2878,stop,1644.89,526.06,811,36,32
1468,25.2878,stop,396.11,451.03,745,35,34
1468,25.2878,stop,338.98,442.43,710,31,35
1468,25.2878,stop,1249.85,228.87,865,35,36
1468,25.2878,stop,385.65,89.38,679,31,32
1468,25.2878,stop,337.20,84.91,688,30,33
1468,25.2878,stop,483.60,67.83,762,37,32
1468,25.2878,stop,442.68,58.55,867,37,38
1469,25.3038,stop,1513.43,1045.94,861,31,37
1469,25.3038,stop,1038.71,660.48,686,33,34
1469,25.3038,stop,1626.82,576.38,711,33,33
1469,25.3038,stop,1158.85,537.22,710,33,34
1469,25.3038,stop,1645.04,526.10,814,36,33
1469,25.3038,stop,395.49,451.62,789,35,34
1469,25.3038,stop,339.06,442.40,709,31,35
1469,25.3038,stop,1249.18,228.88,864,35,37
1469,25.3038,stop,385.71,89.47,692,32,33
1469,25.3038,stop,337.12,85.01,693,31,33
1469,25.3038,stop,483.17,66.92,812,37,35
1469,25.3038,stop,442.65,58.62,872,36,37
1470,25.3198,stop,1514.32,1046.11,914,36,37
1470,25.3198,stop,1038.83,660.60,668,33,34
1470,25.3198,stop,1626.82,576.44,703,32,33
1470,25.3198,stop,1158.94,537.14,708,33,33
1470,25.3198,stop,1644.97,526.12,808,36,32
1470,25.3198,stop,396.12,451.01,746,35,34
1470,25.3198,stop,339.02,442.38,707,31,35
1470,25.3198,stop,1248.91,228.76,861,35,36
1470,25.3198,stop,385.80,89.57,686,31,32
1470,25.3198,stop,337.32,85.04,693,31,33
1470,25.3198,stop,483.75,67.84,751,36,33
1470,25.3198,stop,442.72,58.58,874,36,38
1471,25.3358,stop,1513.38,1045.93,864,31,37
1471,25.3358,stop,1038.21,659.87,692,34,34
1471,25.3358,stop,1626.72,576.36,709,33,33
1471,25.3358,stop,1159.07,537.11,709,33,33
1471,25.3358,stop,1644.95,526.10,809,36,32
1471,25.3358,stop,396.15,451.07,750,35,34
1471,25.3358,stop,338.99,442.42,708,31,35
1471,25.3358,stop,1248.53,228.68,860,36,35
1471,25.3358,stop,385.86,89.48,691,32,32
1471,25.3358,stop,337.14,84.96,692,31,33
1471,25.3358,stop,483.31,66.98,805,37,35
1471,25.3358,stop,442.64,58.54,873,37,37
1472,25.3518,stop,1514.28,1046.04,912,36,37
1472,25.3518,stop,1037.75,659.61,698,33,35
1472,25.3518,stop,1626.82,576.38,701,33,33
1472,25.3518,stop,1158.88,537.38,714,33,34
1472,25.3518,stop,1644.95,526.01,812,36,33
1472,25.3518,stop,396.02,451.06,751,35,34
1472,25.3518,stop,339.11,442.40,712,31,35
1472,25.3518,stop,1248.15,228.64,854,35,36
1472,25.3518,stop,385.87,89.51,691,31,32
1472,25.3518,stop,337.17,84.88,697,31,33
1472,25.3518,stop,484.03,67.99,735,33,32
1472,25.3518,stop,442.58,58.58,863,37,37
1473,25.3718,stop,1514.40,1046.12,907,36,37
1473,25.3718,stop,1038.11,660.06,701,34,34
1473,25.3718,stop,1626.77,576.38,704,33,33
1473,25.3718,stop,1158.67,537.78,712,33,34
1473,25.3718,stop,1644.94,526.19,813,36,32
1473,25.3718,stop,396.15,451.08,752,35,34
1473,25.3718,stop,339.02,442.43,706,31,35
1473,25.3718,stop,1248.06,228.43,853,35,36
1473,25.3718,stop,385.79,89.56,693,31,32
1473,25.3718,stop,337.32,85.00,692,31,33
1473,25.3718,stop,483.20,67.00,813,37,35
1473,25.3718,stop,442.67,58.59,871,36,37
1474,25.3878,stop,1514.43,1046.13,917,36,38
1474,25.3878,stop,1037.15,659.52,678,34,34
1474,25.3878,stop,1626.77,576.36,700,32,33
1474,25.3878,stop,1158.46,538.26,715,33,35
1474,25.3878,stop,1644.77,526.13,813,36,32
1474,25.3878,stop,396.08,451.21,742,35,35
1474,25.3878,stop,339.09,442.32,720,31,35
1474,25.3878,stop,1248.00,228.28,849,35,36
1474,25.3878,stop,385.70,89.49,691,31,32
1474,25.3878,stop,337.20,85.04,692,32,33
1474,25.3878,stop,483.19,66.98,808,37,35
1474,25.3878,stop,442.63,58.56,872,37,37
1475,25.4038,stop,1514.26,1046.17,913,36,37
1475,25.4038,stop,1036.53,659.24,671,34,34
1475,25.4038,stop,1626.80,576.33,702,33,33
1475,25.4038,stop,1158.13,538.71,726,33,34
1475,25.4038,stop,1644.84,526.07,815,36,32
1475,25.4038,stop,396.05,451.02,743,35,34
1475,25.4038,stop,338.98,442.37,712,31,35
1475,25.4038,stop,1247.68,227.96,845,35,35
1475,25.4038,stop,385.79,89.49,702,32,32
1475,25.4038,stop,337.27,84.93,688,31,33
1475,25.4038,stop,483.48,67.07,782,33,35
1475,25.4038,stop,442.78,58.70,873,37,36
1476,25.4198,stop,1513.45,1046.04,866,31,37
1476,25.4198,stop,1036.22,659.39,674,34,34
1476,25.4198,stop,1626.84,576.35,700,33,33
1476,25.4198,stop,1158.16,538.71,760,33,34
1476,25.4198,stop,1645.02,526.12,808,36,32
1476,25.4198,stop,396.14,451.13,755,35,36
1476,25.4198,stop,339.05,442.36,711,31,35
1476,25.4198,stop,1247.67,227.82,849,35,35
1476,25.4198,stop,385.78,89.47,691,31,33
1476,25.4198,stop,337.12,85.10,680,31,33
1476,25.4198,stop,484.29,67.98,738,33,33
1476,25.4198,stop,441.89,57.50,935,37,37
1477,25.4358,stop,1514.37,1046.12,915,36,37
1477,25.4358,stop,1035.22,658.96,702,34,34
1477,25.4358,stop,1626.87,576.27,697,33,33
1477,25.4358,stop,1157.84,539.05,772,33,33
1477,25.4358,stop,1644.95,526.09,809,36,33
1477,25.4358,stop,396.11,450.98,744,35,35
1477,25.4358,stop,339.02,442.35,707,31,35
1477,25.4358,stop,1247.66,227.74,853,35,36
1477,25.4358,stop,385.73,89.55,684,32,33
1477,25.4358,stop,337.12,84.91,688,32,33
1477,25.4358,stop,483.09,66.86,815,37,35
1477,25.4358,stop,442.67,58.58,869,36,38
1478,25.4518,stop,1513.42,1045.94,861,31,37
1478,25.4518,stop,1035.06,659.23,693,34,34
1478,25.4518,stop,1626.93,576.35,699,33,33
1478,25.4518,stop,1157.47,539.56,775,32,33
1478,25.4518,stop,1644.89,526.21,826,36,34
1478,25.4518,stop,396.17,451.07,749,35,35
1478,25.4518,stop,338.92,442.38,715,31,35
1478,25.4518,stop,1247.71,227.74,850,35,35
1478,25.4518,stop,385.83,89.45,687,32,32
1478,25.4518,stop,337.31,85.04,691,30,33
1478,25.4518,stop,483.16,66.97,807,37,35
1478,25.4518,stop,442.66,58.58,871,37,36
1479,25.4718,stop,1513.41,1045.93,860,31,37
1479,25.4718,stop,1034.68,659.14,683,35,34
1479,25.4718,stop,1626.87,576.44,700,33,33
1479,25.4718,stop,1157.07,540.02,787,33,32
1479,25.4718,stop,1644.83,526.18,817,36,32
1479,25.4718,stop,396.04,451.13,753,35,34
1479,25.4718,stop,339.03,442.32,711,31,35
1479,25.4718,stop,1247.78,227.80,860,35,35
1479,25.4718,stop,385.86,89.46,696,32,32
1479,25.4718,stop,337.18,85.01,682,31,33
1479,25.4718,stop,483.57,67.78,760,37,32
1479,25.4718,stop,441.86,57.52,937,37,37
1480,25.4878,stop,1513.47,1046.00,867,31,37
1480,25.4878,stop,1034.40,659.09,678,34,34
1480,25.4878,stop,1626.91,576.30,704,33,33
1480,25.4878,stop,1156.44,540.56,797,34,33
1480,25.4878,stop,1644.90,526.16,814,36,33
1480,25.4878,stop,396.10,451.00,744,35,35
1480,25.4878,stop,339.06,442.49,708,31,35
1480,25.4878,stop,1247.99,227.91,853,35,36
1480,25.4878,stop,385.93,89.43,693,32,32
1480,25.4878,stop,337.25,85.10,690,31,33
1480,25.4878,stop,483.15,66.92,817,37,35
1480,25.4878,stop,442.61,58.51,871,37,38
1481,25.5038,stop,1513.35,1045.86,859,30,37
1481,25.5038,stop,1033.97,659.13,678,34,34
1481,25.5038,stop,1626.72,576.31,699,32,33
1481,25.5038,stop,1156.08,541.03,817,36,35
1481,25.5038,stop,1645.01,526.15,812,36,32
1481,25.5038,stop,396.22,451.12,748,35,35
1481,25.5038,stop,339.04,442.31,706,31,35
1481,25.5038,stop,1248.19,228.31,851,35,36
1481,25.5038,stop,385.66,89.52,692,31,33
1481,25.5038,stop,337.17,85.01,693,30,33
1481,25.5038,stop,483.19,66.86,813,38,35
1481,25.5038,stop,442.59,58.54,870,37,37
1482,25.5198,stop,1513.47,1045.98,865,31,37
1482,25.5198,stop,1033.90,659.40,708,34,34
1482,25.5198,stop,1626.82,576.27,692,32,33
1482,25.5198,stop,1155.86,541.36,806,35,34
1482,25.5198,stop,1644.83,526.11,818,36,33
1482,25.5198,stop,396.15,451.09,735,35,34
1482,25.5198,stop,338.99,442.39,714,31,35
1482,25.5198,stop,1248.58,228.38,854,36,36
1482,25.5198,stop,385.80,89.56,697,31,32
1482,25.5198,stop,337.33,85.03,692,30,33
1482,25.5198,stop,483.54,67.10,789,34,35
1482,25.5198,stop,442.73,58.55,872,36,37
1483,25.5358,stop,1513.52,1046.03,857,31,37
1483,25.5358,stop,1033.06,659.03,680,34,35
1483,25.5358,stop,1626.71,576.34,698,32,33
1483,25.5358,stop,1155.37,541.71,807,34,34
1483,25.5358,stop,1645.08,526.01,807,36,33
1483,25.5358,stop,396.04,450.93,753,35,34
1483,25.5358,stop,338.98,442.44,712,31,35
1483,25.5358,stop,1248.85,228.64,866,35,37
1483,25.5358,stop,385.87,89.46,689,30,32
1483,25.5358,stop,337.17,84.88,689,31,33
1483,25.5358,stop,483.12,66.84,807,37,35
1483,25.5358,stop,442.60,58.55,867,37,38
1484,25.5518,stop,1513.53,1046.00,858,30,37
1484,25.5518,stop,1032.78,658.95,674,35,34
1484,25.5518,stop,1626.88,576.35,696,32,33
1484,25.5518,stop,1154.83,542.22,811,33,33
1484,25.5518,stop,1644.84,526.13,815,36,32
1484,25.5518,stop,396.07,450.83,747,35,34
1484,25.5518,stop,338.97,442.27,714,31,35
1484,25.5518,stop,1249.20,228.52,865,36,36
1484,25.5518,stop,385.76,89.43,692,32,33
1484,25.5518,stop,337.29,85.24,676,30,33
1484,25.5518,stop,483.65,67.88,764,38,32
1484,25.5518,stop,442.62,58.56,870,37,37
1485,25.5718,stop,1514.40,1046.01,907,36,37
1485,25.5718,stop,1032.53,658.99,672,35,34
1485,25.5718,stop,1626.79,576.37,699,33,33
1485,25.5718,stop,1154.55,542.60,823,33,32
1485,25.5718,stop,1644.94,526.17,814,36,33
1485,25.5718,stop,396.16,451.04,751,35,34
1485,25.5718,stop,338.99,442.38,710,31,35
1485,25.5718,stop,1249.68,228.56,867,35,36
1485,25.5718,stop,385.81,89.41,687,31,32
1485,25.5718,stop,337.09,84.93,698,31,33
1485,25.5718,stop,483.74,67.81,763,37,33
1485,25.5718,stop,442.74,58.46,873,36,38
1486,25.5878,stop,1514.48,1046.13,920,36,37
1486,25.5878,stop,1032.12,658.81,668,34,34
1486,25.5878,stop,1626.81,576.30,701,32,33
1486,25.5878,stop,1154.11,543.13,814,33,33
1486,25.5878,stop,1644.88,526.15,813,36,32
1486,25.5878,stop,396.14,451.01,750,35,35
1486,25.5878,stop,339.13,442.44,706,31,35
1486,25.5878,stop,1250.04,228.60,882,35,36
1486,25.5878,stop,385.66,89.47,694,32,32
1486,25.5878,stop,337.23,85.01,698,31,33
1486,25.5878,stop,484.06,68.03,745,34,32
1486,25.5878,stop,441.83,57.52,932,37,37
1487,25.6038,stop,1514.34,1046.10,910,36,37
1487,25.6038,stop,1032.55,659.31,713,35,34
1487,25.6038,stop,1626.71,576.37,700,32,33
1487,25.6038,stop,1153.88,543.74,816,33,33
1487,25.6038,stop,1644.94,526.11,819,36,33
1487,25.6038,stop,396.23,450.93,740,34,34
1487,25.6038,stop,339.01,442.41,706,31,35
1487,25.6038,stop,1250.30,228.68,874,35,37
1487,25.6038,stop,385.69,89.51,688,31,32
1487,25.6038,stop,337.17,85.05,685,31,33
1487,25.6038,stop,483.56,67.76,759,37,32
1487,25.6038,stop,441.87,57.52,940,37,38
1488,25.6198,stop,1513.53,1046.01,863,31,37
1488,25.6198,stop,1031.78,659.16,677,34,34
1488,25.6198,stop,1626.85,576.42,701,33,33
1488,25.6198,stop,1153.88,544.47,806,34,34
1488,25.6198,stop,1644.98,526.10,813,36,32
1488,25.6198,stop,396.15,451.02,749,35,34
1488,25.6198,stop,338.96,442.34,712,31,35
1488,25.6198,stop,1250.12,229.27,835,34,37
1488,25.6198,stop,385.81,89.56,695,33,32
1488,25.6198,stop,337.22,84.94,690,31,33
1488,25.6198,stop,483.71,67.76,760,37,32
1488,25.6198,stop,442.65,58.54,870,36,38
1489,25.6358,stop,1513.47,1045.93,856,31,37
1489,25.6358,stop,1032.27,659.77,691,34,34
1489,25.6358,stop,1626.82,576.37,699,33,33
1489,25.6358,stop,1154.29,544.69,768,34,33
1489,25.6358,stop,1645.04,526.04,807,36,32
1489,25.6358,stop,396.13,451.08,749,35,35
1489,25.6358,stop,339.11,442.35,708,31,35
1489,25.6358,stop,1250.62,229.16,847,34,39
1489,25.6358,stop,385.83,89.57,684,31,32
1489,25.6358,stop,337.14,84.97,690,32,33
1489,25.6358,stop,483.63,67.03,787,34,35
1489,25.6358,stop,442.68,58.47,880,37,38
1490,25.6518,stop,1514.33,1046.08,914,36,37
1490,25.6518,stop,1031.76,660.04,717,33,34
1490,25.6518,stop,1626.75,576.29,700,33,33
1490,25.6518,stop,1154.16,544.95,758,34,33
1490,25.6518,stop,1645.01,526.12,806,36,33
1490,25.6518,stop,396.14,451.08,742,35,34
1490,25.6518,stop,339.05,442.43,708,31,35
1490,25.6518,stop,1251.25,229.14,864,34,38
1490,25.6518,stop,385.70,89.46,696,32,32
1490,25.6518,stop,337.07,84.98,688,31,33
1490,25.6518,stop,483.67,67.04,782,33,35
1490,25.6518,stop,441.90,57.54,933,38,37
1491,25.6718,stop,1513.56,1046.11,854,29,37
1491,25.6718,stop,1031.05,659.54,749,33,33
1491,25.6718,stop,1626.85,576.30,701,32,33
1491,25.6718,stop,1154.04,545.11,758,34,34
1491,25.6718,stop,1644.91,526.13,820,36,33
1491,25.6718,stop,396.21,450.96,740,35,35
1491,25.6718,stop,339.00,442.35,706,31,35
1491,25.6718,stop,1251.75,228.71,862,34,35
1491,25.6718,stop,385.88,89.43,691,30,33
1491,25.6718,stop,337.24,84.79,691,30,33
1491,25.6718,stop,483.20,66.96,813,36,35
1491,25.6718,stop,442.69,58.64,875,37,37
1492,25.6878,stop,1514.39,1046.13,908,36,37
1492,25.6878,stop,1030.78,659.52,741,32,33
1492,25.6878,stop,1626.74,576.28,704,32,33
1492,25.6878,stop,1154.09,545.26,762,34,34
1492,25.6878,stop,1645.08,526.09,817,36,33
1492,25.6878,stop,396.19,451.02,751,35,35
1492,25.6878,stop,338.97,442.27,713,31,35
1492,25.6878,stop,1252.23,228.47,874,35,35
1492,25.6878,stop,385.76,89.52,680,31,32
1492,25.6878,stop,337.07,84.99,683,31,33
1492,25.6878,stop,483.13,66.98,816,38,35
1492,25.6878,stop,442.76,58.57,874,37,37
1493,25.7038,stop,1513.57,1045.98,866,30,37
1493,25.7038,stop,1030.55,659.95,728,32,33
1493,25.7038,stop,1626.75,576.41,706,32,33
1493,25.7038,stop,1154.20,545.36,756,34,34
1493,25.7038,stop,1644.86,526.12,810,36,32
1493,25.7038,stop,396.10,451.01,746,35,36
1493,25.7038,stop,339.07,442.33,712,31,35
1493,25.7038,stop,1252.96,228.15,870,34,35
1493,25.7038,stop,385.80,89.32,695,31,32
1493,25.7038,stop,337.13,85.05,679,31,33
1493,25.7038,stop,483.68,67.87,761,38,32
1493,25.7038,stop,442.64,58.54,864,36,37
1494,25.7198,stop,1513.50,1046.05,864,31,37
1494,25.7198,stop,1030.26,660.74,768,34,34
1494,25.7198,stop,1626.86,576.40,702,33,33
1494,25.7198,stop,1154.38,545.35,755,34,34
1494,25.7198,stop,1644.93,526.09,809,36,33
1494,25.7198,stop,396.22,451.03,751,35,34
1494,25.7198,stop,339.07,442.36,708,31,35
1494,25.7198,stop,1253.64,227.92,847,35,35
1494,25.7198,stop,385.87,89.49,681,29,32
1494,25.7198,stop,337.20,84.88,688,31,33
1494,25.7198,stop,483.59,67.12,792,33,35
1494,25.7198,stop,441.81,57.58,927,37,37
1495,25.7358,stop,1513.44,1045.96,861,31,37
1495,25.7358,stop,1030.14,661.32,751,34,35
1495,25.7358,stop,1626.88,576.38,701,33,33
1495,25.7358,stop,1154.61,545.41,753,35,34
1495,25.7358,stop,1644.95,526.06,807,36,33
1495,25.7358,stop,396.09,451.13,749,35,34
1495,25.7358,stop,339.08,442.46,713,31,35
1495,25.7358,stop,1254.00,227.54,840,35,35
1495,25.7358,stop,385.86,89.53,692,31,32
1495,25.7358,stop,337.32,84.89,683,30,33
1495,25.7358,stop,483.02,66.82,811,37,35
1495,25.7358,stop,441.91,57.54,931,36,37
1496,25.7558,stop,1513.40,1045.91,869,31,37
1496,25.7558,stop,1030.50,661.06,686,34,35
1496,25.7558,stop,1626.81,576.41,705,33,33
1496,25.7558,stop,1154.96,545.20,753,34,34
1496,25.7558,stop,1644.92,526.14,816,36,32
1496,25.7558,stop,396.19,451.16,743,35,34
1496,25.7558,stop,339.03,442.42,710,31,35
1496,25.7558,stop,1254.49,227.46,813,35,34
1496,25.7558,stop,385.79,89.34,705,32,33
1496,25.7558,stop,337.25,84.97,695,31,33
1496,25.7558,stop,483.11,67.00,812,36,35
1496,25.7558,stop,442.68,58.60,872,37,38
1497,25.7718,stop,1513.56,1046.00,861,31,37
1497,25.7718,stop,1030.32,661.45,686,34,34
1497,25.7718,stop,1626.84,576.37,707,33,33
1497,25.7718,stop,1155.22,544.98,748,34,34
1497,25.7718,stop,1645.08,526.04,813,36,33
1497,25.7718,stop,395.58,451.52,793,35,35
1497,25.7718,stop,338.99,442.37,707,31,35
1497,25.7718,stop,1255.55,227.30,795,32,35
1497,25.7718,stop,385.84,89.54,702,31,32
1497,25.7718,stop,337.06,85.03,690,31,33
1497,25.7718,stop,483.65,67.10,793,34,35
1497,25.7718,stop,442.64,58.52,879,38,38
1498,25.7878,stop,1514.27,1046.23,901,36,37
1498,25.7878,stop,1029.91,662.03,728,33,34
1498,25.7878,stop,1626.86,576.25,693,33,33
1498,25.7878,stop,1155.54,544.74,755,34,33
1498,25.7878,stop,1644.94,526.18,806,36,32
1498,25.7878,stop,396.07,450.98,756,35,34
1498,25.7878,stop,339.11,442.28,713,31,35
1498,25.7878,stop,1256.61,226.99,746,32,35
1498,25.7878,stop,385.72,89.56,687,31,32
1498,25.7878,stop,337.07,84.97,687,31,33
1498,25.7878,stop,483.60,67.08,794,33,35
1498,25.7878,stop,442.76,58.62,871,38,37
1499,25.8038,stop,1514.40,1046.11,917,36,37
1499,25.8038,stop,1029.79,661.66,712,33,33
1499,25.8038,stop,1626.85,576.31,702,33,33
1499,25.8038,stop,1155.93,544.57,746,34,33
1499,25.8038,stop,1645.01,526.04,813,36,32
1499,25.8038,stop,396.12,450.96,741,35,34
1499,25.8038,stop,339.08,442.38,713,31,35
1499,25.8038,stop,1257.18,227.05,745,33,35
1499,25.8038,stop,385.71,89.45,681,31,32
1499,25.8038,stop,337.07,85.15,682,31,33
1499,25.8038,stop,483.16,66.90,819,37,35
1499,25.8038,stop,441.89,57.54,935,37,37
1500,25.8198,stop,1513.38,1046.05,865,31,37
1500,25.8198,stop,1029.43,661.86,709,32,31
1500,25.8198,stop,1626.76,576.33,705,32,33
1500,25.8198,stop,1156.01,544.41,781,34,34
1500,25.8198,stop,1645.01,526.05,813,36,33
1500,25.8198,stop,396.11,451.08,746,35,34
1500,25.8198,stop,338.99,442.33,719,31,35
1500,25.8198,stop,1257.58,227.07,769,32,34
1500,25.8198,stop,385.88,89.52,690,32,32
1500,25.8198,stop,337.22,85.00,688,31,33
1500,25.8198,stop,483.60,67.04,797,35,35
1500,25.8198,stop,442.64,58.56,869,36,38
1501,25.8358,stop,1514.53,1046.01,903,36,37
1501,25.8358,stop,1029.50,662.39,707,32,30
1501,25.8358,stop,1626.78,576.42,702,33,33
1501,25.8358,stop,1156.37,543.91,776,35,33
1501,25.8358,stop,1644.79,526.15,811,36,33
1501,25.8358,stop,396.04,450.97,751,35,34
1501,25.8358,stop,339.00,442.45,715,31,35
1501,25.8358,stop,1258.18,226.98,766,33,35
1501,25.8358,stop,385.81,89.45,691,31,32
1501,25.8358,stop,337.17,84.93,687,31,33
1501,25.8358,stop,483.18,66.91,805,38,35
1501,25.8358,stop,442.64,58.49,874,36,38
1502,25.8558,stop,1513.48,1045.98,857,31,37
1502,25.8558,stop,1029.29,662.60,698,33,31
1502,25.8558,stop,1626.87,576.37,704,33,33
1502,25.8558,stop,1156.89,543.38,782,34,34
1502,25.8558,stop,1645.00,526.11,816,36,33
1502,25.8558,stop,396.22,451.05,744,35,35
1502,25.8558,stop,338.96,442.30,710,31,35
1502,25.8558,stop,1258.97,226.87,754,32,35
1502,25.8558,stop,385.87,89.50,696,30,32
1502,25.8558,stop,337.21,85.00,683,31,33
1502,25.8558,stop,483.65,67.91,762,36,32
1502,25.8558,stop,442.71,58.55,875,38,38
1503,25.8718,stop,1514.36,1046.11,905,36,37
1503,25.8718,stop,1028.55,662.52,694,33,33
1503,25.8718,stop,1626.91,576.36,694,33,33
1503,25.8718,stop,1157.31,542.86,767,34,33
1503,25.8718,stop,1644.88,526.13,818,36,33
1503,25.8718,stop,396.20,450.97,739,35,34
1503,25.8718,stop,339.00,442.39,705,31,35
1503,25.8718,stop,1259.73,226.72,750,32,35
1503,25.8718,stop,385.93,89.46,701,31,32
1503,25.8718,stop,337.19,84.82,687,31,33
1503,25.8718,stop,483.55,66.96,792,34,35
1503,25.8718,stop,442.61,58.57,872,36,38
1504,25.8878,stop,1513.56,1046.01,864,30,37
1504,25.8878,stop,1028.46,663.01,702,34,34
1504,25.8878,stop,1626.77,576.33,707,33,33
1504,25.8878,stop,1157.87,542.34,775,34,34
1504,25.8878,stop,1645.01,526.10,818,36,32
1504,25.8878,stop,396.05,451.07,753,35,35
1504,25.8878,stop,338.94,442.26,710,31,35
1504,25.8878,stop,1259.11,226.43,702,31,35
1504,25.8878,stop,385.73,89.53,686,32,32
1504,25.8878,stop,337.13,84.99,680,30,33
1504,25.8878,stop,483.04,66.97,806,37,35
1504,25.8878,stop,442.69,58.68,867,36,36
1505,25.9038,stop,1514.39,1046.12,916,36,37
1505,25.9038,stop,1027.92,662.65,719,34,35
1505,25.9038,stop,1626.82,576.36,707,33,33
1505,25.9038,stop,1158.36,541.97,753,33,34
1505,25.9038,stop,1644.95,526.10,811,36,33
1505,25.9038,stop,396.14,451.01,742,35,36
1505,25.9038,stop,339.04,442.33,714,31,35
1505,25.9038,stop,1259.78,226.39,688,30,35
1505,25.9038,stop,385.88,89.48,694,31,32
1505,25.9038,stop,337.20,84.97,687,31,33
1505,25.9038,stop,483.53,67.04,800,34,35
1505,25.9038,stop,442.61,58.59,873,37,38
1506,25.9199,stop,1514.41,1046.23,904,36,37
1506,25.9199,stop,1027.85,662.87,705,34,35
1506,25.9199,stop,1626.79,576.34,696,33,33
1506,25.9199,stop,1158.83,541.70,750,34,33
1506,25.9199,stop,1644.94,526.02,811,36,33
1506,25.9199,stop,396.14,451.10,751,35,35
1506,25.9199,stop,338.96,442.28,703,31,35
1506,25.9199,stop,1259.96,226.62,689,30,35
1506,25.9199,stop,385.80,89.53,689,33,32
1506,25.9199,stop,337.16,85.08,682,32,33
1506,25.9199,stop,483.16,66.96,814,38,35
1506,25.9199,stop,441.96,57.59,940,38,38
1507,25.9358,stop,1514.38,1046.12,910,36,37
1507,25.9358,stop,1027.29,662.56,720,35,34
1507,25.9358,stop,1626.92,576.29,696,33,33
1507,25.9358,stop,1159.20,541.57,748,33,34
1507,25.9358,stop,1644.88,526.15,804,36,33
1507,25.9358,stop,396.12,450.98,752,35,35
1507,25.9358,stop,339.02,442.39,713,31,35
1507,25.9358,stop,1260.41,226.47,676,31,35
1507,25.9358,stop,385.74,89.49,678,32,32
1507,25.9358,stop,337.22,85.04,690,31,33
1507,25.9358,stop,483.58,67.06,789,33,35
1507,25.9358,stop,442.66,58.67,876,38,38
1508,25.9558,stop,1513.35,1045.97,859,30,37
1508,25.9558,stop,1026.58,662.48,730,34,34
1508,25.9558,stop,1626.87,576.26,702,33,33
1508,25.9558,stop,1159.01,541.78,714,33,34
1508,25.9558,stop,1644.98,526.00,804,36,32
1508,25.9558,stop,396.18,451.10,743,35,34
1508,25.9558,stop,338.94,442.32,711,31,35
1508,25.9558,stop,1260.57,226.90,689,30,35
1508,25.9558,stop,385.79,89.50,690,31,32
1508,25.9558,stop,337.24,84.97,685,31,33
1508,25.9558,stop,484.19,68.03,740,35,33
1508,25.9558,stop,442.64,58.60,875,36,37
1509,25.9718,stop,1513.45,1045.92,864,30,37
1509,25.9718,stop,1026.66,662.88,694,34,34
1509,25.9718,stop,1626.85,576.35,700,33,33
1509,25.9718,stop,1159.33,541.71,715,34,34
1509,25.9718,stop,1645.00,526.14,805,36,32
1509,25.9718,stop,395.43,451.70,793,35,34
1509,25.9718,stop,338.99,442.36,710,31,35
1509,25.9718,stop,1260.96,226.97,672,30,35
1509,25.9718,stop,385.90,89.41,693,31,32
1509,25.9718,stop,337.26,84.85,682,31,33
1509,25.9718,stop,483.24,66.97,814,36,35
1509,25.9718,stop,441.90,57.48,933,36,38
1510,25.9878,stop,1514.34,1046.12,908,36,37
1510,25.9878,stop,1025.98,663.02,683,34,34
1510,25.9878,stop,1626.83,576.36,695,32,33
1510,25.9878,stop,1159.59,541.63,708,33,34
1510,25.9878,stop,1645.00,526.04,805,36,32
1510,25.9878,stop,396.14,450.94,746,35,36
1510,25.9878,stop,339.04,442.47,713,31,35
1510,25.9878,stop,1260.85,227.34,690,30,35
1510,25.9878,stop,385.77,89.44,695,32,32
1510,25.9878,stop,337.18,84.97,689,31,33
1510,25.9878,stop,484.21,68.02,747,34,33
1510,25.9878,stop,442.64,58.59,870,36,37
1511,26.0038,stop,1513.31,1045.94,864,31,37
1511,26.0038,stop,1025.22,662.78,699,34,34
1511,26.0038,stop,1626.87,576.35,702,33,33
1511,26.0038,stop,1160.03,541.78,697,33,34
1511,26.0038,stop,1644.89,526.14,811,36,32
1511,26.0038,stop,396.15,450.92,750,35,35
1511,26.0038,stop,339.06,442.27,702,31,35
1511,26.0038,stop,1260.78,227.69,684,30,35
1511,26.0038,stop,385.62,89.54,687,31,33
1511,26.0038,stop,337.25,85.02,687,31,33
1511,26.0038,stop,483.20,66.98,815,36,35
1511,26.0038,stop,441.96,57.64,927,37,38
