trial,frac,t,x,y,heading_deg,cmd_speed
1,0.75,0.025,228.47,89.68,181.0,30
1,0.75,0.049,228.47,89.69,181.6,30
1,0.75,0.074,228.48,89.68,184.4,30
1,0.75,0.099,228.45,89.67,180.0,30
1,0.75,0.124,228.46,89.69,186.2,30
1,0.75,0.148,228.49,89.70,180.9,30
1,0.75,0.173,228.44,89.70,180.2,30
1,0.75,0.198,228.43,89.68,180.3,30
1,0.75,0.222,228.47,89.69,185.4,30
1,0.75,0.247,228.42,89.69,184.1,30
1,0.75,0.272,228.46,89.70,183.1,30
1,0.75,0.297,228.45,89.70,180.3,30
1,0.75,0.321,228.48,89.68,193.0,30
1,0.75,0.346,228.46,89.71,184.3,30
1,0.75,0.370,228.48,89.71,184.4,30
1,0.75,0.395,228.53,89.72,188.4,30
1,0.75,0.420,228.45,89.67,188.3,30
1,0.75,0.445,228.52,89.68,186.4,30
1,0.75,0.470,228.46,89.70,188.6,30
1,0.75,0.494,228.46,89.70,185.1,30
1,0.75,0.519,228.54,89.71,186.1,30
1,0.75,0.547,228.49,89.70,195.7,30
1,0.75,0.572,228.49,89.68,193.1,30
1,0.75,0.596,228.42,89.68,192.5,30
1,0.75,0.621,228.43,89.69,183.6,30
1,0.75,0.647,228.48,89.69,190.9,30
1,0.75,0.673,228.48,89.70,194.8,30
1,0.75,0.697,228.46,89.66,187.6,30
1,0.75,0.722,228.47,89.69,192.1,30
1,0.75,0.746,228.47,89.69,190.1,30
1,0.75,0.771,228.38,89.66,192.3,30
1,0.75,0.796,228.34,89.69,194.2,30
1,0.75,0.820,228.27,89.67,188.3,30
1,0.75,0.845,228.27,89.70,194.7,30
1,0.75,0.870,228.13,89.69,195.8,30
1,0.75,0.895,228.06,89.69,191.2,30
1,0.75,0.919,227.94,89.65,192.8,30
1,0.75,0.944,227.88,89.63,193.4,30
1,0.75,0.968,227.81,89.64,191.2,30
1,0.75,0.994,227.75,89.66,190.7,30
1,0.75,1.018,227.57,89.68,188.7,30
1,0.75,1.042,227.48,89.68,188.8,30
1,0.75,1.067,227.24,89.73,192.5,30
1,0.75,1.092,227.15,89.77,187.6,30
1,0.75,1.116,226.95,89.74,193.7,30
1,0.75,1.141,226.86,89.73,191.6,30
1,0.75,1.166,226.69,89.71,189.3,30
1,0.75,1.191,226.44,89.68,195.5,30
1,0.75,1.215,226.15,89.71,191.2,30
1,0.75,1.240,226.01,89.69,187.3,30
1,0.75,1.265,225.89,89.73,189.6,30
1,0.75,1.289,225.55,89.75,185.0,30
1,0.75,1.314,225.40,89.76,186.4,30
1,0.75,1.339,225.14,89.76,197.5,30
1,0.75,1.363,224.96,89.70,188.4,30
1,0.75,1.388,224.66,89.71,191.4,30
1,0.75,1.413,224.51,89.64,187.2,30
1,0.75,1.437,224.18,89.63,186.6,30
1,0.75,1.465,224.04,89.59,187.4,30
1,0.75,1.489,223.76,89.62,181.8,30
1,0.75,1.514,223.52,89.57,185.4,30
1,0.75,1.541,223.15,89.53,185.7,30
1,0.75,1.566,222.97,89.55,187.5,30
1,0.75,1.591,222.64,89.62,183.7,30
1,0.75,1.615,222.50,89.72,186.1,30
1,0.75,1.642,222.09,89.66,179.2,30
1,0.75,1.667,221.87,89.70,186.0,30
1,0.75,1.691,221.51,89.70,188.2,30
1,0.75,1.716,221.37,89.69,180.5,30
1,0.75,1.741,220.99,89.68,179.9,30
1,0.75,1.765,220.80,89.66,184.3,30
1,0.75,1.790,220.47,89.65,189.4,30
1,0.75,1.815,220.33,89.67,184.9,30
1,0.75,1.839,220.05,89.66,184.4,30
1,0.75,1.865,219.85,89.65,189.1,30
1,0.75,1.889,219.44,89.66,194.9,30
1,0.75,1.914,219.26,89.65,190.9,30
1,0.75,1.938,218.93,89.65,193.6,30
1,0.75,1.963,218.80,89.67,190.5,30
1,0.75,1.988,218.51,89.73,187.4,30
1,0.75,2.012,218.30,89.74,184.7,30
1,0.75,2.037,218.01,89.77,186.3,30
1,0.75,2.062,217.89,89.78,184.1,30
1,0.75,2.087,217.59,89.82,186.6,30
1,0.75,2.112,217.49,89.81,183.4,30
1,0.75,2.136,217.24,89.77,181.7,30
1,0.75,2.161,217.10,89.80,178.4,30
1,0.75,2.185,216.97,89.70,188.9,30
1,0.75,2.211,216.97,89.67,188.0,30
1,0.75,2.235,217.07,89.57,194.9,30
1,0.75,2.259,217.17,89.49,185.8,30
1,0.75,2.283,217.48,89.27,183.4,30
1,0.75,2.307,217.59,89.10,182.2,30
1,0.75,2.331,217.74,88.79,179.5,30
1,0.75,2.356,217.86,88.61,183.7,30
1,0.75,2.380,217.93,88.45,205.0,30
1,0.75,2.405,218.04,88.08,182.8,30
1,0.75,2.429,218.01,87.88,184.9,30
1,0.75,2.454,217.91,87.53,187.1,30
1,0.75,2.478,217.81,87.36,186.2,30
1,0.75,2.502,217.63,87.08,208.7,30
1,0.75,2.526,217.49,86.95,199.0,30
1,0.75,2.553,217.35,86.75,208.1,30
1,0.75,2.577,217.27,86.69,184.4,30
1,0.75,2.601,217.20,86.63,205.4,30
1,0.75,2.625,217.18,86.64,197.9,30
1,0.75,2.652,217.18,86.73,202.9,30
1,0.75,2.676,217.26,86.92,203.3,30
1,0.75,2.701,217.31,87.15,196.4,30
1,0.75,2.725,217.44,87.20,199.6,30
1,0.75,2.749,217.51,87.37,174.8,30
1,0.75,2.774,217.57,87.60,193.5,30
1,0.75,2.798,217.77,87.87,167.6,30
1,0.75,2.823,217.77,88.10,198.1,30
1,0.75,2.847,217.76,88.27,167.4,30
1,0.75,2.871,217.69,88.55,171.4,30
1,0.75,2.896,217.55,88.69,167.6,30
1,0.75,2.920,217.41,88.87,167.0,30
1,0.75,2.944,217.48,89.01,168.7,30
1,0.75,2.968,217.49,89.17,170.9,30
1,0.75,2.993,217.53,89.22,176.2,30
1,0.75,3.017,217.61,89.29,180.9,30
1,0.75,3.041,217.67,89.29,183.4,30
1,0.75,3.065,217.66,89.24,176.2,30
1,0.75,3.089,217.69,89.18,179.3,30
1,0.75,3.114,217.53,88.97,175.7,30
1,0.75,3.138,217.51,88.84,174.9,30
1,0.75,3.162,217.52,88.75,173.3,30
1,0.75,3.187,217.59,88.56,176.5,30
1,0.75,3.211,217.62,88.46,177.3,30
1,0.75,3.236,217.69,88.28,202.6,30
1,0.75,3.260,217.61,88.13,178.0,30
1,0.75,3.284,217.73,87.93,179.8,30
1,0.75,3.308,217.67,87.83,194.5,30
1,0.75,3.333,217.67,87.76,179.9,30
1,0.75,3.357,217.70,87.65,181.6,30
1,0.75,3.381,217.66,87.66,182.8,30
1,0.75,3.405,217.69,87.71,181.4,30
1,0.75,3.430,217.67,87.74,180.5,30
1,0.75,3.455,217.68,87.94,179.2,30
1,0.75,3.479,217.70,88.00,179.6,30
1,0.75,3.503,217.69,88.22,175.2,30
1,0.75,3.528,217.67,88.31,202.1,30
1,0.75,3.554,217.59,88.46,174.7,30
1,0.75,3.578,217.60,88.53,175.1,30
1,0.75,3.602,217.51,88.66,195.3,30
1,0.75,3.626,217.50,88.79,185.0,30
1,0.75,3.653,217.46,88.86,180.2,30
1,0.75,3.677,217.59,89.00,174.2,30
1,0.75,3.701,217.68,89.07,,30
1,0.75,3.726,217.65,89.04,176.7,30
1,0.75,3.750,217.60,89.01,177.1,30
1,0.75,3.775,217.49,88.81,173.7,30
1,0.75,3.799,217.51,88.65,178.5,30
1,0.75,3.823,217.59,88.62,188.5,30
1,0.75,3.847,217.58,88.57,175.1,30
1,0.75,3.872,217.63,88.46,180.1,30
1,0.75,3.896,217.64,88.43,182.0,30
1,0.75,3.920,217.64,88.32,179.8,30
1,0.75,3.944,217.59,88.25,176.6,30
1,0.75,3.969,217.59,88.13,204.7,30
1,0.75,3.993,217.57,88.06,186.6,30
1,0.75,4.017,217.67,87.96,183.9,30
1,0.75,4.042,217.71,87.91,207.8,30
1,0.75,4.066,217.70,87.84,204.8,30
1,0.75,4.090,217.71,87.88,179.7,30
1,0.75,4.115,217.70,87.93,180.7,30
1,0.75,4.139,217.66,88.01,184.6,30
1,0.75,4.163,217.63,88.08,177.7,30
1,0.75,4.187,217.58,88.17,176.1,30
1,0.75,4.212,217.60,88.22,202.3,30
1,0.75,4.236,217.61,88.29,177.8,30
1,0.75,4.260,217.63,88.34,176.6,30
1,0.75,4.284,217.64,88.39,176.5,30
1,0.75,4.308,217.64,88.40,178.1,30
1,0.75,4.333,217.60,88.43,176.7,30
1,0.75,4.357,217.60,88.45,180.2,30
1,0.75,4.381,217.54,88.49,177.6,30
1,0.75,4.406,217.59,88.50,176.8,30
1,0.75,4.430,217.55,88.51,175.9,30
1,0.75,4.454,217.55,88.53,174.2,30
1,0.75,4.478,217.57,88.55,175.2,30
1,0.75,4.503,217.55,88.58,173.0,30
1,0.75,4.527,217.58,88.61,174.6,30
1,0.75,4.553,217.51,88.72,175.9,30
1,0.75,4.579,217.58,88.76,176.2,30
1,0.75,4.603,217.54,88.83,176.1,30
1,0.75,4.627,217.48,88.90,173.2,30
1,0.75,4.655,217.53,88.97,173.9,30
1,0.75,4.680,217.56,88.92,177.2,30
1,0.75,4.705,217.50,88.84,176.0,30
1,0.75,4.729,217.54,88.78,178.1,30
1,0.75,4.753,217.54,88.78,203.9,30
1,0.75,4.778,217.53,88.65,176.4,30
1,0.75,4.802,217.56,88.64,175.4,30
1,0.75,4.826,217.59,88.63,175.3,30
1,0.75,4.851,217.59,88.66,175.4,30
1,0.75,4.875,217.60,88.70,183.5,30
1,0.75,4.899,217.55,88.72,184.2,30
1,0.75,4.923,217.56,88.80,175.6,30
1,0.75,4.947,217.56,88.78,177.4,30
1,0.75,4.971,217.53,88.94,173.2,30
1,0.75,4.996,217.55,88.91,173.4,30
1,0.75,5.020,217.51,88.90,175.6,30
1,0.75,5.044,217.51,88.90,175.9,30
1,0.75,5.068,217.57,88.83,176.5,30
1,0.75,5.092,217.58,88.77,193.3,30
1,0.75,5.117,217.58,88.75,176.2,30
1,0.75,5.141,217.52,88.76,182.1,30
1,0.75,5.166,217.49,88.73,175.5,30
1,0.75,5.190,217.53,88.75,176.9,30
1,0.75,5.214,217.55,88.78,177.5,30
1,0.75,5.239,217.55,88.80,178.3,30
1,0.75,5.263,217.52,88.84,176.2,30
1,0.75,5.287,217.53,88.92,176.2,30
1,0.75,5.311,217.57,88.94,175.7,30
1,0.75,5.336,217.54,88.87,177.2,30
1,0.75,5.360,217.55,88.82,179.7,30
1,0.75,5.385,217.55,88.84,177.5,30
1,0.75,5.409,217.53,88.75,177.1,30
1,0.75,5.433,217.52,88.76,176.1,30
1,0.75,5.457,217.54,88.78,175.0,30
1,0.75,5.482,217.57,88.76,196.4,30
1,0.75,5.506,217.52,88.80,180.0,30
1,0.75,5.530,217.55,88.84,176.4,30
1,0.75,5.556,217.54,88.94,177.7,30
1,0.75,5.582,217.53,88.90,185.0,30
1,0.75,5.606,217.53,88.86,176.4,30
1,0.75,5.630,217.49,88.83,176.6,30
1,0.75,5.655,217.55,88.79,180.8,30
1,0.75,5.680,217.55,88.80,176.1,30
1,0.75,5.704,217.50,88.77,176.3,30
1,0.75,5.728,217.50,88.80,177.0,30
1,0.75,5.752,217.61,88.88,177.9,30
1,0.75,5.776,217.54,88.86,177.0,30
1,0.75,5.801,217.51,88.86,175.8,30
1,0.75,5.825,217.53,88.88,175.4,30
1,0.75,5.850,217.57,88.90,182.2,30
1,0.75,5.874,217.59,88.84,177.5,30
1,0.75,5.899,217.61,88.83,177.0,30
1,0.75,5.923,217.51,88.82,178.2,30
1,0.75,5.947,217.54,88.82,178.2,30
1,0.75,5.971,217.53,88.83,178.9,30
1,0.75,5.996,217.60,88.85,195.3,30
1,0.75,6.020,217.51,88.87,176.7,30
1,0.75,6.044,217.54,88.89,182.6,30
1,0.75,6.068,217.55,88.86,175.8,30
1,0.75,6.092,217.61,88.85,176.8,30
1,0.75,6.117,217.61,88.85,177.3,30
1,0.75,6.141,217.51,88.84,177.6,30
1,0.75,6.165,217.49,88.85,176.2,30
1,0.75,6.190,217.54,88.86,176.7,30
1,0.75,6.214,217.55,88.86,176.7,30
1,0.75,6.239,217.55,88.85,176.8,30
1,0.75,6.263,217.49,88.87,186.9,30
1,0.75,6.287,217.57,88.84,176.8,30
1,0.75,6.311,217.56,88.84,175.5,30
1,0.75,6.335,217.54,88.89,195.9,30
1,0.75,6.359,217.54,88.86,176.4,30
1,0.75,6.384,217.51,88.87,176.8,30
1,0.75,6.408,217.56,88.86,182.1,30
1,0.75,6.432,217.57,88.86,183.5,30
1,0.75,6.457,217.58,88.88,176.7,30
1,0.75,6.481,217.52,88.84,177.0,30
1,0.75,6.505,217.50,88.87,176.8,30
1,0.75,6.530,217.53,88.85,196.8,30
1,0.75,6.555,217.52,88.86,176.9,30
1,0.75,6.581,217.57,88.89,176.6,30
1,0.75,6.605,217.56,88.86,178.3,30
1,0.75,6.629,217.57,88.88,177.2,30
1,0.75,6.655,217.54,88.84,177.0,30
1,0.75,6.679,217.55,88.87,176.9,30
1,0.75,6.703,217.50,88.85,177.3,30
1,0.75,6.727,217.51,88.86,177.2,30
1,0.75,6.752,217.55,88.87,176.5,30
1,0.75,6.776,217.57,88.87,176.1,30
1,0.75,6.800,217.56,88.87,177.4,30
1,0.75,6.824,217.53,88.85,175.4,30
1,0.75,6.849,217.58,88.86,175.9,30
1,0.75,6.873,217.55,88.85,175.6,30
1,0.75,6.897,217.56,88.84,175.9,30
1,0.75,6.921,217.53,88.87,176.5,30
1,0.75,6.946,217.60,88.85,176.0,30
1,0.75,6.970,217.56,88.88,175.9,30
1,0.75,6.994,217.58,88.89,177.4,30
1,0.75,7.018,217.61,88.86,176.3,30
1,0.75,7.042,217.59,88.86,176.5,30
1,0.75,7.066,217.58,88.89,175.6,30
1,0.75,7.091,217.54,88.85,176.6,30
1,0.75,7.115,217.55,88.86,176.1,30
1,0.75,7.139,217.56,88.87,176.6,30
1,0.75,7.163,217.54,88.87,177.5,30
1,0.75,7.187,217.55,88.85,176.5,30
1,0.75,7.212,217.57,88.88,176.6,30
1,0.75,7.236,217.58,88.88,176.4,30
1,0.75,7.260,217.55,88.88,176.2,30
1,0.75,7.284,217.56,88.86,175.4,30
1,0.75,7.308,217.60,88.86,176.4,30
1,0.75,7.332,217.56,88.85,174.6,30
1,0.75,7.356,217.61,88.87,177.1,30
1,0.75,7.381,217.54,88.86,183.9,30
1,0.75,7.405,217.52,88.86,174.6,30
1,0.75,7.429,217.58,88.87,176.2,30
1,0.75,7.454,217.58,88.87,175.6,30
1,0.75,7.478,217.59,88.86,176.1,30
1,0.75,7.502,217.60,88.86,177.6,30
1,0.75,7.526,217.57,88.85,195.1,30
1,0.75,7.552,217.56,88.84,177.5,30
1,0.75,7.577,217.57,88.85,177.1,30
1,0.75,7.601,217.57,88.86,177.1,30
1,0.75,7.625,217.59,88.86,177.4,30
1,0.75,7.651,217.60,88.87,176.2,30
1,0.75,7.676,217.55,88.86,176.2,30
1,0.75,7.701,217.59,88.86,177.4,30
1,0.75,7.725,217.59,88.86,176.4,30
1,0.75,7.749,217.57,88.87,177.4,30
1,0.75,7.773,217.58,88.87,177.6,30
1,0.75,7.797,217.55,88.86,175.6,30
1,0.75,7.821,217.55,88.84,176.2,30
1,0.75,7.845,217.59,88.87,175.7,30
1,0.75,7.869,217.54,88.86,176.0,30
1,0.75,7.893,217.58,88.86,176.4,30
1,0.75,7.918,217.58,88.88,197.6,30
1,0.75,7.943,217.55,88.87,175.5,30
1,0.75,7.967,217.51,88.86,175.4,30
1,0.75,7.991,217.53,88.87,179.1,30
1,0.75,8.015,217.56,88.84,186.0,30
1,0.75,8.039,217.56,88.86,177.1,30
1,0.75,8.063,217.54,88.86,175.2,30
1,0.75,8.088,217.60,88.87,176.1,30
1,0.75,8.112,217.59,88.87,177.2,30
1,0.75,8.136,217.58,88.88,177.3,30
1,0.75,8.160,217.50,88.88,176.3,30
1,0.75,8.185,217.56,88.88,175.9,30
1,0.75,8.209,217.52,88.85,192.4,30
1,0.75,8.233,217.56,88.88,184.3,30
1,0.75,8.259,217.54,88.88,177.4,30
1,0.75,8.283,217.56,88.85,176.6,30
1,0.75,8.307,217.60,88.88,176.1,30
1,0.75,8.331,217.59,88.89,176.5,30
1,0.75,8.355,217.52,88.85,176.1,30
1,0.75,8.380,217.55,88.90,176.0,30
1,0.75,8.404,217.57,88.85,179.3,30
1,0.75,8.428,217.55,88.86,175.9,30
1,0.75,8.452,217.54,88.87,179.4,30
1,0.75,8.476,217.57,88.85,174.4,30
1,0.75,8.500,217.57,88.87,176.2,30
1,0.75,8.525,217.61,88.89,176.8,30
1,0.75,8.550,217.55,88.89,176.2,30
1,0.75,8.574,217.55,88.86,175.1,30
1,0.75,8.599,217.55,88.87,175.8,30
1,0.75,8.623,217.55,88.88,177.3,30
1,0.75,8.649,217.58,88.86,175.8,30
1,0.75,8.674,217.55,88.85,191.6,30
1,0.75,8.698,217.60,88.87,192.5,30
1,0.75,8.722,217.60,88.89,177.3,30
1,0.75,8.746,217.58,88.87,176.6,30
1,0.75,8.771,217.57,88.87,176.6,30
1,0.75,8.795,217.60,88.89,175.7,30
1,0.75,8.820,217.58,88.88,176.8,30
1,0.75,8.844,217.55,88.85,176.6,30
1,0.75,8.868,217.60,88.86,175.8,30
1,0.75,8.892,217.56,88.85,176.0,30
1,0.75,8.917,217.53,88.86,176.3,30
1,0.75,8.941,217.55,88.86,187.7,30
1,0.75,8.965,217.55,88.87,176.6,30
1,0.75,8.989,217.56,88.86,178.6,30
1,0.75,9.013,217.57,88.86,177.0,30
1,0.75,9.038,217.59,88.86,177.0,30
1,0.75,9.062,217.54,88.85,193.8,30
1,0.75,9.086,217.59,88.85,193.8,30
1,0.75,9.111,217.58,88.86,176.4,30
1,0.75,9.135,217.57,88.85,177.2,30
1,0.75,9.159,217.57,88.87,176.5,30
1,0.75,9.184,217.55,88.86,175.3,30
1,0.75,9.208,217.56,88.86,179.3,30
1,0.75,9.232,217.56,88.86,175.5,30
1,0.75,9.258,217.56,88.86,176.0,30
1,0.75,9.282,217.63,88.89,176.1,30
1,0.75,9.306,217.57,88.87,176.1,30
1,0.75,9.330,217.59,88.88,176.4,30
1,0.75,9.354,217.60,88.88,175.6,30
1,0.75,9.378,217.59,88.89,177.2,30
1,0.75,9.403,217.57,88.86,177.0,30
1,0.75,9.427,217.56,88.86,175.7,30
1,0.75,9.451,217.54,88.86,175.5,30
1,0.75,9.476,217.57,88.86,188.6,30
1,0.75,9.501,217.58,88.86,177.1,30
1,0.75,9.525,217.56,88.87,175.1,30
1,0.75,9.551,217.56,88.86,177.8,30
1,0.75,9.576,217.57,88.85,176.8,30
1,0.75,9.600,217.57,88.85,177.2,30
1,0.75,9.624,217.58,88.86,177.6,30
1,0.75,9.650,217.56,88.89,176.0,30
1,0.75,9.675,217.57,88.85,194.1,30
1,0.75,9.699,217.56,88.86,176.2,30
1,0.75,9.723,217.58,88.85,176.7,30
1,0.75,9.747,217.55,88.87,176.4,30
1,0.75,9.772,217.57,88.87,175.1,30
1,0.75,9.796,217.54,88.85,176.1,30
1,0.75,9.821,217.58,88.89,177.5,30
1,0.75,9.845,217.55,88.85,176.2,30
1,0.75,9.869,217.59,88.86,182.1,30
1,0.75,9.894,217.61,88.87,174.5,30
1,0.75,9.918,217.59,88.87,176.2,30
1,0.75,9.943,217.62,88.89,177.2,30
1,0.75,9.967,217.56,88.85,177.1,30
1,0.75,9.991,217.57,88.86,177.3,30
1,0.75,10.015,217.54,88.86,175.2,30
1,0.75,10.040,217.55,88.88,180.6,30
1,0.75,10.064,217.54,88.90,176.0,30
1,0.75,10.088,217.56,88.85,176.6,30
1,0.75,10.113,217.56,88.86,176.4,30
1,0.75,10.138,217.57,88.87,175.9,30
1,0.75,10.165,217.54,88.87,193.1,30
1,0.75,10.190,217.56,88.89,176.1,30
1,0.75,10.214,217.52,88.87,181.3,30
1,0.75,10.238,217.60,88.86,191.4,30
1,0.75,10.262,217.58,88.84,176.2,30
1,0.75,10.287,217.59,88.86,176.8,30
1,0.75,10.312,217.55,88.86,176.1,30
1,0.75,10.336,217.58,88.86,176.1,30
1,0.75,10.360,217.60,88.88,176.1,30
1,0.75,10.384,217.53,88.86,177.3,30
1,0.75,10.409,217.60,88.88,177.4,30
1,0.75,10.433,217.62,88.88,177.0,30
1,0.75,10.457,217.55,88.87,177.8,30
1,0.75,10.482,217.57,88.87,176.2,30
1,0.75,10.506,217.61,88.87,175.8,30
1,0.75,10.531,217.58,88.87,176.6,30
1,0.75,10.560,217.54,88.89,179.7,30
1,0.75,10.587,217.58,88.87,176.6,30
1,0.75,10.611,217.61,88.88,176.8,30
1,0.75,10.636,217.59,88.87,190.5,30
1,0.75,10.661,217.53,88.87,175.9,30
1,0.75,10.685,217.54,88.87,175.7,30
1,0.75,10.709,217.53,88.87,176.9,30
1,0.75,10.734,217.54,88.86,177.6,30
1,0.75,10.758,217.60,88.91,176.2,30
1,0.75,10.782,217.59,88.88,176.8,30
1,0.75,10.806,217.54,88.86,177.0,30
1,0.75,10.832,217.57,88.88,176.2,30
1,0.75,10.856,217.60,88.87,175.7,30
1,0.75,10.880,217.53,88.87,175.3,30
1,0.75,10.905,217.53,88.87,189.5,30
1,0.75,10.929,217.56,88.91,176.7,30
1,0.75,10.953,217.57,88.84,175.8,30
1,0.75,10.977,217.57,88.87,177.1,30
1,0.75,11.002,217.59,88.87,192.2,30
1,0.75,11.026,217.58,88.85,176.0,30
1,0.75,11.051,217.62,88.86,177.4,30
1,0.75,11.075,217.57,88.89,189.4,30
1,0.75,11.099,217.53,88.88,175.3,30
1,0.75,11.123,217.59,88.87,178.0,30
1,0.75,11.147,217.60,88.86,188.8,30
1,0.75,11.173,217.57,88.87,185.1,30
1,0.75,11.197,217.53,88.86,177.3,30
1,0.75,11.221,217.58,88.88,176.2,30
1,0.75,11.246,217.56,88.84,176.0,30
1,0.75,11.271,217.56,88.86,176.5,30
1,0.75,11.295,217.58,88.84,175.7,30
1,0.75,11.319,217.60,88.87,176.6,30
1,0.75,11.343,217.58,88.86,175.6,30
1,0.75,11.367,217.58,88.88,176.2,30
1,0.75,11.392,217.58,88.89,176.7,30
1,0.75,11.416,217.54,88.87,187.9,30
1,0.75,11.441,217.57,88.87,194.4,30
1,0.75,11.465,217.52,88.88,192.7,30
1,0.75,11.489,217.60,88.86,176.5,30
1,0.75,11.514,217.57,88.89,175.6,30
1,0.75,11.540,217.55,88.85,176.9,30
1,0.75,11.566,217.59,88.89,176.4,30
1,0.75,11.590,217.58,88.86,176.8,30
1,0.75,11.615,217.54,88.87,175.2,30
1,0.75,11.640,217.55,88.85,176.7,30
1,0.75,11.665,217.57,88.86,176.2,30
1,0.75,11.689,217.57,88.86,177.4,30
1,0.75,11.713,217.54,88.86,175.9,30
1,0.75,11.738,217.60,88.87,176.5,30
1,0.75,11.762,217.54,88.85,176.1,30
1,0.75,11.786,217.54,88.85,176.6,30
1,0.75,11.810,217.57,88.87,176.8,30
1,0.75,11.835,217.57,88.86,176.6,30
1,0.75,11.860,217.58,88.86,176.6,30
1,0.75,11.884,217.59,88.84,176.0,30
1,0.75,11.908,217.54,88.85,177.2,30
1,0.75,11.933,217.57,88.85,177.2,30
1,0.75,11.957,217.59,88.85,176.8,30
1,0.75,11.981,217.56,88.85,175.1,30
1,0.75,12.006,217.55,88.85,177.3,30
2,0.8,0.025,218.66,88.78,181.0,30
2,0.8,0.049,218.59,88.79,179.6,30
2,0.8,0.074,218.62,88.76,178.2,30
2,0.8,0.098,218.52,88.80,178.1,30
2,0.8,0.122,218.62,88.75,176.0,30
2,0.8,0.146,218.61,88.78,180.6,30
2,0.8,0.170,218.60,88.77,177.3,30
2,0.8,0.195,218.58,88.77,178.9,30
2,0.8,0.219,218.61,88.78,179.8,30
2,0.8,0.243,218.65,88.76,178.7,30
2,0.8,0.267,218.65,88.80,181.7,30
2,0.8,0.292,218.66,88.77,182.8,30
2,0.8,0.316,218.65,88.78,176.5,30
2,0.8,0.341,218.67,88.77,182.3,30
2,0.8,0.366,218.65,88.78,181.6,30
2,0.8,0.390,218.67,88.79,179.7,30
2,0.8,0.414,218.66,88.82,182.0,30
2,0.8,0.438,218.66,88.79,180.6,30
2,0.8,0.463,218.65,88.78,181.9,30
2,0.8,0.487,218.67,88.77,181.6,30
2,0.8,0.511,218.65,88.78,179.9,30
2,0.8,0.535,218.64,88.78,181.3,30
2,0.8,0.560,218.63,88.80,182.8,30
2,0.8,0.584,218.62,88.76,178.4,30
2,0.8,0.608,218.63,88.78,177.8,30
2,0.8,0.632,218.61,88.80,183.0,30
2,0.8,0.657,218.64,88.77,180.3,30
2,0.8,0.681,218.63,88.80,177.6,30
2,0.8,0.709,218.63,88.77,181.4,30
2,0.8,0.733,218.63,88.79,181.5,30
2,0.8,0.757,218.69,88.79,180.6,30
2,0.8,0.781,218.67,88.79,180.6,30
2,0.8,0.808,218.66,88.79,181.3,30
2,0.8,0.833,218.64,88.80,179.7,30
2,0.8,0.857,218.62,88.78,173.5,30
2,0.8,0.881,218.63,88.83,179.8,30
2,0.8,0.906,218.61,88.83,179.4,30
2,0.8,0.930,218.58,88.80,181.9,30
2,0.8,0.954,218.53,88.81,178.7,30
2,0.8,0.979,218.52,88.80,174.2,30
2,0.8,1.003,218.51,88.80,174.6,30
2,0.8,1.027,218.46,88.78,178.7,30
2,0.8,1.051,218.37,88.76,178.0,30
2,0.8,1.075,218.34,88.74,181.9,30
2,0.8,1.100,218.33,88.78,184.2,30
2,0.8,1.124,218.28,88.80,182.7,30
2,0.8,1.148,218.25,88.83,183.1,30
2,0.8,1.172,218.13,88.86,177.3,30
2,0.8,1.196,218.05,88.88,179.2,30
2,0.8,1.220,217.90,88.84,182.6,30
2,0.8,1.244,217.79,88.84,180.4,30
2,0.8,1.269,217.76,88.85,178.3,30
2,0.8,1.293,217.57,88.83,174.4,30
2,0.8,1.317,217.50,88.86,183.4,30
2,0.8,1.341,217.31,88.84,176.7,30
2,0.8,1.367,217.23,88.84,181.3,30
2,0.8,1.391,217.21,88.83,178.8,30
2,0.8,1.415,217.25,88.84,175.7,30
2,0.8,1.440,217.37,88.87,190.1,30
2,0.8,1.464,217.47,88.82,171.1,30
2,0.8,1.488,217.64,88.81,170.5,30
2,0.8,1.512,217.69,88.80,175.3,30
2,0.8,1.536,217.80,88.82,170.3,30
2,0.8,1.562,217.77,88.82,170.2,30
2,0.8,1.586,217.80,88.81,168.8,30
2,0.8,1.610,217.67,88.82,171.3,30
2,0.8,1.634,217.62,88.81,170.7,30
2,0.8,1.658,217.43,88.82,170.4,30
2,0.8,1.683,217.38,88.84,169.9,30
2,0.8,1.708,217.30,88.86,170.3,30
2,0.8,1.732,217.30,88.89,182.7,30
2,0.8,1.756,217.42,88.87,168.5,30
2,0.8,1.780,217.45,88.88,168.9,30
2,0.8,1.805,217.56,88.79,171.7,30
2,0.8,1.830,217.58,88.79,173.9,30
2,0.8,1.854,217.56,88.85,181.3,30
2,0.8,1.879,217.54,88.81,169.1,30
2,0.8,1.903,217.49,88.82,168.5,30
2,0.8,1.928,217.45,88.84,169.8,30
2,0.8,1.952,217.40,88.82,170.6,30
2,0.8,1.976,217.42,88.80,170.3,30
2,0.8,2.001,217.46,88.78,196.0,30
2,0.8,2.025,217.47,88.79,169.8,30
2,0.8,2.049,217.53,88.80,172.3,30
2,0.8,2.074,217.52,88.79,169.6,30
2,0.8,2.098,217.49,88.80,170.8,30
2,0.8,2.122,217.47,88.77,170.2,30
2,0.8,2.147,217.46,88.77,197.1,30
2,0.8,2.172,217.41,88.73,171.8,30
2,0.8,2.196,217.50,88.78,195.2,30
2,0.8,2.220,217.50,88.79,170.6,30
2,0.8,2.245,217.53,88.79,172.3,30
2,0.8,2.270,217.54,88.80,178.5,30
2,0.8,2.294,217.50,88.76,171.4,30
2,0.8,2.318,217.46,88.76,169.9,30
2,0.8,2.342,217.43,88.78,173.9,30
2,0.8,2.367,217.48,88.76,170.6,30
2,0.8,2.391,217.45,88.79,171.0,30
2,0.8,2.415,217.45,88.81,171.4,30
2,0.8,2.440,217.50,88.78,172.8,30
2,0.8,2.464,217.51,88.80,175.5,30
2,0.8,2.488,217.51,88.77,169.8,30
2,0.8,2.513,217.46,88.78,170.4,30
2,0.8,2.537,217.64,88.81,173.3,30
2,0.8,2.561,217.47,88.76,173.5,30
2,0.8,2.586,217.44,88.77,171.7,30
2,0.8,2.611,217.49,88.81,170.7,30
2,0.8,2.635,217.49,88.78,170.1,30
2,0.8,2.659,217.49,88.79,171.2,30
2,0.8,2.683,217.49,88.79,170.3,30
2,0.8,2.707,217.49,88.75,169.9,30
2,0.8,2.732,217.47,88.76,172.2,30
2,0.8,2.756,217.47,88.78,168.7,30
2,0.8,2.781,217.48,88.80,170.4,30
2,0.8,2.807,217.49,88.79,171.4,30
2,0.8,2.832,217.48,88.77,169.9,30
2,0.8,2.856,217.50,88.76,170.7,30
2,0.8,2.881,217.48,88.79,171.8,30
2,0.8,2.905,217.47,88.77,171.9,30
2,0.8,2.929,217.44,88.76,171.4,30
2,0.8,2.953,217.46,88.78,171.6,30
2,0.8,2.977,217.46,88.77,174.0,30
2,0.8,3.002,217.46,88.79,173.5,30
2,0.8,3.026,217.47,88.80,170.6,30
2,0.8,3.050,217.50,88.79,170.5,30
2,0.8,3.074,217.49,88.75,171.6,30
2,0.8,3.099,217.45,88.75,172.5,30
2,0.8,3.123,217.49,88.77,171.8,30
2,0.8,3.147,217.46,88.78,171.2,30
2,0.8,3.172,217.50,88.77,171.7,30
2,0.8,3.196,217.45,88.79,170.9,30
2,0.8,3.221,217.47,88.80,171.1,30
2,0.8,3.245,217.46,88.73,169.7,30
2,0.8,3.270,217.49,88.76,170.9,30
2,0.8,3.294,217.66,88.78,172.4,30
2,0.8,3.318,217.44,88.76,173.3,30
2,0.8,3.343,217.47,88.77,172.3,30
2,0.8,3.367,217.54,88.79,172.0,30
2,0.8,3.391,217.49,88.76,170.8,30
2,0.8,3.415,217.46,88.77,171.6,30
2,0.8,3.440,217.47,88.77,171.5,30
2,0.8,3.464,217.47,88.79,173.1,30
2,0.8,3.488,217.48,88.75,170.1,30
2,0.8,3.513,217.47,88.78,171.9,30
2,0.8,3.537,217.48,88.78,171.9,30
2,0.8,3.561,217.47,88.78,171.7,30
2,0.8,3.585,217.47,88.77,169.6,30
2,0.8,3.610,217.47,88.77,173.3,30
2,0.8,3.635,217.48,88.78,173.2,30
2,0.8,3.659,217.45,88.74,172.8,30
2,0.8,3.683,217.44,88.76,171.7,30
2,0.8,3.708,217.55,88.79,170.8,30
2,0.8,3.732,217.48,88.78,172.9,30
2,0.8,3.756,217.45,88.76,172.0,30
2,0.8,3.780,217.49,88.78,170.6,30
2,0.8,3.808,217.49,88.76,171.6,30
2,0.8,3.836,217.44,88.78,172.5,30
2,0.8,3.864,217.65,88.82,171.2,30
2,0.8,3.890,217.44,88.74,170.5,30
2,0.8,3.914,217.49,88.77,171.0,30
2,0.8,3.939,217.50,88.75,170.4,30
2,0.8,3.963,217.67,88.79,169.2,30
2,0.8,3.987,217.47,88.77,169.1,30
2,0.8,4.012,217.43,88.78,170.8,30
2,0.8,4.036,217.44,88.78,169.6,30
2,0.8,4.061,217.47,88.78,195.8,30
2,0.8,4.085,217.45,88.75,171.8,30
2,0.8,4.109,217.47,88.75,171.7,30
2,0.8,4.133,217.50,88.76,171.9,30
2,0.8,4.158,217.49,88.76,170.9,30
2,0.8,4.182,217.44,88.75,171.9,30
2,0.8,4.206,217.44,88.78,172.6,30
2,0.8,4.230,217.48,88.74,172.0,30
2,0.8,4.254,217.47,88.76,170.7,30
2,0.8,4.279,217.49,88.79,173.2,30
2,0.8,4.303,217.47,88.77,172.1,30
2,0.8,4.327,217.47,88.76,174.7,30
2,0.8,4.352,217.46,88.75,174.3,30
2,0.8,4.376,217.45,88.77,175.8,30
2,0.8,4.401,217.44,88.77,181.8,30
2,0.8,4.425,217.47,88.76,184.7,30
2,0.8,4.450,217.42,88.74,176.6,30
2,0.8,4.474,217.45,88.75,178.3,30
2,0.8,4.498,217.43,88.75,175.7,30
2,0.8,4.522,217.46,88.76,176.1,30
2,0.8,4.546,217.44,88.77,174.9,30
2,0.8,4.571,217.44,88.72,175.8,30
2,0.8,4.595,217.44,88.72,176.9,30
2,0.8,4.619,217.45,88.74,178.0,30
2,0.8,4.644,217.42,88.75,175.9,30
2,0.8,4.668,217.42,88.79,174.6,30
2,0.8,4.692,217.43,88.76,174.9,30
2,0.8,4.717,217.44,88.76,174.9,30
2,0.8,4.741,217.42,88.73,177.3,30
2,0.8,4.765,217.43,88.73,177.7,30
2,0.8,4.789,217.44,88.76,175.1,30
2,0.8,4.816,217.45,88.72,185.2,30
2,0.8,4.841,217.43,88.77,175.0,30
2,0.8,4.865,217.45,88.74,173.4,30
2,0.8,4.889,217.44,88.75,173.4,30
2,0.8,4.913,217.44,88.74,175.7,30
2,0.8,4.937,217.43,88.76,175.4,30
2,0.8,4.963,217.43,88.75,174.9,30
2,0.8,4.987,217.43,88.72,175.4,30
2,0.8,5.010,217.42,88.76,174.4,30
2,0.8,5.035,217.42,88.76,174.1,30
2,0.8,5.058,217.42,88.77,172.2,30
2,0.8,5.083,217.41,88.74,174.1,30
2,0.8,5.107,217.42,88.74,171.1,30
2,0.8,5.132,217.47,88.76,172.3,30
2,0.8,5.156,217.40,88.74,171.2,30
2,0.8,5.181,217.43,88.75,175.9,30
2,0.8,5.205,217.39,88.73,176.0,30
2,0.8,5.230,217.45,88.74,172.3,30
2,0.8,5.254,217.43,88.77,175.8,30
2,0.8,5.278,217.44,88.74,170.7,30
2,0.8,5.302,217.42,88.77,172.8,30
2,0.8,5.326,217.42,88.74,171.2,30
2,0.8,5.351,217.42,88.73,175.2,30
2,0.8,5.376,217.44,88.73,173.3,30
2,0.8,5.401,217.44,88.72,175.3,30
2,0.8,5.425,217.44,88.75,175.9,30
2,0.8,5.449,217.42,88.75,174.3,30
2,0.8,5.474,217.46,88.76,172.7,30
2,0.8,5.498,217.46,88.74,173.3,30
2,0.8,5.523,217.48,88.73,173.6,30
2,0.8,5.547,217.49,88.77,169.9,30
2,0.8,5.571,217.48,88.75,172.4,30
2,0.8,5.595,217.71,88.79,172.3,30
2,0.8,5.620,217.49,88.73,176.5,30
2,0.8,5.644,217.69,88.80,172.6,30
2,0.8,5.668,217.47,88.73,176.4,30
2,0.8,5.693,217.48,88.76,170.4,30
2,0.8,5.717,217.52,88.74,171.3,30
2,0.8,5.741,217.46,88.75,173.1,30
2,0.8,5.766,217.50,88.74,169.2,30
2,0.8,5.790,217.47,88.77,173.0,30
2,0.8,5.815,217.50,88.73,171.4,30
2,0.8,5.840,217.50,88.78,170.8,30
2,0.8,5.864,217.49,88.74,173.8,30
2,0.8,5.888,217.51,88.73,169.6,30
2,0.8,5.912,217.48,88.74,170.7,30
2,0.8,5.936,217.51,88.78,170.5,30
2,0.8,5.961,217.49,88.73,169.7,30
2,0.8,5.985,217.73,88.79,173.0,30
2,0.8,6.010,217.48,88.75,169.9,30
2,0.8,6.034,217.48,88.72,171.4,30
2,0.8,6.058,217.46,88.76,171.3,30
2,0.8,6.082,217.46,88.72,172.8,30
2,0.8,6.107,217.49,88.75,174.8,30
2,0.8,6.131,217.47,88.74,172.2,30
2,0.8,6.155,217.74,88.75,171.3,30
2,0.8,6.179,217.49,88.74,173.8,30
2,0.8,6.204,217.49,88.75,170.3,30
2,0.8,6.228,217.50,88.73,169.7,30
2,0.8,6.252,217.50,88.76,,30
2,0.8,6.277,217.47,88.74,172.8,30
2,0.8,6.302,217.49,88.75,169.9,30
2,0.8,6.326,217.48,88.75,170.0,30
2,0.8,6.350,217.49,88.77,171.0,30
2,0.8,6.374,217.72,88.83,171.9,30
2,0.8,6.399,217.49,88.76,171.3,30
2,0.8,6.423,217.48,88.74,168.5,30
2,0.8,6.447,217.49,88.77,169.9,30
2,0.8,6.471,217.71,88.81,169.8,30
2,0.8,6.495,217.50,88.77,173.7,30
2,0.8,6.520,217.49,88.77,172.6,30
2,0.8,6.544,217.47,88.73,170.3,30
2,0.8,6.569,217.49,88.74,170.2,30
2,0.8,6.593,217.48,88.74,170.9,30
2,0.8,6.617,217.46,88.73,170.5,30
2,0.8,6.642,217.48,88.75,170.5,30
2,0.8,6.666,217.48,88.77,171.2,30
2,0.8,6.690,217.48,88.73,169.4,30
2,0.8,6.714,217.51,88.78,172.1,30
2,0.8,6.739,217.49,88.75,171.1,30
2,0.8,6.763,217.47,88.77,171.2,30
2,0.8,6.787,217.47,88.77,172.3,30
2,0.8,6.817,217.51,88.73,170.7,30
2,0.8,6.845,217.48,88.75,173.8,30
2,0.8,6.869,217.50,88.77,169.8,30
2,0.8,6.893,217.48,88.75,171.6,30
2,0.8,6.918,217.49,88.77,171.3,30
2,0.8,6.942,217.46,88.76,172.6,30
2,0.8,6.967,217.50,88.77,172.4,30
2,0.8,6.991,217.50,88.74,170.1,30
2,0.8,7.015,217.51,88.74,171.7,30
2,0.8,7.039,217.49,88.74,172.8,30
2,0.8,7.064,217.50,88.73,171.7,30
2,0.8,7.088,217.49,88.77,170.5,30
2,0.8,7.112,217.48,88.74,171.0,30
2,0.8,7.136,217.47,88.76,171.9,30
2,0.8,7.161,217.47,88.71,170.7,30
2,0.8,7.185,217.72,88.77,170.4,30
2,0.8,7.209,217.47,88.73,171.0,30
2,0.8,7.233,217.47,88.75,172.6,30
2,0.8,7.258,217.48,88.76,169.3,30
2,0.8,7.282,217.49,88.76,171.1,30
2,0.8,7.307,217.49,88.75,172.5,30
2,0.8,7.331,217.50,88.76,169.0,30
2,0.8,7.355,217.47,88.75,171.3,30
2,0.8,7.379,217.50,88.77,171.3,30
2,0.8,7.404,217.48,88.77,182.0,30
2,0.8,7.428,217.51,88.76,171.3,30
2,0.8,7.453,217.48,88.76,170.9,30
2,0.8,7.477,217.49,88.74,171.8,30
2,0.8,7.501,217.51,88.76,169.7,30
2,0.8,7.525,217.47,88.75,172.5,30
2,0.8,7.550,217.71,88.80,171.5,30
2,0.8,7.574,217.51,88.74,171.0,30
2,0.8,7.598,217.49,88.74,172.1,30
2,0.8,7.622,217.48,88.74,171.2,30
2,0.8,7.647,217.49,88.76,170.2,30
2,0.8,7.671,217.47,88.75,171.2,30
2,0.8,7.695,217.50,88.77,170.0,30
2,0.8,7.720,217.47,88.75,171.2,30
2,0.8,7.744,217.72,88.80,170.1,30
2,0.8,7.768,217.48,88.76,171.4,30
2,0.8,7.793,217.48,88.73,173.6,30
2,0.8,7.817,217.75,88.77,171.4,30
2,0.8,7.841,217.47,88.78,173.3,30
2,0.8,7.865,217.47,88.75,171.0,30
2,0.8,7.890,217.47,88.78,170.8,30
2,0.8,7.914,217.47,88.77,170.5,30
2,0.8,7.938,217.48,88.74,173.3,30
2,0.8,7.962,217.47,88.76,170.0,30
2,0.8,7.987,217.48,88.75,172.8,30
2,0.8,8.011,217.45,88.76,170.9,30
2,0.8,8.035,217.47,88.74,169.1,30
2,0.8,8.059,217.71,88.76,171.5,30
2,0.8,8.084,217.74,88.79,172.2,30
2,0.8,8.109,217.50,88.75,172.1,30
2,0.8,8.133,217.74,88.78,172.8,30
2,0.8,8.157,217.50,88.76,170.5,30
2,0.8,8.181,217.51,88.76,170.1,30
2,0.8,8.206,217.47,88.75,172.1,30
2,0.8,8.230,217.48,88.77,170.6,30
2,0.8,8.254,217.49,88.74,171.6,30
2,0.8,8.278,217.51,88.72,170.8,30
2,0.8,8.302,217.49,88.75,169.6,30
2,0.8,8.326,217.47,88.76,170.9,30
2,0.8,8.351,217.48,88.74,170.9,30
2,0.8,8.375,217.46,88.74,173.2,30
2,0.8,8.399,217.52,88.76,170.5,30
2,0.8,8.425,217.45,88.76,170.8,30
2,0.8,8.449,217.48,88.72,171.2,30
2,0.8,8.473,217.47,88.76,173.6,30
2,0.8,8.497,217.72,88.80,171.5,30
2,0.8,8.521,217.47,88.78,171.2,30
2,0.8,8.546,217.45,88.72,170.4,30
2,0.8,8.570,217.50,88.76,168.9,30
2,0.8,8.594,217.46,88.76,172.3,30
2,0.8,8.618,217.51,88.75,172.7,30
2,0.8,8.642,217.48,88.77,173.6,30
2,0.8,8.667,217.50,88.75,171.6,30
2,0.8,8.691,217.45,88.74,173.1,30
2,0.8,8.715,217.49,88.75,168.7,30
2,0.8,8.739,217.45,88.72,171.5,30
2,0.8,8.765,217.47,88.75,172.6,30
2,0.8,8.789,217.51,88.76,170.6,30
2,0.8,8.814,217.50,88.74,174.6,30
2,0.8,8.838,217.49,88.72,169.8,30
2,0.8,8.864,217.73,88.79,170.3,30
2,0.8,8.888,217.48,88.77,171.3,30
2,0.8,8.912,217.49,88.77,169.7,30
2,0.8,8.937,217.50,88.72,170.8,30
2,0.8,8.961,217.74,88.77,170.6,30
2,0.8,8.986,217.70,88.79,,30
2,0.8,9.010,217.46,88.74,171.6,30
2,0.8,9.034,217.50,88.76,173.3,30
2,0.8,9.058,217.50,88.75,172.1,30
2,0.8,9.082,217.49,88.72,169.8,30
2,0.8,9.106,217.50,88.78,170.0,30
2,0.8,9.131,217.48,88.77,172.3,30
2,0.8,9.155,217.48,88.72,171.4,30
2,0.8,9.179,217.48,88.75,172.3,30
2,0.8,9.203,217.50,88.77,169.9,30
2,0.8,9.227,217.69,88.80,171.7,30
2,0.8,9.251,217.49,88.74,171.8,30
2,0.8,9.276,217.51,88.75,173.5,30
2,0.8,9.300,217.50,88.74,170.2,30
2,0.8,9.324,217.47,88.73,172.7,30
2,0.8,9.349,217.50,88.73,170.8,30
2,0.8,9.373,217.50,88.76,169.2,30
2,0.8,9.397,217.51,88.74,171.9,30
2,0.8,9.421,217.49,88.74,171.7,30
2,0.8,9.445,217.51,88.79,171.5,30
2,0.8,9.470,217.48,88.73,172.0,30
2,0.8,9.494,217.49,88.72,170.1,30
2,0.8,9.518,217.51,88.77,170.9,30
2,0.8,9.542,217.50,88.75,168.8,30
2,0.8,9.567,217.48,88.76,169.6,30
2,0.8,9.591,217.49,88.75,170.9,30
2,0.8,9.619,217.46,88.73,170.4,30
2,0.8,9.643,217.49,88.77,170.5,30
2,0.8,9.667,217.50,88.78,171.5,30
2,0.8,9.692,217.71,88.80,169.0,30
2,0.8,9.716,217.52,88.77,170.8,30
2,0.8,9.740,217.50,88.76,173.0,30
2,0.8,9.765,217.49,88.75,169.4,30
2,0.8,9.790,217.49,88.74,171.9,30
2,0.8,9.818,217.50,88.72,173.7,30
2,0.8,9.842,217.51,88.78,170.0,30
2,0.8,9.866,217.48,88.75,170.4,30
2,0.8,9.892,217.46,88.74,173.7,30
2,0.8,9.916,217.48,88.74,172.4,30
2,0.8,9.941,217.48,88.76,172.3,30
2,0.8,9.965,217.48,88.76,171.2,30
2,0.8,9.989,217.51,88.74,173.5,30
2,0.8,10.014,217.46,88.79,170.5,30
2,0.8,10.038,217.48,88.75,170.8,30
2,0.8,10.062,217.74,88.78,174.2,30
2,0.8,10.086,217.50,88.76,171.3,30
2,0.8,10.111,217.50,88.73,172.5,30
2,0.8,10.135,217.51,88.78,172.5,30
2,0.8,10.160,217.47,88.75,171.2,30
2,0.8,10.184,217.52,88.75,169.9,30
2,0.8,10.208,217.50,88.77,169.7,30
2,0.8,10.232,217.47,88.78,173.2,30
2,0.8,10.257,217.49,88.74,172.1,30
2,0.8,10.281,217.50,88.74,173.6,30
2,0.8,10.305,217.50,88.75,173.1,30
2,0.8,10.330,217.53,88.73,170.5,30
2,0.8,10.354,217.72,88.82,171.9,30
2,0.8,10.378,217.50,88.75,173.3,30
2,0.8,10.403,217.49,88.72,170.8,30
2,0.8,10.428,217.51,88.76,172.8,30
2,0.8,10.452,217.52,88.73,171.1,30
2,0.8,10.476,217.49,88.77,170.5,30
2,0.8,10.501,217.51,88.76,172.3,30
2,0.8,10.525,217.48,88.76,172.0,30
2,0.8,10.551,217.49,88.75,172.3,30
2,0.8,10.575,217.50,88.77,171.6,30
2,0.8,10.599,217.54,88.77,171.7,30
2,0.8,10.623,217.48,88.77,171.8,30
2,0.8,10.647,217.51,88.74,172.2,30
2,0.8,10.672,217.49,88.76,171.7,30
2,0.8,10.696,217.51,88.76,171.8,30
2,0.8,10.720,217.49,88.75,168.8,30
2,0.8,10.745,217.49,88.75,172.0,30
2,0.8,10.769,217.47,88.78,172.5,30
2,0.8,10.793,217.47,88.75,172.1,30
2,0.8,10.819,217.51,88.77,171.1,30
2,0.8,10.843,217.50,88.76,173.0,30
2,0.8,10.867,217.47,88.74,172.3,30
2,0.8,10.892,217.49,88.75,170.5,30
2,0.8,10.917,217.50,88.76,170.9,30
2,0.8,10.941,217.51,88.73,171.9,30
2,0.8,10.966,217.48,88.76,172.4,30
2,0.8,10.990,217.46,88.78,182.6,30
2,0.8,11.014,217.50,88.77,172.6,30
2,0.8,11.038,217.50,88.76,170.3,30
2,0.8,11.063,217.48,88.75,172.2,30
2,0.8,11.087,217.72,88.77,171.9,30
2,0.8,11.112,217.50,88.77,173.1,30
2,0.8,11.136,217.74,88.79,172.1,30
2,0.8,11.160,217.49,88.78,171.4,30
2,0.8,11.184,217.47,88.75,171.9,30
2,0.8,11.208,217.52,88.75,173.0,30
2,0.8,11.233,217.72,88.80,169.8,30
2,0.8,11.257,217.50,88.72,174.2,30
2,0.8,11.282,217.48,88.78,171.4,30
2,0.8,11.306,217.49,88.74,172.7,30
2,0.8,11.331,217.50,88.75,169.7,30
2,0.8,11.355,217.48,88.74,171.4,30
2,0.8,11.380,217.47,88.77,170.8,30
2,0.8,11.404,217.51,88.75,173.9,30
2,0.8,11.428,217.49,88.79,171.1,30
2,0.8,11.453,217.51,88.74,172.8,30
2,0.8,11.478,217.49,88.75,172.1,30
2,0.8,11.502,217.48,88.77,171.3,30
2,0.8,11.526,217.52,88.74,170.0,30
2,0.8,11.550,217.50,88.73,172.1,30
2,0.8,11.574,217.52,88.72,171.3,30
2,0.8,11.599,217.71,88.81,170.5,30
2,0.8,11.623,217.50,88.79,172.1,30
2,0.8,11.647,217.47,88.77,171.5,30
2,0.8,11.672,217.49,88.74,169.8,30
2,0.8,11.696,217.48,88.77,171.2,30
2,0.8,11.720,217.51,88.76,173.7,30
2,0.8,11.744,217.54,88.77,172.3,30
2,0.8,11.769,217.49,88.78,170.6,30
2,0.8,11.794,217.51,88.77,170.8,30
2,0.8,11.820,217.48,88.74,171.2,30
2,0.8,11.844,217.50,88.75,173.2,30
2,0.8,11.868,217.50,88.76,172.8,30
2,0.8,11.892,217.50,88.77,170.8,30
2,0.8,11.917,217.49,88.76,172.4,30
2,0.8,11.941,217.51,88.78,171.5,30
2,0.8,11.965,217.49,88.75,171.0,30
2,0.8,11.989,217.53,88.74,173.3,30
2,0.8,12.014,217.50,88.76,168.8,30
3,0.85,0.025,217.47,88.77,175.4,30
3,0.85,0.049,217.47,88.78,175.4,30
3,0.85,0.074,217.48,88.79,176.3,30
3,0.85,0.098,217.48,88.76,174.9,30
3,0.85,0.122,217.48,88.80,177.3,30
3,0.85,0.146,217.45,88.79,175.0,30
3,0.85,0.171,217.47,88.77,173.9,30
3,0.85,0.196,217.50,88.78,175.8,30
3,0.85,0.220,217.48,88.77,176.4,30
3,0.85,0.245,217.47,88.80,176.1,30
3,0.85,0.269,217.47,88.78,175.4,30
3,0.85,0.293,217.49,88.78,176.0,30
3,0.85,0.318,217.49,88.78,176.3,30
3,0.85,0.342,217.47,88.78,174.4,30
3,0.85,0.366,217.50,88.80,175.6,30
3,0.85,0.391,217.49,88.80,175.7,30
3,0.85,0.415,217.47,88.77,174.4,30
3,0.85,0.439,217.47,88.80,175.5,30
3,0.85,0.464,217.49,88.79,176.3,30
3,0.85,0.488,217.46,88.79,174.8,30
3,0.85,0.515,217.46,88.80,176.7,30
3,0.85,0.539,217.44,88.82,175.1,30
3,0.85,0.563,217.49,88.77,176.5,30
3,0.85,0.587,217.45,88.80,177.5,30
3,0.85,0.611,217.46,88.81,177.1,30
3,0.85,0.636,217.47,88.76,175.3,30
3,0.85,0.661,217.44,88.79,176.9,30
3,0.85,0.685,217.42,88.78,176.9,30
3,0.85,0.710,217.38,88.78,181.6,30
3,0.85,0.734,217.43,88.77,180.6,30
3,0.85,0.758,217.43,88.78,178.5,30
3,0.85,0.782,217.46,88.79,179.9,30
3,0.85,0.806,217.44,88.80,178.3,30
3,0.85,0.830,217.42,88.79,179.4,30
3,0.85,0.855,217.44,88.79,179.4,30
3,0.85,0.879,217.45,88.79,178.9,30
3,0.85,0.903,217.47,88.79,180.6,30
3,0.85,0.927,217.41,88.79,179.6,30
3,0.85,0.952,217.42,88.80,180.8,30
3,0.85,0.976,217.43,88.80,179.5,30
3,0.85,1.001,217.42,88.79,176.4,30
3,0.85,1.025,217.45,88.80,182.8,30
3,0.85,1.050,217.48,88.80,182.8,30
3,0.85,1.074,217.43,88.78,193.7,30
3,0.85,1.098,217.46,88.81,176.3,30
3,0.85,1.122,217.48,88.79,193.4,30
3,0.85,1.146,217.45,88.79,171.6,30
3,0.85,1.170,217.51,88.78,175.2,30
3,0.85,1.195,217.51,88.77,187.0,30
3,0.85,1.220,217.42,88.80,173.7,30
3,0.85,1.244,217.41,88.80,197.4,30
3,0.85,1.268,217.48,88.76,175.0,30
3,0.85,1.293,217.48,88.76,196.2,30
3,0.85,1.317,217.52,88.78,186.7,30
3,0.85,1.341,217.41,88.79,188.8,30
3,0.85,1.365,217.51,88.76,172.6,30
3,0.85,1.389,217.48,88.78,172.6,30
3,0.85,1.413,217.46,88.83,196.3,30
3,0.85,1.437,217.44,88.77,174.1,30
3,0.85,1.462,217.43,88.78,172.3,30
3,0.85,1.486,217.49,88.80,197.3,30
3,0.85,1.513,217.49,88.81,188.3,30
3,0.85,1.538,217.44,88.78,172.8,30
3,0.85,1.562,217.44,88.78,172.5,30
3,0.85,1.586,217.48,88.82,172.3,30
3,0.85,1.610,217.50,88.80,172.8,30
3,0.85,1.634,217.49,88.81,171.0,30
3,0.85,1.658,217.49,88.77,196.9,30
3,0.85,1.684,217.50,88.77,172.4,30
3,0.85,1.708,217.48,88.80,173.0,30
3,0.85,1.732,217.47,88.80,171.8,30
3,0.85,1.756,217.48,88.83,172.9,30
3,0.85,1.781,217.49,88.77,171.8,30
3,0.85,1.805,217.46,88.77,172.0,30
3,0.85,1.829,217.45,88.79,171.2,30
3,0.85,1.853,217.47,88.81,170.8,30
3,0.85,1.878,217.50,88.80,196.1,30
3,0.85,1.903,217.49,88.79,171.8,30
3,0.85,1.927,217.51,88.81,171.6,30
3,0.85,1.952,217.47,88.80,172.9,30
3,0.85,1.977,217.47,88.80,172.4,30
3,0.85,2.001,217.46,88.78,197.4,30
3,0.85,2.025,217.50,88.76,171.1,30
3,0.85,2.050,217.51,88.80,172.4,30
3,0.85,2.075,217.50,88.78,171.7,30
3,0.85,2.099,217.46,88.77,171.8,30
3,0.85,2.123,217.49,88.77,171.7,30
3,0.85,2.147,217.44,88.80,171.9,30
3,0.85,2.172,217.47,88.78,170.1,30
3,0.85,2.196,217.45,88.79,171.8,30
3,0.85,2.220,217.45,88.74,170.8,30
3,0.85,2.244,217.41,88.74,171.7,30
3,0.85,2.269,217.38,88.73,173.7,30
3,0.85,2.293,217.42,88.76,171.0,30
3,0.85,2.318,217.39,88.73,171.6,30
3,0.85,2.343,217.46,88.76,172.5,30
3,0.85,2.367,217.43,88.75,172.6,30
3,0.85,2.392,217.41,88.77,171.9,30
3,0.85,2.416,217.41,88.73,171.6,30
3,0.85,2.440,217.45,88.76,171.3,30
3,0.85,2.464,217.41,88.76,172.3,30
3,0.85,2.488,217.40,88.74,172.0,30
3,0.85,2.515,217.40,88.78,172.4,30
3,0.85,2.540,217.43,88.76,172.4,30
3,0.85,2.564,217.43,88.75,174.2,30
3,0.85,2.588,217.41,88.74,171.1,30
3,0.85,2.612,217.42,88.75,171.1,30
3,0.85,2.637,217.42,88.75,171.8,30
3,0.85,2.661,217.42,88.77,171.3,30
3,0.85,2.685,217.43,88.78,171.7,30
3,0.85,2.709,217.45,88.77,171.8,30
3,0.85,2.733,217.44,88.74,201.1,30
3,0.85,2.758,217.39,88.78,172.2,30
3,0.85,2.782,217.44,88.77,171.8,30
3,0.85,2.806,217.42,88.74,171.9,30
3,0.85,2.830,217.40,88.77,172.4,30
3,0.85,2.854,217.43,88.76,171.7,30
3,0.85,2.879,217.41,88.75,174.3,30
3,0.85,2.904,217.44,88.76,172.7,30
3,0.85,2.928,217.44,88.75,171.0,30
3,0.85,2.952,217.44,88.76,172.8,30
3,0.85,2.976,217.42,88.74,172.4,30
3,0.85,3.000,217.39,88.76,172.9,30
3,0.85,3.024,217.39,88.76,171.7,30
3,0.85,3.049,217.43,88.73,171.6,30
3,0.85,3.073,217.42,88.77,173.4,30
3,0.85,3.098,217.40,88.75,173.2,30
3,0.85,3.122,217.41,88.73,198.6,30
3,0.85,3.146,217.42,88.73,199.8,30
3,0.85,3.170,217.43,88.74,171.1,30
3,0.85,3.195,217.42,88.72,198.4,30
3,0.85,3.219,217.43,88.73,170.4,30
3,0.85,3.243,217.44,88.75,171.7,30
3,0.85,3.268,217.42,88.75,173.0,30
3,0.85,3.292,217.40,88.74,173.3,30
3,0.85,3.316,217.43,88.75,171.9,30
3,0.85,3.340,217.44,88.76,170.2,30
3,0.85,3.364,217.42,88.76,174.7,30
3,0.85,3.389,217.43,88.79,173.1,30
3,0.85,3.413,217.40,88.76,173.2,30
3,0.85,3.438,217.41,88.78,171.3,30
3,0.85,3.463,217.42,88.73,172.8,30
3,0.85,3.487,217.42,88.75,171.8,30
3,0.85,3.513,217.42,88.75,171.6,30
3,0.85,3.537,217.43,88.77,171.2,30
3,0.85,3.561,217.44,88.75,172.7,30
3,0.85,3.585,217.40,88.74,174.0,30
3,0.85,3.610,217.46,88.71,171.6,30
3,0.85,3.634,217.43,88.75,173.0,30
3,0.85,3.658,217.41,88.74,172.2,30
3,0.85,3.682,217.44,88.78,200.1,30
3,0.85,3.707,217.43,88.76,172.9,30
3,0.85,3.731,217.39,88.74,171.9,30
3,0.85,3.755,217.45,88.75,172.3,30
3,0.85,3.781,217.46,88.76,171.8,30
3,0.85,3.805,217.37,88.72,199.2,30
3,0.85,3.829,217.40,88.75,203.0,30
3,0.85,3.853,217.40,88.76,171.5,30
3,0.85,3.877,217.40,88.73,173.7,30
3,0.85,3.901,217.43,88.77,197.4,30
3,0.85,3.926,217.42,88.76,172.1,30
3,0.85,3.950,217.42,88.73,172.1,30
3,0.85,3.974,217.41,88.73,172.8,30
3,0.85,3.998,217.40,88.76,172.7,30
3,0.85,4.022,217.47,88.75,172.6,30
3,0.85,4.046,217.41,88.75,199.2,30
3,0.85,4.071,217.41,88.75,172.7,30
3,0.85,4.095,217.42,88.76,172.4,30
3,0.85,4.119,217.40,88.73,173.1,30
3,0.85,4.143,217.41,88.76,173.5,30
3,0.85,4.167,217.44,88.76,172.5,30
3,0.85,4.191,217.40,88.74,171.7,30
3,0.85,4.217,217.42,88.74,173.7,30
3,0.85,4.241,217.44,88.76,173.8,30
3,0.85,4.265,217.41,88.73,171.6,30
3,0.85,4.289,217.45,88.73,172.4,30
3,0.85,4.314,217.40,88.75,173.0,30
3,0.85,4.338,217.43,88.76,174.2,30
3,0.85,4.362,217.43,88.74,200.0,30
3,0.85,4.387,217.41,88.76,172.1,30
3,0.85,4.411,217.43,88.73,173.1,30
3,0.85,4.435,217.40,88.73,172.7,30
3,0.85,4.459,217.40,88.76,172.6,30
3,0.85,4.483,217.44,88.77,171.8,30
3,0.85,4.510,217.43,88.75,173.7,30
3,0.85,4.537,217.43,88.76,173.7,30
3,0.85,4.562,217.41,88.76,172.9,30
3,0.85,4.586,217.44,88.75,173.2,30
3,0.85,4.610,217.43,88.74,173.3,30
3,0.85,4.634,217.41,88.76,173.5,30
3,0.85,4.658,217.39,88.76,171.1,30
3,0.85,4.683,217.44,88.74,173.8,30
3,0.85,4.707,217.41,88.75,170.9,30
3,0.85,4.731,217.43,88.77,171.8,30
3,0.85,4.756,217.43,88.76,171.9,30
3,0.85,4.780,217.41,88.72,173.7,30
3,0.85,4.804,217.40,88.73,200.5,30
3,0.85,4.828,217.40,88.76,201.0,30
3,0.85,4.852,217.42,88.75,171.8,30
3,0.85,4.876,217.44,88.75,172.5,30
3,0.85,4.901,217.43,88.76,173.1,30
3,0.85,4.925,217.40,88.71,173.8,30
3,0.85,4.950,217.40,88.76,173.2,30
3,0.85,4.974,217.41,88.77,169.4,30
3,0.85,4.998,217.38,88.74,173.2,30
3,0.85,5.022,217.42,88.74,172.4,30
3,0.85,5.047,217.43,88.77,173.8,30
3,0.85,5.071,217.41,88.75,172.9,30
3,0.85,5.095,217.42,88.74,173.9,30
3,0.85,5.120,217.41,88.75,170.1,30
3,0.85,5.144,217.41,88.78,173.6,30
3,0.85,5.168,217.39,88.76,200.1,30
3,0.85,5.193,217.40,88.73,199.8,30
3,0.85,5.217,217.43,88.77,173.2,30
3,0.85,5.241,217.41,88.71,201.5,30
3,0.85,5.265,217.43,88.75,173.6,30
3,0.85,5.290,217.41,88.76,171.9,30
3,0.85,5.313,217.41,88.75,171.7,30
3,0.85,5.338,217.39,88.74,172.0,30
3,0.85,5.362,217.45,88.77,172.8,30
3,0.85,5.386,217.40,88.75,172.2,30
3,0.85,5.410,217.42,88.75,169.2,30
3,0.85,5.435,217.41,88.74,174.4,30
3,0.85,5.459,217.42,88.77,173.2,30
3,0.85,5.484,217.44,88.75,184.3,30
3,0.85,5.510,217.40,88.74,172.1,30
3,0.85,5.534,217.41,88.75,173.9,30
3,0.85,5.558,217.39,88.76,172.3,30
3,0.85,5.582,217.45,88.74,174.1,30
3,0.85,5.607,217.42,88.75,173.1,30
3,0.85,5.631,217.43,88.76,173.0,30
3,0.85,5.655,217.44,88.75,172.4,30
3,0.85,5.680,217.43,88.74,171.1,30
3,0.85,5.704,217.41,88.78,200.7,30
3,0.85,5.728,217.43,88.72,171.6,30
3,0.85,5.752,217.41,88.74,172.0,30
3,0.85,5.776,217.41,88.75,172.1,30
3,0.85,5.801,217.40,88.75,173.0,30
3,0.85,5.825,217.40,88.77,171.3,30
3,0.85,5.849,217.41,88.75,173.4,30
3,0.85,5.873,217.44,88.73,171.6,30
3,0.85,5.897,217.42,88.76,195.0,30
3,0.85,5.922,217.43,88.73,170.4,30
3,0.85,5.946,217.42,88.76,173.3,30
3,0.85,5.970,217.41,88.76,172.8,30
3,0.85,5.994,217.42,88.78,170.0,30
3,0.85,6.019,217.44,88.76,173.6,30
3,0.85,6.043,217.45,88.74,171.6,30
3,0.85,6.067,217.45,88.76,172.0,30
3,0.85,6.091,217.43,88.75,170.7,30
3,0.85,6.116,217.42,88.74,169.3,30
3,0.85,6.140,217.43,88.76,172.4,30
3,0.85,6.164,217.41,88.76,172.4,30
3,0.85,6.188,217.43,88.73,173.2,30
3,0.85,6.212,217.44,88.76,172.2,30
3,0.85,6.236,217.41,88.75,172.4,30
3,0.85,6.261,217.45,88.77,172.7,30
3,0.85,6.285,217.45,88.76,171.9,30
3,0.85,6.309,217.43,88.74,171.9,30
3,0.85,6.333,217.41,88.78,173.3,30
3,0.85,6.357,217.43,88.77,171.8,30
3,0.85,6.381,217.46,88.76,172.1,30
3,0.85,6.406,217.43,88.74,172.2,30
3,0.85,6.430,217.43,88.76,173.3,30
3,0.85,6.455,217.45,88.76,171.0,30
3,0.85,6.478,217.43,88.75,172.6,30
3,0.85,6.504,217.44,88.76,168.9,30
3,0.85,6.528,217.47,88.77,172.0,30
3,0.85,6.553,217.43,88.75,172.7,30
3,0.85,6.577,217.39,88.75,173.3,30
3,0.85,6.601,217.42,88.75,169.6,30
3,0.85,6.625,217.43,88.76,173.4,30
3,0.85,6.649,217.43,88.78,173.0,30
3,0.85,6.674,217.41,88.77,172.8,30
3,0.85,6.698,217.43,88.75,172.5,30
3,0.85,6.722,217.45,88.75,173.1,30
3,0.85,6.746,217.43,88.74,170.8,30
3,0.85,6.770,217.40,88.73,172.1,30
3,0.85,6.795,217.44,88.77,171.9,30
3,0.85,6.820,217.44,88.77,202.5,30
3,0.85,6.844,217.40,88.78,172.4,30
3,0.85,6.868,217.45,88.76,172.7,30
3,0.85,6.892,217.45,88.70,171.6,30
3,0.85,6.916,217.44,88.75,172.5,30
3,0.85,6.941,217.45,88.77,170.9,30
3,0.85,6.965,217.42,88.78,170.5,30
3,0.85,6.990,217.42,88.76,181.6,30
3,0.85,7.014,217.45,88.79,183.6,30
3,0.85,7.038,217.44,88.75,175.2,30
3,0.85,7.062,217.46,88.74,170.8,30
3,0.85,7.087,217.44,88.75,189.1,30
3,0.85,7.110,217.48,88.78,175.3,30
3,0.85,7.136,217.41,88.76,171.4,30
3,0.85,7.160,217.45,88.78,170.9,30
3,0.85,7.184,217.47,88.77,171.6,30
3,0.85,7.209,217.47,88.76,171.0,30
3,0.85,7.233,217.48,88.76,172.2,30
3,0.85,7.257,217.45,88.76,170.9,30
3,0.85,7.281,217.48,88.76,171.6,30
3,0.85,7.305,217.46,88.75,170.4,30
3,0.85,7.329,217.46,88.76,169.6,30
3,0.85,7.354,217.46,88.74,171.7,30
3,0.85,7.378,217.44,88.78,172.3,30
3,0.85,7.402,217.47,88.74,172.6,30
3,0.85,7.426,217.47,88.78,193.7,30
3,0.85,7.450,217.46,88.75,172.0,30
3,0.85,7.476,217.47,88.75,192.6,30
3,0.85,7.501,217.42,88.74,193.8,30
3,0.85,7.525,217.48,88.76,197.1,30
3,0.85,7.549,217.45,88.76,,30
3,0.85,7.574,217.44,88.76,174.9,30
3,0.85,7.598,217.43,88.74,,30
3,0.85,7.622,217.44,88.74,170.7,30
3,0.85,7.646,217.43,88.78,179.5,30
3,0.85,7.670,217.44,88.73,,30
3,0.85,7.696,217.47,88.75,172.2,30
3,0.85,7.720,217.46,88.81,,30
3,0.85,7.744,217.44,88.74,171.4,30
3,0.85,7.768,217.44,88.77,172.0,30
3,0.85,7.793,217.46,88.75,172.0,30
3,0.85,7.817,217.42,88.76,172.2,30
3,0.85,7.841,217.44,88.75,171.4,30
3,0.85,7.865,217.45,88.75,170.9,30
3,0.85,7.890,217.45,88.73,174.2,30
3,0.85,7.914,217.43,88.76,171.9,30
3,0.85,7.939,217.46,88.73,172.4,30
3,0.85,7.963,217.45,88.75,172.6,30
3,0.85,7.987,217.44,88.74,172.4,30
3,0.85,8.011,217.45,88.72,171.4,30
3,0.85,8.036,217.45,88.73,172.5,30
3,0.85,8.061,217.43,88.76,172.6,30
3,0.85,8.085,217.45,88.77,183.1,30
3,0.85,8.109,217.46,88.74,171.0,30
3,0.85,8.133,217.44,88.73,171.6,30
3,0.85,8.157,217.43,88.78,171.8,30
3,0.85,8.181,217.44,88.76,173.4,30
3,0.85,8.205,217.43,88.76,172.4,30
3,0.85,8.229,217.45,88.77,170.6,30
3,0.85,8.253,217.44,88.75,183.9,30
3,0.85,8.277,217.47,88.75,173.3,30
3,0.85,8.302,217.44,88.76,174.3,30
3,0.85,8.325,217.46,88.77,,30
3,0.85,8.350,217.42,88.76,171.0,30
3,0.85,8.375,217.40,88.75,170.8,30
3,0.85,8.399,217.44,88.77,171.7,30
3,0.85,8.423,217.45,88.80,172.7,30
3,0.85,8.447,217.46,88.73,170.4,30
3,0.85,8.472,217.45,88.78,171.7,30
3,0.85,8.496,217.45,88.76,171.6,30
3,0.85,8.520,217.41,88.76,172.5,30
3,0.85,8.544,217.47,88.75,171.3,30
3,0.85,8.568,217.44,88.74,172.6,30
3,0.85,8.593,217.43,88.76,182.7,30
3,0.85,8.617,217.47,88.82,177.2,30
3,0.85,8.643,217.45,88.79,200.1,30
3,0.85,8.669,217.43,88.76,175.0,30
3,0.85,8.695,217.42,88.77,181.8,30
3,0.85,8.719,217.44,88.81,176.1,30
3,0.85,8.744,217.43,88.80,177.3,30
3,0.85,8.768,217.42,88.80,176.9,30
3,0.85,8.792,217.64,88.84,175.6,30
3,0.85,8.816,217.40,88.80,175.5,30
3,0.85,8.840,217.38,88.78,177.4,30
3,0.85,8.865,217.42,88.77,176.6,30
3,0.85,8.889,217.41,88.81,174.8,30
3,0.85,8.913,217.43,88.81,176.4,30
3,0.85,8.937,217.43,88.79,175.5,30
3,0.85,8.961,217.43,88.80,180.9,30
3,0.85,8.986,217.43,88.80,179.3,30
3,0.85,9.010,217.42,88.81,181.1,30
3,0.85,9.035,217.42,88.80,172.3,30
3,0.85,9.059,217.41,88.77,180.9,30
3,0.85,9.083,217.42,88.78,171.0,30
3,0.85,9.107,217.43,88.80,172.5,30
3,0.85,9.132,217.43,88.79,177.5,30
3,0.85,9.156,217.44,88.80,177.1,30
3,0.85,9.180,217.42,88.80,175.6,30
3,0.85,9.204,217.41,88.81,170.2,30
3,0.85,9.228,217.44,88.78,171.5,30
3,0.85,9.253,217.44,88.77,172.4,30
3,0.85,9.277,217.41,88.78,172.3,30
3,0.85,9.301,217.43,88.79,,30
3,0.85,9.325,217.44,88.80,,30
3,0.85,9.349,217.42,88.83,,30
3,0.85,9.375,217.41,88.81,170.9,30
3,0.85,9.399,217.42,88.81,171.8,30
3,0.85,9.423,217.40,88.81,173.2,30
3,0.85,9.447,217.46,88.79,,30
3,0.85,9.471,217.43,88.78,173.6,30
3,0.85,9.496,217.43,88.77,176.6,30
3,0.85,9.520,217.43,88.80,,30
3,0.85,9.544,217.44,88.78,183.7,30
3,0.85,9.569,217.42,88.78,176.8,30
3,0.85,9.593,217.43,88.77,,30
3,0.85,9.617,217.42,88.79,173.3,30
3,0.85,9.642,217.40,88.78,,30
3,0.85,9.666,217.39,88.76,171.8,30
3,0.85,9.690,217.41,88.78,,30
3,0.85,9.715,217.42,88.79,,30
3,0.85,9.739,217.41,88.79,172.3,30
3,0.85,9.763,217.41,88.79,171.7,30
3,0.85,9.787,217.44,88.80,,30
3,0.85,9.811,217.42,88.80,170.3,30
3,0.85,9.836,217.43,88.79,,30
3,0.85,9.860,217.43,88.79,,30
3,0.85,9.884,217.45,88.78,,30
3,0.85,9.908,217.43,88.80,174.0,30
3,0.85,9.932,217.43,88.81,,30
3,0.85,9.956,217.42,88.77,173.2,30
3,0.85,9.981,217.44,88.75,201.0,30
3,0.85,10.005,217.41,88.78,172.6,30
3,0.85,10.029,217.43,88.77,,30
3,0.85,10.057,217.41,88.80,170.6,30
3,0.85,10.087,217.41,88.81,172.5,30
3,0.85,10.115,217.43,88.81,,30
3,0.85,10.142,217.43,88.79,,30
3,0.85,10.168,217.40,88.79,172.5,30
3,0.85,10.193,217.42,88.78,172.6,30
3,0.85,10.217,217.40,88.80,,30
3,0.85,10.241,217.41,88.78,171.3,30
3,0.85,10.266,217.43,88.75,172.5,30
3,0.85,10.290,217.41,88.77,173.2,30
3,0.85,10.315,217.41,88.78,,30
3,0.85,10.339,217.42,88.78,172.2,30
3,0.85,10.363,217.42,88.79,,30
3,0.85,10.388,217.42,88.81,171.7,30
3,0.85,10.412,217.43,88.78,,30
3,0.85,10.437,217.43,88.80,172.2,30
3,0.85,10.461,217.41,88.80,170.9,30
3,0.85,10.485,217.41,88.80,171.4,30
3,0.85,10.512,217.41,88.79,201.6,30
3,0.85,10.537,217.39,88.79,170.6,30
3,0.85,10.561,217.44,88.80,172.0,30
3,0.85,10.586,217.45,88.79,172.6,30
3,0.85,10.611,217.41,88.82,200.3,30
3,0.85,10.635,217.44,88.78,172.2,30
3,0.85,10.660,217.44,88.76,171.7,30
3,0.85,10.684,217.44,88.79,173.8,30
3,0.85,10.708,217.40,88.80,170.7,30
3,0.85,10.732,217.43,88.80,171.3,30
3,0.85,10.757,217.42,88.78,,30
3,0.85,10.782,217.43,88.77,172.0,30
3,0.85,10.806,217.42,88.81,171.3,30
3,0.85,10.831,217.44,88.78,171.8,30
3,0.85,10.855,217.43,88.80,172.3,30
3,0.85,10.879,217.44,88.75,172.2,30
3,0.85,10.904,217.41,88.81,171.0,30
3,0.85,10.928,217.41,88.78,,30
3,0.85,10.952,217.42,88.75,172.1,30
3,0.85,10.976,217.43,88.77,172.1,30
3,0.85,11.001,217.42,88.77,,30
3,0.85,11.025,217.43,88.78,201.3,30
3,0.85,11.049,217.43,88.79,172.9,30
3,0.85,11.073,217.44,88.79,171.1,30
3,0.85,11.097,217.43,88.79,172.0,30
3,0.85,11.122,217.42,88.81,172.6,30
3,0.85,11.146,217.41,88.82,172.9,30
3,0.85,11.171,217.42,88.80,201.6,30
3,0.85,11.195,217.41,88.79,172.9,30
3,0.85,11.219,217.40,88.80,,30
3,0.85,11.243,217.43,88.77,,30
3,0.85,11.268,217.43,88.76,171.6,30
3,0.85,11.292,217.43,88.80,173.0,30
3,0.85,11.317,217.43,88.77,200.9,30
3,0.85,11.341,217.42,88.78,173.2,30
3,0.85,11.365,217.41,88.77,201.9,30
3,0.85,11.390,217.47,88.78,172.3,30
3,0.85,11.416,217.44,88.81,,30
3,0.85,11.440,217.42,88.78,,30
3,0.85,11.464,217.43,88.77,200.0,30
3,0.85,11.489,217.43,88.79,173.0,30
3,0.85,11.515,217.42,88.80,171.2,30
3,0.85,11.539,217.40,88.79,,30
3,0.85,11.564,217.42,88.80,,30
3,0.85,11.588,217.43,88.81,171.4,30
3,0.85,11.612,217.43,88.77,,30
3,0.85,11.636,217.45,88.78,,30
3,0.85,11.661,217.43,88.77,170.7,30
3,0.85,11.685,217.41,88.77,,30
3,0.85,11.709,217.44,88.79,171.2,30
3,0.85,11.734,217.47,88.78,172.5,30
3,0.85,11.758,217.43,88.76,171.8,30
3,0.85,11.782,217.41,88.78,,30
3,0.85,11.806,217.39,88.76,171.2,30
3,0.85,11.832,217.41,88.81,173.3,30
3,0.85,11.856,217.41,88.78,,30
3,0.85,11.880,217.43,88.81,171.6,30
3,0.85,11.904,217.43,88.81,171.0,30
3,0.85,11.928,217.41,88.78,171.4,30
3,0.85,11.952,217.41,88.79,172.6,30
3,0.85,11.976,217.42,88.77,,30
3,0.85,12.001,217.46,88.78,171.8,30
4,0.75,0.025,217.51,88.75,183.3,30
4,0.75,0.050,217.51,88.76,179.7,30
4,0.75,0.075,217.48,88.77,179.4,30
4,0.75,0.100,217.47,88.76,182.7,30
4,0.75,0.125,217.50,88.77,180.6,30
4,0.75,0.149,217.50,88.77,179.0,30
4,0.75,0.175,217.53,88.77,180.7,30
4,0.75,0.200,217.49,88.77,182.2,30
4,0.75,0.225,217.49,88.75,181.8,30
4,0.75,0.249,217.49,88.77,181.3,30
4,0.75,0.274,217.51,88.75,182.4,30
4,0.75,0.299,217.47,88.75,181.2,30
4,0.75,0.325,217.47,88.77,179.7,30
4,0.75,0.349,217.48,88.77,182.2,30
4,0.75,0.374,217.47,88.75,179.6,30
4,0.75,0.399,217.47,88.77,182.7,30
4,0.75,0.424,217.49,88.74,181.0,30
4,0.75,0.449,217.50,88.76,182.6,30
4,0.75,0.474,217.51,88.74,181.2,30
4,0.75,0.499,217.51,88.76,182.0,30
4,0.75,0.523,217.46,88.76,182.7,30
4,0.75,0.548,217.49,88.74,179.1,30
4,0.75,0.572,217.51,88.76,181.5,30
4,0.75,0.597,217.47,88.76,184.7,30
4,0.75,0.622,217.53,88.75,181.5,30
4,0.75,0.647,217.48,88.75,182.0,30
4,0.75,0.672,217.52,88.76,182.4,30
4,0.75,0.697,217.48,88.76,182.0,30
4,0.75,0.721,217.47,88.76,177.7,30
4,0.75,0.747,217.48,88.76,181.4,30
4,0.75,0.772,217.52,88.78,179.2,30
4,0.75,0.797,217.48,88.74,181.3,30
4,0.75,0.821,217.51,88.77,180.6,30
4,0.75,0.846,217.51,88.74,181.2,30
4,0.75,0.871,217.51,88.76,183.8,30
4,0.75,0.896,217.50,88.75,182.5,30
4,0.75,0.922,217.50,88.78,180.3,30
4,0.75,0.946,217.48,88.77,180.6,30
4,0.75,0.972,217.49,88.75,181.4,30
4,0.75,0.997,217.46,88.77,180.8,30
4,0.75,1.021,217.47,88.77,182.2,30
4,0.75,1.047,217.49,88.76,178.6,30
4,0.75,1.071,217.47,88.77,179.5,30
4,0.75,1.096,217.49,88.77,181.1,30
4,0.75,1.121,217.47,88.79,180.9,30
4,0.75,1.146,217.46,88.78,179.9,30
4,0.75,1.173,217.50,88.78,180.1,30
4,0.75,1.198,217.46,88.79,180.4,30
4,0.75,1.224,217.48,88.77,181.7,30
4,0.75,1.248,217.46,88.77,179.2,30
4,0.75,1.273,217.46,88.81,178.9,30
4,0.75,1.298,217.48,88.78,181.0,30
4,0.75,1.323,217.47,88.80,179.9,30
4,0.75,1.347,217.47,88.78,181.3,30
4,0.75,1.372,217.45,88.81,177.6,30
4,0.75,1.396,217.49,88.78,179.5,30
4,0.75,1.422,217.50,88.79,173.6,30
4,0.75,1.447,217.50,88.78,181.5,30
4,0.75,1.471,217.49,88.79,171.8,30
4,0.75,1.496,217.48,88.79,174.2,30
4,0.75,1.520,217.46,88.81,171.5,30
4,0.75,1.545,217.43,88.82,195.4,30
4,0.75,1.570,217.45,88.83,172.5,30
4,0.75,1.595,217.42,88.80,195.1,30
4,0.75,1.619,217.44,88.81,193.5,30
4,0.75,1.645,217.45,88.80,168.8,30
4,0.75,1.670,217.46,88.80,172.6,30
4,0.75,1.694,217.39,88.83,171.9,30
4,0.75,1.719,217.42,88.81,171.4,30
4,0.75,1.744,217.47,88.78,196.2,30
4,0.75,1.769,217.47,88.82,171.9,30
4,0.75,1.794,217.51,88.83,196.4,30
4,0.75,1.819,217.49,88.83,198.0,30
4,0.75,1.843,217.47,88.81,195.6,30
4,0.75,1.868,217.49,88.81,193.3,30
4,0.75,1.893,217.44,88.81,194.8,30
4,0.75,1.918,217.46,88.82,171.0,30
4,0.75,1.943,217.48,88.80,195.6,30
4,0.75,1.967,217.45,88.81,196.1,30
4,0.75,1.992,217.49,88.82,172.3,30
4,0.75,2.017,217.48,88.82,172.2,30
4,0.75,2.042,217.44,88.80,173.0,30
4,0.75,2.067,217.49,88.82,173.2,30
4,0.75,2.092,217.43,88.82,172.1,30
4,0.75,2.117,217.44,88.79,171.7,30
4,0.75,2.141,217.47,88.79,171.8,30
4,0.75,2.168,217.49,88.81,196.1,30
4,0.75,2.193,217.47,88.81,197.4,30
4,0.75,2.222,217.49,88.80,199.2,30
4,0.75,2.249,217.46,88.81,196.2,30
4,0.75,2.273,217.46,88.82,195.5,30
4,0.75,2.298,217.45,88.80,196.2,30
4,0.75,2.324,217.48,88.78,196.5,30
4,0.75,2.349,217.44,88.83,197.9,30
4,0.75,2.373,217.44,88.79,195.7,30
4,0.75,2.398,217.47,88.84,196.5,30
4,0.75,2.423,217.48,88.83,171.9,30
4,0.75,2.448,217.42,88.82,198.7,30
4,0.75,2.472,217.42,88.82,196.8,30
4,0.75,2.497,217.47,88.82,198.7,30
4,0.75,2.522,217.43,88.79,199.1,30
4,0.75,2.547,217.48,88.79,199.7,30
4,0.75,2.572,217.47,88.82,200.9,30
4,0.75,2.597,217.45,88.79,174.1,30
4,0.75,2.622,217.42,88.82,175.4,30
4,0.75,2.647,217.49,88.82,173.5,30
4,0.75,2.671,217.47,88.80,171.9,30
4,0.75,2.697,217.43,88.82,183.1,30
4,0.75,2.721,217.44,88.80,184.2,30
4,0.75,2.747,217.46,88.78,174.8,30
4,0.75,2.772,217.45,88.82,173.1,30
4,0.75,2.797,217.44,88.79,183.3,30
4,0.75,2.822,217.45,88.84,177.1,30
4,0.75,2.846,217.46,88.81,181.3,30
4,0.75,2.872,217.42,88.79,173.8,30
4,0.75,2.896,217.44,88.78,186.0,30
4,0.75,2.921,217.44,88.82,174.9,30
4,0.75,2.946,217.45,88.80,180.8,30
4,0.75,2.971,217.43,88.80,174.6,30
4,0.75,2.995,217.45,88.80,183.1,30
4,0.75,3.020,217.46,88.81,174.0,30
4,0.75,3.045,217.44,88.83,173.1,30
4,0.75,3.070,217.42,88.82,183.4,30
4,0.75,3.095,217.43,88.77,173.3,30
4,0.75,3.120,217.45,88.77,174.4,30
4,0.75,3.145,217.44,88.81,174.3,30
4,0.75,3.174,217.42,88.83,173.2,30
4,0.75,3.199,217.45,88.79,173.2,30
4,0.75,3.224,217.43,88.79,183.1,30
4,0.75,3.248,217.45,88.79,176.6,30
4,0.75,3.273,217.41,88.82,175.1,30
4,0.75,3.297,217.43,88.81,175.1,30
4,0.75,3.323,217.43,88.82,185.0,30
4,0.75,3.348,217.41,88.79,183.2,30
4,0.75,3.373,217.42,88.82,184.7,30
4,0.75,3.397,217.43,88.82,173.3,30
4,0.75,3.422,217.43,88.80,177.9,30
4,0.75,3.447,217.43,88.81,184.2,30
4,0.75,3.472,217.44,88.81,175.5,30
4,0.75,3.497,217.44,88.83,184.7,30
4,0.75,3.522,217.44,88.80,182.6,30
4,0.75,3.547,217.42,88.84,185.8,30
4,0.75,3.571,217.45,88.79,183.6,30
4,0.75,3.596,217.43,88.80,184.7,30
4,0.75,3.621,217.41,88.79,174.5,30
4,0.75,3.646,217.41,88.81,182.6,30
4,0.75,3.671,217.42,88.84,184.4,30
4,0.75,3.696,217.40,88.78,182.3,30
4,0.75,3.721,217.42,88.82,184.4,30
4,0.75,3.746,217.42,88.82,192.6,30
4,0.75,3.770,217.45,88.81,183.5,30
4,0.75,3.795,217.40,88.78,197.1,30
4,0.75,3.820,217.42,88.80,174.0,30
4,0.75,3.845,217.41,88.79,182.5,30
4,0.75,3.870,217.43,88.81,174.2,30
4,0.75,3.896,217.42,88.80,180.2,30
4,0.75,3.922,217.41,88.80,171.8,30
4,0.75,3.947,217.43,88.81,182.7,30
4,0.75,3.971,217.43,88.80,173.6,30
4,0.75,3.996,217.43,88.80,174.5,30
4,0.75,4.021,217.43,88.82,178.3,30
4,0.75,4.047,217.44,88.81,192.1,30
4,0.75,4.071,217.42,88.80,176.7,30
4,0.75,4.096,217.42,88.79,172.3,30
4,0.75,4.121,217.42,88.80,200.6,30
4,0.75,4.146,217.43,88.81,172.3,30
4,0.75,4.172,217.43,88.80,198.3,30
4,0.75,4.197,217.44,88.79,173.6,30
4,0.75,4.222,217.41,88.82,184.6,30
4,0.75,4.247,217.44,88.81,174.7,30
4,0.75,4.272,217.43,88.79,197.7,30
4,0.75,4.297,217.42,88.80,198.4,30
4,0.75,4.322,217.43,88.79,173.8,30
4,0.75,4.347,217.44,88.80,199.7,30
4,0.75,4.371,217.42,88.80,195.7,30
4,0.75,4.397,217.42,88.81,172.0,30
4,0.75,4.421,217.42,88.81,174.5,30
4,0.75,4.446,217.41,88.79,195.5,30
4,0.75,4.471,217.44,88.80,199.1,30
4,0.75,4.496,217.41,88.82,180.7,30
4,0.75,4.521,217.43,88.82,185.6,30
4,0.75,4.546,217.43,88.83,195.8,30
4,0.75,4.570,217.42,88.81,172.0,30
4,0.75,4.595,217.40,88.82,171.6,30
4,0.75,4.620,217.43,88.79,198.0,30
4,0.75,4.645,217.42,88.77,171.1,30
4,0.75,4.670,217.42,88.80,174.0,30
4,0.75,4.695,217.44,88.79,174.7,30
4,0.75,4.720,217.42,88.78,171.1,30
4,0.75,4.745,217.43,88.80,172.6,30
4,0.75,4.770,217.43,88.78,198.9,30
4,0.75,4.794,217.42,88.80,171.1,30
4,0.75,4.819,217.41,88.79,177.1,30
4,0.75,4.844,217.41,88.80,171.1,30
4,0.75,4.869,217.42,88.80,173.4,30
4,0.75,4.893,217.42,88.80,198.2,30
4,0.75,4.918,217.42,88.82,172.1,30
4,0.75,4.943,217.41,88.82,198.9,30
4,0.75,4.968,217.40,88.79,176.1,30
4,0.75,4.993,217.41,88.79,173.0,30
4,0.75,5.018,217.43,88.81,172.1,30
4,0.75,5.043,217.44,88.79,173.9,30
4,0.75,5.068,217.43,88.82,171.5,30
4,0.75,5.093,217.41,88.79,174.4,30
4,0.75,5.119,217.41,88.81,172.1,30
4,0.75,5.144,217.42,88.81,196.2,30
4,0.75,5.174,217.44,88.81,170.3,30
4,0.75,5.200,217.43,88.80,177.9,30
4,0.75,5.225,217.43,88.81,170.9,30
4,0.75,5.250,217.42,88.83,172.4,30
4,0.75,5.275,217.40,88.81,171.5,30
4,0.75,5.300,217.43,88.83,171.6,30
4,0.75,5.325,217.39,88.78,173.0,30
4,0.75,5.351,217.43,88.82,171.1,30
4,0.75,5.376,217.41,88.79,174.0,30
4,0.75,5.400,217.42,88.81,197.4,30
4,0.75,5.426,217.41,88.81,173.5,30
4,0.75,5.450,217.43,88.81,196.6,30
4,0.75,5.475,217.42,88.81,171.1,30
4,0.75,5.500,217.42,88.80,199.9,30
4,0.75,5.525,217.41,88.79,172.5,30
4,0.75,5.550,217.40,88.80,198.7,30
4,0.75,5.576,217.42,88.78,200.5,30
4,0.75,5.600,217.42,88.77,197.5,30
4,0.75,5.625,217.43,88.79,171.5,30
4,0.75,5.650,217.40,88.80,195.5,30
4,0.75,5.675,217.44,88.81,176.6,30
4,0.75,5.700,217.41,88.80,200.5,30
4,0.75,5.725,217.43,88.78,199.2,30
4,0.75,5.750,217.42,88.79,173.3,30
4,0.75,5.775,217.42,88.82,173.0,30
4,0.75,5.800,217.41,88.80,171.1,30
4,0.75,5.825,217.43,88.79,174.9,30
4,0.75,5.850,217.42,88.81,173.6,30
4,0.75,5.875,217.42,88.80,197.9,30
4,0.75,5.900,217.40,88.81,199.7,30
4,0.75,5.925,217.41,88.79,196.9,30
4,0.75,5.950,217.42,88.80,173.9,30
4,0.75,5.975,217.40,88.79,199.1,30
4,0.75,5.999,217.42,88.80,173.1,30
4,0.75,6.024,217.44,88.82,196.3,30
4,0.75,6.050,217.43,88.81,173.0,30
4,0.75,6.075,217.41,88.79,198.0,30
4,0.75,6.100,217.41,88.80,172.8,30
4,0.75,6.126,217.39,88.81,197.5,30
4,0.75,6.150,217.43,88.80,173.2,30
4,0.75,6.176,217.43,88.79,171.4,30
4,0.75,6.201,217.41,88.81,198.9,30
4,0.75,6.226,217.41,88.80,173.6,30
4,0.75,6.250,217.41,88.79,173.1,30
4,0.75,6.275,217.41,88.80,172.5,30
4,0.75,6.300,217.42,88.78,173.1,30
4,0.75,6.325,217.42,88.78,173.2,30
4,0.75,6.350,217.43,88.78,176.3,30
4,0.75,6.379,217.40,88.81,196.7,30
4,0.75,6.409,217.42,88.78,172.2,30
4,0.75,6.435,217.44,88.81,172.3,30
4,0.75,6.459,217.42,88.82,177.3,30
4,0.75,6.485,217.45,88.80,173.9,30
4,0.75,6.510,217.39,88.78,171.4,30
4,0.75,6.534,217.41,88.81,173.9,30
4,0.75,6.559,217.42,88.80,200.9,30
4,0.75,6.584,217.41,88.79,178.4,30
4,0.75,6.609,217.42,88.78,177.6,30
4,0.75,6.634,217.40,88.80,172.5,30
4,0.75,6.659,217.43,88.78,173.2,30
4,0.75,6.684,217.43,88.81,196.2,30
4,0.75,6.709,217.44,88.80,198.9,30
4,0.75,6.734,217.42,88.80,174.6,30
4,0.75,6.758,217.40,88.79,200.5,30
4,0.75,6.783,217.44,88.83,171.1,30
4,0.75,6.809,217.40,88.80,186.0,30
4,0.75,6.834,217.43,88.77,198.5,30
4,0.75,6.858,217.42,88.81,176.4,30
4,0.75,6.883,217.39,88.77,197.3,30
4,0.75,6.909,217.43,88.78,200.0,30
4,0.75,6.933,217.44,88.79,172.5,30
4,0.75,6.958,217.41,88.81,173.1,30
4,0.75,6.983,217.43,88.80,170.6,30
4,0.75,7.008,217.44,88.79,199.5,30
4,0.75,7.033,217.42,88.79,184.1,30
4,0.75,7.058,217.44,88.81,174.6,30
4,0.75,7.083,217.44,88.80,173.6,30
4,0.75,7.108,217.43,88.82,172.9,30
4,0.75,7.134,217.41,88.80,173.5,30
4,0.75,7.159,217.41,88.76,176.2,30
4,0.75,7.185,217.42,88.82,173.3,30
4,0.75,7.210,217.41,88.80,173.0,30
4,0.75,7.235,217.44,88.83,176.8,30
4,0.75,7.259,217.42,88.81,173.5,30
4,0.75,7.284,217.42,88.82,175.9,30
4,0.75,7.309,217.42,88.79,199.7,30
4,0.75,7.334,217.42,88.78,197.3,30
4,0.75,7.360,217.41,88.81,196.1,30
4,0.75,7.385,217.43,88.80,171.2,30
4,0.75,7.410,217.42,88.82,174.3,30
4,0.75,7.435,217.40,88.80,198.8,30
4,0.75,7.460,217.41,88.80,173.4,30
4,0.75,7.485,217.44,88.83,185.3,30
4,0.75,7.510,217.40,88.80,196.6,30
4,0.75,7.535,217.41,88.81,186.3,30
4,0.75,7.560,217.43,88.80,185.8,30
4,0.75,7.585,217.42,88.80,197.1,30
4,0.75,7.610,217.44,88.82,174.0,30
4,0.75,7.635,217.43,88.77,196.1,30
4,0.75,7.660,217.42,88.80,198.8,30
4,0.75,7.685,217.42,88.80,197.1,30
4,0.75,7.710,217.41,88.80,200.2,30
4,0.75,7.735,217.41,88.80,174.4,30
4,0.75,7.760,217.41,88.82,176.5,30
4,0.75,7.785,217.42,88.80,175.6,30
4,0.75,7.811,217.43,88.81,197.8,30
4,0.75,7.836,217.44,88.80,198.0,30
4,0.75,7.861,217.40,88.82,174.1,30
4,0.75,7.885,217.42,88.80,198.8,30
4,0.75,7.910,217.43,88.81,172.5,30
4,0.75,7.935,217.42,88.80,197.7,30
4,0.75,7.960,217.42,88.80,200.1,30
4,0.75,7.985,217.41,88.78,197.7,30
4,0.75,8.010,217.43,88.79,198.2,30
4,0.75,8.036,217.45,88.81,172.9,30
4,0.75,8.061,217.40,88.83,171.5,30
4,0.75,8.086,217.43,88.82,173.3,30
4,0.75,8.111,217.42,88.79,174.0,30
4,0.75,8.137,217.43,88.79,183.9,30
4,0.75,8.163,217.42,88.79,199.2,30
4,0.75,8.188,217.40,88.80,173.8,30
4,0.75,8.213,217.45,88.81,172.9,30
4,0.75,8.238,217.42,88.79,175.7,30
4,0.75,8.264,217.43,88.81,198.7,30
4,0.75,8.289,217.43,88.81,177.3,30
4,0.75,8.314,217.41,88.79,171.7,30
4,0.75,8.339,217.43,88.81,171.9,30
4,0.75,8.365,217.40,88.82,193.1,30
4,0.75,8.390,217.42,88.81,198.1,30
4,0.75,8.415,217.45,88.80,172.0,30
4,0.75,8.440,217.42,88.79,172.0,30
4,0.75,8.465,217.43,88.80,172.3,30
4,0.75,8.490,217.43,88.78,177.7,30
4,0.75,8.515,217.43,88.81,173.5,30
4,0.75,8.540,217.43,88.79,174.1,30
4,0.75,8.565,217.41,88.83,173.1,30
4,0.75,8.590,217.41,88.80,177.9,30
4,0.75,8.615,217.43,88.85,198.6,30
4,0.75,8.640,217.44,88.82,184.3,30
4,0.75,8.665,217.40,88.80,188.1,30
4,0.75,8.690,217.43,88.82,176.1,30
4,0.75,8.715,217.42,88.84,196.0,30
4,0.75,8.740,217.43,88.79,173.6,30
4,0.75,8.765,217.44,88.81,196.8,30
4,0.75,8.790,217.43,88.80,172.7,30
4,0.75,8.816,217.41,88.80,173.2,30
4,0.75,8.841,217.45,88.79,184.0,30
4,0.75,8.866,217.42,88.82,174.3,30
4,0.75,8.891,217.44,88.81,168.6,30
4,0.75,8.917,217.45,88.81,184.7,30
4,0.75,8.941,217.41,88.79,178.8,30
4,0.75,8.966,217.43,88.81,185.8,30
4,0.75,8.991,217.42,88.78,183.9,30
4,0.75,9.016,217.44,88.82,196.2,30
4,0.75,9.042,217.43,88.79,178.1,30
4,0.75,9.067,217.41,88.81,172.4,30
4,0.75,9.092,217.45,88.81,172.3,30
4,0.75,9.117,217.44,88.81,196.8,30
4,0.75,9.141,217.43,88.80,176.6,30
4,0.75,9.171,217.44,88.82,176.4,30
4,0.75,9.196,217.40,88.79,187.1,30
4,0.75,9.221,217.42,88.83,185.8,30
4,0.75,9.246,217.43,88.82,172.5,30
4,0.75,9.271,217.43,88.81,199.3,30
4,0.75,9.296,217.40,88.79,171.3,30
4,0.75,9.321,217.43,88.82,184.7,30
4,0.75,9.346,217.43,88.84,185.1,30
4,0.75,9.371,217.41,88.80,197.0,30
4,0.75,9.396,217.43,88.79,199.3,30
4,0.75,9.421,217.41,88.81,169.0,30
4,0.75,9.446,217.44,88.81,183.0,30
4,0.75,9.471,217.44,88.80,178.1,30
4,0.75,9.497,217.41,88.81,175.1,30
4,0.75,9.521,217.47,88.81,176.2,30
4,0.75,9.546,217.40,88.81,171.8,30
4,0.75,9.571,217.40,88.80,174.2,30
4,0.75,9.596,217.43,88.79,176.4,30
4,0.75,9.621,217.42,88.80,196.9,30
4,0.75,9.646,217.41,88.82,171.2,30
4,0.75,9.672,217.42,88.81,171.1,30
4,0.75,9.697,217.43,88.82,186.5,30
4,0.75,9.722,217.41,88.80,182.8,30
4,0.75,9.747,217.45,88.80,198.7,30
4,0.75,9.772,217.43,88.81,197.0,30
4,0.75,9.797,217.41,88.81,175.3,30
4,0.75,9.821,217.38,88.77,183.6,30
4,0.75,9.846,217.43,88.82,182.8,30
4,0.75,9.871,217.42,88.81,175.8,30
4,0.75,9.896,217.41,88.80,182.2,30
4,0.75,9.921,217.46,88.84,186.3,30
4,0.75,9.946,217.43,88.80,176.2,30
4,0.75,9.971,217.44,88.82,184.1,30
4,0.75,9.996,217.41,88.82,176.2,30
4,0.75,10.021,217.44,88.82,176.8,30
4,0.75,10.047,217.44,88.81,176.1,30
4,0.75,10.071,217.46,88.83,180.0,30
4,0.75,10.097,217.45,88.83,180.8,30
4,0.75,10.122,217.45,88.83,191.8,30
4,0.75,10.147,217.45,88.83,184.7,30
4,0.75,10.173,217.45,88.81,174.6,30
4,0.75,10.198,217.45,88.82,181.6,30
4,0.75,10.222,217.44,88.83,174.4,30
4,0.75,10.247,217.42,88.80,176.2,30
4,0.75,10.272,217.44,88.83,173.5,30
4,0.75,10.297,217.40,88.83,185.4,30
4,0.75,10.322,217.43,88.82,184.6,30
4,0.75,10.347,217.44,88.82,182.6,30
4,0.75,10.372,217.45,88.82,174.0,30
4,0.75,10.396,217.44,88.78,197.5,30
4,0.75,10.421,217.44,88.81,172.9,30
4,0.75,10.446,217.43,88.79,173.7,30
4,0.75,10.471,217.44,88.82,183.8,30
4,0.75,10.496,217.44,88.83,181.0,30
4,0.75,10.521,217.42,88.81,181.6,30
4,0.75,10.546,217.44,88.81,173.7,30
4,0.75,10.571,217.44,88.83,192.6,30
4,0.75,10.596,217.45,88.81,181.8,30
4,0.75,10.621,217.45,88.83,198.3,30
4,0.75,10.646,217.45,88.81,179.4,30
4,0.75,10.671,217.45,88.80,182.8,30
4,0.75,10.696,217.43,88.81,173.7,30
4,0.75,10.721,217.45,88.82,174.1,30
4,0.75,10.746,217.43,88.82,181.7,30
4,0.75,10.771,217.43,88.80,185.3,30
4,0.75,10.796,217.43,88.83,185.6,30
4,0.75,10.821,217.43,88.81,176.0,30
4,0.75,10.845,217.43,88.82,183.6,30
4,0.75,10.870,217.44,88.82,183.1,30
4,0.75,10.895,217.44,88.82,177.0,30
4,0.75,10.920,217.42,88.83,185.3,30
4,0.75,10.945,217.45,88.83,173.5,30
4,0.75,10.970,217.44,88.80,173.3,30
4,0.75,10.995,217.44,88.81,173.4,30
4,0.75,11.020,217.44,88.82,183.0,30
4,0.75,11.045,217.44,88.82,185.9,30
4,0.75,11.069,217.43,88.80,183.3,30
4,0.75,11.094,217.42,88.78,182.3,30
4,0.75,11.119,217.46,88.84,182.9,30
4,0.75,11.144,217.45,88.83,174.8,30
4,0.75,11.170,217.43,88.83,174.4,30
4,0.75,11.195,217.42,88.81,181.1,30
4,0.75,11.220,217.42,88.83,182.1,30
4,0.75,11.245,217.64,88.85,173.3,30
4,0.75,11.270,217.68,88.84,172.9,30
4,0.75,11.294,217.44,88.83,174.8,30
4,0.75,11.319,217.41,88.78,185.5,30
4,0.75,11.345,217.44,88.80,174.3,30
4,0.75,11.369,217.46,88.80,175.2,30
4,0.75,11.395,217.44,88.80,184.6,30
4,0.75,11.420,217.64,88.85,175.1,30
4,0.75,11.445,217.43,88.81,175.9,30
4,0.75,11.470,217.44,88.81,198.0,30
4,0.75,11.495,217.46,88.80,174.7,30
4,0.75,11.520,217.43,88.83,174.1,30
4,0.75,11.545,217.66,88.88,183.6,30
4,0.75,11.569,217.43,88.85,183.2,30
4,0.75,11.594,217.44,88.80,176.5,30
4,0.75,11.620,217.43,88.81,186.2,30
4,0.75,11.646,217.45,88.78,181.5,30
4,0.75,11.670,217.45,88.83,181.2,30
4,0.75,11.695,217.65,88.85,173.1,30
4,0.75,11.721,217.43,88.84,174.3,30
4,0.75,11.746,217.44,88.80,174.4,30
4,0.75,11.771,217.44,88.81,183.1,30
4,0.75,11.796,217.43,88.80,173.3,30
4,0.75,11.821,217.42,88.81,185.2,30
4,0.75,11.846,217.67,88.83,173.3,30
4,0.75,11.871,217.43,88.82,173.0,30
4,0.75,11.896,217.43,88.80,183.4,30
4,0.75,11.922,217.45,88.79,174.0,30
4,0.75,11.947,217.46,88.80,182.6,30
4,0.75,11.972,217.45,88.80,182.4,30
4,0.75,11.996,217.66,88.82,173.9,30
4,0.75,12.022,217.44,88.83,174.0,30
5,0.8,0.025,217.46,88.71,178.0,30
5,0.8,0.050,217.47,88.75,176.9,30
5,0.8,0.075,217.46,88.74,177.0,30
5,0.8,0.100,217.45,88.76,176.4,30
5,0.8,0.126,217.45,88.75,178.1,30
5,0.8,0.150,217.46,88.71,179.9,30
5,0.8,0.175,217.46,88.75,171.7,30
5,0.8,0.200,217.43,88.75,177.9,30
5,0.8,0.225,217.43,88.75,178.6,30
5,0.8,0.250,217.46,88.74,177.4,30
5,0.8,0.275,217.49,88.74,177.9,30
5,0.8,0.300,217.46,88.74,178.1,30
5,0.8,0.325,217.45,88.76,179.0,30
5,0.8,0.349,217.45,88.72,177.9,30
5,0.8,0.374,217.45,88.74,178.3,30
5,0.8,0.399,217.45,88.74,173.3,30
5,0.8,0.424,217.47,88.75,178.8,30
5,0.8,0.449,217.45,88.75,175.0,30
5,0.8,0.474,217.47,88.76,176.4,30
5,0.8,0.500,217.45,88.73,178.2,30
5,0.8,0.525,217.48,88.73,171.9,30
5,0.8,0.550,217.45,88.73,177.1,30
5,0.8,0.575,217.44,88.73,177.2,30
5,0.8,0.600,217.46,88.75,176.5,30
5,0.8,0.625,217.46,88.75,174.3,30
5,0.8,0.650,217.47,88.76,177.2,30
5,0.8,0.675,217.42,88.76,176.7,30
5,0.8,0.699,217.47,88.76,177.9,30
5,0.8,0.724,217.45,88.74,178.2,30
5,0.8,0.749,217.44,88.75,177.8,30
5,0.8,0.774,217.46,88.77,177.5,30
5,0.8,0.798,217.47,88.75,179.9,30
5,0.8,0.823,217.45,88.75,183.8,30
5,0.8,0.848,217.45,88.75,182.2,30
5,0.8,0.873,217.46,88.77,180.7,30
5,0.8,0.898,217.48,88.76,185.2,30
5,0.8,0.923,217.46,88.75,179.6,30
5,0.8,0.948,217.47,88.78,184.4,30
5,0.8,0.973,217.46,88.76,183.0,30
5,0.8,0.998,217.46,88.76,187.8,30
5,0.8,1.023,217.43,88.77,184.0,30
5,0.8,1.048,217.43,88.76,182.6,30
5,0.8,1.073,217.47,88.77,188.6,30
5,0.8,1.099,217.47,88.77,173.3,30
5,0.8,1.124,217.46,88.78,175.3,30
5,0.8,1.149,217.44,88.78,173.3,30
5,0.8,1.174,217.46,88.79,173.8,30
5,0.8,1.199,217.49,88.81,175.3,30
5,0.8,1.223,217.47,88.76,174.3,30
5,0.8,1.248,217.47,88.80,173.9,30
5,0.8,1.273,217.45,88.79,173.5,30
5,0.8,1.298,217.46,88.77,200.3,30
5,0.8,1.323,217.45,88.80,174.5,30
5,0.8,1.348,217.50,88.77,175.0,30
5,0.8,1.373,217.45,88.78,174.6,30
5,0.8,1.398,217.41,88.79,174.0,30
5,0.8,1.423,217.43,88.79,176.1,30
5,0.8,1.448,217.45,88.79,173.8,30
5,0.8,1.473,217.47,88.80,196.4,30
5,0.8,1.499,217.39,88.81,172.8,30
5,0.8,1.523,217.41,88.84,173.0,30
5,0.8,1.548,217.45,88.83,172.1,30
5,0.8,1.573,217.49,88.88,174.0,30
5,0.8,1.597,217.45,88.82,173.8,30
5,0.8,1.622,217.43,88.83,173.8,30
5,0.8,1.646,217.44,88.81,171.8,30
5,0.8,1.671,217.44,88.83,172.9,30
5,0.8,1.695,217.42,88.83,173.7,30
5,0.8,1.720,217.42,88.82,173.3,30
5,0.8,1.745,217.47,88.84,173.5,30
5,0.8,1.770,217.45,88.83,174.0,30
5,0.8,1.795,217.44,88.85,172.9,30
5,0.8,1.820,217.41,88.83,171.8,30
5,0.8,1.845,217.42,88.81,173.4,30
5,0.8,1.870,217.44,88.84,173.0,30
5,0.8,1.895,217.43,88.85,173.3,30
5,0.8,1.919,217.44,88.82,173.3,30
5,0.8,1.944,217.44,88.82,174.0,30
5,0.8,1.969,217.40,88.83,173.5,30
5,0.8,1.994,217.44,88.82,174.5,30
5,0.8,2.019,217.44,88.84,173.9,30
5,0.8,2.044,217.44,88.84,173.6,30
5,0.8,2.069,217.43,88.86,173.4,30
5,0.8,2.094,217.45,88.83,172.9,30
5,0.8,2.119,217.45,88.84,172.7,30
5,0.8,2.144,217.43,88.83,173.0,30
5,0.8,2.169,217.44,88.86,173.4,30
5,0.8,2.194,217.42,88.84,173.2,30
5,0.8,2.219,217.41,88.83,174.6,30
5,0.8,2.244,217.40,88.84,174.3,30
5,0.8,2.269,217.40,88.85,173.0,30
5,0.8,2.293,217.43,88.81,173.4,30
5,0.8,2.319,217.43,88.83,173.3,30
5,0.8,2.344,217.42,88.80,172.9,30
5,0.8,2.369,217.46,88.82,173.4,30
5,0.8,2.394,217.40,88.80,198.0,30
5,0.8,2.418,217.40,88.82,194.5,30
5,0.8,2.443,217.42,88.81,188.8,30
5,0.8,2.468,217.39,88.82,171.2,30
5,0.8,2.493,217.43,88.82,172.3,30
5,0.8,2.518,217.45,88.84,172.8,30
5,0.8,2.544,217.46,88.84,170.8,30
5,0.8,2.569,217.47,88.83,171.8,30
5,0.8,2.594,217.45,88.82,171.8,30
5,0.8,2.619,217.45,88.80,170.2,30
5,0.8,2.644,217.42,88.82,171.9,30
5,0.8,2.669,217.42,88.83,171.3,30
5,0.8,2.695,217.46,88.78,171.7,30
5,0.8,2.721,217.45,88.83,172.4,30
5,0.8,2.745,217.45,88.80,172.1,30
5,0.8,2.770,217.46,88.82,171.8,30
5,0.8,2.795,217.46,88.84,171.5,30
5,0.8,2.820,217.42,88.82,173.6,30
5,0.8,2.845,217.42,88.82,171.0,30
5,0.8,2.870,217.42,88.82,171.7,30
5,0.8,2.894,217.44,88.82,172.6,30
5,0.8,2.920,217.45,88.81,172.3,30
5,0.8,2.945,217.43,88.81,173.0,30
5,0.8,2.970,217.48,88.82,172.0,30
5,0.8,2.995,217.42,88.83,190.9,30
5,0.8,3.020,217.42,88.83,172.2,30
5,0.8,3.044,217.45,88.82,171.3,30
5,0.8,3.069,217.47,88.81,172.1,30
5,0.8,3.094,217.43,88.83,171.2,30
5,0.8,3.119,217.42,88.84,171.5,30
5,0.8,3.145,217.43,88.84,171.8,30
5,0.8,3.170,217.42,88.82,171.7,30
5,0.8,3.195,217.44,88.85,171.6,30
5,0.8,3.220,217.45,88.83,172.2,30
5,0.8,3.244,217.46,88.83,172.7,30
5,0.8,3.269,217.42,88.86,171.7,30
5,0.8,3.293,217.43,88.83,172.5,30
5,0.8,3.318,217.46,88.81,172.7,30
5,0.8,3.343,217.44,88.83,173.2,30
5,0.8,3.368,217.46,88.83,172.8,30
5,0.8,3.393,217.42,88.83,172.1,30
5,0.8,3.418,217.44,88.84,171.2,30
5,0.8,3.443,217.44,88.84,,30
5,0.8,3.468,217.46,88.82,171.7,30
5,0.8,3.492,217.44,88.82,172.7,30
5,0.8,3.517,217.43,88.80,171.8,30
5,0.8,3.543,217.44,88.78,171.6,30
5,0.8,3.567,217.44,88.81,172.3,30
5,0.8,3.592,217.45,88.83,171.2,30
5,0.8,3.617,217.43,88.81,172.4,30
5,0.8,3.641,217.46,88.81,170.9,30
5,0.8,3.667,217.43,88.81,171.9,30
5,0.8,3.692,217.44,88.81,172.3,30
5,0.8,3.716,217.44,88.82,172.0,30
5,0.8,3.741,217.44,88.84,172.8,30
5,0.8,3.765,217.44,88.82,172.5,30
5,0.8,3.790,217.43,88.81,171.8,30
5,0.8,3.815,217.45,88.82,172.7,30
5,0.8,3.840,217.46,88.84,171.2,30
5,0.8,3.865,217.45,88.83,172.3,30
5,0.8,3.890,217.48,88.83,171.7,30
5,0.8,3.915,217.44,88.81,,30
5,0.8,3.940,217.47,88.81,172.5,30
5,0.8,3.965,217.43,88.84,171.7,30
5,0.8,3.989,217.43,88.81,172.0,30
5,0.8,4.014,217.45,88.81,187.8,30
5,0.8,4.039,217.45,88.89,173.0,30
5,0.8,4.063,217.44,88.82,172.1,30
5,0.8,4.088,217.45,88.80,171.9,30
5,0.8,4.113,217.45,88.82,171.4,30
5,0.8,4.138,217.45,88.82,172.3,30
5,0.8,4.163,217.46,88.83,170.0,30
5,0.8,4.188,217.43,88.82,171.9,30
5,0.8,4.213,217.45,88.83,171.7,30
5,0.8,4.237,217.47,88.87,171.8,30
5,0.8,4.263,217.43,88.80,171.2,30
5,0.8,4.289,217.46,88.85,172.1,30
5,0.8,4.314,217.44,88.81,172.9,30
5,0.8,4.339,217.47,88.83,171.3,30
5,0.8,4.364,217.44,88.82,172.0,30
5,0.8,4.389,217.44,88.80,172.8,30
5,0.8,4.414,217.42,88.84,172.1,30
5,0.8,4.439,217.48,88.81,171.6,30
5,0.8,4.464,217.43,88.84,172.4,30
5,0.8,4.489,217.46,88.84,171.9,30
5,0.8,4.514,217.44,88.83,171.2,30
5,0.8,4.541,217.44,88.82,172.8,30
5,0.8,4.565,217.46,88.82,173.1,30
5,0.8,4.590,217.45,88.80,172.7,30
5,0.8,4.615,217.44,88.83,187.8,30
5,0.8,4.639,217.45,88.82,171.5,30
5,0.8,4.664,217.44,88.82,171.6,30
5,0.8,4.689,217.43,88.81,,30
5,0.8,4.714,217.45,88.84,171.2,30
5,0.8,4.739,217.41,88.81,170.6,30
5,0.8,4.764,217.47,88.83,171.5,30
5,0.8,4.789,217.44,88.83,171.5,30
5,0.8,4.814,217.45,88.83,185.1,30
5,0.8,4.838,217.46,88.82,172.2,30
5,0.8,4.863,217.45,88.82,171.8,30
5,0.8,4.888,217.41,88.84,172.0,30
5,0.8,4.913,217.44,88.81,191.3,30
5,0.8,4.939,217.43,88.80,172.3,30
5,0.8,4.964,217.44,88.83,171.7,30
5,0.8,4.989,217.44,88.83,173.0,30
5,0.8,5.014,217.45,88.84,171.7,30
5,0.8,5.039,217.47,88.79,171.9,30
5,0.8,5.064,217.44,88.83,171.9,30
5,0.8,5.089,217.47,88.83,170.4,30
5,0.8,5.114,217.42,88.82,172.3,30
5,0.8,5.139,217.43,88.82,171.4,30
5,0.8,5.164,217.44,88.82,171.6,30
5,0.8,5.189,217.46,88.83,172.1,30
5,0.8,5.214,217.43,88.80,187.0,30
5,0.8,5.239,217.43,88.82,173.3,30
5,0.8,5.264,217.44,88.82,172.0,30
5,0.8,5.289,217.45,88.79,171.9,30
5,0.8,5.314,217.45,88.82,173.9,30
5,0.8,5.338,217.44,88.81,170.7,30
5,0.8,5.364,217.45,88.82,171.8,30
5,0.8,5.389,217.46,88.82,171.1,30
5,0.8,5.414,217.44,88.85,173.0,30
5,0.8,5.440,217.45,88.83,170.7,30
5,0.8,5.464,217.44,88.81,172.1,30
5,0.8,5.489,217.41,88.82,172.5,30
5,0.8,5.513,217.44,88.83,172.3,30
5,0.8,5.541,217.44,88.81,170.5,30
5,0.8,5.565,217.45,88.83,172.1,30
5,0.8,5.590,217.46,88.83,173.7,30
5,0.8,5.617,217.46,88.83,172.1,30
5,0.8,5.642,217.44,88.81,187.3,30
5,0.8,5.667,217.43,88.81,171.9,30
5,0.8,5.692,217.46,88.80,170.8,30
5,0.8,5.717,217.45,88.82,171.9,30
5,0.8,5.742,217.44,88.85,171.7,30
5,0.8,5.766,217.44,88.82,172.8,30
5,0.8,5.791,217.44,88.81,173.5,30
5,0.8,5.816,217.43,88.85,169.8,30
5,0.8,5.842,217.44,88.79,172.1,30
5,0.8,5.867,217.43,88.82,172.1,30
5,0.8,5.892,217.43,88.82,172.5,30
5,0.8,5.916,217.46,88.82,173.2,30
5,0.8,5.941,217.43,88.85,172.2,30
5,0.8,5.967,217.45,88.83,171.8,30
5,0.8,5.991,217.46,88.83,,30
5,0.8,6.016,217.45,88.84,172.1,30
5,0.8,6.041,217.42,88.81,171.1,30
5,0.8,6.066,217.42,88.78,172.7,30
5,0.8,6.092,217.44,88.82,172.0,30
5,0.8,6.117,217.45,88.83,171.9,30
5,0.8,6.141,217.42,88.83,171.6,30
5,0.8,6.166,217.46,88.82,171.9,30
5,0.8,6.191,217.46,88.82,171.6,30
5,0.8,6.216,217.43,88.82,172.6,30
5,0.8,6.241,217.46,88.83,171.0,30
5,0.8,6.266,217.42,88.82,172.6,30
5,0.8,6.292,217.44,88.82,172.6,30
5,0.8,6.316,217.47,88.83,171.8,30
5,0.8,6.341,217.46,88.82,171.1,30
5,0.8,6.366,217.46,88.83,173.2,30
5,0.8,6.391,217.45,88.83,170.8,30
5,0.8,6.416,217.45,88.82,172.4,30
5,0.8,6.441,217.45,88.79,172.1,30
5,0.8,6.466,217.44,88.82,172.0,30
5,0.8,6.491,217.42,88.82,170.1,30
5,0.8,6.515,217.46,88.79,172.1,30
5,0.8,6.542,217.47,88.80,172.1,30
5,0.8,6.567,217.44,88.83,172.9,30
5,0.8,6.592,217.44,88.83,170.6,30
5,0.8,6.618,217.47,88.81,172.7,30
5,0.8,6.643,217.44,88.82,170.7,30
5,0.8,6.668,217.46,88.79,171.4,30
5,0.8,6.693,217.45,88.82,171.0,30
5,0.8,6.718,217.45,88.82,173.1,30
5,0.8,6.743,217.44,88.83,172.0,30
5,0.8,6.768,217.43,88.81,171.6,30
5,0.8,6.793,217.46,88.83,171.8,30
5,0.8,6.817,217.45,88.81,185.9,30
5,0.8,6.844,217.45,88.82,171.7,30
5,0.8,6.869,217.46,88.83,171.9,30
5,0.8,6.894,217.45,88.82,171.1,30
5,0.8,6.919,217.44,88.81,185.5,30
5,0.8,6.944,217.44,88.83,171.0,30
5,0.8,6.969,217.42,88.84,172.7,30
5,0.8,6.994,217.44,88.83,171.3,30
5,0.8,7.019,217.43,88.81,172.3,30
5,0.8,7.044,217.44,88.85,171.2,30
5,0.8,7.069,217.41,88.81,172.0,30
5,0.8,7.093,217.41,88.85,172.1,30
5,0.8,7.117,217.44,88.85,171.8,30
5,0.8,7.141,217.42,88.79,172.0,30
5,0.8,7.166,217.44,88.84,190.7,30
5,0.8,7.190,217.45,88.83,171.2,30
5,0.8,7.214,217.44,88.81,171.8,30
5,0.8,7.239,217.41,88.82,171.7,30
5,0.8,7.263,217.42,88.81,190.8,30
5,0.8,7.288,217.44,88.84,192.4,30
5,0.8,7.312,217.48,88.85,191.1,30
5,0.8,7.337,217.41,88.82,171.5,30
5,0.8,7.361,217.44,88.83,171.0,30
5,0.8,7.385,217.44,88.81,170.7,30
5,0.8,7.411,217.47,88.81,171.8,30
5,0.8,7.435,217.44,88.82,172.9,30
5,0.8,7.459,217.45,88.82,173.0,30
5,0.8,7.483,217.48,88.83,172.7,30
5,0.8,7.508,217.44,88.81,173.9,30
5,0.8,7.534,217.46,88.80,172.0,30
5,0.8,7.558,217.42,88.81,172.6,30
5,0.8,7.583,217.44,88.84,171.8,30
5,0.8,7.609,217.48,88.83,170.8,30
5,0.8,7.633,217.45,88.80,,30
5,0.8,7.657,217.45,88.84,171.8,30
5,0.8,7.682,217.46,88.84,171.7,30
5,0.8,7.706,217.46,88.80,186.4,30
5,0.8,7.730,217.41,88.82,172.1,30
5,0.8,7.754,217.45,88.84,171.7,30
5,0.8,7.779,217.45,88.82,185.0,30
5,0.8,7.803,217.43,88.83,171.6,30
5,0.8,7.827,217.46,88.81,171.7,30
5,0.8,7.853,217.42,88.83,173.1,30
5,0.8,7.877,217.43,88.82,173.6,30
5,0.8,7.901,217.44,88.83,171.6,30
5,0.8,7.928,217.43,88.83,171.8,30
5,0.8,7.955,217.44,88.80,173.0,30
5,0.8,7.979,217.45,88.80,171.3,30
5,0.8,8.004,217.45,88.82,172.1,30
5,0.8,8.028,217.45,88.85,171.5,30
5,0.8,8.053,217.45,88.85,172.2,30
5,0.8,8.077,217.45,88.83,184.8,30
5,0.8,8.101,217.44,88.83,172.4,30
5,0.8,8.126,217.44,88.83,173.0,30
5,0.8,8.151,217.44,88.81,172.3,30
5,0.8,8.176,217.43,88.82,173.1,30
5,0.8,8.200,217.45,88.78,172.1,30
5,0.8,8.225,217.45,88.84,171.4,30
5,0.8,8.250,217.45,88.81,172.4,30
5,0.8,8.275,217.45,88.80,172.2,30
5,0.8,8.300,217.44,88.81,170.8,30
5,0.8,8.325,217.42,88.79,171.1,30
5,0.8,8.350,217.44,88.81,172.2,30
5,0.8,8.375,217.43,88.80,170.2,30
5,0.8,8.400,217.46,88.81,172.5,30
5,0.8,8.425,217.44,88.82,170.4,30
5,0.8,8.450,217.43,88.83,,30
5,0.8,8.475,217.44,88.82,172.6,30
5,0.8,8.500,217.44,88.82,172.0,30
5,0.8,8.525,217.42,88.80,,30
5,0.8,8.550,217.44,88.80,171.7,30
5,0.8,8.575,217.48,88.83,172.4,30
5,0.8,8.600,217.46,88.81,172.2,30
5,0.8,8.626,217.45,88.81,172.0,30
5,0.8,8.650,217.43,88.83,171.9,30
5,0.8,8.675,217.43,88.83,172.3,30
5,0.8,8.700,217.44,88.82,171.6,30
5,0.8,8.725,217.44,88.82,171.4,30
5,0.8,8.749,217.45,88.85,172.2,30
5,0.8,8.774,217.42,88.80,171.6,30
5,0.8,8.799,217.44,88.78,172.2,30
5,0.8,8.824,217.45,88.81,186.2,30
5,0.8,8.849,217.45,88.81,171.7,30
5,0.8,8.874,217.44,88.81,171.6,30
5,0.8,8.899,217.43,88.83,171.9,30
5,0.8,8.924,217.44,88.82,171.6,30
5,0.8,8.949,217.44,88.81,171.6,30
5,0.8,8.974,217.45,88.80,172.8,30
5,0.8,8.999,217.44,88.83,172.3,30
5,0.8,9.025,217.45,88.83,172.1,30
5,0.8,9.050,217.49,88.85,171.6,30
5,0.8,9.075,217.44,88.80,171.9,30
5,0.8,9.100,217.44,88.82,172.7,30
5,0.8,9.125,217.44,88.85,171.9,30
5,0.8,9.150,217.46,88.85,171.5,30
5,0.8,9.175,217.42,88.80,171.8,30
5,0.8,9.200,217.45,88.84,171.8,30
5,0.8,9.225,217.43,88.81,170.3,30
5,0.8,9.249,217.48,88.83,172.8,30
5,0.8,9.274,217.41,88.84,171.9,30
5,0.8,9.298,217.46,88.82,171.3,30
5,0.8,9.323,217.45,88.83,171.8,30
5,0.8,9.348,217.43,88.83,170.7,30
5,0.8,9.373,217.45,88.86,172.6,30
5,0.8,9.398,217.46,88.83,,30
5,0.8,9.423,217.44,88.83,172.0,30
5,0.8,9.448,217.44,88.80,171.6,30
5,0.8,9.473,217.47,88.80,171.0,30
5,0.8,9.498,217.44,88.83,171.3,30
5,0.8,9.523,217.44,88.81,171.3,30
5,0.8,9.551,217.45,88.80,172.7,30
5,0.8,9.576,217.46,88.79,186.2,30
5,0.8,9.601,217.42,88.82,172.4,30
5,0.8,9.626,217.46,88.84,171.0,30
5,0.8,9.651,217.43,88.82,187.0,30
5,0.8,9.676,217.41,88.81,171.4,30
5,0.8,9.701,217.43,88.80,184.7,30
5,0.8,9.726,217.45,88.82,172.7,30
5,0.8,9.752,217.43,88.86,171.6,30
5,0.8,9.777,217.44,88.82,170.6,30
5,0.8,9.802,217.46,88.83,172.2,30
5,0.8,9.827,217.42,88.81,170.9,30
5,0.8,9.852,217.44,88.83,173.4,30
5,0.8,9.877,217.46,88.83,171.9,30
5,0.8,9.902,217.43,88.84,171.8,30
5,0.8,9.927,217.47,88.82,172.5,30
5,0.8,9.952,217.44,88.82,171.9,30
5,0.8,9.978,217.41,88.79,172.3,30
5,0.8,10.003,217.45,88.83,171.2,30
5,0.8,10.028,217.44,88.83,172.4,30
5,0.8,10.053,217.44,88.82,192.8,30
5,0.8,10.078,217.46,88.83,172.0,30
5,0.8,10.103,217.47,88.80,170.4,30
5,0.8,10.128,217.44,88.83,172.5,30
5,0.8,10.153,217.46,88.84,171.2,30
5,0.8,10.177,217.46,88.82,172.2,30
5,0.8,10.203,217.47,88.84,172.3,30
5,0.8,10.227,217.45,88.82,170.9,30
5,0.8,10.252,217.46,88.83,171.6,30
5,0.8,10.277,217.44,88.84,171.3,30
5,0.8,10.302,217.43,88.82,170.7,30
5,0.8,10.327,217.46,88.84,183.7,30
5,0.8,10.352,217.45,88.81,171.7,30
5,0.8,10.377,217.45,88.86,172.0,30
5,0.8,10.402,217.44,88.83,171.2,30
5,0.8,10.428,217.44,88.83,170.8,30
5,0.8,10.453,217.44,88.83,171.4,30
5,0.8,10.478,217.46,88.81,173.4,30
5,0.8,10.503,217.45,88.81,187.5,30
5,0.8,10.528,217.47,88.83,172.6,30
5,0.8,10.553,217.43,88.84,170.8,30
5,0.8,10.578,217.44,88.83,171.6,30
5,0.8,10.603,217.45,88.82,171.4,30
5,0.8,10.628,217.42,88.82,171.9,30
5,0.8,10.653,217.46,88.80,171.0,30
5,0.8,10.678,217.44,88.84,172.3,30
5,0.8,10.703,217.42,88.79,182.8,30
5,0.8,10.728,217.45,88.82,188.2,30
5,0.8,10.753,217.45,88.82,172.2,30
5,0.8,10.777,217.44,88.82,171.8,30
5,0.8,10.802,217.44,88.85,171.3,30
5,0.8,10.827,217.45,88.84,170.8,30
5,0.8,10.852,217.45,88.84,172.0,30
5,0.8,10.877,217.43,88.82,172.1,30
5,0.8,10.902,217.42,88.82,172.0,30
5,0.8,10.926,217.45,88.83,172.5,30
5,0.8,10.951,217.45,88.82,171.5,30
5,0.8,10.976,217.43,88.86,172.2,30
5,0.8,11.001,217.44,88.84,171.8,30
5,0.8,11.026,217.45,88.78,171.5,30
5,0.8,11.050,217.44,88.81,,30
5,0.8,11.075,217.45,88.85,193.1,30
5,0.8,11.100,217.45,88.82,171.8,30
5,0.8,11.125,217.45,88.81,171.5,30
5,0.8,11.150,217.45,88.82,171.7,30
5,0.8,11.175,217.43,88.81,172.1,30
5,0.8,11.199,217.45,88.82,171.8,30
5,0.8,11.224,217.45,88.82,171.8,30
5,0.8,11.249,217.42,88.84,171.2,30
5,0.8,11.274,217.46,88.85,173.0,30
5,0.8,11.299,217.45,88.81,172.5,30
5,0.8,11.324,217.44,88.82,171.6,30
5,0.8,11.349,217.43,88.82,171.2,30
5,0.8,11.374,217.42,88.84,170.8,30
5,0.8,11.399,217.44,88.80,172.6,30
5,0.8,11.424,217.43,88.84,188.5,30
5,0.8,11.449,217.45,88.84,171.6,30
5,0.8,11.473,217.45,88.82,183.0,30
5,0.8,11.498,217.42,88.80,172.0,30
5,0.8,11.523,217.44,88.81,171.2,30
5,0.8,11.549,217.45,88.83,170.9,30
5,0.8,11.577,217.43,88.83,189.0,30
5,0.8,11.606,217.43,88.81,172.2,30
5,0.8,11.631,217.43,88.80,171.0,30
5,0.8,11.656,217.45,88.83,171.6,30
5,0.8,11.681,217.45,88.85,170.6,30
5,0.8,11.706,217.45,88.81,171.7,30
5,0.8,11.731,217.44,88.81,,30
5,0.8,11.756,217.45,88.85,,30
5,0.8,11.781,217.43,88.86,184.3,30
5,0.8,11.806,217.43,88.84,171.5,30
5,0.8,11.831,217.43,88.83,,30
5,0.8,11.856,217.43,88.84,171.0,30
5,0.8,11.880,217.45,88.82,171.1,30
5,0.8,11.905,217.45,88.83,171.9,30
5,0.8,11.930,217.46,88.83,171.3,30
5,0.8,11.955,217.43,88.85,171.9,30
5,0.8,11.980,217.46,88.81,171.7,30
5,0.8,12.004,217.43,88.82,172.2,30
6,0.85,0.025,222.14,88.69,183.9,30
6,0.85,0.050,222.17,88.71,188.5,30
6,0.85,0.075,222.15,88.72,184.7,30
6,0.85,0.100,222.17,88.72,188.0,30
6,0.85,0.125,222.13,88.70,185.8,30
6,0.85,0.151,222.14,88.71,187.7,30
6,0.85,0.176,222.16,88.73,184.6,30
6,0.85,0.201,222.14,88.73,183.2,30
6,0.85,0.226,222.16,88.70,183.4,30
6,0.85,0.251,222.21,88.70,185.3,30
6,0.85,0.276,222.12,88.71,186.5,30
6,0.85,0.301,222.15,88.72,185.4,30
6,0.85,0.326,222.13,88.72,184.6,30
6,0.85,0.351,222.19,88.70,185.1,30
6,0.85,0.376,222.14,88.71,185.3,30
6,0.85,0.403,222.17,88.71,191.0,30
6,0.85,0.428,222.15,88.72,182.9,30
6,0.85,0.453,222.18,88.70,184.4,30
6,0.85,0.478,222.12,88.71,185.4,30
6,0.85,0.508,222.19,88.72,182.2,30
6,0.85,0.537,222.15,88.72,184.4,30
6,0.85,0.564,222.18,88.71,185.5,30
6,0.85,0.589,222.16,88.71,182.9,30
6,0.85,0.614,222.16,88.70,185.2,30
6,0.85,0.638,222.12,88.70,187.9,30
6,0.85,0.663,222.14,88.72,188.7,30
6,0.85,0.689,222.16,88.71,183.7,30
6,0.85,0.714,222.11,88.76,186.1,30
6,0.85,0.739,222.07,88.74,182.3,30
6,0.85,0.764,222.07,88.75,183.6,30
6,0.85,0.789,222.05,88.73,182.2,30
6,0.85,0.814,221.98,88.73,184.9,30
6,0.85,0.839,221.97,88.73,182.3,30
6,0.85,0.864,221.91,88.70,182.6,30
6,0.85,0.889,221.90,88.73,182.8,30
6,0.85,0.914,221.85,88.73,183.1,30
6,0.85,0.939,221.82,88.72,183.5,30
6,0.85,0.964,221.78,88.74,182.1,30
6,0.85,0.989,221.80,88.72,182.0,30
6,0.85,1.015,221.76,88.78,179.6,30
6,0.85,1.040,221.76,88.79,183.9,30
6,0.85,1.065,221.78,88.84,183.2,30
6,0.85,1.090,221.76,88.84,180.3,30
6,0.85,1.115,221.75,88.80,178.1,30
6,0.85,1.140,221.72,88.78,176.7,30
6,0.85,1.165,221.61,88.76,178.6,30
6,0.85,1.190,221.59,88.76,181.9,30
6,0.85,1.215,221.44,88.76,181.4,30
6,0.85,1.241,221.43,88.73,174.3,30
6,0.85,1.266,221.38,88.69,177.4,30
6,0.85,1.291,221.25,88.69,180.8,30
6,0.85,1.316,221.05,88.72,177.9,30
6,0.85,1.341,220.98,88.69,167.0,30
6,0.85,1.366,220.85,88.73,190.9,30
6,0.85,1.392,220.65,88.72,176.5,30
6,0.85,1.417,220.56,88.69,181.1,30
6,0.85,1.442,220.45,88.74,191.2,30
6,0.85,1.467,220.18,88.73,179.8,30
6,0.85,1.492,220.00,88.68,180.8,30
6,0.85,1.521,219.71,88.71,177.9,30
6,0.85,1.546,219.62,88.71,178.1,30
6,0.85,1.571,219.42,88.79,188.5,30
6,0.85,1.596,219.29,88.80,173.9,30
6,0.85,1.621,219.01,88.82,175.7,30
6,0.85,1.646,218.68,88.81,177.8,30
6,0.85,1.671,218.45,88.79,178.1,30
6,0.85,1.697,218.37,88.79,190.2,30
6,0.85,1.721,218.06,88.69,180.8,30
6,0.85,1.746,217.66,88.72,177.4,30
6,0.85,1.771,217.44,88.78,170.1,30
6,0.85,1.796,217.27,88.76,171.8,30
6,0.85,1.821,216.99,88.83,175.6,30
6,0.85,1.846,216.83,88.82,179.9,30
6,0.85,1.871,216.76,88.81,182.8,30
6,0.85,1.896,216.67,88.82,191.6,30
6,0.85,1.921,216.43,88.79,167.7,30
6,0.85,1.946,216.31,88.77,179.7,30
6,0.85,1.970,215.93,88.62,171.6,30
6,0.85,1.995,215.75,88.65,184.3,30
6,0.85,2.021,215.40,88.62,190.2,30
6,0.85,2.046,215.12,88.65,172.0,30
6,0.85,2.071,214.60,88.65,181.8,30
6,0.85,2.096,214.27,88.63,173.6,30
6,0.85,2.121,213.68,88.75,169.9,30
6,0.85,2.145,213.37,88.73,168.0,30
6,0.85,2.170,212.59,88.71,186.1,30
6,0.85,2.195,212.21,88.68,184.4,30
6,0.85,2.220,211.48,88.67,185.7,30
6,0.85,2.246,211.00,88.66,178.2,30
6,0.85,2.270,210.07,88.67,170.1,30
6,0.85,2.295,209.70,88.71,171.0,30
6,0.85,2.320,208.83,88.87,186.0,30
6,0.85,2.345,208.36,88.93,168.9,30
6,0.85,2.370,207.53,89.00,183.3,30
6,0.85,2.396,207.14,88.94,186.3,30
6,0.85,2.422,205.85,88.78,181.4,30
6,0.85,2.447,205.46,88.70,182.5,30
6,0.85,2.472,205.04,88.57,184.5,30
6,0.85,2.497,204.58,88.47,183.1,30
6,0.85,2.522,203.72,88.41,181.0,30
6,0.85,2.548,203.33,88.40,177.7,30
6,0.85,2.573,202.49,88.45,177.8,30
6,0.85,2.597,202.05,88.49,179.5,30
6,0.85,2.622,201.23,88.55,175.7,30
6,0.85,2.647,200.82,88.60,176.1,30
6,0.85,2.672,200.05,88.73,179.1,30
6,0.85,2.697,199.23,88.79,177.4,30
6,0.85,2.722,198.88,88.75,171.0,30
6,0.85,2.746,198.48,88.73,179.4,30
6,0.85,2.771,197.64,88.61,181.6,30
6,0.85,2.796,197.23,88.56,183.7,30
6,0.85,2.822,196.45,88.48,176.3,30
6,0.85,2.846,196.06,88.47,174.8,30
6,0.85,2.871,195.23,88.49,172.6,30
6,0.85,2.896,194.90,88.53,166.6,30
6,0.85,2.921,194.18,88.65,167.6,30
6,0.85,2.946,193.79,88.69,177.2,30
6,0.85,2.971,193.02,88.78,168.1,30
6,0.85,2.995,192.62,88.79,177.5,30
6,0.85,3.020,191.84,88.77,171.1,30
6,0.85,3.045,191.51,88.72,179.4,30
6,0.85,3.069,190.77,88.61,174.0,30
6,0.85,3.094,190.35,88.51,186.4,30
6,0.85,3.119,189.52,88.24,179.9,30
6,0.85,3.145,189.13,88.10,176.2,30
6,0.85,3.169,188.41,87.78,184.6,30
6,0.85,3.194,188.08,87.63,186.8,30
6,0.85,3.219,187.34,87.44,179.2,30
6,0.85,3.244,187.01,87.35,184.7,30
6,0.85,3.268,186.31,87.34,174.1,30
6,0.85,3.292,185.98,87.37,178.6,30
6,0.85,3.317,185.33,87.49,169.9,30
6,0.85,3.342,185.05,87.58,173.8,30
6,0.85,3.368,184.52,87.89,176.8,30
6,0.85,3.393,184.16,88.05,175.9,30
6,0.85,3.418,183.50,88.38,181.5,30
6,0.85,3.443,183.18,88.57,185.0,30
6,0.85,3.468,182.70,88.98,179.9,30
6,0.85,3.493,182.38,89.11,179.0,30
6,0.85,3.519,181.80,89.41,177.1,30
6,0.85,3.545,181.50,89.55,178.4,30
6,0.85,3.569,180.84,89.83,188.2,30
6,0.85,3.595,180.52,89.93,184.4,30
6,0.85,3.620,179.79,90.06,177.6,30
6,0.85,3.645,179.44,90.05,180.2,30
6,0.85,3.669,178.79,90.03,176.3,30
6,0.85,3.694,178.55,89.96,168.5,30
6,0.85,3.719,178.07,89.79,182.3,30
6,0.85,3.744,177.73,89.68,175.9,30
6,0.85,3.768,177.07,89.43,174.8,30
6,0.85,3.793,176.81,89.29,180.5,30
6,0.85,3.819,176.21,89.01,173.0,30
6,0.85,3.843,175.93,88.85,180.2,30
6,0.85,3.868,175.39,88.51,177.1,30
6,0.85,3.893,175.05,88.35,178.0,30
6,0.85,3.918,174.31,88.08,177.8,30
6,0.85,3.943,174.03,87.90,179.2,30
6,0.85,3.967,173.39,87.65,181.1,30
6,0.85,3.993,173.06,87.55,176.1,30
6,0.85,4.018,172.43,87.42,171.1,30
6,0.85,4.043,172.07,87.43,175.8,30
6,0.85,4.068,171.43,87.46,175.1,30
6,0.85,4.092,171.18,87.53,176.1,30
6,0.85,4.117,170.62,87.71,168.8,30
6,0.85,4.143,170.25,87.88,179.9,30
6,0.85,4.167,169.62,88.11,179.0,30
6,0.85,4.192,169.22,88.29,177.4,30
6,0.85,4.217,168.64,88.63,171.1,30
6,0.85,4.242,168.26,88.80,171.9,30
6,0.85,4.267,167.69,88.99,177.7,30
6,0.85,4.292,167.37,89.10,169.4,30
6,0.85,4.316,167.01,89.21,183.9,30
6,0.85,4.341,166.33,89.38,174.4,30
6,0.85,4.366,165.65,89.62,186.5,30
6,0.85,4.392,165.32,89.66,178.6,30
6,0.85,4.417,164.93,89.73,173.2,30
6,0.85,4.442,164.29,89.77,170.4,30
6,0.85,4.466,163.61,89.68,175.8,30
6,0.85,4.492,163.19,89.61,174.0,30
6,0.85,4.518,162.84,89.55,177.0,30
6,0.85,4.542,162.15,89.43,174.8,30
6,0.85,4.567,161.56,89.20,175.4,30
6,0.85,4.592,161.11,89.18,177.3,30
6,0.85,4.617,160.81,89.06,183.2,30
6,0.85,4.642,160.21,88.87,178.2,30
6,0.85,4.667,159.60,88.63,175.0,30
6,0.85,4.692,159.26,88.43,183.2,30
6,0.85,4.717,158.67,88.18,178.8,30
6,0.85,4.742,158.22,88.04,188.3,30
6,0.85,4.767,157.55,87.84,179.9,30
6,0.85,4.791,157.16,87.74,176.9,30
6,0.85,4.816,156.84,87.66,173.7,30
6,0.85,4.840,156.13,87.51,169.0,30
6,0.85,4.865,155.39,87.49,170.9,30
6,0.85,4.890,155.00,87.52,172.1,30
6,0.85,4.915,154.66,87.50,173.8,30
6,0.85,4.940,153.86,87.65,177.6,30
6,0.85,4.965,153.60,87.71,176.8,30
6,0.85,4.990,153.01,87.89,171.8,30
6,0.85,5.015,152.61,88.01,169.0,30
6,0.85,5.040,151.87,88.18,176.4,30
6,0.85,5.064,151.49,88.32,170.7,30
6,0.85,5.089,150.74,88.63,179.2,30
6,0.85,5.114,150.29,88.74,179.2,30
6,0.85,5.139,149.57,88.99,168.0,30
6,0.85,5.164,149.22,89.10,173.3,30
6,0.85,5.189,148.35,89.17,168.9,30
6,0.85,5.214,147.98,89.17,170.4,30
6,0.85,5.239,147.17,89.25,173.5,30
6,0.85,5.264,146.74,89.21,176.3,30
6,0.85,5.289,145.85,89.25,178.8,30
6,0.85,5.314,145.44,89.24,179.2,30
6,0.85,5.339,144.53,89.29,179.9,30
6,0.85,5.363,144.09,89.31,181.5,30
6,0.85,5.389,143.22,89.39,182.3,30
6,0.85,5.415,142.79,89.43,182.8,30
6,0.85,5.440,141.92,89.48,180.3,30
6,0.85,5.465,141.47,89.53,188.3,30
6,0.85,5.490,140.66,89.61,183.7,30
6,0.85,5.516,140.19,89.59,182.4,30
6,0.85,5.541,138.90,89.46,172.9,30
6,0.85,5.566,138.47,89.42,179.0,30
6,0.85,5.591,138.06,89.34,180.3,30
6,0.85,5.615,137.65,89.23,180.6,30
6,0.85,5.639,136.85,89.20,183.9,30
7,0.75,0.025,111.42,87.90,357.6,30
7,0.75,0.050,111.44,87.89,359.4,30
7,0.75,0.075,111.43,87.89,359.2,30
7,0.75,0.100,111.43,87.90,1.6,30
7,0.75,0.125,111.43,87.88,359.2,30
7,0.75,0.150,111.43,87.89,1.7,30
7,0.75,0.176,111.43,87.89,358.1,30
7,0.75,0.201,111.42,87.89,358.2,30
7,0.75,0.226,111.42,87.89,359.6,30
7,0.75,0.251,111.42,87.89,357.9,30
7,0.75,0.276,111.43,87.90,359.3,30
7,0.75,0.301,111.43,87.88,0.5,30
7,0.75,0.326,111.43,87.88,0.0,30
7,0.75,0.352,111.42,87.89,0.7,30
7,0.75,0.376,111.43,87.90,0.5,30
7,0.75,0.401,111.43,87.90,2.1,30
7,0.75,0.426,111.44,87.89,358.3,30
7,0.75,0.451,111.42,87.90,357.9,30
7,0.75,0.476,111.43,87.90,359.8,30
7,0.75,0.501,111.42,87.90,359.0,30
7,0.75,0.526,111.42,87.88,357.2,30
7,0.75,0.551,111.43,87.90,359.5,30
7,0.75,0.576,111.44,87.89,358.7,30
7,0.75,0.601,111.42,87.89,358.9,30
7,0.75,0.625,111.43,87.89,359.7,30
7,0.75,0.650,111.43,87.90,359.8,30
7,0.75,0.675,111.43,87.90,358.4,30
7,0.75,0.700,111.42,87.89,358.0,30
7,0.75,0.726,111.42,87.89,358.6,30
7,0.75,0.750,111.43,87.89,358.6,30
7,0.75,0.775,111.43,87.89,1.3,30
7,0.75,0.800,111.42,87.88,359.4,30
7,0.75,0.825,111.42,87.90,0.0,30
7,0.75,0.850,111.41,87.91,358.3,30
7,0.75,0.874,111.40,87.91,1.7,30
7,0.75,0.899,111.43,87.94,9.2,30
7,0.75,0.924,111.45,87.92,3.8,30
7,0.75,0.949,111.49,87.95,5.5,30
7,0.75,0.974,111.53,87.91,5.8,30
7,0.75,0.999,111.63,87.94,8.6,30
7,0.75,1.024,111.68,87.93,6.0,30
7,0.75,1.049,111.76,87.90,6.2,30
7,0.75,1.074,111.82,87.92,5.1,30
7,0.75,1.099,111.98,87.92,7.9,30
7,0.75,1.124,112.02,87.91,10.5,30
7,0.75,1.149,112.15,87.90,11.4,30
7,0.75,1.175,112.27,87.92,5.2,30
7,0.75,1.199,112.47,87.92,6.1,30
7,0.75,1.224,112.54,87.93,6.4,30
7,0.75,1.248,112.74,87.93,5.5,30
7,0.75,1.273,112.87,87.93,6.8,30
7,0.75,1.298,113.17,87.87,5.7,30
7,0.75,1.323,113.26,87.84,5.4,30
7,0.75,1.347,113.59,87.81,4.4,30
7,0.75,1.372,113.80,87.84,5.2,30
7,0.75,1.397,114.14,87.86,5.9,30
7,0.75,1.422,114.33,87.87,7.6,30
7,0.75,1.447,114.76,87.94,2.1,30
7,0.75,1.472,115.00,88.00,5.8,30
7,0.75,1.497,115.43,88.16,2.3,30
7,0.75,1.521,115.70,88.18,350.0,30
7,0.75,1.547,116.21,88.31,1.1,30
7,0.75,1.571,116.45,88.37,359.0,30
7,0.75,1.596,117.01,88.55,358.0,30
7,0.75,1.620,117.29,88.64,357.8,30
7,0.75,1.645,117.87,88.88,359.3,30
7,0.75,1.670,118.15,88.98,0.8,30
7,0.75,1.695,118.83,88.92,3.6,30
7,0.75,1.720,119.13,88.98,4.6,30
7,0.75,1.745,119.30,89.24,4.6,30
7,0.75,1.769,119.91,89.36,7.0,30
7,0.75,1.794,120.45,89.51,3.3,30
7,0.75,1.819,120.77,89.60,1.8,30
7,0.75,1.843,121.08,89.70,4.2,30
7,0.75,1.868,121.70,89.86,2.7,30
7,0.75,1.893,121.95,89.89,4.4,30
7,0.75,1.918,122.62,90.03,9.0,30
7,0.75,1.943,122.90,90.06,3.7,30
7,0.75,1.968,123.56,90.20,7.8,30
7,0.75,1.995,123.88,90.27,3.2,30
7,0.75,2.019,124.44,90.44,7.7,30
7,0.75,2.044,124.74,90.46,7.4,30
7,0.75,2.070,125.38,90.62,6.3,30
7,0.75,2.095,125.70,90.63,13.0,30
7,0.75,2.119,126.28,90.65,8.7,30
7,0.75,2.144,126.61,90.66,13.4,30
7,0.75,2.170,127.24,90.66,12.8,30
7,0.75,2.195,127.56,90.68,12.0,30
7,0.75,2.220,128.24,90.62,9.0,30
7,0.75,2.245,128.55,90.56,5.6,30
7,0.75,2.270,129.18,90.46,8.8,30
7,0.75,2.295,129.49,90.41,3.4,30
7,0.75,2.320,130.09,90.39,2.0,30
7,0.75,2.344,130.38,90.39,4.1,30
7,0.75,2.369,131.05,90.27,14.5,30
7,0.75,2.394,131.36,90.28,13.2,30
7,0.75,2.418,131.94,90.27,14.2,30
7,0.75,2.443,132.23,90.32,10.6,30
7,0.75,2.468,132.83,90.44,15.5,30
7,0.75,2.492,133.13,90.45,10.8,30
7,0.75,2.517,133.70,90.55,3.2,30
7,0.75,2.541,134.00,90.60,1.1,30
7,0.75,2.566,134.51,90.80,2.8,30
7,0.75,2.591,134.78,90.92,4.6,30
7,0.75,2.616,135.36,91.02,4.3,30
7,0.75,2.641,135.68,91.08,7.6,30
7,0.75,2.666,136.27,91.16,6.7,30
7,0.75,2.691,136.56,91.18,5.6,30
7,0.75,2.716,137.13,91.28,5.4,30
7,0.75,2.741,137.49,91.32,6.0,30
7,0.75,2.765,138.12,91.37,4.1,30
7,0.75,2.791,138.42,91.42,4.1,30
7,0.75,2.815,139.09,91.58,5.8,30
7,0.75,2.840,139.43,91.66,4.5,30
7,0.75,2.865,140.06,91.86,7.0,30
7,0.75,2.890,140.40,92.03,6.1,30
7,0.75,2.915,141.06,92.36,7.2,30
7,0.75,2.940,141.35,92.52,10.9,30
7,0.75,2.965,141.99,92.85,4.0,30
7,0.75,2.993,142.31,93.05,5.7,30
7,0.75,3.018,142.92,93.43,4.7,30
7,0.75,3.043,143.25,93.62,3.8,30
7,0.75,3.068,143.84,93.97,359.9,30
7,0.75,3.093,144.18,94.09,4.0,30
7,0.75,3.118,144.83,94.28,8.6,30
7,0.75,3.143,145.15,94.29,12.6,30
7,0.75,3.168,145.84,94.21,7.7,30
7,0.75,3.193,146.16,94.08,5.9,30
7,0.75,3.218,146.80,93.76,7.8,30
7,0.75,3.243,147.15,93.61,3.9,30
7,0.75,3.268,147.81,93.30,9.3,30
7,0.75,3.293,148.14,93.20,8.9,30
7,0.75,3.319,148.82,93.04,9.8,30
7,0.75,3.344,149.21,93.00,6.2,30
7,0.75,3.368,149.91,93.13,8.4,30
7,0.75,3.393,150.18,93.24,7.1,30
7,0.75,3.417,150.81,93.59,1.7,30
7,0.75,3.442,151.11,93.83,6.4,30
7,0.75,3.467,151.60,94.19,15.7,30
7,0.75,3.492,151.87,94.32,9.7,30
7,0.75,3.517,152.49,94.60,9.3,30
7,0.75,3.542,152.74,94.67,9.8,30
7,0.75,3.567,153.05,94.76,10.9,30
7,0.75,3.592,153.16,94.77,7.8,30
7,0.75,3.617,153.44,94.69,12.3,30
7,0.75,3.642,153.59,94.67,7.2,30
7,0.75,3.667,153.95,94.48,10.3,30
7,0.75,3.692,154.13,94.35,15.0,30
7,0.75,3.717,154.74,94.08,12.7,30
7,0.75,3.742,155.06,93.95,10.0,30
7,0.75,3.767,155.62,93.76,8.8,30
7,0.75,3.792,155.95,93.70,11.8,30
7,0.75,3.816,156.63,93.68,4.1,30
7,0.75,3.841,156.96,93.75,4.5,30
7,0.75,3.867,157.70,93.93,7.2,30
7,0.75,3.892,158.08,94.02,4.8,30
7,0.75,3.917,158.82,94.17,8.4,30
7,0.75,3.942,159.19,94.23,8.6,30
7,0.75,3.968,160.12,94.29,5.6,30
7,0.75,3.994,160.52,94.31,6.7,30
7,0.75,4.019,161.39,94.33,15.4,30
7,0.75,4.044,161.90,94.30,14.9,30
7,0.75,4.069,162.83,94.28,9.1,30
7,0.75,4.094,163.34,94.35,13.2,30
7,0.75,4.119,164.19,94.43,5.0,30
7,0.75,4.144,164.57,94.46,9.3,30
7,0.75,4.170,165.53,94.50,3.7,30
7,0.75,4.194,165.98,94.58,3.2,30
7,0.75,4.219,166.88,94.73,4.5,30
7,0.75,4.244,167.36,94.82,3.7,30
7,0.75,4.269,168.29,94.85,6.7,30
7,0.75,4.294,168.72,94.87,6.0,30
7,0.75,4.318,169.61,94.77,11.9,30
7,0.75,4.343,170.09,94.78,13.7,30
7,0.75,4.368,170.96,94.69,6.0,30
7,0.75,4.393,171.42,94.64,6.2,30
7,0.75,4.419,172.31,94.59,10.1,30
7,0.75,4.443,172.77,94.58,4.1,30
7,0.75,4.468,173.66,94.56,6.9,30
7,0.75,4.493,174.18,94.54,4.3,30
7,0.75,4.518,175.02,94.55,1.7,30
7,0.75,4.543,175.39,94.63,6.2,30
7,0.75,4.568,176.12,94.73,2.9,30
7,0.75,4.592,176.52,94.78,6.3,30
7,0.75,4.617,177.29,94.95,8.9,30
7,0.75,4.643,177.71,95.06,12.1,30
7,0.75,4.668,178.48,95.21,9.1,30
7,0.75,4.692,178.84,95.35,10.5,30
7,0.75,4.717,179.60,95.66,8.2,30
7,0.75,4.743,180.00,95.86,1.4,30
7,0.75,4.768,180.77,96.18,3.0,30
7,0.75,4.792,181.08,96.36,357.8,30
7,0.75,4.818,181.85,96.74,4.2,30
7,0.75,4.843,182.17,96.93,4.1,30
7,0.75,4.868,182.87,97.27,7.5,30
7,0.75,4.893,183.26,97.39,12.6,30
7,0.75,4.918,184.00,97.61,6.8,30
7,0.75,4.943,184.39,97.74,7.1,30
7,0.75,4.968,185.12,97.90,9.7,30
7,0.75,4.994,185.50,97.96,7.1,30
7,0.75,5.019,186.25,97.99,4.9,30
7,0.75,5.043,186.55,97.98,4.8,30
8,0.8,0.025,206.85,98.96,175.3,30
8,0.8,0.050,206.84,98.96,175.4,30
8,0.8,0.075,206.84,98.98,191.3,30
8,0.8,0.100,206.80,98.96,193.2,30
8,0.8,0.125,206.85,98.98,176.4,30
8,0.8,0.150,206.83,98.96,178.9,30
8,0.8,0.174,206.80,98.98,191.1,30
8,0.8,0.199,206.83,98.99,190.9,30
8,0.8,0.224,206.86,98.97,175.3,30
8,0.8,0.249,206.87,98.97,182.2,30
8,0.8,0.274,206.88,98.98,191.6,30
8,0.8,0.299,206.87,99.01,188.1,30
8,0.8,0.324,206.88,98.98,190.3,30
8,0.8,0.348,206.89,98.99,191.3,30
8,0.8,0.373,206.90,98.99,189.4,30
8,0.8,0.398,206.89,98.99,190.1,30
8,0.8,0.423,206.88,98.98,179.2,30
8,0.8,0.448,206.87,98.97,190.2,30
8,0.8,0.473,206.87,98.96,188.9,30
8,0.8,0.498,206.87,98.96,180.7,30
8,0.8,0.523,206.86,98.99,190.4,30
8,0.8,0.548,206.82,98.98,189.4,30
8,0.8,0.573,206.86,98.98,189.6,30
8,0.8,0.598,206.85,98.97,192.0,30
8,0.8,0.623,206.86,98.96,186.2,30
8,0.8,0.648,206.87,98.98,191.6,30
8,0.8,0.673,206.87,98.99,182.8,30
8,0.8,0.698,206.87,98.96,193.3,30
8,0.8,0.723,206.86,98.96,190.9,30
8,0.8,0.748,206.88,99.00,197.9,30
8,0.8,0.773,206.84,98.98,185.6,30
8,0.8,0.798,206.83,98.98,186.5,30
8,0.8,0.823,206.80,98.95,181.8,30
8,0.8,0.848,206.72,98.96,201.9,30
8,0.8,0.872,206.70,98.95,201.7,30
8,0.8,0.897,206.59,98.95,200.5,30
8,0.8,0.922,206.56,98.97,198.4,30
8,0.8,0.947,206.54,99.01,185.3,30
8,0.8,0.973,206.46,98.99,193.8,30
8,0.8,0.997,206.32,99.00,178.4,30
8,0.8,1.022,206.23,99.00,190.6,30
8,0.8,1.047,206.17,99.07,200.0,30
8,0.8,1.072,205.92,99.13,193.3,30
8,0.8,1.097,205.82,99.15,187.4,30
8,0.8,1.122,205.72,99.21,186.5,30
8,0.8,1.146,205.58,99.15,185.9,30
8,0.8,1.171,205.16,99.16,177.6,30
8,0.8,1.196,204.96,99.16,183.7,30
8,0.8,1.221,204.55,99.17,183.5,30
8,0.8,1.245,204.30,99.18,182.6,30
8,0.8,1.270,203.96,99.22,193.6,30
8,0.8,1.295,203.68,99.20,180.4,30
8,0.8,1.320,203.14,99.22,179.0,30
8,0.8,1.345,202.88,99.22,181.8,30
8,0.8,1.370,202.36,99.19,180.6,30
8,0.8,1.396,202.06,99.15,180.2,30
8,0.8,1.421,201.45,99.05,191.3,30
8,0.8,1.446,201.24,99.01,196.9,30
8,0.8,1.471,200.73,98.97,185.1,30
8,0.8,1.496,200.50,98.92,185.7,30
8,0.8,1.521,199.85,98.81,193.2,30
8,0.8,1.546,199.56,98.72,193.2,30
8,0.8,1.571,198.87,98.48,187.0,30
8,0.8,1.596,198.64,98.36,181.7,30
8,0.8,1.621,198.00,98.08,187.4,30
8,0.8,1.647,197.65,97.94,187.8,30
8,0.8,1.672,197.10,97.67,184.7,30
8,0.8,1.698,196.76,97.54,186.5,30
8,0.8,1.723,196.15,97.19,196.8,30
8,0.8,1.748,195.84,97.01,188.7,30
8,0.8,1.773,195.19,96.76,178.7,30
8,0.8,1.798,194.82,96.65,195.0,30
8,0.8,1.823,194.25,96.37,185.7,30
8,0.8,1.848,193.78,96.25,194.7,30
8,0.8,1.874,193.03,96.01,190.2,30
8,0.8,1.898,192.30,95.83,185.3,30
8,0.8,1.923,191.97,95.81,184.9,30
8,0.8,1.949,191.66,95.80,180.3,30
8,0.8,1.977,190.89,95.67,184.1,30
8,0.8,2.001,190.16,95.57,189.0,30
8,0.8,2.026,189.76,95.47,186.4,30
8,0.8,2.051,189.37,95.44,177.0,30
8,0.8,2.076,188.71,95.39,179.1,30
8,0.8,2.100,187.93,95.39,183.0,30
8,0.8,2.125,187.51,95.49,182.0,30
8,0.8,2.150,186.71,95.57,196.2,30
8,0.8,2.175,186.30,95.60,199.8,30
8,0.8,2.200,185.57,95.68,178.2,30
8,0.8,2.225,185.20,95.70,182.7,30
8,0.8,2.250,184.37,95.71,184.0,30
8,0.8,2.274,183.96,95.68,182.4,30
8,0.8,2.300,183.21,95.58,185.2,30
8,0.8,2.325,182.82,95.51,189.7,30
8,0.8,2.350,182.04,95.46,177.5,30
8,0.8,2.375,181.63,95.38,184.6,30
8,0.8,2.400,180.86,95.23,182.8,30
8,0.8,2.425,180.41,95.14,179.8,30
8,0.8,2.450,179.70,94.92,184.8,30
8,0.8,2.475,179.32,94.79,185.1,30
8,0.8,2.500,178.53,94.54,191.7,30
8,0.8,2.525,178.19,94.38,190.4,30
8,0.8,2.550,177.56,94.15,191.1,30
8,0.8,2.575,177.18,94.00,193.5,30
8,0.8,2.600,176.43,93.71,193.4,30
8,0.8,2.625,176.07,93.59,194.5,30
8,0.8,2.650,175.43,93.45,187.2,30
8,0.8,2.675,175.02,93.47,187.7,30
8,0.8,2.700,174.40,93.60,186.4,30
8,0.8,2.725,174.05,93.72,182.1,30
8,0.8,2.750,173.38,93.92,190.5,30
8,0.8,2.775,173.03,94.05,193.5,30
8,0.8,2.800,172.36,94.24,181.7,30
8,0.8,2.825,172.03,94.25,183.1,30
8,0.8,2.850,171.36,94.24,178.4,30
8,0.8,2.875,171.08,94.21,185.3,30
8,0.8,2.900,170.45,94.09,186.4,30
8,0.8,2.924,170.11,94.02,196.7,30
8,0.8,2.949,169.56,94.07,197.7,30
8,0.8,2.974,169.29,94.09,194.4,30
8,0.8,2.999,168.75,94.28,192.6,30
8,0.8,3.024,168.53,94.37,193.4,30
8,0.8,3.049,168.30,94.39,197.1,30
8,0.8,3.074,167.84,94.34,193.5,30
8,0.8,3.099,167.38,94.19,191.7,30
8,0.8,3.124,167.18,94.19,190.5,30
8,0.8,3.148,166.80,94.17,187.2,30
8,0.8,3.173,166.61,94.23,188.2,30
8,0.8,3.198,166.38,94.25,185.8,30
8,0.8,3.224,166.00,94.32,190.1,30
8,0.8,3.249,165.77,94.34,179.7,30
8,0.8,3.274,165.44,94.22,181.5,30
8,0.8,3.299,165.29,94.19,186.1,30
8,0.8,3.324,164.88,94.05,187.4,30
8,0.8,3.349,164.60,93.97,181.2,30
8,0.8,3.374,164.41,93.89,190.3,30
8,0.8,3.399,164.29,93.88,191.6,30
8,0.8,3.423,163.96,93.83,185.7,30
8,0.8,3.448,163.72,93.80,190.7,30
8,0.8,3.473,163.66,93.78,186.3,30
8,0.8,3.498,163.46,93.77,183.8,30
8,0.8,3.522,163.22,93.78,187.9,30
8,0.8,3.548,163.06,93.77,183.4,30
8,0.8,3.573,162.81,93.78,187.2,30
8,0.8,3.598,162.64,93.78,184.9,30
8,0.8,3.623,162.41,93.82,180.3,30
8,0.8,3.648,162.25,93.85,182.9,30
8,0.8,3.672,162.06,94.01,183.4,30
8,0.8,3.697,161.99,94.01,194.0,30
8,0.8,3.722,161.75,94.08,182.2,30
8,0.8,3.747,161.68,94.14,179.5,30
8,0.8,3.772,161.52,94.21,180.2,30
8,0.8,3.797,161.40,94.22,179.1,30
8,0.8,3.822,161.28,94.18,178.6,30
8,0.8,3.847,161.13,94.17,181.1,30
8,0.8,3.871,160.95,94.10,186.5,30
8,0.8,3.896,160.88,94.08,184.5,30
8,0.8,3.920,160.73,94.07,186.0,30
8,0.8,3.945,160.64,94.07,182.7,30
8,0.8,3.973,160.48,94.09,181.9,30
8,0.8,3.998,160.42,94.10,181.9,30
8,0.8,4.023,160.26,94.10,181.2,30
8,0.8,4.049,160.15,94.11,177.8,30
8,0.8,4.073,160.05,94.08,189.4,30
8,0.8,4.099,159.84,94.19,187.4,30
8,0.8,4.124,159.80,94.19,183.6,30
8,0.8,4.149,159.70,94.22,184.2,30
8,0.8,4.174,159.60,94.21,181.9,30
8,0.8,4.198,159.49,94.24,179.3,30
8,0.8,4.224,159.26,94.28,179.4,30
8,0.8,4.249,159.12,94.32,182.4,30
8,0.8,4.273,159.01,94.28,180.1,30
8,0.8,4.299,158.91,94.30,177.2,30
8,0.8,4.324,158.79,94.31,177.9,30
8,0.8,4.348,158.64,94.25,180.8,30
8,0.8,4.373,158.57,94.25,182.2,30
8,0.8,4.398,158.51,94.24,185.6,30
8,0.8,4.423,158.41,94.19,186.6,30
8,0.8,4.448,158.38,94.12,186.3,30
8,0.8,4.473,158.34,94.05,183.6,30
8,0.8,4.498,158.27,93.99,183.6,30
8,0.8,4.523,158.28,93.88,185.3,30
8,0.8,4.548,158.27,93.86,180.5,30
8,0.8,4.573,158.17,93.79,177.4,30
8,0.8,4.597,158.15,93.79,178.7,30
8,0.8,4.622,158.10,93.70,179.0,30
8,0.8,4.647,158.05,93.72,177.6,30
8,0.8,4.672,157.89,93.67,179.6,30
8,0.8,4.697,157.87,93.62,177.7,30
8,0.8,4.722,157.72,93.59,181.0,30
8,0.8,4.747,157.70,93.55,197.4,30
8,0.8,4.772,157.55,93.43,179.0,30
8,0.8,4.797,157.50,93.41,182.0,30
8,0.8,4.822,157.36,93.36,177.1,30
8,0.8,4.847,157.35,93.36,196.2,30
8,0.8,4.871,157.21,93.38,176.7,30
8,0.8,4.896,157.18,93.41,175.9,30
8,0.8,4.920,157.15,93.53,182.7,30
8,0.8,4.945,157.15,93.60,184.8,30
8,0.8,4.973,157.03,93.63,177.8,30
8,0.8,4.999,157.08,93.68,174.5,30
8,0.8,5.024,156.97,93.66,175.7,30
8,0.8,5.048,156.89,93.68,176.4,30
8,0.8,5.073,156.83,93.69,177.1,30
8,0.8,5.098,156.80,93.68,176.5,30
8,0.8,5.123,156.74,93.65,187.6,30
8,0.8,5.148,156.70,93.66,187.3,30
8,0.8,5.173,156.59,93.75,179.5,30
8,0.8,5.197,156.58,93.76,197.7,30
8,0.8,5.223,156.50,93.78,180.5,30
8,0.8,5.247,156.46,93.82,181.9,30
8,0.8,5.272,156.40,93.89,180.5,30
8,0.8,5.297,156.33,93.87,176.3,30
8,0.8,5.322,156.23,93.89,179.9,30
8,0.8,5.347,156.09,93.92,179.0,30
8,0.8,5.371,155.96,93.85,179.2,30
8,0.8,5.396,155.92,93.86,177.8,30
8,0.8,5.421,155.66,93.83,198.6,30
8,0.8,5.446,155.71,93.89,198.5,30
8,0.8,5.471,155.48,93.87,178.6,30
8,0.8,5.496,155.35,93.89,181.8,30
8,0.8,5.521,155.14,93.85,199.1,30
8,0.8,5.546,155.02,93.84,182.8,30
8,0.8,5.570,154.74,93.71,177.9,30
8,0.8,5.595,154.68,93.70,180.2,30
8,0.8,5.620,154.43,93.64,189.5,30
8,0.8,5.645,154.36,93.55,184.5,30
8,0.8,5.670,154.22,93.42,179.9,30
8,0.8,5.695,154.22,93.37,175.1,30
8,0.8,5.720,154.08,93.19,198.5,30
8,0.8,5.745,154.02,93.04,192.9,30
8,0.8,5.769,153.94,92.80,193.8,30
8,0.8,5.795,153.89,92.68,191.4,30
8,0.8,5.820,153.83,92.50,173.1,30
8,0.8,5.845,153.75,92.35,176.6,30
8,0.8,5.870,153.53,92.29,191.1,30
8,0.8,5.895,153.39,92.30,177.2,30
8,0.8,5.919,153.12,92.25,175.4,30
8,0.8,5.944,152.97,92.22,176.3,30
8,0.8,5.972,152.53,92.15,175.5,30
8,0.8,5.997,152.23,92.14,172.9,30
8,0.8,6.021,151.67,92.04,174.3,30
8,0.8,6.046,151.35,91.96,173.6,30
8,0.8,6.071,150.67,91.84,172.8,30
8,0.8,6.096,150.29,91.78,173.2,30
8,0.8,6.121,149.55,91.57,188.6,30
8,0.8,6.146,149.16,91.44,179.6,30
8,0.8,6.171,148.37,91.19,187.0,30
8,0.8,6.196,148.02,91.08,196.0,30
8,0.8,6.221,146.84,90.59,183.7,30
8,0.8,6.246,146.41,90.40,181.1,30
8,0.8,6.271,145.95,90.20,183.0,30
8,0.8,6.296,145.55,90.02,185.1,30
8,0.8,6.321,144.71,89.74,183.2,30
8,0.8,6.346,144.30,89.63,185.9,30
8,0.8,6.371,143.32,89.30,182.3,30
8,0.8,6.396,142.90,89.15,184.6,30
8,0.8,6.421,141.98,88.87,188.9,30
8,0.8,6.446,141.51,88.75,187.8,30
8,0.8,6.471,140.60,88.50,189.8,30
8,0.8,6.496,140.15,88.38,188.2,30
8,0.8,6.521,139.25,88.20,189.2,30
8,0.8,6.546,138.77,88.17,182.0,30
8,0.8,6.570,137.84,88.08,184.4,30
8,0.8,6.595,137.40,88.05,188.7,30
8,0.8,6.620,136.45,87.97,183.7,30
8,0.8,6.645,135.99,87.93,182.8,30
8,0.8,6.670,135.11,87.84,171.7,30
8,0.8,6.696,134.70,87.82,183.6,30
8,0.8,6.721,133.83,87.67,189.0,30
8,0.8,6.746,133.38,87.64,188.5,30
8,0.8,6.770,132.46,87.54,185.8,30
8,0.8,6.796,132.01,87.51,183.0,30
8,0.8,6.821,131.13,87.46,192.9,30
8,0.8,6.846,130.69,87.49,188.7,30
8,0.8,6.871,129.75,87.60,189.7,30
8,0.8,6.896,129.37,87.62,176.7,30
8,0.8,6.921,128.96,87.68,190.4,30
8,0.8,6.946,128.08,87.74,187.2,30
8,0.8,6.972,127.26,87.80,187.1,30
8,0.8,6.997,126.83,87.78,187.9,30
9,0.85,0.024,104.98,82.00,351.8,30
9,0.85,0.048,104.99,81.99,350.8,30
9,0.85,0.073,104.99,81.98,352.2,30
9,0.85,0.098,105.00,81.99,351.2,30
9,0.85,0.123,105.01,82.01,351.7,30
9,0.85,0.148,105.02,81.98,350.8,30
9,0.85,0.173,105.03,81.98,353.6,30
9,0.85,0.198,105.04,81.98,351.4,30
9,0.85,0.223,105.01,82.00,353.3,30
9,0.85,0.248,105.01,81.99,351.8,30
9,0.85,0.274,105.00,82.01,350.9,30
9,0.85,0.299,105.00,82.01,350.9,30
9,0.85,0.323,104.99,82.00,349.5,30
9,0.85,0.349,104.99,82.00,350.3,30
9,0.85,0.374,104.98,82.01,350.9,30
9,0.85,0.399,104.98,81.98,351.0,30
9,0.85,0.424,105.00,82.00,351.1,30
9,0.85,0.449,105.00,81.99,351.5,30
9,0.85,0.474,105.00,81.99,350.4,30
9,0.85,0.498,105.01,81.98,351.8,30
9,0.85,0.523,105.01,81.98,352.4,30
9,0.85,0.548,105.02,81.97,352.7,30
9,0.85,0.573,105.01,81.98,352.1,30
9,0.85,0.598,105.01,81.99,348.6,30
9,0.85,0.623,105.01,82.00,350.9,30
9,0.85,0.648,104.99,81.98,351.0,30
9,0.85,0.673,104.99,81.99,350.8,30
9,0.85,0.698,104.99,81.99,350.9,30
9,0.85,0.723,104.99,82.00,351.3,30
9,0.85,0.748,104.99,82.01,349.9,30
9,0.85,0.773,105.00,81.98,350.3,30
9,0.85,0.798,105.01,81.99,350.6,30
9,0.85,0.823,105.00,81.99,350.4,30
9,0.85,0.848,105.00,82.01,352.7,30
9,0.85,0.873,105.01,81.96,350.0,30
9,0.85,0.898,105.02,81.95,346.3,30
9,0.85,0.923,105.03,81.97,345.7,30
9,0.85,0.948,105.07,81.98,345.9,30
9,0.85,0.973,105.15,81.98,344.2,30
9,0.85,0.998,105.17,81.97,344.7,30
9,0.85,1.023,105.27,81.95,346.1,30
9,0.85,1.048,105.31,81.93,347.5,30
9,0.85,1.073,105.38,81.96,346.9,30
9,0.85,1.098,105.48,81.96,347.6,30
9,0.85,1.123,105.62,81.96,345.0,30
9,0.85,1.147,105.67,81.97,354.1,30
9,0.85,1.173,105.90,81.98,358.6,30
9,0.85,1.198,106.05,81.96,347.9,30
9,0.85,1.223,106.29,81.92,347.5,30
9,0.85,1.248,106.41,81.93,349.1,30
9,0.85,1.273,106.69,81.87,354.8,30
9,0.85,1.298,106.81,81.90,355.6,30
9,0.85,1.323,107.17,81.89,359.3,30
9,0.85,1.348,107.38,81.93,358.1,30
9,0.85,1.373,107.75,81.86,353.5,30
9,0.85,1.399,107.95,81.85,355.7,30
9,0.85,1.424,108.41,81.79,349.7,30
9,0.85,1.449,108.65,81.79,347.3,30
9,0.85,1.474,109.12,81.76,348.1,30
9,0.85,1.498,109.41,81.79,346.4,30
9,0.85,1.523,109.97,81.81,347.5,30
9,0.85,1.548,110.22,81.81,343.3,30
9,0.85,1.573,110.75,81.89,349.5,30
9,0.85,1.598,111.07,81.91,344.8,30
9,0.85,1.624,111.67,81.95,349.2,30
9,0.85,1.649,111.90,81.96,351.0,30
9,0.85,1.674,112.51,82.01,354.9,30
9,0.85,1.699,112.85,82.00,354.8,30
9,0.85,1.724,113.43,82.01,350.3,30
9,0.85,1.749,113.71,81.96,355.2,30
9,0.85,1.774,114.33,81.92,3.3,30
9,0.85,1.800,114.63,81.89,349.5,30
9,0.85,1.825,115.18,81.82,349.9,30
9,0.85,1.852,115.50,81.79,353.5,30
9,0.85,1.877,116.16,81.66,348.4,30
9,0.85,1.902,116.47,81.54,350.6,30
9,0.85,1.927,117.06,81.27,350.8,30
9,0.85,1.952,117.36,81.08,348.4,30
9,0.85,1.976,118.02,80.67,349.2,30
9,0.85,2.001,118.58,80.35,348.7,30
9,0.85,2.025,118.90,80.20,345.7,30
9,0.85,2.050,119.20,80.06,346.4,30
9,0.85,2.075,119.77,79.71,348.7,30
9,0.85,2.100,120.38,79.37,356.2,30
9,0.85,2.125,120.71,79.21,357.5,30
9,0.85,2.150,121.03,79.06,359.5,30
9,0.85,2.177,121.59,78.81,356.9,30
9,0.85,2.203,121.91,78.70,1.9,30
9,0.85,2.228,122.53,78.56,2.0,30
9,0.85,2.253,122.74,78.50,1.1,30
9,0.85,2.278,123.22,78.41,353.9,30
9,0.85,2.303,123.79,78.42,356.3,30
9,0.85,2.327,124.09,78.44,353.7,30
9,0.85,2.353,124.61,78.52,359.7,30
9,0.85,2.378,124.93,78.62,354.3,30
9,0.85,2.404,125.55,78.79,344.5,30
9,0.85,2.428,125.83,78.89,350.2,30
9,0.85,2.453,126.12,79.01,353.8,30
9,0.85,2.478,126.78,79.21,357.7,30
9,0.85,2.503,127.37,79.43,343.2,30
9,0.85,2.528,127.66,79.56,353.1,30
9,0.85,2.553,128.38,79.76,359.4,30
9,0.85,2.577,128.75,79.87,351.6,30
9,0.85,2.602,129.41,80.11,354.2,30
9,0.85,2.628,129.72,80.19,354.3,30
9,0.85,2.653,130.06,80.25,356.4,30
9,0.85,2.678,130.59,80.22,349.5,30
9,0.85,2.702,131.22,80.07,349.7,30
9,0.85,2.727,131.58,79.95,353.3,30
9,0.85,2.752,132.21,79.77,351.5,30
9,0.85,2.777,132.43,79.72,347.1,30
9,0.85,2.802,133.15,79.36,349.9,30
9,0.85,2.827,133.60,79.17,352.3,30
9,0.85,2.852,133.98,78.99,352.3,30
9,0.85,2.877,134.70,78.60,354.0,30
9,0.85,2.902,135.32,78.24,348.8,30
9,0.85,2.927,135.64,78.06,350.2,30
9,0.85,2.952,135.97,77.91,349.9,30
9,0.85,2.976,136.64,77.57,349.9,30
9,0.85,3.001,137.25,77.23,347.3,30
9,0.85,3.025,137.59,77.12,342.6,30
9,0.85,3.050,137.95,76.98,339.2,30
9,0.85,3.075,138.61,76.84,349.2,30
9,0.85,3.100,139.25,76.83,341.7,30
9,0.85,3.124,139.63,76.81,343.5,30
9,0.85,3.149,140.00,76.77,347.8,30
9,0.85,3.174,140.69,76.66,351.4,30
9,0.85,3.199,141.03,76.62,342.2,30
9,0.85,3.224,141.65,76.63,340.7,30
9,0.85,3.249,142.00,76.63,357.6,30
9,0.85,3.274,142.68,76.63,1.0,30
9,0.85,3.298,143.03,76.68,354.6,30
9,0.85,3.323,143.70,76.70,359.3,30
9,0.85,3.348,144.06,76.71,351.2,30
9,0.85,3.373,144.77,76.75,350.1,30
9,0.85,3.398,145.11,76.75,345.9,30
9,0.85,3.423,145.80,76.73,345.5,30
9,0.85,3.448,146.15,76.71,345.0,30
9,0.85,3.473,146.85,76.58,348.2,30
9,0.85,3.497,147.17,76.51,349.4,30
9,0.85,3.523,147.88,76.48,351.0,30
9,0.85,3.547,148.22,76.45,349.1,30
9,0.85,3.572,148.86,76.40,347.6,30
9,0.85,3.597,149.19,76.41,351.2,30
9,0.85,3.622,149.88,76.48,351.3,30
9,0.85,3.646,150.22,76.54,355.0,30
9,0.85,3.671,150.97,76.73,349.5,30
9,0.85,3.696,151.36,76.79,350.1,30
9,0.85,3.720,151.99,76.81,354.4,30
9,0.85,3.746,152.21,76.76,351.0,30
9,0.85,3.771,152.86,76.59,350.2,30
9,0.85,3.795,153.13,76.51,353.5,30
9,0.85,3.820,153.35,76.44,348.3,30
9,0.85,3.845,153.79,76.27,346.1,30
9,0.85,3.870,154.35,76.06,344.0,30
9,0.85,3.895,154.64,75.93,346.5,30
9,0.85,3.919,154.88,75.77,348.5,30
9,0.85,3.944,155.51,75.54,345.5,30
9,0.85,3.969,156.17,75.39,356.3,30
9,0.85,3.994,156.50,75.27,349.7,30
9,0.85,4.019,156.82,75.18,353.8,30
9,0.85,4.044,157.58,74.97,342.2,30
9,0.85,4.069,158.28,74.76,348.3,30
9,0.85,4.094,158.66,74.68,348.5,30
9,0.85,4.119,159.07,74.64,348.9,30
9,0.85,4.144,159.87,74.55,345.2,30
9,0.85,4.169,160.70,74.58,343.7,30
9,0.85,4.193,161.13,74.59,333.2,30
9,0.85,4.217,161.61,74.65,329.3,30
9,0.85,4.242,162.47,74.78,352.5,30
9,0.85,4.266,163.31,75.02,345.6,30
9,0.85,4.291,163.79,75.10,349.8,30
9,0.85,4.316,164.21,75.16,347.8,30
9,0.85,4.341,165.08,75.19,351.8,30
9,0.85,4.366,166.35,75.13,357.6,30
9,0.85,4.390,166.75,75.08,357.8,30
9,0.85,4.416,167.14,74.97,353.5,30
9,0.85,4.441,167.62,74.90,354.6,30
9,0.85,4.465,168.07,74.78,353.4,30
9,0.85,4.490,168.90,74.60,349.9,30
9,0.85,4.515,169.31,74.51,346.8,30
9,0.85,4.539,170.22,74.28,350.2,30
9,0.85,4.564,170.67,74.08,344.6,30
9,0.85,4.589,171.59,73.76,347.1,30
9,0.85,4.614,171.97,73.62,340.8,30
9,0.85,4.641,172.73,73.31,344.5,30
9,0.85,4.665,173.14,73.16,350.1,30
9,0.85,4.690,173.97,72.87,350.4,30
9,0.85,4.715,174.35,72.72,350.3,30
9,0.85,4.741,175.12,72.51,353.5,30
9,0.85,4.767,175.52,72.40,351.8,30
9,0.85,4.792,176.35,72.22,356.8,30
9,0.85,4.816,176.74,72.18,355.5,30
9,0.85,4.841,177.54,72.13,350.1,30
9,0.85,4.866,177.95,72.14,349.7,30
9,0.85,4.891,178.72,72.25,344.3,30
9,0.85,4.916,179.13,72.36,344.9,30
9,0.85,4.940,179.92,72.57,345.1,30
9,0.85,4.965,180.31,72.58,349.6,30
9,0.85,4.990,181.20,72.62,351.1,30
9,0.85,5.015,181.61,72.67,353.4,30
9,0.85,5.039,182.41,72.60,356.3,30
9,0.85,5.064,182.83,72.50,357.8,30
9,0.85,5.089,183.62,72.33,349.5,30
9,0.85,5.114,184.01,72.29,351.8,30
9,0.85,5.139,184.82,72.19,353.0,30
9,0.85,5.163,185.25,72.11,351.9,30
9,0.85,5.189,186.07,71.99,351.4,30
9,0.85,5.213,186.49,71.93,351.5,30
9,0.85,5.238,187.35,71.77,350.8,30
9,0.85,5.263,187.80,71.69,347.9,30
9,0.85,5.288,188.20,71.56,349.0,30
9,0.85,5.312,189.03,71.32,345.1,30
9,0.85,5.337,189.81,71.21,352.2,30
9,0.85,5.364,190.17,71.15,351.9,30
10,0.75,0.025,211.42,68.20,190.1,30
10,0.75,0.050,211.40,68.23,187.7,30
10,0.75,0.075,211.36,68.20,183.3,30
10,0.75,0.100,211.33,68.21,188.1,30
10,0.75,0.125,211.32,68.19,187.3,30
10,0.75,0.152,211.31,68.20,189.9,30
10,0.75,0.177,211.34,68.19,187.9,30
10,0.75,0.202,211.32,68.20,184.4,30
10,0.75,0.227,211.30,68.22,185.9,30
10,0.75,0.252,211.33,68.22,185.4,30
10,0.75,0.276,211.34,68.20,184.8,30
10,0.75,0.301,211.37,68.21,189.2,30
10,0.75,0.326,211.38,68.20,186.4,30
10,0.75,0.351,211.39,68.20,186.4,30
10,0.75,0.377,211.41,68.18,186.6,30
10,0.75,0.401,211.43,68.20,190.7,30
10,0.75,0.426,211.40,68.20,187.6,30
10,0.75,0.451,211.39,68.19,187.4,30
10,0.75,0.476,211.35,68.22,187.4,30
10,0.75,0.500,211.36,68.20,189.0,30
10,0.75,0.525,211.33,68.21,185.2,30
10,0.75,0.550,211.33,68.23,187.0,30
10,0.75,0.574,211.34,68.21,183.0,30
10,0.75,0.599,211.34,68.21,185.2,30
10,0.75,0.624,211.32,68.21,186.2,30
10,0.75,0.649,211.34,68.19,186.0,30
10,0.75,0.674,211.35,68.20,188.2,30
10,0.75,0.698,211.36,68.20,187.6,30
10,0.75,0.724,211.36,68.19,187.9,30
10,0.75,0.748,211.38,68.20,187.6,30
10,0.75,0.773,211.39,68.21,190.3,30
10,0.75,0.798,211.43,68.20,191.0,30
10,0.75,0.823,211.44,68.19,191.0,30
10,0.75,0.848,211.32,68.17,192.5,30
10,0.75,0.872,211.31,68.19,191.3,30
10,0.75,0.897,211.27,68.17,192.0,30
10,0.75,0.922,211.21,68.17,196.0,30
10,0.75,0.947,211.12,68.19,189.3,30
10,0.75,0.972,211.04,68.22,196.9,30
10,0.75,0.996,210.92,68.24,190.9,30
10,0.75,1.021,210.87,68.24,191.7,30
10,0.75,1.046,210.74,68.24,189.3,30
10,0.75,1.070,210.66,68.23,179.5,30
10,0.75,1.095,210.41,68.16,190.2,30
10,0.75,1.120,210.33,68.17,179.5,30
10,0.75,1.145,209.96,68.19,179.7,30
10,0.75,1.171,209.81,68.21,180.9,30
10,0.75,1.196,209.51,68.24,178.7,30
10,0.75,1.221,209.29,68.23,197.4,30
10,0.75,1.246,208.93,68.18,186.2,30
10,0.75,1.271,208.68,68.17,189.0,30
10,0.75,1.296,208.20,68.11,187.8,30
10,0.75,1.321,208.00,68.07,180.2,30
10,0.75,1.347,207.49,68.08,188.4,30
10,0.75,1.372,207.26,68.07,185.9,30
10,0.75,1.397,206.66,68.06,182.8,30
10,0.75,1.422,206.36,68.06,179.2,30
10,0.75,1.447,205.73,68.05,190.3,30
10,0.75,1.472,205.41,68.00,188.6,30
10,0.75,1.497,204.79,67.87,190.6,30
10,0.75,1.521,204.50,67.81,189.1,30
10,0.75,1.546,203.95,67.67,190.4,30
10,0.75,1.571,203.62,67.61,188.7,30
10,0.75,1.596,203.05,67.45,185.9,30
10,0.75,1.622,202.69,67.34,185.0,30
10,0.75,1.647,202.06,67.10,186.1,30
10,0.75,1.672,201.69,67.26,182.9,30
10,0.75,1.696,201.17,66.96,183.7,30
10,0.75,1.721,200.77,66.97,185.6,30
10,0.75,1.746,200.09,66.90,190.9,30
10,0.75,1.771,199.76,66.90,175.3,30
10,0.75,1.796,198.90,66.95,185.1,30
10,0.75,1.821,198.55,66.94,178.8,30
10,0.75,1.846,197.80,66.86,196.0,30
10,0.75,1.871,197.44,66.83,186.1,30
10,0.75,1.896,196.71,66.79,189.1,30
10,0.75,1.920,196.30,66.73,188.1,30
10,0.75,1.944,195.57,66.70,184.7,30
10,0.75,1.969,195.21,66.66,174.3,30
10,0.75,1.994,194.49,66.44,184.3,30
10,0.75,2.019,194.13,66.37,179.6,30
10,0.75,2.043,193.44,66.22,178.0,30
10,0.75,2.068,193.02,66.15,184.5,30
10,0.75,2.093,192.35,66.01,178.1,30
10,0.75,2.118,192.02,65.95,180.1,30
10,0.75,2.142,191.26,65.83,177.5,30
10,0.75,2.173,190.91,65.79,189.8,30
10,0.75,2.202,190.53,65.70,186.3,30
10,0.75,2.233,189.85,65.53,185.6,30
10,0.75,2.262,189.09,65.25,187.4,30
10,0.75,2.288,188.69,65.15,194.3,30
10,0.75,2.313,188.01,65.01,194.9,30
10,0.75,2.338,186.57,64.67,182.4,30
10,0.75,2.362,186.20,64.56,180.8,30
10,0.75,2.387,185.84,64.49,185.5,30
10,0.75,2.414,185.53,64.40,175.4,30
10,0.75,2.439,185.20,64.38,185.0,30
10,0.75,2.464,184.43,64.41,189.0,30
10,0.75,2.488,184.00,64.45,181.7,30
10,0.75,2.515,183.16,64.46,182.2,30
10,0.75,2.540,182.81,64.53,185.4,30
10,0.75,2.564,182.06,64.68,184.8,30
10,0.75,2.589,181.68,64.77,187.9,30
10,0.75,2.614,181.02,64.94,193.7,30
10,0.75,2.638,180.67,65.00,193.4,30
10,0.75,2.664,179.92,65.06,190.7,30
10,0.75,2.688,179.59,65.03,187.1,30
10,0.75,2.713,178.91,64.91,188.9,30
10,0.75,2.739,178.57,64.86,187.3,30
10,0.75,2.764,177.93,64.63,183.6,30
10,0.75,2.788,177.64,64.53,186.3,30
10,0.75,2.814,177.04,64.32,182.4,30
10,0.75,2.838,176.68,64.24,183.6,30
10,0.75,2.863,175.97,63.99,180.2,30
10,0.75,2.887,175.69,63.86,183.6,30
10,0.75,2.912,175.07,63.56,186.8,30
10,0.75,2.937,174.77,63.42,180.9,30
10,0.75,2.962,174.11,63.21,200.1,30
10,0.75,2.987,173.79,63.10,189.1,30
10,0.75,3.012,173.09,62.80,188.3,30
10,0.75,3.037,172.74,62.75,182.0,30
10,0.75,3.062,172.11,62.67,182.2,30
10,0.75,3.087,171.76,62.66,182.2,30
10,0.75,3.113,171.02,62.61,182.6,30
10,0.75,3.137,170.69,62.60,182.1,30
10,0.75,3.162,169.97,62.63,184.5,30
10,0.75,3.188,169.59,62.64,186.4,30
10,0.75,3.212,168.86,62.65,174.7,30
10,0.75,3.237,168.50,62.66,176.4,30
10,0.75,3.262,167.77,62.71,180.9,30
10,0.75,3.287,167.39,62.75,184.7,30
10,0.75,3.311,166.63,62.81,187.6,30
10,0.75,3.337,166.27,62.87,192.1,30
10,0.75,3.362,165.52,62.96,188.4,30
10,0.75,3.387,165.21,63.04,194.8,30
10,0.75,3.412,164.44,63.11,192.9,30
10,0.75,3.437,164.03,63.13,192.0,30
10,0.75,3.461,163.34,63.15,192.0,30
10,0.75,3.486,162.99,63.16,187.0,30
10,0.75,3.512,162.25,63.14,190.4,30
10,0.75,3.537,161.96,63.09,190.3,30
10,0.75,3.561,161.25,63.03,183.0,30
10,0.75,3.586,160.88,63.00,186.1,30
10,0.75,3.611,160.21,62.93,178.9,30
10,0.75,3.636,159.90,62.87,182.5,30
10,0.75,3.660,159.23,62.71,184.8,30
10,0.75,3.685,158.90,62.61,178.1,30
10,0.75,3.710,158.28,62.31,188.0,30
10,0.75,3.735,157.93,62.14,189.3,30
10,0.75,3.759,157.60,61.93,188.0,30
10,0.75,3.784,157.06,61.56,186.8,30
10,0.75,3.809,156.42,61.19,188.9,30
10,0.75,3.834,156.15,60.98,191.9,30
10,0.75,3.858,155.85,60.83,178.2,30
10,0.75,3.883,155.27,60.42,185.5,30
10,0.75,3.908,154.63,60.07,183.4,30
10,0.75,3.933,154.29,59.91,181.8,30
10,0.75,3.958,154.02,59.80,180.5,30
10,0.75,3.982,153.46,59.56,175.6,30
10,0.75,4.007,153.10,59.45,190.9,30
10,0.75,4.032,152.43,59.29,183.8,30
10,0.75,4.057,152.07,59.30,184.1,30
10,0.75,4.083,151.31,59.34,188.4,30
10,0.75,4.108,150.92,59.43,185.7,30
10,0.75,4.133,150.17,59.63,184.4,30
10,0.75,4.160,149.72,59.72,175.7,30
10,0.75,4.185,148.81,59.87,178.8,30
10,0.75,4.209,148.38,59.92,184.7,30
10,0.75,4.234,147.61,60.06,192.3,30
10,0.75,4.259,147.16,60.09,186.1,30
10,0.75,4.283,146.20,60.13,185.6,30
10,0.75,4.309,145.26,60.14,186.1,30
10,0.75,4.334,144.83,60.13,188.7,30
10,0.75,4.359,144.40,60.12,186.9,30
10,0.75,4.384,143.48,60.05,184.4,30
10,0.75,4.409,143.06,59.99,184.4,30
10,0.75,4.434,142.05,59.84,182.4,30
10,0.75,4.459,141.57,59.74,179.9,30
10,0.75,4.483,140.53,59.64,182.3,30
10,0.75,4.508,140.05,59.55,182.6,30
10,0.75,4.534,139.11,59.39,181.5,30
10,0.75,4.559,138.68,59.33,186.9,30
10,0.75,4.583,137.85,59.17,187.4,30
10,0.75,4.608,137.48,59.13,187.9,30
10,0.75,4.634,136.67,58.87,189.0,30
10,0.75,4.659,136.26,58.73,187.7,30
11,0.8,0.025,115.09,55.73,346.9,30
11,0.8,0.050,115.06,55.71,347.7,30
11,0.8,0.076,115.05,55.74,345.0,30
11,0.8,0.100,115.04,55.72,344.8,30
11,0.8,0.125,115.01,55.74,343.8,30
11,0.8,0.151,115.00,55.73,358.6,30
11,0.8,0.177,115.00,55.74,346.2,30
11,0.8,0.202,114.99,55.74,345.5,30
11,0.8,0.227,115.00,55.76,346.3,30
11,0.8,0.252,115.01,55.75,346.0,30
11,0.8,0.277,115.00,55.73,345.4,30
11,0.8,0.303,115.03,55.70,345.2,30
11,0.8,0.328,115.05,55.71,346.2,30
11,0.8,0.353,115.06,55.71,345.1,30
11,0.8,0.379,115.07,55.71,344.8,30
11,0.8,0.404,115.10,55.73,346.1,30
11,0.8,0.430,115.10,55.72,345.1,30
11,0.8,0.455,115.12,55.71,345.0,30
11,0.8,0.480,115.11,55.71,352.8,30
11,0.8,0.505,115.11,55.72,352.8,30
11,0.8,0.530,115.12,55.73,348.6,30
11,0.8,0.555,115.08,55.72,345.0,30
11,0.8,0.580,115.07,55.73,345.5,30
11,0.8,0.605,115.04,55.72,348.5,30
11,0.8,0.630,115.04,55.73,344.6,30
11,0.8,0.654,115.04,55.71,344.3,30
11,0.8,0.679,115.03,55.72,345.7,30
11,0.8,0.704,115.01,55.73,345.5,30
11,0.8,0.729,115.02,55.74,345.8,30
11,0.8,0.755,115.02,55.74,346.8,30
11,0.8,0.780,115.01,55.72,344.3,30
11,0.8,0.805,115.04,55.71,347.0,30
11,0.8,0.830,115.04,55.72,347.8,30
11,0.8,0.855,115.07,55.72,341.5,30
11,0.8,0.880,115.11,55.73,347.4,30
11,0.8,0.905,115.15,55.74,345.4,30
11,0.8,0.930,115.22,55.73,344.3,30
11,0.8,0.955,115.29,55.73,344.5,30
11,0.8,0.980,115.37,55.75,344.9,30
11,0.8,1.004,115.44,55.71,348.7,30
11,0.8,1.030,115.59,55.74,348.7,30
11,0.8,1.055,115.71,55.75,347.1,30
11,0.8,1.080,115.90,55.76,348.8,30
11,0.8,1.105,116.03,55.75,348.9,30
11,0.8,1.130,116.24,55.74,348.1,30
11,0.8,1.155,116.35,55.77,347.5,30
11,0.8,1.182,116.64,55.76,347.8,30
11,0.8,1.206,116.76,55.79,349.9,30
11,0.8,1.231,117.10,55.79,348.5,30
11,0.8,1.256,117.49,55.80,347.9,30
11,0.8,1.281,117.70,55.82,349.5,30
11,0.8,1.307,117.87,55.82,347.3,30
11,0.8,1.332,118.29,55.77,344.6,30
11,0.8,1.356,118.76,55.76,348.3,30
11,0.8,1.383,119.00,55.74,346.1,30
11,0.8,1.408,119.26,55.68,351.5,30
11,0.8,1.432,119.82,55.61,358.8,30
11,0.8,1.457,120.27,55.58,346.6,30
11,0.8,1.482,120.55,55.52,351.1,30
11,0.8,1.508,121.15,55.47,345.9,30
11,0.8,1.532,121.44,55.44,347.2,30
11,0.8,1.557,121.86,55.40,351.0,30
11,0.8,1.582,122.05,55.35,353.2,30
11,0.8,1.607,122.60,55.23,351.1,30
11,0.8,1.632,122.90,55.10,350.2,30
11,0.8,1.657,123.49,54.95,349.7,30
11,0.8,1.682,123.78,54.84,348.3,30
11,0.8,1.707,124.08,54.75,347.6,30
11,0.8,1.732,124.67,54.56,350.7,30
11,0.8,1.756,125.33,54.23,349.3,30
11,0.8,1.781,125.69,54.10,352.4,30
11,0.8,1.807,125.97,54.00,347.4,30
11,0.8,1.832,126.59,53.72,350.5,30
11,0.8,1.857,127.23,53.46,355.1,30
11,0.8,1.882,127.50,53.31,348.4,30
11,0.8,1.907,127.81,53.15,344.6,30
11,0.8,1.932,128.45,52.89,349.4,30
11,0.8,1.957,128.97,52.59,349.0,30
11,0.8,1.982,129.27,52.45,348.2,30
11,0.8,2.007,129.62,52.35,344.5,30
11,0.8,2.032,130.32,52.14,336.9,30
11,0.8,2.057,130.84,52.09,340.7,30
11,0.8,2.081,131.16,52.10,342.5,30
11,0.8,2.106,131.50,52.02,345.9,30
11,0.8,2.131,132.16,51.89,344.9,30
11,0.8,2.156,132.79,51.86,347.3,30
11,0.8,2.182,133.08,51.83,344.3,30
11,0.8,2.207,133.41,51.81,341.6,30
11,0.8,2.232,133.97,51.88,346.9,30
11,0.8,2.257,134.62,51.93,354.9,30
11,0.8,2.282,134.99,51.95,350.8,30
11,0.8,2.307,135.63,51.98,356.0,30
11,0.8,2.332,135.95,52.06,353.2,30
11,0.8,2.357,136.59,52.05,350.1,30
11,0.8,2.385,136.94,52.05,352.8,30
11,0.8,2.411,137.26,52.06,350.6,30
11,0.8,2.436,137.98,52.02,352.3,30
11,0.8,2.462,138.67,51.97,347.5,30
11,0.8,2.487,138.98,51.97,351.1,30
11,0.8,2.512,139.69,51.91,350.7,30
11,0.8,2.537,140.03,51.88,349.7,30
11,0.8,2.562,140.72,51.82,349.8,30
11,0.8,2.587,141.05,51.80,348.8,30
11,0.8,2.612,141.74,51.79,343.7,30
11,0.8,2.637,142.08,51.77,343.3,30
11,0.8,2.661,142.77,51.75,348.9,30
11,0.8,2.686,143.12,51.73,350.6,30
11,0.8,2.712,143.85,51.77,348.6,30
11,0.8,2.737,144.19,51.79,350.6,30
11,0.8,2.763,144.88,51.83,351.2,30
11,0.8,2.788,145.17,51.79,348.8,30
11,0.8,2.813,145.76,51.73,346.4,30
11,0.8,2.837,146.08,51.60,346.3,30
11,0.8,2.862,146.66,51.41,344.4,30
11,0.8,2.887,146.96,51.28,339.5,30
11,0.8,2.912,147.55,50.98,343.3,30
11,0.8,2.936,147.84,50.81,346.7,30
11,0.8,2.962,148.38,50.50,352.7,30
11,0.8,2.987,148.66,50.33,351.2,30
11,0.8,3.011,149.22,49.94,350.0,30
11,0.8,3.035,149.46,49.77,350.2,30
11,0.8,3.060,150.04,49.35,344.3,30
11,0.8,3.085,150.28,49.15,342.5,30
11,0.8,3.110,150.83,48.80,347.1,30
11,0.8,3.135,151.14,48.60,344.1,30
11,0.8,3.161,151.64,48.35,345.2,30
11,0.8,3.188,151.94,48.24,352.7,30
11,0.8,3.214,152.55,48.11,339.8,30
11,0.8,3.239,152.85,48.07,349.1,30
11,0.8,3.264,153.77,48.10,345.7,30
11,0.8,3.289,154.13,48.15,339.4,30
11,0.8,3.314,154.50,48.25,347.0,30
11,0.8,3.339,154.88,48.35,348.8,30
11,0.8,3.364,155.56,48.56,351.8,30
11,0.8,3.388,155.92,48.69,359.3,30
11,0.8,3.413,156.69,48.85,353.5,30
11,0.8,3.438,157.06,48.86,352.1,30
11,0.8,3.463,157.87,48.94,348.3,30
11,0.8,3.488,158.25,49.00,350.7,30
11,0.8,3.513,159.08,49.09,346.5,30
11,0.8,3.538,159.53,49.08,346.2,30
11,0.8,3.563,160.34,49.07,342.0,30
11,0.8,3.588,160.76,49.03,346.2,30
11,0.8,3.612,161.51,48.88,343.0,30
11,0.8,3.637,161.89,48.79,343.8,30
11,0.8,3.663,162.65,48.48,342.7,30
11,0.8,3.688,163.02,48.32,341.8,30
11,0.8,3.713,163.77,47.95,341.1,30
11,0.8,3.738,164.16,47.73,342.5,30
11,0.8,3.762,164.87,47.35,339.8,30
11,0.8,3.788,165.23,47.15,340.3,30
11,0.8,3.813,166.03,46.78,342.7,30
11,0.8,3.838,166.38,46.58,342.0,30
11,0.8,3.862,167.13,46.21,342.8,30
11,0.8,3.888,167.53,46.03,346.0,30
11,0.8,3.912,168.37,45.66,346.5,30
11,0.8,3.937,168.74,45.52,346.0,30
11,0.8,3.962,169.53,45.27,347.6,30
11,0.8,3.987,169.93,45.19,344.7,30
11,0.8,4.011,170.76,45.02,348.2,30
11,0.8,4.036,171.17,44.98,348.5,30
11,0.8,4.061,171.92,44.87,351.2,30
11,0.8,4.086,172.34,44.84,348.9,30
11,0.8,4.111,173.15,44.87,352.5,30
11,0.8,4.136,173.56,44.96,352.6,30
11,0.8,4.160,174.40,45.11,353.4,30
11,0.8,4.186,174.81,45.19,353.6,30
11,0.8,4.212,175.58,45.27,355.4,30
11,0.8,4.237,175.95,45.32,354.0,30
11,0.8,4.261,176.74,45.34,355.6,30
11,0.8,4.286,177.19,45.32,352.6,30
11,0.8,4.311,177.95,45.24,356.5,30
11,0.8,4.336,178.36,45.15,354.1,30
11,0.8,4.361,179.15,44.98,5.3,30
11,0.8,4.388,179.49,44.87,357.7,30
11,0.8,4.413,180.26,44.59,343.8,30
11,0.8,4.439,180.65,44.44,358.2,30
11,0.8,4.463,181.35,44.13,346.6,30
11,0.8,4.488,181.73,43.95,348.7,30
11,0.8,4.513,182.51,43.64,352.8,30
11,0.8,4.538,182.88,43.49,352.5,30
11,0.8,4.563,183.64,43.19,349.9,30
11,0.8,4.588,184.03,43.07,348.8,30
11,0.8,4.613,184.74,42.84,345.9,30
11,0.8,4.637,185.12,42.78,349.0,30
11,0.8,4.663,185.94,42.63,349.0,30
11,0.8,4.687,186.34,42.55,347.5,30
11,0.8,4.712,187.56,42.40,347.7,30
11,0.8,4.737,187.95,42.31,345.4,30
11,0.8,4.762,188.34,42.23,344.0,30
11,0.8,4.786,188.72,42.16,343.2,30
11,0.8,4.811,189.51,42.09,342.7,30
11,0.8,4.836,189.92,42.09,340.9,30
11,0.8,4.860,190.62,42.20,345.3,30
11,0.8,4.885,190.98,42.25,346.9,30
11,0.8,4.910,191.79,42.42,345.4,30
11,0.8,4.935,192.16,42.50,340.7,30
11,0.8,4.960,192.89,42.61,352.2,30
11,0.8,4.984,193.33,42.65,353.0,30
11,0.8,5.010,194.05,42.66,348.5,30
11,0.8,5.034,194.33,42.60,344.0,30
11,0.8,5.059,195.44,42.38,343.4,30
12,0.85,0.025,221.33,37.29,177.1,30
12,0.85,0.050,221.36,37.29,176.9,30
12,0.85,0.075,221.37,37.29,179.0,30
12,0.85,0.099,221.36,37.28,176.4,30
12,0.85,0.124,221.39,37.24,177.3,30
12,0.85,0.149,221.42,37.27,175.9,30
12,0.85,0.174,221.38,37.26,177.5,30
12,0.85,0.199,221.41,37.28,179.3,30
12,0.85,0.224,221.39,37.26,178.0,30
12,0.85,0.249,221.37,37.29,176.3,30
12,0.85,0.273,221.38,37.30,175.1,30
12,0.85,0.298,221.36,37.28,176.1,30
12,0.85,0.323,221.35,37.28,179.8,30
12,0.85,0.348,221.36,37.28,176.4,30
12,0.85,0.373,221.35,37.29,176.5,30
12,0.85,0.398,221.35,37.28,176.7,30
12,0.85,0.423,221.33,37.29,175.6,30
12,0.85,0.448,221.37,37.26,177.8,30
12,0.85,0.473,221.36,37.29,180.3,30
12,0.85,0.498,221.35,37.25,176.1,30
12,0.85,0.523,221.36,37.27,175.3,30
12,0.85,0.547,221.34,37.28,177.4,30
12,0.85,0.572,221.34,37.29,174.9,30
12,0.85,0.598,221.35,37.29,176.7,30
12,0.85,0.623,221.36,37.26,176.1,30
12,0.85,0.648,221.36,37.25,180.1,30
12,0.85,0.673,221.37,37.25,174.2,30
12,0.85,0.698,221.39,37.21,182.1,30
12,0.85,0.723,221.39,37.21,183.8,30
12,0.85,0.747,221.35,37.21,182.9,30
12,0.85,0.772,221.32,37.18,178.3,30
12,0.85,0.797,221.23,37.23,180.5,30
12,0.85,0.822,221.25,37.23,183.2,30
12,0.85,0.847,221.13,37.19,177.8,30
12,0.85,0.872,221.07,37.20,178.8,30
12,0.85,0.897,221.03,37.18,183.1,30
12,0.85,0.922,220.98,37.16,182.3,30
12,0.85,0.946,220.84,37.19,184.8,30
12,0.85,0.971,220.80,37.19,186.7,30
12,0.85,0.996,220.63,37.20,187.3,30
12,0.85,1.021,220.59,37.20,187.9,30
12,0.85,1.046,220.43,37.18,187.6,30
12,0.85,1.071,220.33,37.16,189.0,30
12,0.85,1.096,220.25,37.18,188.4,30
12,0.85,1.121,220.10,37.20,192.7,30
12,0.85,1.146,219.94,37.27,188.7,30
12,0.85,1.171,219.81,37.31,189.0,30
12,0.85,1.196,219.73,37.33,191.1,30
12,0.85,1.221,219.44,37.34,190.4,30
12,0.85,1.246,219.18,37.27,189.7,30
12,0.85,1.271,219.10,37.29,191.2,30
12,0.85,1.296,218.87,37.28,186.9,30
12,0.85,1.321,218.67,37.30,193.6,30
12,0.85,1.345,218.37,37.35,192.0,30
12,0.85,1.370,218.16,37.37,197.3,30
12,0.85,1.394,218.01,37.36,189.6,30
12,0.85,1.419,217.61,37.34,188.1,30
12,0.85,1.443,217.36,37.34,190.1,30
12,0.85,1.469,217.21,37.33,187.5,30
12,0.85,1.493,217.02,37.30,188.1,30
12,0.85,1.518,216.67,37.36,184.6,30
12,0.85,1.543,216.54,37.34,179.2,30
12,0.85,1.568,216.30,37.37,191.7,30
12,0.85,1.593,215.78,37.31,178.1,30
12,0.85,1.617,215.48,37.30,179.2,30
12,0.85,1.642,215.22,37.27,182.1,30
12,0.85,1.668,214.97,37.23,185.3,30
12,0.85,1.693,214.72,37.23,183.7,30
12,0.85,1.718,214.26,37.24,184.8,30
12,0.85,1.743,213.97,37.23,178.9,30
12,0.85,1.768,213.32,37.27,174.7,30
12,0.85,1.793,212.94,37.28,179.6,30
12,0.85,1.818,212.19,37.32,180.0,30
12,0.85,1.842,211.81,37.34,184.6,30
12,0.85,1.868,210.99,37.38,181.2,30
12,0.85,1.893,210.59,37.31,183.1,30
12,0.85,1.918,209.85,37.30,179.6,30
12,0.85,1.943,209.34,37.28,179.9,30
12,0.85,1.968,208.11,37.29,184.0,30
12,0.85,1.993,207.61,37.30,185.4,30
12,0.85,2.018,207.16,37.34,196.8,30
12,0.85,2.043,206.66,37.35,188.6,30
12,0.85,2.068,205.87,37.39,189.7,30
12,0.85,2.092,205.46,37.45,183.9,30
12,0.85,2.117,204.51,37.51,185.7,30
12,0.85,2.142,204.12,37.55,182.0,30
12,0.85,2.167,203.34,37.51,169.8,30
12,0.85,2.192,202.93,37.51,184.0,30
12,0.85,2.218,202.11,37.35,182.4,30
12,0.85,2.242,201.69,37.29,180.9,30
12,0.85,2.267,200.90,37.14,182.6,30
12,0.85,2.292,200.51,37.04,179.8,30
12,0.85,2.317,199.71,36.84,183.1,30
12,0.85,2.342,199.36,36.70,176.7,30
12,0.85,2.367,198.59,36.37,178.3,30
12,0.85,2.391,198.24,36.19,177.6,30
12,0.85,2.416,197.43,35.87,176.0,30
12,0.85,2.442,197.08,35.72,184.7,30
12,0.85,2.467,196.20,35.38,182.9,30
12,0.85,2.492,195.82,35.25,192.6,30
12,0.85,2.516,195.00,34.99,180.5,30
12,0.85,2.541,194.60,34.86,170.9,30
12,0.85,2.566,193.84,34.66,175.2,30
12,0.85,2.591,193.42,34.54,186.4,30
12,0.85,2.615,192.71,34.51,175.2,30
12,0.85,2.640,192.33,34.50,169.3,30
12,0.85,2.666,191.50,34.63,175.6,30
12,0.85,2.691,190.27,34.88,171.6,30
12,0.85,2.716,189.88,34.94,184.7,30
12,0.85,2.740,189.48,35.03,177.1,30
12,0.85,2.766,189.11,35.09,178.4,30
12,0.85,2.793,188.67,35.16,180.8,30
12,0.85,2.818,187.87,35.37,176.2,30
12,0.85,2.842,187.52,35.48,198.8,30
12,0.85,2.867,186.68,35.66,184.6,30
12,0.85,2.893,186.26,35.76,191.5,30
12,0.85,2.918,185.46,35.97,183.9,30
12,0.85,2.943,185.02,36.01,178.1,30
12,0.85,2.968,184.20,36.05,183.5,30
12,0.85,2.992,183.80,36.00,179.7,30
12,0.85,3.017,183.04,35.79,184.9,30
12,0.85,3.042,182.67,35.68,179.9,30
12,0.85,3.066,181.93,35.45,183.2,30
12,0.85,3.091,181.51,35.38,185.5,30
12,0.85,3.116,180.67,35.18,174.5,30
12,0.85,3.141,180.24,35.06,176.4,30
12,0.85,3.167,179.44,34.82,173.2,30
12,0.85,3.192,179.03,34.70,182.7,30
12,0.85,3.217,178.21,34.55,177.5,30
12,0.85,3.241,177.86,34.49,176.0,30
12,0.85,3.266,177.05,34.37,178.0,30
12,0.85,3.291,176.63,34.36,179.4,30
12,0.85,3.316,175.86,34.37,178.9,30
12,0.85,3.340,175.43,34.37,182.1,30
12,0.85,3.366,174.48,34.37,182.8,30
12,0.85,3.391,174.10,34.42,183.7,30
12,0.85,3.416,173.27,34.38,184.3,30
12,0.85,3.441,172.82,34.37,181.7,30
12,0.85,3.466,172.04,34.31,187.4,30
12,0.85,3.491,171.65,34.28,187.4,30
12,0.85,3.516,170.84,34.22,172.8,30
12,0.85,3.541,170.54,34.18,178.1,30
12,0.85,3.566,169.74,34.05,173.2,30
12,0.85,3.591,169.31,33.96,182.6,30
12,0.85,3.616,168.51,33.88,178.4,30
12,0.85,3.641,168.10,33.83,180.7,30
12,0.85,3.666,167.25,33.82,180.3,30
12,0.85,3.690,166.83,33.83,180.7,30
12,0.85,3.715,166.06,34.00,188.8,30
12,0.85,3.740,165.64,34.05,176.7,30
12,0.85,3.765,164.83,34.17,186.1,30
12,0.85,3.791,164.47,34.20,185.3,30
12,0.85,3.816,163.62,34.20,188.0,30
12,0.85,3.841,162.39,34.09,180.9,30
12,0.85,3.866,161.99,34.07,181.2,30
12,0.85,3.891,161.60,34.02,178.6,30
12,0.85,3.916,161.25,34.02,181.1,30
12,0.85,3.940,160.85,33.97,181.2,30
12,0.85,3.966,160.15,33.93,178.8,30
12,0.85,3.990,159.75,33.92,178.0,30
12,0.85,4.015,158.95,33.86,182.2,30
12,0.85,4.040,158.58,33.88,180.6,30
12,0.85,4.065,157.84,33.95,178.0,30
12,0.85,4.090,157.49,33.99,187.9,30
12,0.85,4.116,157.11,34.02,176.0,30
12,0.85,4.142,156.35,34.15,177.8,30
12,0.85,4.167,155.64,34.28,176.5,30
12,0.85,4.191,155.27,34.28,177.6,30
12,0.85,4.216,154.93,34.29,183.3,30
12,0.85,4.241,154.30,34.25,184.0,30
12,0.85,4.266,153.62,34.14,173.7,30
12,0.85,4.291,153.29,34.08,178.5,30
12,0.85,4.316,153.00,33.97,179.1,30
12,0.85,4.341,152.49,33.86,185.7,30
12,0.85,4.366,151.79,33.67,184.3,30
12,0.85,4.391,151.46,33.60,185.5,30
12,0.85,4.416,151.15,33.48,177.6,30
12,0.85,4.441,150.43,33.19,183.4,30
12,0.85,4.466,149.75,32.97,182.9,30
12,0.85,4.491,149.45,32.85,181.2,30
12,0.85,4.516,149.06,32.93,181.4,30
12,0.85,4.540,148.39,32.54,181.3,30
12,0.85,4.566,147.62,32.53,176.8,30
12,0.85,4.590,147.31,32.30,178.4,30
12,0.85,4.615,146.97,32.18,178.3,30
12,0.85,4.640,146.09,31.96,176.6,30
12,0.85,4.665,145.20,31.86,178.6,30
12,0.85,4.689,144.83,31.85,184.8,30
12,0.85,4.714,144.44,31.82,183.9,30
12,0.85,4.739,143.58,31.84,181.4,30
12,0.85,4.764,142.77,31.88,180.2,30
12,0.85,4.789,142.37,31.97,180.0,30
12,0.85,4.813,141.92,32.05,178.3,30
12,0.85,4.838,141.11,32.28,183.2,30
12,0.85,4.863,140.69,32.46,170.4,30
12,0.85,4.888,139.87,32.72,174.2,30
12,0.85,4.913,138.58,33.02,177.1,30
12,0.85,4.938,138.20,33.08,180.4,30
12,0.85,4.963,137.77,33.16,175.9,30
12,0.85,4.988,137.36,33.22,178.3,30
12,0.85,5.013,136.99,33.30,184.2,30
12,0.85,5.038,136.18,33.44,186.8,30
